
> test
> node tools/run-test-files.mjs

START activation-fusion.test.cjs
START application-sessions.test.cjs
PASSED application-sessions.test.cjs tests=6
START architecture-boundaries.test.cjs
PASSED architecture-boundaries.test.cjs tests=11
START asteroid-defense.test.cjs
PASSED activation-fusion.test.cjs tests=4
START audit-pipeline-cli.test.cjs
PASSED audit-pipeline-cli.test.cjs tests=4
START audit-proof-gate.test.cjs
PASSED audit-proof-gate.test.cjs tests=2
START audit-runtime-wait.test.cjs
PASSED audit-runtime-wait.test.cjs tests=9
START autonomy-artifact-immutability.test.cjs
PASSED autonomy-artifact-immutability.test.cjs tests=1
START autonomy-performance.test.cjs
PASSED autonomy-performance.test.cjs tests=7
START autonomy.test.cjs
PASSED asteroid-defense.test.cjs tests=10
START blank-classification-tiers.test.cjs
PASSED blank-classification-tiers.test.cjs tests=5
START blank-core-package.test.cjs
PASSED blank-core-package.test.cjs tests=1
START blank-pipeline-boundaries.test.cjs
PASSED blank-pipeline-boundaries.test.cjs tests=20
START browser-harness.test.cjs
PASSED browser-harness.test.cjs tests=7
START browser-memory-receipt.test.cjs
PASSED browser-memory-receipt.test.cjs tests=2
START cable-trader.test.cjs
PASSED cable-trader.test.cjs tests=13
START catalog-audit.test.cjs
PASSED catalog-audit.test.cjs tests=3
START catscan.test.cjs
PASSED catscan.test.cjs tests=5
START causal-phase-diagnosis.test.cjs
PASSED causal-phase-diagnosis.test.cjs tests=5
START commands.test.cjs
PASSED commands.test.cjs tests=2
START comparison-execution.test.cjs
PASSED comparison-execution.test.cjs tests=9
START comparison-result-adapter.test.cjs
PASSED comparison-result-adapter.test.cjs tests=2
START compile-human-reviews.test.cjs
PASSED compile-human-reviews.test.cjs tests=1
START create-experience.test.cjs
PASSED create-experience.test.cjs tests=3
START create-page-execution-evidence.test.cjs
PASSED create-page-execution-evidence.test.cjs tests=2
START create-phase-runner.test.cjs
PASSED create-phase-runner.test.cjs tests=18
START data-workbench.test.cjs
FAILED data-workbench.test.cjs tests=11
START declarative-ui-host-controls.test.cjs
PASSED declarative-ui-host-controls.test.cjs tests=17
START design-system.test.cjs
PASSED design-system.test.cjs tests=7
START doppler-execution-v1.test.cjs
PASSED doppler-execution-v1.test.cjs tests=1
START doppler-model-provenance.test.cjs
PASSED doppler-model-provenance.test.cjs tests=2
START doppler-model-qualification.test.cjs
PASSED doppler-model-qualification.test.cjs tests=2
START dynamic-relation-proof.test.cjs
PASSED dynamic-relation-proof.test.cjs tests=2
START editor-audit-failure.test.cjs
PASSED editor-audit-failure.test.cjs tests=2
START exact-world-proof-replay-audit.test.cjs
PASSED exact-world-proof-replay-audit.test.cjs tests=2
START experience-docs.test.cjs
PASSED experience-docs.test.cjs tests=5
START folder-contracts.test.cjs
PASSED folder-contracts.test.cjs tests=8
START food-recall-causal-inputs.test.cjs
PASSED food-recall-causal-inputs.test.cjs tests=5
START generated-world-interaction.test.cjs
PASSED generated-world-interaction.test.cjs tests=11
START governing-metric.test.cjs
PASSED governing-metric.test.cjs tests=4
START gpu-supercluster.test.cjs
FAILED gpu-supercluster.test.cjs tests=19
START graph-synthesis.test.cjs
PASSED graph-synthesis.test.cjs tests=3
START grid-resilience-us.test.cjs
PASSED grid-resilience-us.test.cjs tests=10
START grounding-boundary.test.cjs
PASSED grounding-boundary.test.cjs tests=4
START hosting-release.test.cjs
PASSED hosting-release.test.cjs tests=9
START hosting-surfaces.test.cjs
PASSED hosting-surfaces.test.cjs tests=2
START intent-forensics.test.cjs
PASSED intent-forensics.test.cjs tests=6
START interstellar-relay-network-v4.test.cjs
PASSED interstellar-relay-network-v4.test.cjs tests=17
START js-shape-architecture.test.cjs
FAILED js-shape-architecture.test.cjs tests=8
START js-shape-browser-render.test.cjs
FAILED js-shape-browser-render.test.cjs tests=13
START js-shape-model-data.test.cjs
FAILED js-shape-model-data.test.cjs tests=17
START js-shape-runtime-progress.test.cjs
PASSED js-shape-runtime-progress.test.cjs tests=11
START language-source-spans.test.cjs
PASSED language-source-spans.test.cjs tests=4
START lazy-universe-loading.test.cjs
PASSED lazy-universe-loading.test.cjs tests=2
START loading-canvas-mechanics.test.cjs
PASSED loading-canvas-mechanics.test.cjs tests=8
START managed-render-phase.test.cjs
PASSED managed-render-phase.test.cjs tests=6
START maritime-trade-global.test.cjs
PASSED maritime-trade-global.test.cjs tests=14
START model-boundary-evaluators.test.cjs
PASSED model-boundary-evaluators.test.cjs tests=3
START model-candidate-runtime.test.cjs
FAILED model-candidate-runtime.test.cjs tests=8
START model-selection-calibration.test.cjs
PASSED model-selection-calibration.test.cjs tests=7
START model-selection-frontier.test.cjs
PASSED model-selection-frontier.test.cjs tests=9
START multi-tier-plugin-completion.test.cjs
PASSED multi-tier-plugin-completion.test.cjs tests=15
START multirate-coordinator.test.cjs
PASSED multirate-coordinator.test.cjs tests=9
START multiscale-contracts.test.cjs
PASSED multiscale-contracts.test.cjs tests=9
START navigation-lifecycle.test.cjs
FAILED navigation-lifecycle.test.cjs tests=26
START neighborhood-bulk-pool.test.cjs
PASSED neighborhood-bulk-pool.test.cjs tests=16
START neural-model-consent.test.cjs
PASSED neural-model-consent.test.cjs tests=4
START nyc-real-estate.test.cjs
PASSED nyc-real-estate.test.cjs tests=14
START open-language-composition.test.cjs
FAILED autonomy.test.cjs tests=56
START orbital-data-provenance.test.cjs
PASSED orbital-data-provenance.test.cjs tests=2
START orbital-transfer-verification.test.cjs
PASSED orbital-transfer-verification.test.cjs tests=11
START phase-module-registry.test.cjs
PASSED phase-module-registry.test.cjs tests=3
START phase7-pixel-readback.test.cjs
PASSED open-language-composition.test.cjs tests=13
START physical-compiler-language-grounding.test.cjs
PASSED phase7-pixel-readback.test.cjs tests=18
START physical-compiler-render-proof.test.cjs
PASSED physical-compiler-render-proof.test.cjs tests=6
START physical-compiler-simulation-visual.test.cjs
PASSED physical-compiler-simulation-visual.test.cjs tests=31
START physical-compiler-solvers.test.cjs
PASSED physical-compiler-solvers.test.cjs tests=10
START physics-ir-factory.test.cjs
PASSED physics-ir-factory.test.cjs tests=3
START physics-lab.test.cjs
PASSED physical-compiler-language-grounding.test.cjs tests=36
START physics-solver.test.cjs
PASSED physics-solver.test.cjs tests=7
START physics-visual-correctness.test.cjs
PASSED physics-lab.test.cjs tests=37
START physics-world-compile.test.cjs
PASSED physics-visual-correctness.test.cjs tests=30
START pinned-package-compression.test.cjs
PASSED pinned-package-compression.test.cjs tests=6
START pipeline-model-selection.test.cjs
PASSED pipeline-model-selection.test.cjs tests=4
START pipeline-worker-phases.test.cjs
PASSED pipeline-worker-phases.test.cjs tests=11
START playback-ready-reset.test.cjs
PASSED playback-ready-reset.test.cjs tests=3
START plugin-camera-follow.test.cjs
PASSED plugin-camera-follow.test.cjs tests=9
START plugin-compositor-runtime.test.cjs
PASSED plugin-compositor-runtime.test.cjs tests=28
START plugin-data-custody.test.cjs
PASSED plugin-data-custody.test.cjs tests=6
START plugin-platform.test.cjs
PASSED plugin-platform.test.cjs tests=25
START plugin-playback.test.cjs
PASSED plugin-playback.test.cjs tests=32
START plugin-v4-platform.test.cjs
PASSED plugin-v4-platform.test.cjs tests=16
START plugin-view-runtime.test.cjs
PASSED plugin-view-runtime.test.cjs tests=9
START profile-evidence-review.test.cjs
PASSED profile-evidence-review.test.cjs tests=6
START profile-evidence-runner.test.cjs
PASSED profile-evidence-runner.test.cjs tests=44
START profile-program.test.cjs
PASSED profile-program.test.cjs tests=10
START profile-world-spec.test.cjs
PASSED profile-world-spec.test.cjs tests=9
START program-editor.test.cjs
PASSED program-editor.test.cjs tests=3
START prompt-controller-factory.test.cjs
PASSED prompt-controller-factory.test.cjs tests=6
START provenance-contracts.test.cjs
PASSED provenance-contracts.test.cjs tests=9
START recursive-reference-qualification-validator.test.cjs
PASSED recursive-reference-qualification-validator.test.cjs tests=3
START recursive-reference-world.test.cjs
PASSED recursive-reference-world.test.cjs tests=4
START recursive-spatial-residency.test.cjs
PASSED recursive-spatial-residency.test.cjs tests=4
START recursive-world-proof.test.cjs
PASSED recursive-world-proof.test.cjs tests=4
START recursive-world-webgpu-renderer.test.cjs
PASSED recursive-world-webgpu-renderer.test.cjs tests=7
START render-data-cache-key.test.cjs
PASSED render-data-cache-key.test.cjs tests=1
START render-mesh-library.test.cjs
PASSED render-mesh-library.test.cjs tests=2
START render-targets.test.cjs
PASSED render-targets.test.cjs tests=3
START renderer-backends.test.cjs
PASSED renderer-backends.test.cjs tests=3
START renderer-frame-evidence.test.cjs
PASSED renderer-frame-evidence.test.cjs tests=5
START renderer-session.test.cjs
PASSED renderer-session.test.cjs tests=4
START reranker-frontier.test.cjs
PASSED reranker-frontier.test.cjs tests=3
START review-bridge.test.cjs
PASSED review-bridge.test.cjs tests=2
START route-contributor-objective.test.cjs
PASSED route-contributor-objective.test.cjs tests=3
START run-control-values.test.cjs
PASSED run-control-values.test.cjs tests=2
START run-status.test.cjs
PASSED run-status.test.cjs tests=3
START safety-explorer-truth.test.cjs
PASSED safety-explorer-truth.test.cjs tests=5
START samer-construction.test.cjs
PASSED samer-construction.test.cjs tests=9
START scene-proof.test.cjs
PASSED scene-proof.test.cjs tests=15
START scene-surface-contact.test.cjs
PASSED scene-surface-contact.test.cjs tests=4
START semantic-universe.test.cjs
PASSED semantic-universe.test.cjs tests=4
START shared-domain-contracts.test.cjs
PASSED shared-domain-contracts.test.cjs tests=6
START simulation-control-boundaries.test.cjs
PASSED simulation-control-boundaries.test.cjs tests=5
START simulation-interface.test.cjs
FAILED simulation-interface.test.cjs tests=15
START simulation-residency-manager.test.cjs
PASSED simulation-residency-manager.test.cjs tests=5
START simulation-worker-parity.test.cjs
PASSED simulation-worker-parity.test.cjs tests=4
START solar-drive.test.cjs
PASSED solar-drive.test.cjs tests=12
START spherical-morphology.test.cjs
PASSED spherical-morphology.test.cjs tests=2
START subsea-network-global.test.cjs
PASSED physics-world-compile.test.cjs tests=42
START sun-walker-v4.test.cjs
PASSED subsea-network-global.test.cjs tests=12
START sun-walker-visual-storytelling.test.cjs
PASSED sun-walker-v4.test.cjs tests=10
START test-file-watchdog.test.cjs
PASSED test-file-watchdog.test.cjs tests=1
START theme-controller.test.cjs
PASSED theme-controller.test.cjs tests=3
START tier-application-loader.test.cjs
PASSED tier-application-loader.test.cjs tests=3
PASSED sun-walker-visual-storytelling.test.cjs tests=6
START tier-renderers.test.cjs
START tier-run-controller.test.cjs
PASSED tier-renderers.test.cjs tests=2
START vendor-inference-receipt.test.cjs
PASSED tier-run-controller.test.cjs tests=21
START visual-card-index.test.cjs
PASSED vendor-inference-receipt.test.cjs tests=2
START visual-dialect.test.cjs
PASSED visual-card-index.test.cjs tests=5
START visual-morphology-pipeline.test.cjs
PASSED visual-dialect.test.cjs tests=11
START visual-rubric-evidence.test.cjs
PASSED visual-rubric-evidence.test.cjs tests=3
START world-improvement-record.test.cjs
PASSED world-improvement-record.test.cjs tests=7
START world-proof.test.cjs
PASSED visual-morphology-pipeline.test.cjs tests=12
START world-runtime-loader.test.cjs
PASSED world-runtime-loader.test.cjs tests=3
START world-spec-phase-projection.test.cjs
PASSED world-spec-phase-projection.test.cjs tests=8
START world-spec-reconciliation-controller.test.cjs
PASSED world-spec-reconciliation-controller.test.cjs tests=3
START world-spec-reconciliation.test.cjs
PASSED world-proof.test.cjs tests=26
START world-spec.test.cjs
PASSED world-spec-reconciliation.test.cjs tests=7
START world-tile-manager.test.cjs
PASSED world-tile-manager.test.cjs tests=2
PASSED world-spec.test.cjs tests=18

--- autonomy.test.cjs (failed) ---
TAP version 13
# Subtest: mission validation skips street indexing only when no avoidance is requested
ok 1 - mission validation skips street indexing only when no avoidance is requested
  ---
  duration_ms: 77.197603
  type: 'test'
  ...
# Subtest: autonomy manifest pins and validates every governed asset
ok 2 - autonomy manifest pins and validates every governed asset
  ---
  duration_ms: 5364.097339
  type: 'test'
  ...
# Subtest: autonomy data manager separates fetch plans, historical backfills, verification, and activation
ok 3 - autonomy data manager separates fetch plans, historical backfills, verification, and activation
  ---
  duration_ms: 26.914878
  type: 'test'
  ...
# Subtest: region composition fails closed on missing packs and conflicting seam rows
ok 4 - region composition fails closed on missing packs and conflicting seam rows
  ---
  duration_ms: 3743.873793
  type: 'test'
  ...
# Subtest: region pack validation binds every pack to its exact registry identity
ok 5 - region pack validation binds every pack to its exact registry identity
  ---
  duration_ms: 2486.540569
  type: 'test'
  ...
# Subtest: the governed journey crosses all three independently owned region packs
ok 6 - the governed journey crosses all three independently owned region packs
  ---
  duration_ms: 811.128085
  type: 'test'
  ...
# Subtest: camera targets expose every composed region and pan between modes without snapping
ok 7 - camera targets expose every composed region and pan between modes without snapping
  ---
  duration_ms: 736.197396
  type: 'test'
  ...
# Subtest: camera targets use the governed coordinate bounds when a plugin-owned world has no core route
ok 8 - camera targets use the governed coordinate bounds when a plugin-owned world has no core route
  ---
  duration_ms: 841.414777
  type: 'test'
  ...
# Subtest: follow minimap uses a finite north-up orthographic camera centered on the agent
ok 9 - follow minimap uses a finite north-up orthographic camera centered on the agent
  ---
  duration_ms: 0.622479
  type: 'test'
  ...
# Subtest: legacy prompt profile resolves governed examples that all compile
ok 10 - legacy prompt profile resolves governed examples that all compile
  ---
  duration_ms: 476.720004
  type: 'test'
  ...
# Subtest: one actor mesh contract renders mobile actors and carried packages
ok 11 - one actor mesh contract renders mobile actors and carried packages
  ---
  duration_ms: 27.967912
  type: 'test'
  ...
# Subtest: city road colors remain visible without competing with route overlays
ok 12 - city road colors remain visible without competing with route overlays
  ---
  duration_ms: 0.212534
  type: 'test'
  ...
# Subtest: world actors expose path heading and reject unregistered render kinds
ok 13 - world actors expose path heading and reject unregistered render kinds
  ---
  duration_ms: 68.808116
  type: 'test'
  ...
# Subtest: pedestrians turn east after a northward path and retain that heading when stopped
ok 14 - pedestrians turn east after a northward path and retain that heading when stopped
  ---
  duration_ms: 18.267634
  type: 'test'
  ...
# Subtest: ambient traffic animates every actor kind through one deterministic observation contract
ok 15 - ambient traffic animates every actor kind through one deterministic observation contract
  ---
  duration_ms: 1006.102794
  type: 'test'
  ...
# Subtest: controller rebuilds reuse validated immutable world topology without changing behavior
ok 16 - controller rebuilds reuse validated immutable world topology without changing behavior
  ---
  duration_ms: 2985.521975
  type: 'test'
  ...
# Subtest: mission compiler grounds known labels to source intervals and fails closed
ok 17 - mission compiler grounds known labels to source intervals and fails closed
  ---
  duration_ms: 93.447714
  type: 'test'
  ...
# Subtest: loop mission corrects the exact prompt, converts feet, and grounds the pinned park boundary
ok 18 - loop mission corrects the exact prompt, converts feet, and grounds the pinned park boundary
  ---
  duration_ms: 375.947196
  type: 'test'
  ...
# Subtest: capability matrix keeps embodiment, mission family, and governed artifacts orthogonal
ok 19 - capability matrix keeps embodiment, mission family, and governed artifacts orthogonal
  ---
  duration_ms: 347.374745
  type: 'test'
  ...
# Subtest: closed-circuit missions settle exact lap-count and elapsed-time goals through one controller
ok 20 - closed-circuit missions settle exact lap-count and elapsed-time goals through one controller
  ---
  duration_ms: 8093.65061
  type: 'test'
  ...
# Subtest: delivery canonicalizes governed place typos and proves named routed-street avoidance
ok 21 - delivery canonicalizes governed place typos and proves named routed-street avoidance
  ---
  duration_ms: 14501.268062
  type: 'test'
  ...
# Subtest: one embodiment contract validates all render kinds while missing route artifacts fail closed
ok 22 - one embodiment contract validates all render kinds while missing route artifacts fail closed
  ---
  duration_ms: 58.007854
  type: 'test'
  ...
# Subtest: declared circuit route and runtime receipt settle exactly at 5000 feet
ok 23 - declared circuit route and runtime receipt settle exactly at 5000 feet
  ---
  duration_ms: 9938.510656
  type: 'test'
  ...
# Subtest: A star plans protected preference and revises around an active closure
ok 24 - A star plans protected preference and revises around an active closure
  ---
  duration_ms: 78.133246
  type: 'test'
  ...
# Subtest: continuous action loop waits at red, yields to a pedestrian, and completes delivery
ok 25 - continuous action loop waits at red, yields to a pedestrian, and completes delivery
  ---
  duration_ms: 417.382614
  type: 'test'
  ...
# Subtest: closure invalidates the planned path and emits one route-revision decision
ok 26 - closure invalidates the planned path and emits one route-revision decision
  ---
  duration_ms: 438.143841
  type: 'test'
  ...
# Subtest: identical missions produce identical trace hashes
ok 27 - identical missions produce identical trace hashes
  ---
  duration_ms: 846.136516
  type: 'test'
  ...
# Subtest: feature retrieval recalls referenced cards, reranks typed evidence, and excludes an absent closure
ok 28 - feature retrieval recalls referenced cards, reranks typed evidence, and excludes an absent closure
  ---
  duration_ms: 96.844774
  type: 'test'
  ...
# Subtest: occurrence plugins apply time and event effects with target validation
ok 29 - occurrence plugins apply time and event effects with target validation
  ---
  duration_ms: 404.581964
  type: 'test'
  ...
# Subtest: public missions stay diagnostic and reranker weights retain measured evidence
ok 30 - public missions stay diagnostic and reranker weights retain measured evidence
  ---
  duration_ms: 0.656453
  type: 'test'
  ...
# Subtest: governed Villages to Williamsburg journey completes with real geometry and assumed occurrences separated
ok 31 - governed Villages to Williamsburg journey completes with real geometry and assumed occurrences separated
  ---
  duration_ms: 13324.35742
  type: 'test'
  ...
# Subtest: receipt verification rejects a changed tick payload
ok 32 - receipt verification rejects a changed tick payload
  ---
  duration_ms: 125.290588
  type: 'test'
  ...
# Subtest: pedestrian, bicycle, scooter, and car share one point-to-point planner and controller
ok 33 - pedestrian, bicycle, scooter, and car share one point-to-point planner and controller
  ---
  duration_ms: 8033.845635
  type: 'test'
  ...
# Subtest: ordered stops, return trips, timing, and gig compensation settle as typed obligations
ok 34 - ordered stops, return trips, timing, and gig compensation settle as typed obligations
  ---
  duration_ms: 9338.242184
  type: 'test'
  ...
# Subtest: local settlement ledger, receipt import, and curriculum progress verify hashes before reuse
ok 35 - local settlement ledger, receipt import, and curriculum progress verify hashes before reuse
  ---
  duration_ms: 484.097986
  type: 'test'
  ...
# Subtest: neural place matching filters candidates by the active embodiment graph and remains diagnostic
ok 36 - neural place matching filters candidates by the active embodiment graph and remains diagnostic
  ---
  duration_ms: 447.135932
  type: 'test'
  ...
# Subtest: historical neural place evidence retains its original Doppler identity after a source-pin upgrade
ok 37 - historical neural place evidence retains its original Doppler identity after a source-pin upgrade
  ---
  duration_ms: 0.706134
  type: 'test'
  ...
# Subtest: agent stops with a failure receipt when every candidate fails safety
ok 38 - agent stops with a failure receipt when every candidate fails safety
  ---
  duration_ms: 112.122281
  type: 'test'
  ...
# Subtest: browser loader verifies raw hashes and rejects tampered assets
ok 39 - browser loader verifies raw hashes and rejects tampered assets
  ---
  duration_ms: 18692.833648
  type: 'test'
  ...
# Subtest: platform data boundaries isolate transport, artifact verification, and declared catalog access
ok 40 - platform data boundaries isolate transport, artifact verification, and declared catalog access
  ---
  duration_ms: 7.004808
  type: 'test'
  ...
# Subtest: governed artifact store rehashes and evicts forged persistent cache entries
ok 41 - governed artifact store rehashes and evicts forged persistent cache entries
  ---
  duration_ms: 271.716163
  type: 'test'
  ...
# Subtest: governed artifact dependency graphs are immutable and cache-bound to their declaration
ok 42 - governed artifact dependency graphs are immutable and cache-bound to their declaration
  ---
  duration_ms: 4.24396
  type: 'test'
  ...
# Subtest: workbench eagerly loads its declared shell and profile runtime retains dependency order without compiler phases
not ok 43 - workbench eagerly loads its declared shell and profile runtime retains dependency order without compiler phases
  ---
  duration_ms: 4.811371
  type: 'test'
  location: '/home/clocksmith/deco/simulatte/tests/autonomy.test.cjs:1551:1'
  failureType: 'testCodeFailure'
  error: |-
    The input did not match the regular expression /class="sim-product-nav"[\s\S]*href="https:\/\/create\.simulatte\.world\/"[^>]*>Prompt<\/a>/. Input:
    
    '<!doctype html>\n' +
      '<html lang="en">\n' +
      '<head>\n' +
      '  <meta charset="utf-8">\n' +
      '  <meta name="viewport" content="width=device-width, initial-scale=1">\n' +
      '  <base href="/">\n' +
      '  <meta name="simulatte-build" content="28cc3dcf9b982c93df049c32c4669744d2f49bc6-f5eb9b768c7a">\n' +
      '  <title>Simulatte</title>\n' +
      '  <meta name="description" content="Explore simulations. Create a world or use your own data.">\n' +
      '  <link rel="icon" type="image/svg+xml" href="./favicon.svg">\n' +
      '  <script src="./shared/design/theme-controller.js"></script>\n' +
      '  <link rel="stylesheet" href="./shared/design/simulatte.css?v=28cc3dcf9b982c93df049c32c4669744d2f49bc6-f5eb9b768c7a">\n' +
      '  <link rel="stylesheet" href="./model-selection.css?v=28cc3dcf9b982c93df049c32c4669744d2f49bc6-f5eb9b768c7a">\n' +
      '  <link rel="stylesheet" href="./styles.css?v=28cc3dcf9b982c93df049c32c4669744d2f49bc6-f5eb9b768c7a">\n' +
      '  <link rel="stylesheet" href="./world-tiers.css?v=28cc3dcf9b982c93df049c32c4669744d2f49bc6-f5eb9b768c7a">\n' +
      '  <link rel="stylesheet" href="./shared/design/workbench.css?v=28cc3dcf9b982c93df049c32c4669744d2f49bc6-f5eb9b768c7a">\n' +
      '  <link rel="stylesheet" href="./shared/design/compositions/world-interface.css?v=28cc3dcf9b982c93df049c32c4669744d2f49bc6-f5eb9b768c7a">\n' +
      '  <link rel="stylesheet" href="./shared/design/theme-control.css?v=28cc3dcf9b982c93df049c32c4669744d2f49bc6-f5eb9b768c7a">\n' +
      '  <!-- Google tag (gtag.js) -->\n' +
      '  <script async src="https://www.googletagmanager.com/gtag/js?id=G-LS3SFGCZSL"></script>\n' +
      '  <script>\n' +
      '    window.dataLayer = window.dataLayer || [];\n' +
      '    function gtag(){dataLayer.push(arguments);}\n' +
      "    gtag('js', new Date());\n" +
      '\n' +
      "    gtag('config', 'G-LS3SFGCZSL');\n" +
      '  </script>\n' +
      '</head>\n' +
      '<body class="sim-app" data-journey-phase="loading">\n' +
      '  <div class="sim-theme-control" data-theme-control data-semantic-label-exclusion>\n' +
      '    <button type="button" aria-label="Theme follows system. Switch to Light theme.">\n' +
      '      <span class="sim-theme-icon-stack" aria-hidden="true">\n' +
      '        <span data-theme-icon="system">◐</span>\n' +
      '        <span data-theme-icon="light">☼</span>\n' +
      '        <span data-theme-icon="dark">☾</span>\n' +
      '      </span>\n' +
      '      <span class="sim-theme-control-label" data-theme-label aria-hidden="true">System</span>\n' +
      '    </button>\n' +
      '  </div>\n' +
      '  <main class="map-workspace" aria-label="Simulatte">\n' +
      '    <section class="simulation-stage" aria-label="Selected simulation">\n' +
      '      <header class="simulation-toolbar"><div class="runtime-anchor" data-semantic-label-exclusion>\n' +
      '              <nav class="sim-product-nav" aria-label="Simulatte"><a href="https://simulatte.world/" data-local-href="./">Simulations</a><a href="https://create.simulatte.world/" data-local-href="./blank/">Create</a></nav>\n' +
      '              <div class="runtime-toolbar">\n' +
      '                <button id="runtime-toggle" class="status-pill sim-surface" type="button" aria-label="Runtime status and details" aria-controls="runtime-details" aria-expanded="false">\n' +
      '                  <span class="status-dot" aria-hidden="true"></span>\n' +
      '                  <strong id="runtime-status" class="runtime-status" data-kind="loading" aria-live="polite">Loading</strong>\n' +
      '                </button>\n' +
      '                <div id="world-tier-control" class="profile-selector">\n' +
      '                  <button id="world-tier-trigger" class="select-trigger" type="button" aria-label="Switch world scale" aria-haspopup="listbox" aria-controls="world-tier-options" aria-expanded="false">\n' +
      '                    <span id="world-tier-label">Select scale</span>\n' +
      '                  </button>\n' +
      '                  <div id="world-tier-options" class="select-options" role="listbox" aria-label="Simulatte world scales" hidden>\n' +
      '                    <div class="select-option" data-value="datacenter" role="option">Datacenter</div>\n' +
      '                    <div class="select-option" data-value="city" role="option">City</div>\n' +
      '                    <div class="select-option" data-value="country" role="option">Country</div>\n' +
      '                    <div class="select-option" data-value="world" role="option">Planet</div>\n' +
      '                    <div class="select-option" data-value="solar-system" role="option">Solar System</div>\n' +
      '                    <div class="select-option" data-value="star-chart" role="option">Universe</div>\n' +
      '                  </div>\n' +
      '                </div>\n' +
      '                <div id="application-profile-control" class="profile-selector">\n' +
      '                  <select id="application-profile" aria-label="Experience" disabled hidden>\n' +
      '                    <option>Loading experience</option>\n' +
      '                  </select>\n' +
      '                  <button id="application-profile-trigger" class="select-trigger" type="button" aria-label="Switch experience" aria-haspopup="listbox" aria-controls="application-profile-options" aria-expanded="false" disabled>\n' +
      '                    <span id="application-profile-label">Loading experience</span>\n' +
      '                  </button>\n' +
      '                  <div id="application-profile-options" class="select-options" role="listbox" aria-label="Simulatte experiences" hidden></div>\n' +
      '                </div>\n' +
      '              </div>\n' +
      '              <div id="runtime-details" class="runtime-details sim-popover" hidden>\n' +
      '                <span class="sim-label">This device</span>\n' +
      '                <span id="render-identity">Waiting for renderer</span>\n' +
      '                <span id="runtime-context-label" class="sim-label">Map</span>\n' +
      '                <div id="runtime-context-legend" class="legend" aria-label="Map legend">\n' +
      '                  <span><i class="building"></i>Buildings</span>\n' +
      '                  <span><i class="park"></i>Parks</span>\n' +
      '                  <span><i class="protected"></i>Protected</span>\n' +
      '                  <span><i class="shared"></i>Shared</span>\n' +
      '                  <span><i class="route"></i>Planned</span>\n' +
      '                  <span><i class="trace"></i>Traveled</span>\n' +
      '                  <span><i class="prediction"></i>Prediction</span>\n' +
      '                </div>\n' +
      '                <p id="runtime-context-hint" class="map-hint">Drag to orbit. Shift-drag or use Top to pan. Scroll to zoom.</p>\n' +
      '                <details class="map-data-details">\n' +
      '                  <summary>Data and limits</summary>\n' +
      '                  <div id="runtime-data-copy">\n' +
      '                    <p>NYC bike routes, park properties, building footprints, and OpenStreetMap street context.</p>\n' +
      '                    <p>Park circuits follow property boundaries, not surveyed sidewalks. Traffic, signals, risk, and outcomes are simulated.</p>\n' +
      '                  </div>\n' +
      '                </details>\n' +
      '                <button id="runtime-details-close" class="quiet-action" type="button">Close</button>\n' +
      '              </div>\n' +
      '            </div></header>\n' +
      '      <div class="canvas-shell" aria-label="Simulation viewport">\n' +
      '        <canvas tabindex="0" id="autonomy-canvas" width="1440" height="900" aria-label="Interactive WebGPU view of pedestrian, bicycle, scooter, and car missions in the Villages and North Brooklyn"></canvas>\n' +
      '        <canvas id="semantic-label-canvas" width="1440" height="900" aria-label="Collision-managed semantic labels" aria-hidden="true"></canvas>\n' +
      '        <canvas tabindex="0" id="overlay-canvas" width="1440" height="900" aria-label="Interactive visual overlay for world scales" hidden></canvas>\n' +
      '        <canvas id="follow-minimap" class="follow-minimap" width="320" height="240" aria-label="Top view minimap centered on the active agent" hidden></canvas>\n' +
      '        <div id="loading-screen" class="loading-screen" role="status" aria-label="Loading Simulatte">\n' +
      '          <div class="loading-progress" aria-hidden="true"><span id="loading-progress-bar"></span></div>\n' +
      '          <span id="loading-status" class="loading-status" aria-live="polite">Starting</span>\n' +
      '        </div>\n' +
      '        \n' +
      '        </div>\n' +
      '      <div class="simulation-viewbar"><div id="camera-controls" class="camera-controls" aria-label="Camera experiences" data-semantic-label-exclusion>\n' +
      '              <div class="camera-modes sim-segmented" role="group" aria-label="Camera experiences">\n' +
      '                <button id="camera-follow" type="button" aria-pressed="false">Follow</button>\n' +
      '                <button id="camera-pov" type="button" aria-pressed="false">POV</button>\n' +
      '                <button id="camera-bird" class="is-active" type="button" aria-pressed="true">Overview</button>\n' +
      '                <button id="camera-top" type="button" aria-pressed="false">Top</button>\n' +
      '                <button id="camera-free" type="button" aria-pressed="false">Free</button>\n' +
      '                <button id="camera-compare" type="button" aria-pressed="false">Compare</button>\n' +
      '              </div>\n' +
      `              <button id="camera-reset" class="sim-action" type="button" title="Restore this simulation's intended framing without resetting its state">Reset view</button>\n` +
      '            </div><button id="decisions-button" class="sim-action decisions-button" type="button" aria-controls="decisions-drawer" aria-expanded="false" data-semantic-label-exclusion>Controls (6)</button></div>\n' +
      '      <section class="mission-dock sim-surface" id="sim-mission-dock" aria-label="Simulation controls" data-semantic-label-exclusion>\n' +
      '          \n' +
      '          \n' +
      '          <div id="scenario-field" class="scenario-field" hidden>\n' +
      '            <label class="scenario-picker" for="scenario-select"><span>Scenario</span><select id="scenario-select" class="sim-field" aria-describedby="scenario-description"></select></label>\n' +
      '            <span hidden id="scenario-label" class="scenario-label"></span>\n' +
      '            <span id="scenario-description" class="scenario-description"></span>\n' +
      '            <span id="scenario-seed" class="scenario-seed" hidden></span>\n' +
      '          </div>\n' +
      '          <div class="mission-actions" aria-label="Simulation actions">\n' +
      '<button id="reset-button" class="sim-action" type="button" hidden>Reset</button>\n' +
      '<button id="step-button" class="sim-action" type="button" hidden>Step</button>\n' +
      '            <button id="shuffle-button" class="sim-action" type="button"><span id="shuffle-label">Shuffle</span><span aria-hidden="true">↻</span></button>\n' +
      '            <button id="start-button" class="sim-action sim-action-primary" type="butto'... 27364 more characters
    
  code: 'ERR_ASSERTION'
  name: 'AssertionError'
  expected:
  actual: |-
    <!doctype html>
    <html lang="en">
    <head>
      <meta charset="utf-8">
      <meta name="viewport" content="width=device-width, initial-scale=1">
      <base href="/">
      <meta name="simulatte-build" content="28cc3dcf9b982c93df049c32c4669744d2f49bc6-f5eb9b768c7a">
      <title>Simulatte</title>
      <meta name="description" content="Explore simulations. Create a world or use your own data.">
      <link rel="icon" type="image/svg+xml" href="./favicon.svg">
      <script src="./shared/design/theme-controller.js"></script>
      <link rel="stylesheet" href="./shared/design/simulatte.css?v=28cc3dcf9b982c93df049c32c4669744d2f49bc6-f5eb9b768c7a">
      <link rel="stylesheet" href="./model-selection.css?v=28cc3dcf9b982c93df049c32c4669744d2f49bc6-f5eb9b768c7a">
      <link rel="stylesheet" href="./styles.css?v=28cc3dcf9b982c93df049c32c4669744d2f49bc6-f5eb9b768c7a">
      <link rel="stylesheet" href="./world-tiers.css?v=28cc3dcf9b982c93df049c32c4669744d2f49bc6-f5eb9b768c7a">
      <link rel="stylesheet" href="./shared/design/workbench.css?v=28cc3dcf9b982c93df049c32c4669744d2f49bc6-f5eb9b768c7a">
      <link rel="stylesheet" href="./shared/design/compositions/world-interface.css?v=28cc3dcf9b982c93df049c32c4669744d2f49bc6-f5eb9b768c7a">
      <link rel="stylesheet" href="./shared/design/theme-control.css?v=28cc3dcf9b982c93df049c32c4669744d2f49bc6-f5eb9b768c7a">
      <!-- Google tag (gtag.js) -->
      <script async src="https://www.googletagmanager.com/gtag/js?id=G-LS3SFGCZSL"></script>
      <script>
        window.dataLayer = window.dataLayer || [];
        function gtag(){dataLayer.push(arguments);}
        gtag('js', new Date());
    
        gtag('config', 'G-LS3SFGCZSL');
      </script>
    </head>
    <body class="sim-app" data-journey-phase="loading">
      <div class="sim-theme-control" data-theme-control data-semantic-label-exclusion>
        <button type="button" aria-label="Theme follows system. Switch to Light theme.">
          <span class="sim-theme-icon-stack" aria-hidden="true">
            <span data-theme-icon="system">◐</span>
            <span data-theme-icon="light">☼</span>
            <span data-theme-icon="dark">☾</span>
          </span>
          <span class="sim-theme-control-label" data-theme-label aria-hidden="true">System</span>
        </button>
      </div>
      <main class="map-workspace" aria-label="Simulatte">
        <section class="simulation-stage" aria-label="Selected simulation">
          <header class="simulation-toolbar"><div class="runtime-anchor" data-semantic-label-exclusion>
                  <nav class="sim-product-nav" aria-label="Simulatte"><a href="https://simulatte.world/" data-local-href="./">Simulations</a><a href="https://create.simulatte.world/" data-local-href="./blank/">Create</a></nav>
                  <div class="runtime-toolbar">
                    <button id="runtime-toggle" class="status-pill sim-surface" type="button" aria-label="Runtime status and details" aria-controls="runtime-details" aria-expanded="false">
                      <span class="status-dot" aria-hidden="true"></span>
                      <strong id="runtime-status" class="runtime-status" data-kind="loading" aria-live="polite">Loading</strong>
                    </button>
                    <div id="world-tier-control" class="profile-selector">
                      <button id="world-tier-trigger" class="select-trigger" type="button" aria-label="Switch world scale" aria-haspopup="listbox" aria-controls="world-tier-options" aria-expanded="false">
                        <span id="world-tier-label">Select scale</span>
                      </button>
                      <div id="world-tier-options" class="select-options" role="listbox" aria-label="Simulatte world scales" hidden>
                        <div class="select-option" data-value="datacenter" role="option">Datacenter</div>
                        <div class="select-option" data-value="city" role="option">City</div>
                        <div class="select-option" data-value="country" role="option">Country</div>
                        <div class="select-option" data-value="world" role="option">Planet</div>
                        <div class="select-option" data-value="solar-system" role="option">Solar System</div>
                        <div class="select-option" data-value="star-chart" role="option">Universe</div>
                      </div>
                    </div>
                    <div id="application-profile-control" class="profile-selector">
                      <select id="application-profile" aria-label="Experience" disabled hidden>
                        <option>Loading experience</option>
                      </select>
                      <button id="application-profile-trigger" class="select-trigger" type="button" aria-label="Switch experience" aria-haspopup="listbox" aria-controls="application-profile-options" aria-expanded="false" disabled>
                        <span id="application-profile-label">Loading experience</span>
                      </button>
                      <div id="application-profile-options" class="select-options" role="listbox" aria-label="Simulatte experiences" hidden></div>
                    </div>
                  </div>
                  <div id="runtime-details" class="runtime-details sim-popover" hidden>
                    <span class="sim-label">This device</span>
                    <span id="render-identity">Waiting for renderer</span>
                    <span id="runtime-context-label" class="sim-label">Map</span>
                    <div id="runtime-context-legend" class="legend" aria-label="Map legend">
                      <span><i class="building"></i>Buildings</span>
                      <span><i class="park"></i>Parks</span>
                      <span><i class="protected"></i>Protected</span>
                      <span><i class="shared"></i>Shared</span>
                      <span><i class="route"></i>Planned</span>
                      <span><i class="trace"></i>Traveled</span>
                      <span><i class="prediction"></i>Prediction</span>
                    </div>
                    <p id="runtime-context-hint" class="map-hint">Drag to orbit. Shift-drag or use Top to pan. Scroll to zoom.</p>
                    <details class="map-data-details">
                      <summary>Data and limits</summary>
                      <div id="runtime-data-copy">
                        <p>NYC bike routes, park properties, building footprints, and OpenStreetMap street context.</p>
                        <p>Park circuits follow property boundaries, not surveyed sidewalks. Traffic, signals, risk, and outcomes are simulated.</p>
                      </div>
                    </details>
                    <button id="runtime-details-close" class="quiet-action" type="button">Close</button>
                  </div>
                </div></header>
          <div class="canvas-shell" aria-label="Simulation viewport">
            <canvas tabindex="0" id="autonomy-canvas" width="1440" height="900" aria-label="Interactive WebGPU view of pedestrian, bicycle, scooter, and car missions in the Villages and North Brooklyn"></canvas>
            <canvas id="semantic-label-canvas" width="1440" height="900" aria-label="Collision-managed semantic labels" aria-hidden="true"></canvas>
            <canvas tabindex="0" id="overlay-canvas" width="1440" height="900" aria-label="Interactive visual overlay for world scales" hidden></canvas>
            <canvas id="follow-minimap" class="follow-minimap" width="320" height="240" aria-label="Top view minimap centered on the active agent" hidden></canvas>
            <div id="loading-screen" class="loading-screen" role="status" aria-label="Loading Simulatte">
              <div class="loading-progress" aria-hidden="true"><span id="loading-progress-bar"></span></div>
              <span id="loading-status" class="loading-status" aria-live="polite">Starting</span>
            </div>
            
            </div>
          <div class="simulation-viewbar"><div id="camera-controls" class="camera-controls" aria-label="Camera experiences" data-semantic-label-exclusion>
                  <div class="camera-modes sim-segmented" role="group" aria-label="Camera experiences">
                    <button id="camera-follow" type="button" aria-pressed="false">Follow</button>
                    <button id="camera-pov" type="button" aria-pressed="false">POV</button>
                    <button id="camera-bird" class="is-active" type="button" aria-pressed="true">Overview</button>
                    <button id="camera-top" type="button" aria-pressed="false">Top</button>
                    <button id="camera-free" type="button" aria-pressed="false">Free</button>
                    <button id="camera-compare" type="button" aria-pressed="false">Compare</button>
                  </div>
                  <button id="camera-reset" class="sim-action" type="button" title="Restore this simulation's intended framing without resetting its state">Reset view</button>
                </div><button id="decisions-button" class="sim-action decisions-button" type="button" aria-controls="decisions-drawer" aria-expanded="false" data-semantic-label-exclusion>Controls (6)</button></div>
          <section class="mission-dock sim-surface" id="sim-mission-dock" aria-label="Simulation controls" data-semantic-label-exclusion>
              
              
              <div id="scenario-field" class="scenario-field" hidden>
                <label class="scenario-picker" for="scenario-select"><span>Scenario</span><select id="scenario-select" class="sim-field" aria-describedby="scenario-description"></select></label>
                <span hidden id="scenario-label" class="scenario-label"></span>
                <span id="scenario-description" class="scenario-description"></span>
                <span id="scenario-seed" class="scenario-seed" hidden></span>
              </div>
              <div class="mission-actions" aria-label="Simulation actions">
    <button id="reset-button" class="sim-action" type="button" hidden>Reset</button>
    <button id="step-button" class="sim-action" type="button" hidden>Step</button>
                <button id="shuffle-button" class="sim-action" type="button"><span id="shuffle-label">Shuffle</span><span aria-hidden="true">↻</span></button>
                <button id="start-button" class="sim-action sim-action-primary" type="button"><span class="play-mark" aria-hidden="true"></span><span id="start-label">Start</span></button>
                <button id="pause-button" class="sim-action" type="button" hidden>Pause</button>
                <button id="resume-button" class="sim-action sim-action-primary" type="button" hidden><span class="play-mark" aria-hidden="true"></span>Resume</button>
                <button id="replay-button" class="sim-action sim-action-primary" type="button" hidden>Replay</button>
                <button id="new-mission-button" class="sim-action" type="button" hidden>New mission</button>
                <div class="dock-more-anchor">
                  <button id="dock-more-button" class="sim-action" type="button" aria-controls="dock-more-menu" aria-expanded="false" aria-label="More controls" hidden>⋯</button>
                  <div id="dock-more-menu" class="dock-more-menu sim-popover sim-menu" hidden>
                    <button id="what-if-button" type="button" hidden>What if</button>
                  </div>
                </div>
                
                <input id="place-resolution-lane" type="checkbox" hidden aria-describedby="place-lane-note">
                <span id="place-lane-note" class="sr-only">Deterministic matching is active.</span>
              </div>
              <div id="playback-strip" class="playback-strip" aria-label="Playback" hidden>
                <div class="playback-story">
                  <span id="playback-timeline-label" class="sim-label">Event</span>
                  <strong id="playback-event">Ready</strong>
                </div>
                <label id="playback-timeline-control" class="playback-control playback-timeline-control" hidden>
                  <span>Timeline <output id="playback-progress">0 / 0</output></span>
                  <input id="playback-timeline" type="range" min="0" max="0" step="1" value="0">
                </label>
                <div class="playback-actions">
                  
                  
                  <label id="playback-speed-control" class="playback-control playback-speed-control" hidden>
                    <span>Speed</span>
                    <select id="playback-speed" class="sim-field">
                      <option value="0.5">0.5×</option>
                      <option value="1" selected>1×</option>
                      <option value="2">2×</option>
                      <option value="4">4×</option>
                    </select>
                  </label>
                </div>
              </div>
              
              <output id="mission-error" class="mission-error" aria-live="polite"></output>
            </section>
          <section id="journey-hud" class="journey-hud sim-surface" role="button" tabindex="0" aria-label="Journey progress. Open decision details." title="Open decision details" data-semantic-label-exclusion>
              <div class="journey-progress" aria-hidden="true"><span id="journey-progress-fill"></span></div>
              <div class="journey-hud-line">
                <strong id="metric-state">active</strong>
                <span id="metric-distance">0 m</span>
                <span id="metric-time">0:00</span>
              </div>
              <div class="hud-contract-values sr-only" aria-hidden="true">
                <span id="metric-speed">0 m/s</span>
                <span id="metric-tick">0</span>
                <span id="metric-route">unplanned</span>
                <span id="metric-bet">none</span>
                <span id="metric-settlement">none</span>
                <span id="metric-calibration">0 / 0</span>
              </div>
            </section>
          <details id="experience-summary" class="experience-summary sim-surface" aria-live="polite" data-semantic-label-exclusion hidden>
                  <summary>Results and explanation</summary>
                  <header>
                    <span id="experience-summary-state" class="sim-label">Ready</span>
                    <strong id="experience-summary-title"></strong>
                  </header>
                  <p id="experience-summary-description"></p>
                  <div class="experience-story">
                    <div>
                      <span class="sim-label">Now</span>
                      <strong id="experience-summary-event"></strong>
                    </div>
                    <div>
                      <span class="sim-label">Why</span>
                      <span id="experience-summary-narrative"></span>
                    </div>
                  </div>
                  <dl id="experience-summary-stats"></dl>
                  <p id="experience-summary-comparison" class="experience-summary-comparison"></p>
                </details>
        </section>
    
        <div id="decisions-backdrop" class="drawer-backdrop" hidden></div>
        <aside id="decisions-drawer" class="evidence-panel sim-surface" role="dialog" aria-modal="true" inert aria-label="Controls and evidence" aria-hidden="true">
          <header class="evidence-heading">
            <div>
              <strong id="decision-title">Experiment controls</strong>
              <p id="decision-meta">Change parameters before Start. Inspect evidence after the run.</p>
            </div>
            <button id="decisions-close" class="drawer-close" type="button" aria-label="Close decisions">×</button>
          </header>
    
          <section id="plugin-inspector" aria-label="Simulation parameters and evidence"></section>
          <details id="scene-actions" class="evidence-section"><summary>Scene actions</summary><section id="plugin-map-ui" class="plugin-map-ui" aria-label="Experience view" data-semantic-label-exclusion></section></details>
          <details id="mission-authoring" class="evidence-section" hidden><summary>Author a mission</summary><label id="mission-field" class="mission-field" for="mission-input">
                <span class="sr-only">Describe a mission</span>
                <textarea id="mission-input" rows="2" spellcheck="false" aria-describedby="mission-error" placeholder="Where should the agent go?"></textarea>
              </label><details id="model-selection-panel" class="model-selection-panel">
                  <summary>Models</summary>
                  <div id="model-selection-controls" class="model-selection-controls" aria-label="Pipeline model selection"></div>
                </details></details>
          <a id="experience-doc-link" class="sim-text-link experience-doc-link" target="_blank" rel="noopener noreferrer" hidden>Experience docs</a>
    
          <details id="profile-program-section" class="evidence-section profile-program-section">
            <summary>World program <span id="profile-world-spec-status" class="sim-status">Loading WorldSpec</span></summary>
            <label class="profile-program-editor-label" for="profile-world-spec-editor">
              <span class="sim-label">Editable WorldSpec</span>
              <textarea id="profile-world-spec-editor" class="sim-field sim-program-editor" spellcheck="false" aria-describedby="profile-world-spec-status"></textarea>
            </label>
            <p class="evidence-proof">Profile packs currently accept a governed scenario selection at <code>/params/scenarioId</code>. Other edits fail closed until their runtime contract is executable.</p>
            <div class="receipt-actions profile-program-actions">
              <button id="apply-profile-world-spec" class="sim-action" type="button" disabled>Apply WorldSpec</button>
              <button id="reset-profile-world-spec" class="sim-action" type="button">Discard edit</button>
              <button id="replay-profile-world-spec" class="sim-action" type="button" disabled>Replay exact spec</button>
              <button id="export-profile-world-spec" class="sim-action" type="button">Export</button>
              <button id="import-profile-world-spec" class="sim-action" type="button">Import</button>
              <input id="profile-world-spec-import-file" type="file" accept="application/json,.json" hidden>
            </div>
            <details class="profile-world-proof-details">
              <summary id="profile-world-proof-status" class="sim-status" data-state="pending">WorldProof waits for a settled run</summary>
              <pre id="profile-world-proof" class="profile-world-proof sim-code" aria-live="polite"></pre>
            </details>
          </details>
    
          <details id="journey-section" class="evidence-section journey-evidence" open>
            <summary>Journey <span id="route-stats">Not planned</span></summary>
            <dl class="journey-facts">
              <div><dt>Forecast</dt><dd id="planning-forecast">Not planned</dd></div>
              <div><dt>Alternative</dt><dd id="alternative-proof">Not planned</dd></div>
              <div><dt>Settled locally</dt><dd id="ledger-proof">0 trials</dd></div>
            </dl>
            <code id="route-formula">cost = travel + risk + preference</code>
            <div id="route-components" class="component-line"></div>
          </details>
    
    
          <details id="decision-section" class="evidence-section action-evidence">
            <summary>Decision</summary>
            <span class="sim-label">Candidate actions</span>
            <div id="bet-list" class="bet-list" aria-label="Candidate actions"></div>
            <span class="sim-label">Safety</span>
            <div id="gate-list" class="gate-list"></div>
            <span class="sim-label">Prediction check</span>
            <div id="settlement-math" class="settlement-math">No settled prediction</div>
          </details>
          <details id="advanced-section" class="evidence-section advanced-evidence">
            <summary>Advanced</summary>
            <details class="evidence-section retrieval-evidence">
              <summary>Place and feature matching <span id="retrieval-stats">No query</span></summary>
              <div class="pipeline-row"><span>Query</span><div id="retrieval-query">Waiting for observation</div></div>
              <div class="pipeline-row"><span>Found</span><div id="retrieval-candidates">No candidates</div></div>
              <div class="pipeline-row"><span>Ranked</span><div id="rerank-candidates">No ranking</div></div>
              <p id="reranker-proof" class="evidence-proof">Diagnostic comparison loading</p>
              <p id="place-resolution-proof" class="evidence-proof">Fast place matching</p>
            </details>
    
            <details class="evidence-section occurrence-evidence">
              <summary>World events <span id="occurrence-stats">No patterns evaluated</span></summary>
              <div class="pipeline-row"><span>Active</span><div id="occurrence-patterns">No active pattern</div></div>
              <div class="pipeline-row"><span>Effects</span><div id="occurrence-effects">No world effect</div></div>
            </details>
    
            <details class="evidence-section policy-evidence">
              <summary>Policy arena</summary>
              <p id="policy-arena-proof" class="evidence-proof">Loading evidence</p>
            </details>
    
            <details class="evidence-section receipt-evidence">
              <summary>Receipts</summary>
              <div class="receipt-actions">
                <button id="export-button" class="sim-action" type="button" disabled>Export journey</button>
                <button id="export-ledger-button" class="sim-action" type="button">Export ledger</button>
                <button id="import-receipt-button" class="sim-action" type="button">Import</button>
                <input id="import-receipt-file" type="file" accept="application/json,.json" hidden>
              </div>
              <div id="trace-list" class="trace-list" aria-live="polite"></div>
            </details>
          </details>
        </aside>
      </main>
    
      <dialog id="neural-model-dialog" class="neural-consent-dialog" aria-labelledby="neural-model-title">
        <div class="neural-consent-body">
          <h2 id="neural-model-title">Enable local Qwen embedding?</h2>
          <p data-neural-model="surface-use">Simulatte uses the embedder only when deterministic place matching refuses.</p>
          <div class="neural-model-list" aria-label="Models stored on this device">
            <div class="neural-model-row"><span data-neural-model="embedding-name">Qwen embedding</span><span data-neural-model="embedding-size">Loading size</span></div>
          </div>
          <p class="neural-consent-facts"><span data-neural-model="download-summary">Model sizes loading</span>. Runs locally through Doppler <span data-neural-model="doppler-version"></span>. Model files are cached on this device; mission text stays in this browser.</p>
          <div class="neural-consent-actions">
            <button class="sim-action" type="button" data-neural-consent="cancel">Not now</button>
            <button class="sim-action sim-action-primary" type="button" data-neural-consent="accept">Enable models</button>
          </div>
        </div>
      </dialog>
    
    <!-- SIMULATTE_WORLD_RUNTIME_SCRIPTS_START -->
      <script defer src="./simulatte/app/world-runtime-script-manifest.js?v=28cc3dcf9b982c93df049c32c4669744d2f49bc6-f5eb9b768c7a"></script>
      <script defer src="./simulatte/app/world-runtime-loader.js?v=28cc3dcf9b982c93df049c32c4669744d2f49bc6-f5eb9b768c7a"></script>
      <script defer src="./shared/design/program-editor.js?v=28cc3dcf9b982c93df049c32c4669744d2f49bc6-f5eb9b768c7a"></script>
      <script defer src="./shared/design/data-table.js?v=28cc3dcf9b982c93df049c32c4669744d2f49bc6-f5eb9b768c7a"></script>
      <script defer src="./shared/design/product-navigation.js?v=28cc3dcf9b982c93df049c32c4669744d2f49bc6-f5eb9b768c7a"></script>
      <script defer src="./shared/contracts/world-spec-authorship.js?v=28cc3dcf9b982c93df049c32c4669744d2f49bc6-f5eb9b768c7a"></script>
      <script defer src="./shared/contracts/world-spec.js?v=28cc3dcf9b982c93df049c32c4669744d2f49bc6-f5eb9b768c7a"></script>
      <script defer src="./shared/contracts/input-source.js?v=28cc3dcf9b982c93df049c32c4669744d2f49bc6-f5eb9b768c7a"></script>
      <script defer src="./shared/contracts/data-world-spec.js?v=28cc3dcf9b982c93df049c32c4669744d2f49bc6-f5eb9b768c7a"></script>
      <script defer src="./shared/core/pipeline-runner.js?v=28cc3dcf9b982c93df049c32c4669744d2f49bc6-f5eb9b768c7a"></script>
      <script defer src="./shared/core/simulation/point-motion.js?v=28cc3dcf9b982c93df049c32c4669744d2f49bc6-f5eb9b768c7a"></script>
      <script defer src="./shared/core/simulation/data-run.js?v=28cc3dcf9b982c93df049c32c4669744d2f49bc6-f5eb9b768c7a"></script>
      <script defer src="./shared/render/point-scene-view.js?v=28cc3dcf9b982c93df049c32c4669744d2f49bc6-f5eb9b768c7a"></script>
      <script defer src="./simulatte/app/data-workbench.js?v=28cc3dcf9b982c93df049c32c4669744d2f49bc6-f5eb9b768c7a"></script>
      <script defer src="./simulatte/app/homepage-webgpu.js?v=28cc3dcf9b982c93df049c32c4669744d2f49bc6-f5eb9b768c7a"></script>
      <script defer src="./simulatte/app/homepage-effects.js?v=28cc3dcf9b982c93df049c32c4669744d2f49bc6-f5eb9b768c7a"></script>
      <script defer src="./simulatte/app/workbench-entry.js?v=28cc3dcf9b982c93df049c32c4669744d2f49bc6-f5eb9b768c7a"></script>
      <!-- generated-plugin-scripts:start -->
      <!-- Selected plugin scripts are loaded by world-runtime-loader.js after route selection. -->
      <!-- generated-plugin-scripts:end -->
    <!-- SIMULATTE_WORLD_RUNTIME_SCRIPTS_END -->
    
      <!-- World Tiers Landing Page Selector -->
      <div id="world-tiers-landing-page">
      <section id="simulation-home">
        <header class="landing-header">
          <a class="landing-brand" href="/">Simulatte</a>
          <a class="landing-data-link" href="#data">Use your data</a>
        </header>
        <div class="home-layout">
          <div class="home-intro">
            <p class="home-eyebrow">A PLAYGROUND FOR WHAT IF</p>
            <h1 class="landing-title">Explore a world.<br>Change what happens.</h1>
            <p class="home-description">Try a simulation, change its controls, and see the result. From a city street to a network of stars.</p>
            <a class="home-create-action" href="https://create.simulatte.world/" data-local-href="./blank/">Create your own <span aria-hidden="true">↗</span></a>
            <p class="home-create-note">Start with a description. Build an interactive scene.</p>
          </div>
          <div class="home-choices">
            <p class="home-choices-label">CHOOSE A SIMULATION</p>
        <!-- Hexagonal Constellation Layout -->
        <div class="hex-constellation-container" aria-label="Simulatte Multi-Scale Constellation">
          <canvas id="homepage-effects-canvas" class="homepage-effects-canvas" aria-hidden="true" hidden></canvas>
          <!-- Quiet hex field inspired by the Fawn start surface. -->
          <svg class="hex-constellation-web" viewBox="0 0 1000 720" preserveAspectRatio="xMidYMid slice" aria-hidden="true">
            <defs>
              <pattern id="ambient-hex-grid" width="84" height="96" patternUnits="userSpaceOnUse">
                <path d="M42 1 L83 24 L83 72 L42 95 L1 72 L1 24 Z" class="ambient-hex-cell" />
              </pattern>
              <radialGradient id="ambient-hex-fade" cx="50%" cy="50%" r="52%">
                <stop offset="0%" stop-color="#ffffff" stop-opacity="0.62" />
                <stop offset="70%" stop-color="#ffffff" stop-opacity="0.16" />
                <stop offset="100%" stop-color="#ffffff" stop-opacity="0" />
              </radialGradient>
              <mask id="ambient-hex-mask">
                <rect width="1000" height="720" fill="url(#ambient-hex-fade)" />
              </mask>
            </defs>
            <rect width="1000" height="720" fill="url(#ambient-hex-grid)" mask="url(#ambient-hex-mask)" class="ambient-hex-field" />
          </svg>
    
          <!-- Center Hexagon Hub: Simulatte Create -->
          <a href="https://create.simulatte.world/" data-local-href="./blank/" class="hex-hub" id="hex-center-create" aria-label="Open Simulatte Create">
            <div class="hex-hub-inner">
              <div class="hex-hub-badge">Your idea</div>
              <div class="hex-hub-icon" aria-hidden="true"><svg viewBox="0 0 32 32"><path d="M16 3 27 9.5v13L16 29 5 22.5v-13Z M16 10v12 M10 16h12"/></svg></div>
              <h2 class="hex-hub-title">Create</h2>
              <p class="hex-hub-desc">Describe a world. Make it move.</p>
              <span class="hex-hub-action">Open Create</span>
            </div>
          </a>
    
          <!-- 6 Symmetric Satellites -->
          <div class="hex-satellite tier-card pos-top-left" data-tier="datacenter" data-default-profile="gpu-supercluster-v1" role="button" tabindex="0" aria-label="Launch 256-GPU Supercluster Simulator">
            <div class="hex-satellite-inner">
              <div class="hex-badge">Datacenter</div>
              <div class="hex-icon" aria-hidden="true"><svg viewBox="0 0 32 32"><path d="M4 7h9v18H4z M19 7h9v18h-9z M7 11h3 M7 16h3 M7 21h3 M22 11h3 M22 16h3 M22 21h3 M13 16h6"/></svg></div>
              <h3 class="hex-title">256-GPU Cluster</h3>
              <p class="hex-desc">Balance compute, power, and cooling.</p>
            </div>
          </div>
    
          <div class="hex-satellite tier-card pos-top" data-tier="star-chart" data-default-profile="interstellar-relay-network-v1" role="button" tabindex="0" aria-label="Launch Interstellar Relay Network Simulator">
            <div class="hex-satellite-inner">
              <div class="hex-badge">Universe</div>
              <div class="hex-icon" aria-hidden="true"><svg viewBox="0 0 32 32"><circle cx="6" cy="23" r="2.5"/><circle cx="16" cy="7" r="2.5"/><circle cx="26" cy="21" r="2.5"/><path d="m7.5 21 7-12 M18 9l6.5 10 M9 23l14-2 M5 7h4 M7 5v4"/></svg></div>
              <h3 class="hex-title">Interstellar Relay</h3>
              <p class="hex-desc">Connect stars. Route a signal.</p>
            </div>
          </div>
    
          <div class="hex-satellite tier-card pos-top-right" data-tier="solar-system" data-default-profile="orbital-transfer-planner-v1" role="button" tabindex="0" aria-label="Launch Orbital Transfer Planner Simulator">
            <div class="hex-satellite-inner">
              <div class="hex-badge">Solar System</div>
              <div class="hex-icon" aria-hidden="true"><svg viewBox="0 0 32 32"><circle cx="16" cy="16" r="4"/><ellipse cx="16" cy="16" rx="14" ry="7" transform="rotate(-35 16 16)"/><circle cx="26" cy="9" r="2"/></svg></div>
              <h3 class="hex-title">Orbital Transfer</h3>
              <p class="hex-desc">Plan a path between orbits.</p>
            </div>
          </div>
    
          <div class="hex-satellite tier-card pos-bottom-right" data-tier="country" data-default-profile="grid-resilience-us-v1" role="button" tabindex="0" aria-label="Launch Grid Resilience Simulator">
            <div class="hex-satellite-inner">
              <div class="hex-badge">Country</div>
              <div class="hex-icon" aria-hidden="true"><svg viewBox="0 0 32 32"><path d="m16 3-7 24 M16 3l7 24 M11 11h10 M9 19h14 M12 11l9 8 M20 11l-9 8 M5 28h22 M3 11h8 M21 11h8"/></svg></div>
              <h3 class="hex-title">Grid Resilience</h3>
              <p class="hex-desc">Restore power after an outage.</p>
            </div>
          </div>
    
          <div class="hex-satellite tier-card pos-bottom" data-tier="world" data-default-profile="subsea-network-global-v1" role="button" tabindex="0" aria-label="Launch Subsea Network Simulator">
            <div class="hex-satellite-inner">
              <div class="hex-badge">Planet / Telecom</div>
              <div class="hex-icon" aria-hidden="true"><svg viewBox="0 0 32 32"><path d="M3 9c4-5 8 5 13 0s9 5 13 0 M3 15c4-5 8 5 13 0s9 5 13 0 M6 25h20 M6 22v6 M26 22v6 M12 23v4 M20 23v4"/></svg></div>
              <h3 class="hex-title">Subsea Network</h3>
              <p class="hex-desc">Keep the world connected.</p>
            </div>
          </div>
    
          <div class="hex-satellite tier-card pos-bottom-left" data-tier="city" data-default-profile="sun-walker-v1" role="button" tabindex="0" aria-label="Launch Sun Walker City Simulator">
            <div class="hex-satellite-inner">
              <div class="hex-badge">City</div>
              <div class="hex-icon" aria-hidden="true"><svg viewBox="0 0 32 32"><path d="M3 27h26 M6 27V15h8v12 M18 27V10h8v17 M9 19h2 M9 23h2 M21 15h2 M21 20h2 M8 3v3 M2 8h3"/><path d="M6 11a5 5 0 0 1 8-5"/></svg></div>
              <h3 class="hex-title">Sun Walker</h3>
              <p class="hex-desc">Find a shaded route through the city.</p>
            </div>
          </div>
        </div>
          </div>
        </div>
        <footer class="landing-footer">
          <span>Explore in your browser. No account needed.</span>
          <a href="#data">Bring a CSV or JSON file <span aria-hidden="true">↗</span></a>
          <p id="simulation-status" role="status" aria-live="polite"></p>
        </footer>
      </section>
      <section id="data-page" class="data-workbench-page" hidden>
        <header class="workbench-header">
          <div><h1>Your data</h1></div>
          <nav class="sim-product-nav" aria-label="Simulatte">
            <a href="#">Simulations</a>
            <a href="https://create.simulatte.world/" data-local-href="./blank/">Create</a>
          </nav>
        </header>
        <section id="data-workbench" aria-label="Data simulation workbench" data-state="idle">
          <ol class="workbench-steps" aria-label="Workflow"><li>Import</li><li>Prepare</li><li>Run</li><li>Edit</li><li>Export</li></ol>
          <p id="data-status" class="sim-status" role="status" aria-live="polite">Open CSV, JSON, or a saved program. Files stay on your device.</p>
          <div class="workbench-layout">
            <section class="workbench-input">
              <h2>Import</h2>
              <label for="data-input">Paste CSV or JSON</label>
              <textarea id="data-input" class="sim-input" rows="6" spellcheck="false" placeholder="id,x,y,vx,vy"></textarea>
              <div class="workbench-actions">
                <button id="data-read" class="sim-action" type="button">Read pasted data</button>
                <button id="data-sample" class="sim-action" type="button">Use example</button>
                <label class="sim-action workbench-file">Open file<input id="data-file" type="file" accept=".csv,.json,text/csv,application/json"></label>
              </div>
              <details><summary>Load from a URL</summary>
                <label for="data-url">Public HTTP(S) data URL</label>
                <input id="data-url" class="sim-input" type="url" placeholder="https://example.org/data.csv">
                <button id="data-fetch" class="sim-action" type="button">Fetch URL</button>
                <p>Fetch sends a request to this URL without credentials.</p>
              </details>
              <p id="data-source" class="workbench-identity"></p>
              <section id="data-prepare-panel" hidden>
                <h2>Prepare</h2>
                <div id="data-preview" class="workbench-table" tabindex="0" aria-label="Source preview"></div>
                <p>Choose position and velocity columns. Motion is constant; no forces or collisions.</p>
                <div class="workbench-fields">
                  <label>ID<select id="data-map-id" class="sim-input"></select></label>
                  <label>Label<select id="data-map-label" class="sim-input"></select></label>
                  <label>X position<select id="data-map-x" class="sim-input"></select></label>
                  <label>Y position<select id="data-map-y" class="sim-input"></select></label>
                  <label>X velocity<select id="data-map-vx" class="sim-input"></select></label>
                  <label>Y velocity<select id="data-map-vy" class="sim-input"></select></label>
                  <label>Coordinate units<input id="data-units" class="sim-input" value="units" maxlength="80"></label>
                  <label>Duration (seconds)<input id="data-duration" class="sim-input" type="number" min="0" max="3600" value="10"></label>
                  <label>Steps<input id="data-steps" class="sim-input" type="number" min="1" max="600" value="60"></label>
                </div>
                <button id="data-prepare" class="sim-action" type="button">Prepare program</button>
              </section>
            </section>
            <section class="workbench-execution">
              <h2>Run and inspect</h2>
              <div class="workbench-actions">
                <button id="data-run" class="sim-action" type="button" disabled>Run</button>
                <button id="data-cancel" class="sim-action" type="button" disabled>Cancel</button>
                <button id="data-replay" class="sim-action" type="button" disabled>Replay</button>
                <button id="data-export" class="sim-action" type="button" disabled>Export program</button>
                <button id="data-export-result" class="sim-action" type="button" disabled>Export result</button>
              </div>
              <section id="data-result" hidden>
                <canvas id="data-canvas" width="800" height="500" aria-label="2D data points; equivalent coordinates appear in the output table"></canvas>
                <label for="data-step">Inspect simulation step</label>
                <input id="data-step" type="range" min="0" max="60" step="1" value="0" disabled>
                <p id="data-time"></p><p id="data-selection" aria-live="polite">Select a point to inspect its coordinates.</p>
                <p id="data-comparison"></p>
                <div id="data-output" class="workbench-table" tabindex="0" aria-label="Output points, first 20"></div>
                <details><summary>Execution evidence</summary><pre id="data-evidence" class="sim-code"></pre></details>
              </section>
              <section id="data-program" hidden>
                <h2>Edit the program</h2>
                <p>Apply your changes, then run.</p>
                <label for="data-editor">WorldSpec JSON</label>
                <textarea id="data-editor" class="sim-input sim-code" rows="14" spellcheck="false"></textarea>
                <div class="workbench-actions">
                  <button id="data-apply" class="sim-action" type="button" disabled>Apply edit</button>
                  <button id="data-reset" class="sim-action" type="button">Discard changes</button>
                </div>
                <p id="data-edit-status" class="sim-status" aria-live="polite"></p>
              </section>
            </section>
          </div>
        </section>
        </section>
      </div>
    </body>
    </html>
    
  operator: 'match'
  stack: |-
    TestContext.<anonymous> (/home/clocksmith/deco/simulatte/tests/autonomy.test.cjs:1576:10)
    Test.runInAsyncScope (node:async_hooks:214:14)
    Test.run (node:internal/test_runner/test:1047:25)
    Test.processPendingSubtests (node:internal/test_runner/test:744:18)
    Test.postRun (node:internal/test_runner/test:1173:19)
    Test.run (node:internal/test_runner/test:1101:12)
    async Test.processPendingSubtests (node:internal/test_runner/test:744:7)
  ...
# Subtest: every first-party plugin is selectable through a governed profile scoped to its own world
ok 44 - every first-party plugin is selectable through a governed profile scoped to its own world
  ---
  duration_ms: 0.721145
  type: 'test'
  ...
# Subtest: autonomy UI keeps the map primary and moves technical controls behind progressive disclosure
not ok 45 - autonomy UI keeps the map primary and moves technical controls behind progressive disclosure
  ---
  duration_ms: 1.152361
  type: 'test'
  location: '/home/clocksmith/deco/simulatte/tests/autonomy.test.cjs:1624:1'
  failureType: 'testCodeFailure'
  error: |-
    The input did not match the regular expression /href="\.\/shared\/design\/simulatte\.css"/. Input:
    
    '<!doctype html>\n' +
      '<html lang="en">\n' +
      '<head>\n' +
      '  <meta charset="utf-8">\n' +
      '  <meta name="viewport" content="width=device-width, initial-scale=1">\n' +
      '  <base href="/">\n' +
      '  <meta name="simulatte-build" content="28cc3dcf9b982c93df049c32c4669744d2f49bc6-f5eb9b768c7a">\n' +
      '  <title>Simulatte</title>\n' +
      '  <meta name="description" content="Explore simulations. Create a world or use your own data.">\n' +
      '  <link rel="icon" type="image/svg+xml" href="./favicon.svg">\n' +
      '  <script src="./shared/design/theme-controller.js"></script>\n' +
      '  <link rel="stylesheet" href="./shared/design/simulatte.css?v=28cc3dcf9b982c93df049c32c4669744d2f49bc6-f5eb9b768c7a">\n' +
      '  <link rel="stylesheet" href="./model-selection.css?v=28cc3dcf9b982c93df049c32c4669744d2f49bc6-f5eb9b768c7a">\n' +
      '  <link rel="stylesheet" href="./styles.css?v=28cc3dcf9b982c93df049c32c4669744d2f49bc6-f5eb9b768c7a">\n' +
      '  <link rel="stylesheet" href="./world-tiers.css?v=28cc3dcf9b982c93df049c32c4669744d2f49bc6-f5eb9b768c7a">\n' +
      '  <link rel="stylesheet" href="./shared/design/workbench.css?v=28cc3dcf9b982c93df049c32c4669744d2f49bc6-f5eb9b768c7a">\n' +
      '  <link rel="stylesheet" href="./shared/design/compositions/world-interface.css?v=28cc3dcf9b982c93df049c32c4669744d2f49bc6-f5eb9b768c7a">\n' +
      '  <link rel="stylesheet" href="./shared/design/theme-control.css?v=28cc3dcf9b982c93df049c32c4669744d2f49bc6-f5eb9b768c7a">\n' +
      '  <!-- Google tag (gtag.js) -->\n' +
      '  <script async src="https://www.googletagmanager.com/gtag/js?id=G-LS3SFGCZSL"></script>\n' +
      '  <script>\n' +
      '    window.dataLayer = window.dataLayer || [];\n' +
      '    function gtag(){dataLayer.push(arguments);}\n' +
      "    gtag('js', new Date());\n" +
      '\n' +
      "    gtag('config', 'G-LS3SFGCZSL');\n" +
      '  </script>\n' +
      '</head>\n' +
      '<body class="sim-app" data-journey-phase="loading">\n' +
      '  <div class="sim-theme-control" data-theme-control data-semantic-label-exclusion>\n' +
      '    <button type="button" aria-label="Theme follows system. Switch to Light theme.">\n' +
      '      <span class="sim-theme-icon-stack" aria-hidden="true">\n' +
      '        <span data-theme-icon="system">◐</span>\n' +
      '        <span data-theme-icon="light">☼</span>\n' +
      '        <span data-theme-icon="dark">☾</span>\n' +
      '      </span>\n' +
      '      <span class="sim-theme-control-label" data-theme-label aria-hidden="true">System</span>\n' +
      '    </button>\n' +
      '  </div>\n' +
      '  <main class="map-workspace" aria-label="Simulatte">\n' +
      '    <section class="simulation-stage" aria-label="Selected simulation">\n' +
      '      <header class="simulation-toolbar"><div class="runtime-anchor" data-semantic-label-exclusion>\n' +
      '              <nav class="sim-product-nav" aria-label="Simulatte"><a href="https://simulatte.world/" data-local-href="./">Simulations</a><a href="https://create.simulatte.world/" data-local-href="./blank/">Create</a></nav>\n' +
      '              <div class="runtime-toolbar">\n' +
      '                <button id="runtime-toggle" class="status-pill sim-surface" type="button" aria-label="Runtime status and details" aria-controls="runtime-details" aria-expanded="false">\n' +
      '                  <span class="status-dot" aria-hidden="true"></span>\n' +
      '                  <strong id="runtime-status" class="runtime-status" data-kind="loading" aria-live="polite">Loading</strong>\n' +
      '                </button>\n' +
      '                <div id="world-tier-control" class="profile-selector">\n' +
      '                  <button id="world-tier-trigger" class="select-trigger" type="button" aria-label="Switch world scale" aria-haspopup="listbox" aria-controls="world-tier-options" aria-expanded="false">\n' +
      '                    <span id="world-tier-label">Select scale</span>\n' +
      '                  </button>\n' +
      '                  <div id="world-tier-options" class="select-options" role="listbox" aria-label="Simulatte world scales" hidden>\n' +
      '                    <div class="select-option" data-value="datacenter" role="option">Datacenter</div>\n' +
      '                    <div class="select-option" data-value="city" role="option">City</div>\n' +
      '                    <div class="select-option" data-value="country" role="option">Country</div>\n' +
      '                    <div class="select-option" data-value="world" role="option">Planet</div>\n' +
      '                    <div class="select-option" data-value="solar-system" role="option">Solar System</div>\n' +
      '                    <div class="select-option" data-value="star-chart" role="option">Universe</div>\n' +
      '                  </div>\n' +
      '                </div>\n' +
      '                <div id="application-profile-control" class="profile-selector">\n' +
      '                  <select id="application-profile" aria-label="Experience" disabled hidden>\n' +
      '                    <option>Loading experience</option>\n' +
      '                  </select>\n' +
      '                  <button id="application-profile-trigger" class="select-trigger" type="button" aria-label="Switch experience" aria-haspopup="listbox" aria-controls="application-profile-options" aria-expanded="false" disabled>\n' +
      '                    <span id="application-profile-label">Loading experience</span>\n' +
      '                  </button>\n' +
      '                  <div id="application-profile-options" class="select-options" role="listbox" aria-label="Simulatte experiences" hidden></div>\n' +
      '                </div>\n' +
      '              </div>\n' +
      '              <div id="runtime-details" class="runtime-details sim-popover" hidden>\n' +
      '                <span class="sim-label">This device</span>\n' +
      '                <span id="render-identity">Waiting for renderer</span>\n' +
      '                <span id="runtime-context-label" class="sim-label">Map</span>\n' +
      '                <div id="runtime-context-legend" class="legend" aria-label="Map legend">\n' +
      '                  <span><i class="building"></i>Buildings</span>\n' +
      '                  <span><i class="park"></i>Parks</span>\n' +
      '                  <span><i class="protected"></i>Protected</span>\n' +
      '                  <span><i class="shared"></i>Shared</span>\n' +
      '                  <span><i class="route"></i>Planned</span>\n' +
      '                  <span><i class="trace"></i>Traveled</span>\n' +
      '                  <span><i class="prediction"></i>Prediction</span>\n' +
      '                </div>\n' +
      '                <p id="runtime-context-hint" class="map-hint">Drag to orbit. Shift-drag or use Top to pan. Scroll to zoom.</p>\n' +
      '                <details class="map-data-details">\n' +
      '                  <summary>Data and limits</summary>\n' +
      '                  <div id="runtime-data-copy">\n' +
      '                    <p>NYC bike routes, park properties, building footprints, and OpenStreetMap street context.</p>\n' +
      '                    <p>Park circuits follow property boundaries, not surveyed sidewalks. Traffic, signals, risk, and outcomes are simulated.</p>\n' +
      '                  </div>\n' +
      '                </details>\n' +
      '                <button id="runtime-details-close" class="quiet-action" type="button">Close</button>\n' +
      '              </div>\n' +
      '            </div></header>\n' +
      '      <div class="canvas-shell" aria-label="Simulation viewport">\n' +
      '        <canvas tabindex="0" id="autonomy-canvas" width="1440" height="900" aria-label="Interactive WebGPU view of pedestrian, bicycle, scooter, and car missions in the Villages and North Brooklyn"></canvas>\n' +
      '        <canvas id="semantic-label-canvas" width="1440" height="900" aria-label="Collision-managed semantic labels" aria-hidden="true"></canvas>\n' +
      '        <canvas tabindex="0" id="overlay-canvas" width="1440" height="900" aria-label="Interactive visual overlay for world scales" hidden></canvas>\n' +
      '        <canvas id="follow-minimap" class="follow-minimap" width="320" height="240" aria-label="Top view minimap centered on the active agent" hidden></canvas>\n' +
      '        <div id="loading-screen" class="loading-screen" role="status" aria-label="Loading Simulatte">\n' +
      '          <div class="loading-progress" aria-hidden="true"><span id="loading-progress-bar"></span></div>\n' +
      '          <span id="loading-status" class="loading-status" aria-live="polite">Starting</span>\n' +
      '        </div>\n' +
      '        \n' +
      '        </div>\n' +
      '      <div class="simulation-viewbar"><div id="camera-controls" class="camera-controls" aria-label="Camera experiences" data-semantic-label-exclusion>\n' +
      '              <div class="camera-modes sim-segmented" role="group" aria-label="Camera experiences">\n' +
      '                <button id="camera-follow" type="button" aria-pressed="false">Follow</button>\n' +
      '                <button id="camera-pov" type="button" aria-pressed="false">POV</button>\n' +
      '                <button id="camera-bird" class="is-active" type="button" aria-pressed="true">Overview</button>\n' +
      '                <button id="camera-top" type="button" aria-pressed="false">Top</button>\n' +
      '                <button id="camera-free" type="button" aria-pressed="false">Free</button>\n' +
      '                <button id="camera-compare" type="button" aria-pressed="false">Compare</button>\n' +
      '              </div>\n' +
      `              <button id="camera-reset" class="sim-action" type="button" title="Restore this simulation's intended framing without resetting its state">Reset view</button>\n` +
      '            </div><button id="decisions-button" class="sim-action decisions-button" type="button" aria-controls="decisions-drawer" aria-expanded="false" data-semantic-label-exclusion>Controls (6)</button></div>\n' +
      '      <section class="mission-dock sim-surface" id="sim-mission-dock" aria-label="Simulation controls" data-semantic-label-exclusion>\n' +
      '          \n' +
      '          \n' +
      '          <div id="scenario-field" class="scenario-field" hidden>\n' +
      '            <label class="scenario-picker" for="scenario-select"><span>Scenario</span><select id="scenario-select" class="sim-field" aria-describedby="scenario-description"></select></label>\n' +
      '            <span hidden id="scenario-label" class="scenario-label"></span>\n' +
      '            <span id="scenario-description" class="scenario-description"></span>\n' +
      '            <span id="scenario-seed" class="scenario-seed" hidden></span>\n' +
      '          </div>\n' +
      '          <div class="mission-actions" aria-label="Simulation actions">\n' +
      '<button id="reset-button" class="sim-action" type="button" hidden>Reset</button>\n' +
      '<button id="step-button" class="sim-action" type="button" hidden>Step</button>\n' +
      '            <button id="shuffle-button" class="sim-action" type="button"><span id="shuffle-label">Shuffle</span><span aria-hidden="true">↻</span></button>\n' +
      '            <button id="start-button" class="sim-action sim-action-primary" type="butto'... 27364 more characters
    
  code: 'ERR_ASSERTION'
  name: 'AssertionError'
  expected:
  actual: |-
    <!doctype html>
    <html lang="en">
    <head>
      <meta charset="utf-8">
      <meta name="viewport" content="width=device-width, initial-scale=1">
      <base href="/">
      <meta name="simulatte-build" content="28cc3dcf9b982c93df049c32c4669744d2f49bc6-f5eb9b768c7a">
      <title>Simulatte</title>
      <meta name="description" content="Explore simulations. Create a world or use your own data.">
      <link rel="icon" type="image/svg+xml" href="./favicon.svg">
      <script src="./shared/design/theme-controller.js"></script>
      <link rel="stylesheet" href="./shared/design/simulatte.css?v=28cc3dcf9b982c93df049c32c4669744d2f49bc6-f5eb9b768c7a">
      <link rel="stylesheet" href="./model-selection.css?v=28cc3dcf9b982c93df049c32c4669744d2f49bc6-f5eb9b768c7a">
      <link rel="stylesheet" href="./styles.css?v=28cc3dcf9b982c93df049c32c4669744d2f49bc6-f5eb9b768c7a">
      <link rel="stylesheet" href="./world-tiers.css?v=28cc3dcf9b982c93df049c32c4669744d2f49bc6-f5eb9b768c7a">
      <link rel="stylesheet" href="./shared/design/workbench.css?v=28cc3dcf9b982c93df049c32c4669744d2f49bc6-f5eb9b768c7a">
      <link rel="stylesheet" href="./shared/design/compositions/world-interface.css?v=28cc3dcf9b982c93df049c32c4669744d2f49bc6-f5eb9b768c7a">
      <link rel="stylesheet" href="./shared/design/theme-control.css?v=28cc3dcf9b982c93df049c32c4669744d2f49bc6-f5eb9b768c7a">
      <!-- Google tag (gtag.js) -->
      <script async src="https://www.googletagmanager.com/gtag/js?id=G-LS3SFGCZSL"></script>
      <script>
        window.dataLayer = window.dataLayer || [];
        function gtag(){dataLayer.push(arguments);}
        gtag('js', new Date());
    
        gtag('config', 'G-LS3SFGCZSL');
      </script>
    </head>
    <body class="sim-app" data-journey-phase="loading">
      <div class="sim-theme-control" data-theme-control data-semantic-label-exclusion>
        <button type="button" aria-label="Theme follows system. Switch to Light theme.">
          <span class="sim-theme-icon-stack" aria-hidden="true">
            <span data-theme-icon="system">◐</span>
            <span data-theme-icon="light">☼</span>
            <span data-theme-icon="dark">☾</span>
          </span>
          <span class="sim-theme-control-label" data-theme-label aria-hidden="true">System</span>
        </button>
      </div>
      <main class="map-workspace" aria-label="Simulatte">
        <section class="simulation-stage" aria-label="Selected simulation">
          <header class="simulation-toolbar"><div class="runtime-anchor" data-semantic-label-exclusion>
                  <nav class="sim-product-nav" aria-label="Simulatte"><a href="https://simulatte.world/" data-local-href="./">Simulations</a><a href="https://create.simulatte.world/" data-local-href="./blank/">Create</a></nav>
                  <div class="runtime-toolbar">
                    <button id="runtime-toggle" class="status-pill sim-surface" type="button" aria-label="Runtime status and details" aria-controls="runtime-details" aria-expanded="false">
                      <span class="status-dot" aria-hidden="true"></span>
                      <strong id="runtime-status" class="runtime-status" data-kind="loading" aria-live="polite">Loading</strong>
                    </button>
                    <div id="world-tier-control" class="profile-selector">
                      <button id="world-tier-trigger" class="select-trigger" type="button" aria-label="Switch world scale" aria-haspopup="listbox" aria-controls="world-tier-options" aria-expanded="false">
                        <span id="world-tier-label">Select scale</span>
                      </button>
                      <div id="world-tier-options" class="select-options" role="listbox" aria-label="Simulatte world scales" hidden>
                        <div class="select-option" data-value="datacenter" role="option">Datacenter</div>
                        <div class="select-option" data-value="city" role="option">City</div>
                        <div class="select-option" data-value="country" role="option">Country</div>
                        <div class="select-option" data-value="world" role="option">Planet</div>
                        <div class="select-option" data-value="solar-system" role="option">Solar System</div>
                        <div class="select-option" data-value="star-chart" role="option">Universe</div>
                      </div>
                    </div>
                    <div id="application-profile-control" class="profile-selector">
                      <select id="application-profile" aria-label="Experience" disabled hidden>
                        <option>Loading experience</option>
                      </select>
                      <button id="application-profile-trigger" class="select-trigger" type="button" aria-label="Switch experience" aria-haspopup="listbox" aria-controls="application-profile-options" aria-expanded="false" disabled>
                        <span id="application-profile-label">Loading experience</span>
                      </button>
                      <div id="application-profile-options" class="select-options" role="listbox" aria-label="Simulatte experiences" hidden></div>
                    </div>
                  </div>
                  <div id="runtime-details" class="runtime-details sim-popover" hidden>
                    <span class="sim-label">This device</span>
                    <span id="render-identity">Waiting for renderer</span>
                    <span id="runtime-context-label" class="sim-label">Map</span>
                    <div id="runtime-context-legend" class="legend" aria-label="Map legend">
                      <span><i class="building"></i>Buildings</span>
                      <span><i class="park"></i>Parks</span>
                      <span><i class="protected"></i>Protected</span>
                      <span><i class="shared"></i>Shared</span>
                      <span><i class="route"></i>Planned</span>
                      <span><i class="trace"></i>Traveled</span>
                      <span><i class="prediction"></i>Prediction</span>
                    </div>
                    <p id="runtime-context-hint" class="map-hint">Drag to orbit. Shift-drag or use Top to pan. Scroll to zoom.</p>
                    <details class="map-data-details">
                      <summary>Data and limits</summary>
                      <div id="runtime-data-copy">
                        <p>NYC bike routes, park properties, building footprints, and OpenStreetMap street context.</p>
                        <p>Park circuits follow property boundaries, not surveyed sidewalks. Traffic, signals, risk, and outcomes are simulated.</p>
                      </div>
                    </details>
                    <button id="runtime-details-close" class="quiet-action" type="button">Close</button>
                  </div>
                </div></header>
          <div class="canvas-shell" aria-label="Simulation viewport">
            <canvas tabindex="0" id="autonomy-canvas" width="1440" height="900" aria-label="Interactive WebGPU view of pedestrian, bicycle, scooter, and car missions in the Villages and North Brooklyn"></canvas>
            <canvas id="semantic-label-canvas" width="1440" height="900" aria-label="Collision-managed semantic labels" aria-hidden="true"></canvas>
            <canvas tabindex="0" id="overlay-canvas" width="1440" height="900" aria-label="Interactive visual overlay for world scales" hidden></canvas>
            <canvas id="follow-minimap" class="follow-minimap" width="320" height="240" aria-label="Top view minimap centered on the active agent" hidden></canvas>
            <div id="loading-screen" class="loading-screen" role="status" aria-label="Loading Simulatte">
              <div class="loading-progress" aria-hidden="true"><span id="loading-progress-bar"></span></div>
              <span id="loading-status" class="loading-status" aria-live="polite">Starting</span>
            </div>
            
            </div>
          <div class="simulation-viewbar"><div id="camera-controls" class="camera-controls" aria-label="Camera experiences" data-semantic-label-exclusion>
                  <div class="camera-modes sim-segmented" role="group" aria-label="Camera experiences">
                    <button id="camera-follow" type="button" aria-pressed="false">Follow</button>
                    <button id="camera-pov" type="button" aria-pressed="false">POV</button>
                    <button id="camera-bird" class="is-active" type="button" aria-pressed="true">Overview</button>
                    <button id="camera-top" type="button" aria-pressed="false">Top</button>
                    <button id="camera-free" type="button" aria-pressed="false">Free</button>
                    <button id="camera-compare" type="button" aria-pressed="false">Compare</button>
                  </div>
                  <button id="camera-reset" class="sim-action" type="button" title="Restore this simulation's intended framing without resetting its state">Reset view</button>
                </div><button id="decisions-button" class="sim-action decisions-button" type="button" aria-controls="decisions-drawer" aria-expanded="false" data-semantic-label-exclusion>Controls (6)</button></div>
          <section class="mission-dock sim-surface" id="sim-mission-dock" aria-label="Simulation controls" data-semantic-label-exclusion>
              
              
              <div id="scenario-field" class="scenario-field" hidden>
                <label class="scenario-picker" for="scenario-select"><span>Scenario</span><select id="scenario-select" class="sim-field" aria-describedby="scenario-description"></select></label>
                <span hidden id="scenario-label" class="scenario-label"></span>
                <span id="scenario-description" class="scenario-description"></span>
                <span id="scenario-seed" class="scenario-seed" hidden></span>
              </div>
              <div class="mission-actions" aria-label="Simulation actions">
    <button id="reset-button" class="sim-action" type="button" hidden>Reset</button>
    <button id="step-button" class="sim-action" type="button" hidden>Step</button>
                <button id="shuffle-button" class="sim-action" type="button"><span id="shuffle-label">Shuffle</span><span aria-hidden="true">↻</span></button>
                <button id="start-button" class="sim-action sim-action-primary" type="button"><span class="play-mark" aria-hidden="true"></span><span id="start-label">Start</span></button>
                <button id="pause-button" class="sim-action" type="button" hidden>Pause</button>
                <button id="resume-button" class="sim-action sim-action-primary" type="button" hidden><span class="play-mark" aria-hidden="true"></span>Resume</button>
                <button id="replay-button" class="sim-action sim-action-primary" type="button" hidden>Replay</button>
                <button id="new-mission-button" class="sim-action" type="button" hidden>New mission</button>
                <div class="dock-more-anchor">
                  <button id="dock-more-button" class="sim-action" type="button" aria-controls="dock-more-menu" aria-expanded="false" aria-label="More controls" hidden>⋯</button>
                  <div id="dock-more-menu" class="dock-more-menu sim-popover sim-menu" hidden>
                    <button id="what-if-button" type="button" hidden>What if</button>
                  </div>
                </div>
                
                <input id="place-resolution-lane" type="checkbox" hidden aria-describedby="place-lane-note">
                <span id="place-lane-note" class="sr-only">Deterministic matching is active.</span>
              </div>
              <div id="playback-strip" class="playback-strip" aria-label="Playback" hidden>
                <div class="playback-story">
                  <span id="playback-timeline-label" class="sim-label">Event</span>
                  <strong id="playback-event">Ready</strong>
                </div>
                <label id="playback-timeline-control" class="playback-control playback-timeline-control" hidden>
                  <span>Timeline <output id="playback-progress">0 / 0</output></span>
                  <input id="playback-timeline" type="range" min="0" max="0" step="1" value="0">
                </label>
                <div class="playback-actions">
                  
                  
                  <label id="playback-speed-control" class="playback-control playback-speed-control" hidden>
                    <span>Speed</span>
                    <select id="playback-speed" class="sim-field">
                      <option value="0.5">0.5×</option>
                      <option value="1" selected>1×</option>
                      <option value="2">2×</option>
                      <option value="4">4×</option>
                    </select>
                  </label>
                </div>
              </div>
              
              <output id="mission-error" class="mission-error" aria-live="polite"></output>
            </section>
          <section id="journey-hud" class="journey-hud sim-surface" role="button" tabindex="0" aria-label="Journey progress. Open decision details." title="Open decision details" data-semantic-label-exclusion>
              <div class="journey-progress" aria-hidden="true"><span id="journey-progress-fill"></span></div>
              <div class="journey-hud-line">
                <strong id="metric-state">active</strong>
                <span id="metric-distance">0 m</span>
                <span id="metric-time">0:00</span>
              </div>
              <div class="hud-contract-values sr-only" aria-hidden="true">
                <span id="metric-speed">0 m/s</span>
                <span id="metric-tick">0</span>
                <span id="metric-route">unplanned</span>
                <span id="metric-bet">none</span>
                <span id="metric-settlement">none</span>
                <span id="metric-calibration">0 / 0</span>
              </div>
            </section>
          <details id="experience-summary" class="experience-summary sim-surface" aria-live="polite" data-semantic-label-exclusion hidden>
                  <summary>Results and explanation</summary>
                  <header>
                    <span id="experience-summary-state" class="sim-label">Ready</span>
                    <strong id="experience-summary-title"></strong>
                  </header>
                  <p id="experience-summary-description"></p>
                  <div class="experience-story">
                    <div>
                      <span class="sim-label">Now</span>
                      <strong id="experience-summary-event"></strong>
                    </div>
                    <div>
                      <span class="sim-label">Why</span>
                      <span id="experience-summary-narrative"></span>
                    </div>
                  </div>
                  <dl id="experience-summary-stats"></dl>
                  <p id="experience-summary-comparison" class="experience-summary-comparison"></p>
                </details>
        </section>
    
        <div id="decisions-backdrop" class="drawer-backdrop" hidden></div>
        <aside id="decisions-drawer" class="evidence-panel sim-surface" role="dialog" aria-modal="true" inert aria-label="Controls and evidence" aria-hidden="true">
          <header class="evidence-heading">
            <div>
              <strong id="decision-title">Experiment controls</strong>
              <p id="decision-meta">Change parameters before Start. Inspect evidence after the run.</p>
            </div>
            <button id="decisions-close" class="drawer-close" type="button" aria-label="Close decisions">×</button>
          </header>
    
          <section id="plugin-inspector" aria-label="Simulation parameters and evidence"></section>
          <details id="scene-actions" class="evidence-section"><summary>Scene actions</summary><section id="plugin-map-ui" class="plugin-map-ui" aria-label="Experience view" data-semantic-label-exclusion></section></details>
          <details id="mission-authoring" class="evidence-section" hidden><summary>Author a mission</summary><label id="mission-field" class="mission-field" for="mission-input">
                <span class="sr-only">Describe a mission</span>
                <textarea id="mission-input" rows="2" spellcheck="false" aria-describedby="mission-error" placeholder="Where should the agent go?"></textarea>
              </label><details id="model-selection-panel" class="model-selection-panel">
                  <summary>Models</summary>
                  <div id="model-selection-controls" class="model-selection-controls" aria-label="Pipeline model selection"></div>
                </details></details>
          <a id="experience-doc-link" class="sim-text-link experience-doc-link" target="_blank" rel="noopener noreferrer" hidden>Experience docs</a>
    
          <details id="profile-program-section" class="evidence-section profile-program-section">
            <summary>World program <span id="profile-world-spec-status" class="sim-status">Loading WorldSpec</span></summary>
            <label class="profile-program-editor-label" for="profile-world-spec-editor">
              <span class="sim-label">Editable WorldSpec</span>
              <textarea id="profile-world-spec-editor" class="sim-field sim-program-editor" spellcheck="false" aria-describedby="profile-world-spec-status"></textarea>
            </label>
            <p class="evidence-proof">Profile packs currently accept a governed scenario selection at <code>/params/scenarioId</code>. Other edits fail closed until their runtime contract is executable.</p>
            <div class="receipt-actions profile-program-actions">
              <button id="apply-profile-world-spec" class="sim-action" type="button" disabled>Apply WorldSpec</button>
              <button id="reset-profile-world-spec" class="sim-action" type="button">Discard edit</button>
              <button id="replay-profile-world-spec" class="sim-action" type="button" disabled>Replay exact spec</button>
              <button id="export-profile-world-spec" class="sim-action" type="button">Export</button>
              <button id="import-profile-world-spec" class="sim-action" type="button">Import</button>
              <input id="profile-world-spec-import-file" type="file" accept="application/json,.json" hidden>
            </div>
            <details class="profile-world-proof-details">
              <summary id="profile-world-proof-status" class="sim-status" data-state="pending">WorldProof waits for a settled run</summary>
              <pre id="profile-world-proof" class="profile-world-proof sim-code" aria-live="polite"></pre>
            </details>
          </details>
    
          <details id="journey-section" class="evidence-section journey-evidence" open>
            <summary>Journey <span id="route-stats">Not planned</span></summary>
            <dl class="journey-facts">
              <div><dt>Forecast</dt><dd id="planning-forecast">Not planned</dd></div>
              <div><dt>Alternative</dt><dd id="alternative-proof">Not planned</dd></div>
              <div><dt>Settled locally</dt><dd id="ledger-proof">0 trials</dd></div>
            </dl>
            <code id="route-formula">cost = travel + risk + preference</code>
            <div id="route-components" class="component-line"></div>
          </details>
    
    
          <details id="decision-section" class="evidence-section action-evidence">
            <summary>Decision</summary>
            <span class="sim-label">Candidate actions</span>
            <div id="bet-list" class="bet-list" aria-label="Candidate actions"></div>
            <span class="sim-label">Safety</span>
            <div id="gate-list" class="gate-list"></div>
            <span class="sim-label">Prediction check</span>
            <div id="settlement-math" class="settlement-math">No settled prediction</div>
          </details>
          <details id="advanced-section" class="evidence-section advanced-evidence">
            <summary>Advanced</summary>
            <details class="evidence-section retrieval-evidence">
              <summary>Place and feature matching <span id="retrieval-stats">No query</span></summary>
              <div class="pipeline-row"><span>Query</span><div id="retrieval-query">Waiting for observation</div></div>
              <div class="pipeline-row"><span>Found</span><div id="retrieval-candidates">No candidates</div></div>
              <div class="pipeline-row"><span>Ranked</span><div id="rerank-candidates">No ranking</div></div>
              <p id="reranker-proof" class="evidence-proof">Diagnostic comparison loading</p>
              <p id="place-resolution-proof" class="evidence-proof">Fast place matching</p>
            </details>
    
            <details class="evidence-section occurrence-evidence">
              <summary>World events <span id="occurrence-stats">No patterns evaluated</span></summary>
              <div class="pipeline-row"><span>Active</span><div id="occurrence-patterns">No active pattern</div></div>
              <div class="pipeline-row"><span>Effects</span><div id="occurrence-effects">No world effect</div></div>
            </details>
    
            <details class="evidence-section policy-evidence">
              <summary>Policy arena</summary>
              <p id="policy-arena-proof" class="evidence-proof">Loading evidence</p>
            </details>
    
            <details class="evidence-section receipt-evidence">
              <summary>Receipts</summary>
              <div class="receipt-actions">
                <button id="export-button" class="sim-action" type="button" disabled>Export journey</button>
                <button id="export-ledger-button" class="sim-action" type="button">Export ledger</button>
                <button id="import-receipt-button" class="sim-action" type="button">Import</button>
                <input id="import-receipt-file" type="file" accept="application/json,.json" hidden>
              </div>
              <div id="trace-list" class="trace-list" aria-live="polite"></div>
            </details>
          </details>
        </aside>
      </main>
    
      <dialog id="neural-model-dialog" class="neural-consent-dialog" aria-labelledby="neural-model-title">
        <div class="neural-consent-body">
          <h2 id="neural-model-title">Enable local Qwen embedding?</h2>
          <p data-neural-model="surface-use">Simulatte uses the embedder only when deterministic place matching refuses.</p>
          <div class="neural-model-list" aria-label="Models stored on this device">
            <div class="neural-model-row"><span data-neural-model="embedding-name">Qwen embedding</span><span data-neural-model="embedding-size">Loading size</span></div>
          </div>
          <p class="neural-consent-facts"><span data-neural-model="download-summary">Model sizes loading</span>. Runs locally through Doppler <span data-neural-model="doppler-version"></span>. Model files are cached on this device; mission text stays in this browser.</p>
          <div class="neural-consent-actions">
            <button class="sim-action" type="button" data-neural-consent="cancel">Not now</button>
            <button class="sim-action sim-action-primary" type="button" data-neural-consent="accept">Enable models</button>
          </div>
        </div>
      </dialog>
    
    <!-- SIMULATTE_WORLD_RUNTIME_SCRIPTS_START -->
      <script defer src="./simulatte/app/world-runtime-script-manifest.js?v=28cc3dcf9b982c93df049c32c4669744d2f49bc6-f5eb9b768c7a"></script>
      <script defer src="./simulatte/app/world-runtime-loader.js?v=28cc3dcf9b982c93df049c32c4669744d2f49bc6-f5eb9b768c7a"></script>
      <script defer src="./shared/design/program-editor.js?v=28cc3dcf9b982c93df049c32c4669744d2f49bc6-f5eb9b768c7a"></script>
      <script defer src="./shared/design/data-table.js?v=28cc3dcf9b982c93df049c32c4669744d2f49bc6-f5eb9b768c7a"></script>
      <script defer src="./shared/design/product-navigation.js?v=28cc3dcf9b982c93df049c32c4669744d2f49bc6-f5eb9b768c7a"></script>
      <script defer src="./shared/contracts/world-spec-authorship.js?v=28cc3dcf9b982c93df049c32c4669744d2f49bc6-f5eb9b768c7a"></script>
      <script defer src="./shared/contracts/world-spec.js?v=28cc3dcf9b982c93df049c32c4669744d2f49bc6-f5eb9b768c7a"></script>
      <script defer src="./shared/contracts/input-source.js?v=28cc3dcf9b982c93df049c32c4669744d2f49bc6-f5eb9b768c7a"></script>
      <script defer src="./shared/contracts/data-world-spec.js?v=28cc3dcf9b982c93df049c32c4669744d2f49bc6-f5eb9b768c7a"></script>
      <script defer src="./shared/core/pipeline-runner.js?v=28cc3dcf9b982c93df049c32c4669744d2f49bc6-f5eb9b768c7a"></script>
      <script defer src="./shared/core/simulation/point-motion.js?v=28cc3dcf9b982c93df049c32c4669744d2f49bc6-f5eb9b768c7a"></script>
      <script defer src="./shared/core/simulation/data-run.js?v=28cc3dcf9b982c93df049c32c4669744d2f49bc6-f5eb9b768c7a"></script>
      <script defer src="./shared/render/point-scene-view.js?v=28cc3dcf9b982c93df049c32c4669744d2f49bc6-f5eb9b768c7a"></script>
      <script defer src="./simulatte/app/data-workbench.js?v=28cc3dcf9b982c93df049c32c4669744d2f49bc6-f5eb9b768c7a"></script>
      <script defer src="./simulatte/app/homepage-webgpu.js?v=28cc3dcf9b982c93df049c32c4669744d2f49bc6-f5eb9b768c7a"></script>
      <script defer src="./simulatte/app/homepage-effects.js?v=28cc3dcf9b982c93df049c32c4669744d2f49bc6-f5eb9b768c7a"></script>
      <script defer src="./simulatte/app/workbench-entry.js?v=28cc3dcf9b982c93df049c32c4669744d2f49bc6-f5eb9b768c7a"></script>
      <!-- generated-plugin-scripts:start -->
      <!-- Selected plugin scripts are loaded by world-runtime-loader.js after route selection. -->
      <!-- generated-plugin-scripts:end -->
    <!-- SIMULATTE_WORLD_RUNTIME_SCRIPTS_END -->
    
      <!-- World Tiers Landing Page Selector -->
      <div id="world-tiers-landing-page">
      <section id="simulation-home">
        <header class="landing-header">
          <a class="landing-brand" href="/">Simulatte</a>
          <a class="landing-data-link" href="#data">Use your data</a>
        </header>
        <div class="home-layout">
          <div class="home-intro">
            <p class="home-eyebrow">A PLAYGROUND FOR WHAT IF</p>
            <h1 class="landing-title">Explore a world.<br>Change what happens.</h1>
            <p class="home-description">Try a simulation, change its controls, and see the result. From a city street to a network of stars.</p>
            <a class="home-create-action" href="https://create.simulatte.world/" data-local-href="./blank/">Create your own <span aria-hidden="true">↗</span></a>
            <p class="home-create-note">Start with a description. Build an interactive scene.</p>
          </div>
          <div class="home-choices">
            <p class="home-choices-label">CHOOSE A SIMULATION</p>
        <!-- Hexagonal Constellation Layout -->
        <div class="hex-constellation-container" aria-label="Simulatte Multi-Scale Constellation">
          <canvas id="homepage-effects-canvas" class="homepage-effects-canvas" aria-hidden="true" hidden></canvas>
          <!-- Quiet hex field inspired by the Fawn start surface. -->
          <svg class="hex-constellation-web" viewBox="0 0 1000 720" preserveAspectRatio="xMidYMid slice" aria-hidden="true">
            <defs>
              <pattern id="ambient-hex-grid" width="84" height="96" patternUnits="userSpaceOnUse">
                <path d="M42 1 L83 24 L83 72 L42 95 L1 72 L1 24 Z" class="ambient-hex-cell" />
              </pattern>
              <radialGradient id="ambient-hex-fade" cx="50%" cy="50%" r="52%">
                <stop offset="0%" stop-color="#ffffff" stop-opacity="0.62" />
                <stop offset="70%" stop-color="#ffffff" stop-opacity="0.16" />
                <stop offset="100%" stop-color="#ffffff" stop-opacity="0" />
              </radialGradient>
              <mask id="ambient-hex-mask">
                <rect width="1000" height="720" fill="url(#ambient-hex-fade)" />
              </mask>
            </defs>
            <rect width="1000" height="720" fill="url(#ambient-hex-grid)" mask="url(#ambient-hex-mask)" class="ambient-hex-field" />
          </svg>
    
          <!-- Center Hexagon Hub: Simulatte Create -->
          <a href="https://create.simulatte.world/" data-local-href="./blank/" class="hex-hub" id="hex-center-create" aria-label="Open Simulatte Create">
            <div class="hex-hub-inner">
              <div class="hex-hub-badge">Your idea</div>
              <div class="hex-hub-icon" aria-hidden="true"><svg viewBox="0 0 32 32"><path d="M16 3 27 9.5v13L16 29 5 22.5v-13Z M16 10v12 M10 16h12"/></svg></div>
              <h2 class="hex-hub-title">Create</h2>
              <p class="hex-hub-desc">Describe a world. Make it move.</p>
              <span class="hex-hub-action">Open Create</span>
            </div>
          </a>
    
          <!-- 6 Symmetric Satellites -->
          <div class="hex-satellite tier-card pos-top-left" data-tier="datacenter" data-default-profile="gpu-supercluster-v1" role="button" tabindex="0" aria-label="Launch 256-GPU Supercluster Simulator">
            <div class="hex-satellite-inner">
              <div class="hex-badge">Datacenter</div>
              <div class="hex-icon" aria-hidden="true"><svg viewBox="0 0 32 32"><path d="M4 7h9v18H4z M19 7h9v18h-9z M7 11h3 M7 16h3 M7 21h3 M22 11h3 M22 16h3 M22 21h3 M13 16h6"/></svg></div>
              <h3 class="hex-title">256-GPU Cluster</h3>
              <p class="hex-desc">Balance compute, power, and cooling.</p>
            </div>
          </div>
    
          <div class="hex-satellite tier-card pos-top" data-tier="star-chart" data-default-profile="interstellar-relay-network-v1" role="button" tabindex="0" aria-label="Launch Interstellar Relay Network Simulator">
            <div class="hex-satellite-inner">
              <div class="hex-badge">Universe</div>
              <div class="hex-icon" aria-hidden="true"><svg viewBox="0 0 32 32"><circle cx="6" cy="23" r="2.5"/><circle cx="16" cy="7" r="2.5"/><circle cx="26" cy="21" r="2.5"/><path d="m7.5 21 7-12 M18 9l6.5 10 M9 23l14-2 M5 7h4 M7 5v4"/></svg></div>
              <h3 class="hex-title">Interstellar Relay</h3>
              <p class="hex-desc">Connect stars. Route a signal.</p>
            </div>
          </div>
    
          <div class="hex-satellite tier-card pos-top-right" data-tier="solar-system" data-default-profile="orbital-transfer-planner-v1" role="button" tabindex="0" aria-label="Launch Orbital Transfer Planner Simulator">
            <div class="hex-satellite-inner">
              <div class="hex-badge">Solar System</div>
              <div class="hex-icon" aria-hidden="true"><svg viewBox="0 0 32 32"><circle cx="16" cy="16" r="4"/><ellipse cx="16" cy="16" rx="14" ry="7" transform="rotate(-35 16 16)"/><circle cx="26" cy="9" r="2"/></svg></div>
              <h3 class="hex-title">Orbital Transfer</h3>
              <p class="hex-desc">Plan a path between orbits.</p>
            </div>
          </div>
    
          <div class="hex-satellite tier-card pos-bottom-right" data-tier="country" data-default-profile="grid-resilience-us-v1" role="button" tabindex="0" aria-label="Launch Grid Resilience Simulator">
            <div class="hex-satellite-inner">
              <div class="hex-badge">Country</div>
              <div class="hex-icon" aria-hidden="true"><svg viewBox="0 0 32 32"><path d="m16 3-7 24 M16 3l7 24 M11 11h10 M9 19h14 M12 11l9 8 M20 11l-9 8 M5 28h22 M3 11h8 M21 11h8"/></svg></div>
              <h3 class="hex-title">Grid Resilience</h3>
              <p class="hex-desc">Restore power after an outage.</p>
            </div>
          </div>
    
          <div class="hex-satellite tier-card pos-bottom" data-tier="world" data-default-profile="subsea-network-global-v1" role="button" tabindex="0" aria-label="Launch Subsea Network Simulator">
            <div class="hex-satellite-inner">
              <div class="hex-badge">Planet / Telecom</div>
              <div class="hex-icon" aria-hidden="true"><svg viewBox="0 0 32 32"><path d="M3 9c4-5 8 5 13 0s9 5 13 0 M3 15c4-5 8 5 13 0s9 5 13 0 M6 25h20 M6 22v6 M26 22v6 M12 23v4 M20 23v4"/></svg></div>
              <h3 class="hex-title">Subsea Network</h3>
              <p class="hex-desc">Keep the world connected.</p>
            </div>
          </div>
    
          <div class="hex-satellite tier-card pos-bottom-left" data-tier="city" data-default-profile="sun-walker-v1" role="button" tabindex="0" aria-label="Launch Sun Walker City Simulator">
            <div class="hex-satellite-inner">
              <div class="hex-badge">City</div>
              <div class="hex-icon" aria-hidden="true"><svg viewBox="0 0 32 32"><path d="M3 27h26 M6 27V15h8v12 M18 27V10h8v17 M9 19h2 M9 23h2 M21 15h2 M21 20h2 M8 3v3 M2 8h3"/><path d="M6 11a5 5 0 0 1 8-5"/></svg></div>
              <h3 class="hex-title">Sun Walker</h3>
              <p class="hex-desc">Find a shaded route through the city.</p>
            </div>
          </div>
        </div>
          </div>
        </div>
        <footer class="landing-footer">
          <span>Explore in your browser. No account needed.</span>
          <a href="#data">Bring a CSV or JSON file <span aria-hidden="true">↗</span></a>
          <p id="simulation-status" role="status" aria-live="polite"></p>
        </footer>
      </section>
      <section id="data-page" class="data-workbench-page" hidden>
        <header class="workbench-header">
          <div><h1>Your data</h1></div>
          <nav class="sim-product-nav" aria-label="Simulatte">
            <a href="#">Simulations</a>
            <a href="https://create.simulatte.world/" data-local-href="./blank/">Create</a>
          </nav>
        </header>
        <section id="data-workbench" aria-label="Data simulation workbench" data-state="idle">
          <ol class="workbench-steps" aria-label="Workflow"><li>Import</li><li>Prepare</li><li>Run</li><li>Edit</li><li>Export</li></ol>
          <p id="data-status" class="sim-status" role="status" aria-live="polite">Open CSV, JSON, or a saved program. Files stay on your device.</p>
          <div class="workbench-layout">
            <section class="workbench-input">
              <h2>Import</h2>
              <label for="data-input">Paste CSV or JSON</label>
              <textarea id="data-input" class="sim-input" rows="6" spellcheck="false" placeholder="id,x,y,vx,vy"></textarea>
              <div class="workbench-actions">
                <button id="data-read" class="sim-action" type="button">Read pasted data</button>
                <button id="data-sample" class="sim-action" type="button">Use example</button>
                <label class="sim-action workbench-file">Open file<input id="data-file" type="file" accept=".csv,.json,text/csv,application/json"></label>
              </div>
              <details><summary>Load from a URL</summary>
                <label for="data-url">Public HTTP(S) data URL</label>
                <input id="data-url" class="sim-input" type="url" placeholder="https://example.org/data.csv">
                <button id="data-fetch" class="sim-action" type="button">Fetch URL</button>
                <p>Fetch sends a request to this URL without credentials.</p>
              </details>
              <p id="data-source" class="workbench-identity"></p>
              <section id="data-prepare-panel" hidden>
                <h2>Prepare</h2>
                <div id="data-preview" class="workbench-table" tabindex="0" aria-label="Source preview"></div>
                <p>Choose position and velocity columns. Motion is constant; no forces or collisions.</p>
                <div class="workbench-fields">
                  <label>ID<select id="data-map-id" class="sim-input"></select></label>
                  <label>Label<select id="data-map-label" class="sim-input"></select></label>
                  <label>X position<select id="data-map-x" class="sim-input"></select></label>
                  <label>Y position<select id="data-map-y" class="sim-input"></select></label>
                  <label>X velocity<select id="data-map-vx" class="sim-input"></select></label>
                  <label>Y velocity<select id="data-map-vy" class="sim-input"></select></label>
                  <label>Coordinate units<input id="data-units" class="sim-input" value="units" maxlength="80"></label>
                  <label>Duration (seconds)<input id="data-duration" class="sim-input" type="number" min="0" max="3600" value="10"></label>
                  <label>Steps<input id="data-steps" class="sim-input" type="number" min="1" max="600" value="60"></label>
                </div>
                <button id="data-prepare" class="sim-action" type="button">Prepare program</button>
              </section>
            </section>
            <section class="workbench-execution">
              <h2>Run and inspect</h2>
              <div class="workbench-actions">
                <button id="data-run" class="sim-action" type="button" disabled>Run</button>
                <button id="data-cancel" class="sim-action" type="button" disabled>Cancel</button>
                <button id="data-replay" class="sim-action" type="button" disabled>Replay</button>
                <button id="data-export" class="sim-action" type="button" disabled>Export program</button>
                <button id="data-export-result" class="sim-action" type="button" disabled>Export result</button>
              </div>
              <section id="data-result" hidden>
                <canvas id="data-canvas" width="800" height="500" aria-label="2D data points; equivalent coordinates appear in the output table"></canvas>
                <label for="data-step">Inspect simulation step</label>
                <input id="data-step" type="range" min="0" max="60" step="1" value="0" disabled>
                <p id="data-time"></p><p id="data-selection" aria-live="polite">Select a point to inspect its coordinates.</p>
                <p id="data-comparison"></p>
                <div id="data-output" class="workbench-table" tabindex="0" aria-label="Output points, first 20"></div>
                <details><summary>Execution evidence</summary><pre id="data-evidence" class="sim-code"></pre></details>
              </section>
              <section id="data-program" hidden>
                <h2>Edit the program</h2>
                <p>Apply your changes, then run.</p>
                <label for="data-editor">WorldSpec JSON</label>
                <textarea id="data-editor" class="sim-input sim-code" rows="14" spellcheck="false"></textarea>
                <div class="workbench-actions">
                  <button id="data-apply" class="sim-action" type="button" disabled>Apply edit</button>
                  <button id="data-reset" class="sim-action" type="button">Discard changes</button>
                </div>
                <p id="data-edit-status" class="sim-status" aria-live="polite"></p>
              </section>
            </section>
          </div>
        </section>
        </section>
      </div>
    </body>
    </html>
    
  operator: 'match'
  stack: |-
    TestContext.<anonymous> (/home/clocksmith/deco/simulatte/tests/autonomy.test.cjs:1630:10)
    Test.runInAsyncScope (node:async_hooks:214:14)
    Test.run (node:internal/test_runner/test:1047:25)
    Test.processPendingSubtests (node:internal/test_runner/test:744:18)
    Test.postRun (node:internal/test_runner/test:1173:19)
    Test.run (node:internal/test_runner/test:1101:12)
    async Test.processPendingSubtests (node:internal/test_runner/test:744:7)
  ...
# Subtest: mission input failures become short actionable interface messages
ok 46 - mission input failures become short actionable interface messages
  ---
  duration_ms: 0.164404
  type: 'test'
  ...
# Subtest: renderer resolves the camera runtime at use time and rejects incomplete APIs explicitly
ok 47 - renderer resolves the camera runtime at use time and rejects incomplete APIs explicitly
  ---
  duration_ms: 0.303031
  type: 'test'
  ...
# Subtest: city renderer keeps static map layers in stable depth bands and pulses only dynamic signals
ok 48 - city renderer keeps static map layers in stable depth bands and pulses only dynamic signals
  ---
  duration_ms: 0.198792
  type: 'test'
  ...
# Subtest: city overview building aggregation cannot create overlapping coplanar roof masses
ok 49 - city overview building aggregation cannot create overlapping coplanar roof masses
  ---
  duration_ms: 0.457769
  type: 'test'
  ...
# Subtest: city ribbons use continuous joins for open and closed map paths
ok 50 - city ribbons use continuous joins for open and closed map paths
  ---
  duration_ms: 0.500494
  type: 'test'
  ...
# Subtest: autonomy runtime logs bounded structured events and deployment revalidates governed data
ok 51 - autonomy runtime logs bounded structured events and deployment revalidates governed data
  ---
  duration_ms: 0.386297
  type: 'test'
  ...
# Subtest: experience load traces emit reusable stage timings and terminal summaries
ok 52 - experience load traces emit reusable stage timings and terminal summaries
  ---
  duration_ms: 0.464821
  type: 'test'
  ...
# Subtest: autonomy schemas are restrictive and SAME-R declares one intervention
ok 53 - autonomy schemas are restrictive and SAME-R declares one intervention
  ---
  duration_ms: 5.838286
  type: 'test'
  ...
# Subtest: GeoJSON compiler preserves declared lanes and source provenance
ok 54 - GeoJSON compiler preserves declared lanes and source provenance
  ---
  duration_ms: 54.73504
  type: 'test'
  ...
# Subtest: browser audit validates explicit desktop and mobile viewport contracts
ok 55 - browser audit validates explicit desktop and mobile viewport contracts
  ---
  duration_ms: 15.723824
  type: 'test'
  ...
# Subtest: sun depth projection binds elevated geometry and opposite solar directions
ok 56 - sun depth projection binds elevated geometry and opposite solar directions
  ---
  duration_ms: 0.580695
  type: 'test'
  ...
1..56
# tests 56
# suites 0
# pass 54
# fail 2
# cancelled 0
# skipped 0
# todo 0
# duration_ms 105478.76062

--- data-workbench.test.cjs (failed) ---
TAP version 13
# Subtest: the hexagon homepage keeps simulations visible and data tools optional
not ok 1 - the hexagon homepage keeps simulations visible and data tools optional
  ---
  duration_ms: 5.794832
  type: 'test'
  location: '/home/clocksmith/deco/simulatte/tests/data-workbench.test.cjs:14:1'
  failureType: 'testCodeFailure'
  error: |-
    The input did not match the regular expression /id="open-data" href="#data"/. Input:
    
    '<!doctype html>\n' +
      '<html lang="en">\n' +
      '<head>\n' +
      '  <meta charset="utf-8">\n' +
      '  <meta name="viewport" content="width=device-width, initial-scale=1">\n' +
      '  <base href="/">\n' +
      '  <meta name="simulatte-build" content="28cc3dcf9b982c93df049c32c4669744d2f49bc6-f5eb9b768c7a">\n' +
      '  <title>Simulatte</title>\n' +
      '  <meta name="description" content="Explore simulations. Create a world or use your own data.">\n' +
      '  <link rel="icon" type="image/svg+xml" href="./favicon.svg">\n' +
      '  <script src="./shared/design/theme-controller.js"></script>\n' +
      '  <link rel="stylesheet" href="./shared/design/simulatte.css?v=28cc3dcf9b982c93df049c32c4669744d2f49bc6-f5eb9b768c7a">\n' +
      '  <link rel="stylesheet" href="./model-selection.css?v=28cc3dcf9b982c93df049c32c4669744d2f49bc6-f5eb9b768c7a">\n' +
      '  <link rel="stylesheet" href="./styles.css?v=28cc3dcf9b982c93df049c32c4669744d2f49bc6-f5eb9b768c7a">\n' +
      '  <link rel="stylesheet" href="./world-tiers.css?v=28cc3dcf9b982c93df049c32c4669744d2f49bc6-f5eb9b768c7a">\n' +
      '  <link rel="stylesheet" href="./shared/design/workbench.css?v=28cc3dcf9b982c93df049c32c4669744d2f49bc6-f5eb9b768c7a">\n' +
      '  <link rel="stylesheet" href="./shared/design/compositions/world-interface.css?v=28cc3dcf9b982c93df049c32c4669744d2f49bc6-f5eb9b768c7a">\n' +
      '  <link rel="stylesheet" href="./shared/design/theme-control.css?v=28cc3dcf9b982c93df049c32c4669744d2f49bc6-f5eb9b768c7a">\n' +
      '  <!-- Google tag (gtag.js) -->\n' +
      '  <script async src="https://www.googletagmanager.com/gtag/js?id=G-LS3SFGCZSL"></script>\n' +
      '  <script>\n' +
      '    window.dataLayer = window.dataLayer || [];\n' +
      '    function gtag(){dataLayer.push(arguments);}\n' +
      "    gtag('js', new Date());\n" +
      '\n' +
      "    gtag('config', 'G-LS3SFGCZSL');\n" +
      '  </script>\n' +
      '</head>\n' +
      '<body class="sim-app" data-journey-phase="loading">\n' +
      '  <div class="sim-theme-control" data-theme-control data-semantic-label-exclusion>\n' +
      '    <button type="button" aria-label="Theme follows system. Switch to Light theme.">\n' +
      '      <span class="sim-theme-icon-stack" aria-hidden="true">\n' +
      '        <span data-theme-icon="system">◐</span>\n' +
      '        <span data-theme-icon="light">☼</span>\n' +
      '        <span data-theme-icon="dark">☾</span>\n' +
      '      </span>\n' +
      '      <span class="sim-theme-control-label" data-theme-label aria-hidden="true">System</span>\n' +
      '    </button>\n' +
      '  </div>\n' +
      '  <main class="map-workspace" aria-label="Simulatte">\n' +
      '    <section class="simulation-stage" aria-label="Selected simulation">\n' +
      '      <header class="simulation-toolbar"><div class="runtime-anchor" data-semantic-label-exclusion>\n' +
      '              <nav class="sim-product-nav" aria-label="Simulatte"><a href="https://simulatte.world/" data-local-href="./">Simulations</a><a href="https://create.simulatte.world/" data-local-href="./blank/">Create</a></nav>\n' +
      '              <div class="runtime-toolbar">\n' +
      '                <button id="runtime-toggle" class="status-pill sim-surface" type="button" aria-label="Runtime status and details" aria-controls="runtime-details" aria-expanded="false">\n' +
      '                  <span class="status-dot" aria-hidden="true"></span>\n' +
      '                  <strong id="runtime-status" class="runtime-status" data-kind="loading" aria-live="polite">Loading</strong>\n' +
      '                </button>\n' +
      '                <div id="world-tier-control" class="profile-selector">\n' +
      '                  <button id="world-tier-trigger" class="select-trigger" type="button" aria-label="Switch world scale" aria-haspopup="listbox" aria-controls="world-tier-options" aria-expanded="false">\n' +
      '                    <span id="world-tier-label">Select scale</span>\n' +
      '                  </button>\n' +
      '                  <div id="world-tier-options" class="select-options" role="listbox" aria-label="Simulatte world scales" hidden>\n' +
      '                    <div class="select-option" data-value="datacenter" role="option">Datacenter</div>\n' +
      '                    <div class="select-option" data-value="city" role="option">City</div>\n' +
      '                    <div class="select-option" data-value="country" role="option">Country</div>\n' +
      '                    <div class="select-option" data-value="world" role="option">Planet</div>\n' +
      '                    <div class="select-option" data-value="solar-system" role="option">Solar System</div>\n' +
      '                    <div class="select-option" data-value="star-chart" role="option">Universe</div>\n' +
      '                  </div>\n' +
      '                </div>\n' +
      '                <div id="application-profile-control" class="profile-selector">\n' +
      '                  <select id="application-profile" aria-label="Experience" disabled hidden>\n' +
      '                    <option>Loading experience</option>\n' +
      '                  </select>\n' +
      '                  <button id="application-profile-trigger" class="select-trigger" type="button" aria-label="Switch experience" aria-haspopup="listbox" aria-controls="application-profile-options" aria-expanded="false" disabled>\n' +
      '                    <span id="application-profile-label">Loading experience</span>\n' +
      '                  </button>\n' +
      '                  <div id="application-profile-options" class="select-options" role="listbox" aria-label="Simulatte experiences" hidden></div>\n' +
      '                </div>\n' +
      '              </div>\n' +
      '              <div id="runtime-details" class="runtime-details sim-popover" hidden>\n' +
      '                <span class="sim-label">This device</span>\n' +
      '                <span id="render-identity">Waiting for renderer</span>\n' +
      '                <span id="runtime-context-label" class="sim-label">Map</span>\n' +
      '                <div id="runtime-context-legend" class="legend" aria-label="Map legend">\n' +
      '                  <span><i class="building"></i>Buildings</span>\n' +
      '                  <span><i class="park"></i>Parks</span>\n' +
      '                  <span><i class="protected"></i>Protected</span>\n' +
      '                  <span><i class="shared"></i>Shared</span>\n' +
      '                  <span><i class="route"></i>Planned</span>\n' +
      '                  <span><i class="trace"></i>Traveled</span>\n' +
      '                  <span><i class="prediction"></i>Prediction</span>\n' +
      '                </div>\n' +
      '                <p id="runtime-context-hint" class="map-hint">Drag to orbit. Shift-drag or use Top to pan. Scroll to zoom.</p>\n' +
      '                <details class="map-data-details">\n' +
      '                  <summary>Data and limits</summary>\n' +
      '                  <div id="runtime-data-copy">\n' +
      '                    <p>NYC bike routes, park properties, building footprints, and OpenStreetMap street context.</p>\n' +
      '                    <p>Park circuits follow property boundaries, not surveyed sidewalks. Traffic, signals, risk, and outcomes are simulated.</p>\n' +
      '                  </div>\n' +
      '                </details>\n' +
      '                <button id="runtime-details-close" class="quiet-action" type="button">Close</button>\n' +
      '              </div>\n' +
      '            </div></header>\n' +
      '      <div class="canvas-shell" aria-label="Simulation viewport">\n' +
      '        <canvas tabindex="0" id="autonomy-canvas" width="1440" height="900" aria-label="Interactive WebGPU view of pedestrian, bicycle, scooter, and car missions in the Villages and North Brooklyn"></canvas>\n' +
      '        <canvas id="semantic-label-canvas" width="1440" height="900" aria-label="Collision-managed semantic labels" aria-hidden="true"></canvas>\n' +
      '        <canvas tabindex="0" id="overlay-canvas" width="1440" height="900" aria-label="Interactive visual overlay for world scales" hidden></canvas>\n' +
      '        <canvas id="follow-minimap" class="follow-minimap" width="320" height="240" aria-label="Top view minimap centered on the active agent" hidden></canvas>\n' +
      '        <div id="loading-screen" class="loading-screen" role="status" aria-label="Loading Simulatte">\n' +
      '          <div class="loading-progress" aria-hidden="true"><span id="loading-progress-bar"></span></div>\n' +
      '          <span id="loading-status" class="loading-status" aria-live="polite">Starting</span>\n' +
      '        </div>\n' +
      '        \n' +
      '        </div>\n' +
      '      <div class="simulation-viewbar"><div id="camera-controls" class="camera-controls" aria-label="Camera experiences" data-semantic-label-exclusion>\n' +
      '              <div class="camera-modes sim-segmented" role="group" aria-label="Camera experiences">\n' +
      '                <button id="camera-follow" type="button" aria-pressed="false">Follow</button>\n' +
      '                <button id="camera-pov" type="button" aria-pressed="false">POV</button>\n' +
      '                <button id="camera-bird" class="is-active" type="button" aria-pressed="true">Overview</button>\n' +
      '                <button id="camera-top" type="button" aria-pressed="false">Top</button>\n' +
      '                <button id="camera-free" type="button" aria-pressed="false">Free</button>\n' +
      '                <button id="camera-compare" type="button" aria-pressed="false">Compare</button>\n' +
      '              </div>\n' +
      `              <button id="camera-reset" class="sim-action" type="button" title="Restore this simulation's intended framing without resetting its state">Reset view</button>\n` +
      '            </div><button id="decisions-button" class="sim-action decisions-button" type="button" aria-controls="decisions-drawer" aria-expanded="false" data-semantic-label-exclusion>Controls (6)</button></div>\n' +
      '      <section class="mission-dock sim-surface" id="sim-mission-dock" aria-label="Simulation controls" data-semantic-label-exclusion>\n' +
      '          \n' +
      '          \n' +
      '          <div id="scenario-field" class="scenario-field" hidden>\n' +
      '            <label class="scenario-picker" for="scenario-select"><span>Scenario</span><select id="scenario-select" class="sim-field" aria-describedby="scenario-description"></select></label>\n' +
      '            <span hidden id="scenario-label" class="scenario-label"></span>\n' +
      '            <span id="scenario-description" class="scenario-description"></span>\n' +
      '            <span id="scenario-seed" class="scenario-seed" hidden></span>\n' +
      '          </div>\n' +
      '          <div class="mission-actions" aria-label="Simulation actions">\n' +
      '<button id="reset-button" class="sim-action" type="button" hidden>Reset</button>\n' +
      '<button id="step-button" class="sim-action" type="button" hidden>Step</button>\n' +
      '            <button id="shuffle-button" class="sim-action" type="button"><span id="shuffle-label">Shuffle</span><span aria-hidden="true">↻</span></button>\n' +
      '            <button id="start-button" class="sim-action sim-action-primary" type="butto'... 27364 more characters
    
  code: 'ERR_ASSERTION'
  name: 'AssertionError'
  expected:
  actual: |-
    <!doctype html>
    <html lang="en">
    <head>
      <meta charset="utf-8">
      <meta name="viewport" content="width=device-width, initial-scale=1">
      <base href="/">
      <meta name="simulatte-build" content="28cc3dcf9b982c93df049c32c4669744d2f49bc6-f5eb9b768c7a">
      <title>Simulatte</title>
      <meta name="description" content="Explore simulations. Create a world or use your own data.">
      <link rel="icon" type="image/svg+xml" href="./favicon.svg">
      <script src="./shared/design/theme-controller.js"></script>
      <link rel="stylesheet" href="./shared/design/simulatte.css?v=28cc3dcf9b982c93df049c32c4669744d2f49bc6-f5eb9b768c7a">
      <link rel="stylesheet" href="./model-selection.css?v=28cc3dcf9b982c93df049c32c4669744d2f49bc6-f5eb9b768c7a">
      <link rel="stylesheet" href="./styles.css?v=28cc3dcf9b982c93df049c32c4669744d2f49bc6-f5eb9b768c7a">
      <link rel="stylesheet" href="./world-tiers.css?v=28cc3dcf9b982c93df049c32c4669744d2f49bc6-f5eb9b768c7a">
      <link rel="stylesheet" href="./shared/design/workbench.css?v=28cc3dcf9b982c93df049c32c4669744d2f49bc6-f5eb9b768c7a">
      <link rel="stylesheet" href="./shared/design/compositions/world-interface.css?v=28cc3dcf9b982c93df049c32c4669744d2f49bc6-f5eb9b768c7a">
      <link rel="stylesheet" href="./shared/design/theme-control.css?v=28cc3dcf9b982c93df049c32c4669744d2f49bc6-f5eb9b768c7a">
      <!-- Google tag (gtag.js) -->
      <script async src="https://www.googletagmanager.com/gtag/js?id=G-LS3SFGCZSL"></script>
      <script>
        window.dataLayer = window.dataLayer || [];
        function gtag(){dataLayer.push(arguments);}
        gtag('js', new Date());
    
        gtag('config', 'G-LS3SFGCZSL');
      </script>
    </head>
    <body class="sim-app" data-journey-phase="loading">
      <div class="sim-theme-control" data-theme-control data-semantic-label-exclusion>
        <button type="button" aria-label="Theme follows system. Switch to Light theme.">
          <span class="sim-theme-icon-stack" aria-hidden="true">
            <span data-theme-icon="system">◐</span>
            <span data-theme-icon="light">☼</span>
            <span data-theme-icon="dark">☾</span>
          </span>
          <span class="sim-theme-control-label" data-theme-label aria-hidden="true">System</span>
        </button>
      </div>
      <main class="map-workspace" aria-label="Simulatte">
        <section class="simulation-stage" aria-label="Selected simulation">
          <header class="simulation-toolbar"><div class="runtime-anchor" data-semantic-label-exclusion>
                  <nav class="sim-product-nav" aria-label="Simulatte"><a href="https://simulatte.world/" data-local-href="./">Simulations</a><a href="https://create.simulatte.world/" data-local-href="./blank/">Create</a></nav>
                  <div class="runtime-toolbar">
                    <button id="runtime-toggle" class="status-pill sim-surface" type="button" aria-label="Runtime status and details" aria-controls="runtime-details" aria-expanded="false">
                      <span class="status-dot" aria-hidden="true"></span>
                      <strong id="runtime-status" class="runtime-status" data-kind="loading" aria-live="polite">Loading</strong>
                    </button>
                    <div id="world-tier-control" class="profile-selector">
                      <button id="world-tier-trigger" class="select-trigger" type="button" aria-label="Switch world scale" aria-haspopup="listbox" aria-controls="world-tier-options" aria-expanded="false">
                        <span id="world-tier-label">Select scale</span>
                      </button>
                      <div id="world-tier-options" class="select-options" role="listbox" aria-label="Simulatte world scales" hidden>
                        <div class="select-option" data-value="datacenter" role="option">Datacenter</div>
                        <div class="select-option" data-value="city" role="option">City</div>
                        <div class="select-option" data-value="country" role="option">Country</div>
                        <div class="select-option" data-value="world" role="option">Planet</div>
                        <div class="select-option" data-value="solar-system" role="option">Solar System</div>
                        <div class="select-option" data-value="star-chart" role="option">Universe</div>
                      </div>
                    </div>
                    <div id="application-profile-control" class="profile-selector">
                      <select id="application-profile" aria-label="Experience" disabled hidden>
                        <option>Loading experience</option>
                      </select>
                      <button id="application-profile-trigger" class="select-trigger" type="button" aria-label="Switch experience" aria-haspopup="listbox" aria-controls="application-profile-options" aria-expanded="false" disabled>
                        <span id="application-profile-label">Loading experience</span>
                      </button>
                      <div id="application-profile-options" class="select-options" role="listbox" aria-label="Simulatte experiences" hidden></div>
                    </div>
                  </div>
                  <div id="runtime-details" class="runtime-details sim-popover" hidden>
                    <span class="sim-label">This device</span>
                    <span id="render-identity">Waiting for renderer</span>
                    <span id="runtime-context-label" class="sim-label">Map</span>
                    <div id="runtime-context-legend" class="legend" aria-label="Map legend">
                      <span><i class="building"></i>Buildings</span>
                      <span><i class="park"></i>Parks</span>
                      <span><i class="protected"></i>Protected</span>
                      <span><i class="shared"></i>Shared</span>
                      <span><i class="route"></i>Planned</span>
                      <span><i class="trace"></i>Traveled</span>
                      <span><i class="prediction"></i>Prediction</span>
                    </div>
                    <p id="runtime-context-hint" class="map-hint">Drag to orbit. Shift-drag or use Top to pan. Scroll to zoom.</p>
                    <details class="map-data-details">
                      <summary>Data and limits</summary>
                      <div id="runtime-data-copy">
                        <p>NYC bike routes, park properties, building footprints, and OpenStreetMap street context.</p>
                        <p>Park circuits follow property boundaries, not surveyed sidewalks. Traffic, signals, risk, and outcomes are simulated.</p>
                      </div>
                    </details>
                    <button id="runtime-details-close" class="quiet-action" type="button">Close</button>
                  </div>
                </div></header>
          <div class="canvas-shell" aria-label="Simulation viewport">
            <canvas tabindex="0" id="autonomy-canvas" width="1440" height="900" aria-label="Interactive WebGPU view of pedestrian, bicycle, scooter, and car missions in the Villages and North Brooklyn"></canvas>
            <canvas id="semantic-label-canvas" width="1440" height="900" aria-label="Collision-managed semantic labels" aria-hidden="true"></canvas>
            <canvas tabindex="0" id="overlay-canvas" width="1440" height="900" aria-label="Interactive visual overlay for world scales" hidden></canvas>
            <canvas id="follow-minimap" class="follow-minimap" width="320" height="240" aria-label="Top view minimap centered on the active agent" hidden></canvas>
            <div id="loading-screen" class="loading-screen" role="status" aria-label="Loading Simulatte">
              <div class="loading-progress" aria-hidden="true"><span id="loading-progress-bar"></span></div>
              <span id="loading-status" class="loading-status" aria-live="polite">Starting</span>
            </div>
            
            </div>
          <div class="simulation-viewbar"><div id="camera-controls" class="camera-controls" aria-label="Camera experiences" data-semantic-label-exclusion>
                  <div class="camera-modes sim-segmented" role="group" aria-label="Camera experiences">
                    <button id="camera-follow" type="button" aria-pressed="false">Follow</button>
                    <button id="camera-pov" type="button" aria-pressed="false">POV</button>
                    <button id="camera-bird" class="is-active" type="button" aria-pressed="true">Overview</button>
                    <button id="camera-top" type="button" aria-pressed="false">Top</button>
                    <button id="camera-free" type="button" aria-pressed="false">Free</button>
                    <button id="camera-compare" type="button" aria-pressed="false">Compare</button>
                  </div>
                  <button id="camera-reset" class="sim-action" type="button" title="Restore this simulation's intended framing without resetting its state">Reset view</button>
                </div><button id="decisions-button" class="sim-action decisions-button" type="button" aria-controls="decisions-drawer" aria-expanded="false" data-semantic-label-exclusion>Controls (6)</button></div>
          <section class="mission-dock sim-surface" id="sim-mission-dock" aria-label="Simulation controls" data-semantic-label-exclusion>
              
              
              <div id="scenario-field" class="scenario-field" hidden>
                <label class="scenario-picker" for="scenario-select"><span>Scenario</span><select id="scenario-select" class="sim-field" aria-describedby="scenario-description"></select></label>
                <span hidden id="scenario-label" class="scenario-label"></span>
                <span id="scenario-description" class="scenario-description"></span>
                <span id="scenario-seed" class="scenario-seed" hidden></span>
              </div>
              <div class="mission-actions" aria-label="Simulation actions">
    <button id="reset-button" class="sim-action" type="button" hidden>Reset</button>
    <button id="step-button" class="sim-action" type="button" hidden>Step</button>
                <button id="shuffle-button" class="sim-action" type="button"><span id="shuffle-label">Shuffle</span><span aria-hidden="true">↻</span></button>
                <button id="start-button" class="sim-action sim-action-primary" type="button"><span class="play-mark" aria-hidden="true"></span><span id="start-label">Start</span></button>
                <button id="pause-button" class="sim-action" type="button" hidden>Pause</button>
                <button id="resume-button" class="sim-action sim-action-primary" type="button" hidden><span class="play-mark" aria-hidden="true"></span>Resume</button>
                <button id="replay-button" class="sim-action sim-action-primary" type="button" hidden>Replay</button>
                <button id="new-mission-button" class="sim-action" type="button" hidden>New mission</button>
                <div class="dock-more-anchor">
                  <button id="dock-more-button" class="sim-action" type="button" aria-controls="dock-more-menu" aria-expanded="false" aria-label="More controls" hidden>⋯</button>
                  <div id="dock-more-menu" class="dock-more-menu sim-popover sim-menu" hidden>
                    <button id="what-if-button" type="button" hidden>What if</button>
                  </div>
                </div>
                
                <input id="place-resolution-lane" type="checkbox" hidden aria-describedby="place-lane-note">
                <span id="place-lane-note" class="sr-only">Deterministic matching is active.</span>
              </div>
              <div id="playback-strip" class="playback-strip" aria-label="Playback" hidden>
                <div class="playback-story">
                  <span id="playback-timeline-label" class="sim-label">Event</span>
                  <strong id="playback-event">Ready</strong>
                </div>
                <label id="playback-timeline-control" class="playback-control playback-timeline-control" hidden>
                  <span>Timeline <output id="playback-progress">0 / 0</output></span>
                  <input id="playback-timeline" type="range" min="0" max="0" step="1" value="0">
                </label>
                <div class="playback-actions">
                  
                  
                  <label id="playback-speed-control" class="playback-control playback-speed-control" hidden>
                    <span>Speed</span>
                    <select id="playback-speed" class="sim-field">
                      <option value="0.5">0.5×</option>
                      <option value="1" selected>1×</option>
                      <option value="2">2×</option>
                      <option value="4">4×</option>
                    </select>
                  </label>
                </div>
              </div>
              
              <output id="mission-error" class="mission-error" aria-live="polite"></output>
            </section>
          <section id="journey-hud" class="journey-hud sim-surface" role="button" tabindex="0" aria-label="Journey progress. Open decision details." title="Open decision details" data-semantic-label-exclusion>
              <div class="journey-progress" aria-hidden="true"><span id="journey-progress-fill"></span></div>
              <div class="journey-hud-line">
                <strong id="metric-state">active</strong>
                <span id="metric-distance">0 m</span>
                <span id="metric-time">0:00</span>
              </div>
              <div class="hud-contract-values sr-only" aria-hidden="true">
                <span id="metric-speed">0 m/s</span>
                <span id="metric-tick">0</span>
                <span id="metric-route">unplanned</span>
                <span id="metric-bet">none</span>
                <span id="metric-settlement">none</span>
                <span id="metric-calibration">0 / 0</span>
              </div>
            </section>
          <details id="experience-summary" class="experience-summary sim-surface" aria-live="polite" data-semantic-label-exclusion hidden>
                  <summary>Results and explanation</summary>
                  <header>
                    <span id="experience-summary-state" class="sim-label">Ready</span>
                    <strong id="experience-summary-title"></strong>
                  </header>
                  <p id="experience-summary-description"></p>
                  <div class="experience-story">
                    <div>
                      <span class="sim-label">Now</span>
                      <strong id="experience-summary-event"></strong>
                    </div>
                    <div>
                      <span class="sim-label">Why</span>
                      <span id="experience-summary-narrative"></span>
                    </div>
                  </div>
                  <dl id="experience-summary-stats"></dl>
                  <p id="experience-summary-comparison" class="experience-summary-comparison"></p>
                </details>
        </section>
    
        <div id="decisions-backdrop" class="drawer-backdrop" hidden></div>
        <aside id="decisions-drawer" class="evidence-panel sim-surface" role="dialog" aria-modal="true" inert aria-label="Controls and evidence" aria-hidden="true">
          <header class="evidence-heading">
            <div>
              <strong id="decision-title">Experiment controls</strong>
              <p id="decision-meta">Change parameters before Start. Inspect evidence after the run.</p>
            </div>
            <button id="decisions-close" class="drawer-close" type="button" aria-label="Close decisions">×</button>
          </header>
    
          <section id="plugin-inspector" aria-label="Simulation parameters and evidence"></section>
          <details id="scene-actions" class="evidence-section"><summary>Scene actions</summary><section id="plugin-map-ui" class="plugin-map-ui" aria-label="Experience view" data-semantic-label-exclusion></section></details>
          <details id="mission-authoring" class="evidence-section" hidden><summary>Author a mission</summary><label id="mission-field" class="mission-field" for="mission-input">
                <span class="sr-only">Describe a mission</span>
                <textarea id="mission-input" rows="2" spellcheck="false" aria-describedby="mission-error" placeholder="Where should the agent go?"></textarea>
              </label><details id="model-selection-panel" class="model-selection-panel">
                  <summary>Models</summary>
                  <div id="model-selection-controls" class="model-selection-controls" aria-label="Pipeline model selection"></div>
                </details></details>
          <a id="experience-doc-link" class="sim-text-link experience-doc-link" target="_blank" rel="noopener noreferrer" hidden>Experience docs</a>
    
          <details id="profile-program-section" class="evidence-section profile-program-section">
            <summary>World program <span id="profile-world-spec-status" class="sim-status">Loading WorldSpec</span></summary>
            <label class="profile-program-editor-label" for="profile-world-spec-editor">
              <span class="sim-label">Editable WorldSpec</span>
              <textarea id="profile-world-spec-editor" class="sim-field sim-program-editor" spellcheck="false" aria-describedby="profile-world-spec-status"></textarea>
            </label>
            <p class="evidence-proof">Profile packs currently accept a governed scenario selection at <code>/params/scenarioId</code>. Other edits fail closed until their runtime contract is executable.</p>
            <div class="receipt-actions profile-program-actions">
              <button id="apply-profile-world-spec" class="sim-action" type="button" disabled>Apply WorldSpec</button>
              <button id="reset-profile-world-spec" class="sim-action" type="button">Discard edit</button>
              <button id="replay-profile-world-spec" class="sim-action" type="button" disabled>Replay exact spec</button>
              <button id="export-profile-world-spec" class="sim-action" type="button">Export</button>
              <button id="import-profile-world-spec" class="sim-action" type="button">Import</button>
              <input id="profile-world-spec-import-file" type="file" accept="application/json,.json" hidden>
            </div>
            <details class="profile-world-proof-details">
              <summary id="profile-world-proof-status" class="sim-status" data-state="pending">WorldProof waits for a settled run</summary>
              <pre id="profile-world-proof" class="profile-world-proof sim-code" aria-live="polite"></pre>
            </details>
          </details>
    
          <details id="journey-section" class="evidence-section journey-evidence" open>
            <summary>Journey <span id="route-stats">Not planned</span></summary>
            <dl class="journey-facts">
              <div><dt>Forecast</dt><dd id="planning-forecast">Not planned</dd></div>
              <div><dt>Alternative</dt><dd id="alternative-proof">Not planned</dd></div>
              <div><dt>Settled locally</dt><dd id="ledger-proof">0 trials</dd></div>
            </dl>
            <code id="route-formula">cost = travel + risk + preference</code>
            <div id="route-components" class="component-line"></div>
          </details>
    
    
          <details id="decision-section" class="evidence-section action-evidence">
            <summary>Decision</summary>
            <span class="sim-label">Candidate actions</span>
            <div id="bet-list" class="bet-list" aria-label="Candidate actions"></div>
            <span class="sim-label">Safety</span>
            <div id="gate-list" class="gate-list"></div>
            <span class="sim-label">Prediction check</span>
            <div id="settlement-math" class="settlement-math">No settled prediction</div>
          </details>
          <details id="advanced-section" class="evidence-section advanced-evidence">
            <summary>Advanced</summary>
            <details class="evidence-section retrieval-evidence">
              <summary>Place and feature matching <span id="retrieval-stats">No query</span></summary>
              <div class="pipeline-row"><span>Query</span><div id="retrieval-query">Waiting for observation</div></div>
              <div class="pipeline-row"><span>Found</span><div id="retrieval-candidates">No candidates</div></div>
              <div class="pipeline-row"><span>Ranked</span><div id="rerank-candidates">No ranking</div></div>
              <p id="reranker-proof" class="evidence-proof">Diagnostic comparison loading</p>
              <p id="place-resolution-proof" class="evidence-proof">Fast place matching</p>
            </details>
    
            <details class="evidence-section occurrence-evidence">
              <summary>World events <span id="occurrence-stats">No patterns evaluated</span></summary>
              <div class="pipeline-row"><span>Active</span><div id="occurrence-patterns">No active pattern</div></div>
              <div class="pipeline-row"><span>Effects</span><div id="occurrence-effects">No world effect</div></div>
            </details>
    
            <details class="evidence-section policy-evidence">
              <summary>Policy arena</summary>
              <p id="policy-arena-proof" class="evidence-proof">Loading evidence</p>
            </details>
    
            <details class="evidence-section receipt-evidence">
              <summary>Receipts</summary>
              <div class="receipt-actions">
                <button id="export-button" class="sim-action" type="button" disabled>Export journey</button>
                <button id="export-ledger-button" class="sim-action" type="button">Export ledger</button>
                <button id="import-receipt-button" class="sim-action" type="button">Import</button>
                <input id="import-receipt-file" type="file" accept="application/json,.json" hidden>
              </div>
              <div id="trace-list" class="trace-list" aria-live="polite"></div>
            </details>
          </details>
        </aside>
      </main>
    
      <dialog id="neural-model-dialog" class="neural-consent-dialog" aria-labelledby="neural-model-title">
        <div class="neural-consent-body">
          <h2 id="neural-model-title">Enable local Qwen embedding?</h2>
          <p data-neural-model="surface-use">Simulatte uses the embedder only when deterministic place matching refuses.</p>
          <div class="neural-model-list" aria-label="Models stored on this device">
            <div class="neural-model-row"><span data-neural-model="embedding-name">Qwen embedding</span><span data-neural-model="embedding-size">Loading size</span></div>
          </div>
          <p class="neural-consent-facts"><span data-neural-model="download-summary">Model sizes loading</span>. Runs locally through Doppler <span data-neural-model="doppler-version"></span>. Model files are cached on this device; mission text stays in this browser.</p>
          <div class="neural-consent-actions">
            <button class="sim-action" type="button" data-neural-consent="cancel">Not now</button>
            <button class="sim-action sim-action-primary" type="button" data-neural-consent="accept">Enable models</button>
          </div>
        </div>
      </dialog>
    
    <!-- SIMULATTE_WORLD_RUNTIME_SCRIPTS_START -->
      <script defer src="./simulatte/app/world-runtime-script-manifest.js?v=28cc3dcf9b982c93df049c32c4669744d2f49bc6-f5eb9b768c7a"></script>
      <script defer src="./simulatte/app/world-runtime-loader.js?v=28cc3dcf9b982c93df049c32c4669744d2f49bc6-f5eb9b768c7a"></script>
      <script defer src="./shared/design/program-editor.js?v=28cc3dcf9b982c93df049c32c4669744d2f49bc6-f5eb9b768c7a"></script>
      <script defer src="./shared/design/data-table.js?v=28cc3dcf9b982c93df049c32c4669744d2f49bc6-f5eb9b768c7a"></script>
      <script defer src="./shared/design/product-navigation.js?v=28cc3dcf9b982c93df049c32c4669744d2f49bc6-f5eb9b768c7a"></script>
      <script defer src="./shared/contracts/world-spec-authorship.js?v=28cc3dcf9b982c93df049c32c4669744d2f49bc6-f5eb9b768c7a"></script>
      <script defer src="./shared/contracts/world-spec.js?v=28cc3dcf9b982c93df049c32c4669744d2f49bc6-f5eb9b768c7a"></script>
      <script defer src="./shared/contracts/input-source.js?v=28cc3dcf9b982c93df049c32c4669744d2f49bc6-f5eb9b768c7a"></script>
      <script defer src="./shared/contracts/data-world-spec.js?v=28cc3dcf9b982c93df049c32c4669744d2f49bc6-f5eb9b768c7a"></script>
      <script defer src="./shared/core/pipeline-runner.js?v=28cc3dcf9b982c93df049c32c4669744d2f49bc6-f5eb9b768c7a"></script>
      <script defer src="./shared/core/simulation/point-motion.js?v=28cc3dcf9b982c93df049c32c4669744d2f49bc6-f5eb9b768c7a"></script>
      <script defer src="./shared/core/simulation/data-run.js?v=28cc3dcf9b982c93df049c32c4669744d2f49bc6-f5eb9b768c7a"></script>
      <script defer src="./shared/render/point-scene-view.js?v=28cc3dcf9b982c93df049c32c4669744d2f49bc6-f5eb9b768c7a"></script>
      <script defer src="./simulatte/app/data-workbench.js?v=28cc3dcf9b982c93df049c32c4669744d2f49bc6-f5eb9b768c7a"></script>
      <script defer src="./simulatte/app/homepage-webgpu.js?v=28cc3dcf9b982c93df049c32c4669744d2f49bc6-f5eb9b768c7a"></script>
      <script defer src="./simulatte/app/homepage-effects.js?v=28cc3dcf9b982c93df049c32c4669744d2f49bc6-f5eb9b768c7a"></script>
      <script defer src="./simulatte/app/workbench-entry.js?v=28cc3dcf9b982c93df049c32c4669744d2f49bc6-f5eb9b768c7a"></script>
      <!-- generated-plugin-scripts:start -->
      <!-- Selected plugin scripts are loaded by world-runtime-loader.js after route selection. -->
      <!-- generated-plugin-scripts:end -->
    <!-- SIMULATTE_WORLD_RUNTIME_SCRIPTS_END -->
    
      <!-- World Tiers Landing Page Selector -->
      <div id="world-tiers-landing-page">
      <section id="simulation-home">
        <header class="landing-header">
          <a class="landing-brand" href="/">Simulatte</a>
          <a class="landing-data-link" href="#data">Use your data</a>
        </header>
        <div class="home-layout">
          <div class="home-intro">
            <p class="home-eyebrow">A PLAYGROUND FOR WHAT IF</p>
            <h1 class="landing-title">Explore a world.<br>Change what happens.</h1>
            <p class="home-description">Try a simulation, change its controls, and see the result. From a city street to a network of stars.</p>
            <a class="home-create-action" href="https://create.simulatte.world/" data-local-href="./blank/">Create your own <span aria-hidden="true">↗</span></a>
            <p class="home-create-note">Start with a description. Build an interactive scene.</p>
          </div>
          <div class="home-choices">
            <p class="home-choices-label">CHOOSE A SIMULATION</p>
        <!-- Hexagonal Constellation Layout -->
        <div class="hex-constellation-container" aria-label="Simulatte Multi-Scale Constellation">
          <canvas id="homepage-effects-canvas" class="homepage-effects-canvas" aria-hidden="true" hidden></canvas>
          <!-- Quiet hex field inspired by the Fawn start surface. -->
          <svg class="hex-constellation-web" viewBox="0 0 1000 720" preserveAspectRatio="xMidYMid slice" aria-hidden="true">
            <defs>
              <pattern id="ambient-hex-grid" width="84" height="96" patternUnits="userSpaceOnUse">
                <path d="M42 1 L83 24 L83 72 L42 95 L1 72 L1 24 Z" class="ambient-hex-cell" />
              </pattern>
              <radialGradient id="ambient-hex-fade" cx="50%" cy="50%" r="52%">
                <stop offset="0%" stop-color="#ffffff" stop-opacity="0.62" />
                <stop offset="70%" stop-color="#ffffff" stop-opacity="0.16" />
                <stop offset="100%" stop-color="#ffffff" stop-opacity="0" />
              </radialGradient>
              <mask id="ambient-hex-mask">
                <rect width="1000" height="720" fill="url(#ambient-hex-fade)" />
              </mask>
            </defs>
            <rect width="1000" height="720" fill="url(#ambient-hex-grid)" mask="url(#ambient-hex-mask)" class="ambient-hex-field" />
          </svg>
    
          <!-- Center Hexagon Hub: Simulatte Create -->
          <a href="https://create.simulatte.world/" data-local-href="./blank/" class="hex-hub" id="hex-center-create" aria-label="Open Simulatte Create">
            <div class="hex-hub-inner">
              <div class="hex-hub-badge">Your idea</div>
              <div class="hex-hub-icon" aria-hidden="true"><svg viewBox="0 0 32 32"><path d="M16 3 27 9.5v13L16 29 5 22.5v-13Z M16 10v12 M10 16h12"/></svg></div>
              <h2 class="hex-hub-title">Create</h2>
              <p class="hex-hub-desc">Describe a world. Make it move.</p>
              <span class="hex-hub-action">Open Create</span>
            </div>
          </a>
    
          <!-- 6 Symmetric Satellites -->
          <div class="hex-satellite tier-card pos-top-left" data-tier="datacenter" data-default-profile="gpu-supercluster-v1" role="button" tabindex="0" aria-label="Launch 256-GPU Supercluster Simulator">
            <div class="hex-satellite-inner">
              <div class="hex-badge">Datacenter</div>
              <div class="hex-icon" aria-hidden="true"><svg viewBox="0 0 32 32"><path d="M4 7h9v18H4z M19 7h9v18h-9z M7 11h3 M7 16h3 M7 21h3 M22 11h3 M22 16h3 M22 21h3 M13 16h6"/></svg></div>
              <h3 class="hex-title">256-GPU Cluster</h3>
              <p class="hex-desc">Balance compute, power, and cooling.</p>
            </div>
          </div>
    
          <div class="hex-satellite tier-card pos-top" data-tier="star-chart" data-default-profile="interstellar-relay-network-v1" role="button" tabindex="0" aria-label="Launch Interstellar Relay Network Simulator">
            <div class="hex-satellite-inner">
              <div class="hex-badge">Universe</div>
              <div class="hex-icon" aria-hidden="true"><svg viewBox="0 0 32 32"><circle cx="6" cy="23" r="2.5"/><circle cx="16" cy="7" r="2.5"/><circle cx="26" cy="21" r="2.5"/><path d="m7.5 21 7-12 M18 9l6.5 10 M9 23l14-2 M5 7h4 M7 5v4"/></svg></div>
              <h3 class="hex-title">Interstellar Relay</h3>
              <p class="hex-desc">Connect stars. Route a signal.</p>
            </div>
          </div>
    
          <div class="hex-satellite tier-card pos-top-right" data-tier="solar-system" data-default-profile="orbital-transfer-planner-v1" role="button" tabindex="0" aria-label="Launch Orbital Transfer Planner Simulator">
            <div class="hex-satellite-inner">
              <div class="hex-badge">Solar System</div>
              <div class="hex-icon" aria-hidden="true"><svg viewBox="0 0 32 32"><circle cx="16" cy="16" r="4"/><ellipse cx="16" cy="16" rx="14" ry="7" transform="rotate(-35 16 16)"/><circle cx="26" cy="9" r="2"/></svg></div>
              <h3 class="hex-title">Orbital Transfer</h3>
              <p class="hex-desc">Plan a path between orbits.</p>
            </div>
          </div>
    
          <div class="hex-satellite tier-card pos-bottom-right" data-tier="country" data-default-profile="grid-resilience-us-v1" role="button" tabindex="0" aria-label="Launch Grid Resilience Simulator">
            <div class="hex-satellite-inner">
              <div class="hex-badge">Country</div>
              <div class="hex-icon" aria-hidden="true"><svg viewBox="0 0 32 32"><path d="m16 3-7 24 M16 3l7 24 M11 11h10 M9 19h14 M12 11l9 8 M20 11l-9 8 M5 28h22 M3 11h8 M21 11h8"/></svg></div>
              <h3 class="hex-title">Grid Resilience</h3>
              <p class="hex-desc">Restore power after an outage.</p>
            </div>
          </div>
    
          <div class="hex-satellite tier-card pos-bottom" data-tier="world" data-default-profile="subsea-network-global-v1" role="button" tabindex="0" aria-label="Launch Subsea Network Simulator">
            <div class="hex-satellite-inner">
              <div class="hex-badge">Planet / Telecom</div>
              <div class="hex-icon" aria-hidden="true"><svg viewBox="0 0 32 32"><path d="M3 9c4-5 8 5 13 0s9 5 13 0 M3 15c4-5 8 5 13 0s9 5 13 0 M6 25h20 M6 22v6 M26 22v6 M12 23v4 M20 23v4"/></svg></div>
              <h3 class="hex-title">Subsea Network</h3>
              <p class="hex-desc">Keep the world connected.</p>
            </div>
          </div>
    
          <div class="hex-satellite tier-card pos-bottom-left" data-tier="city" data-default-profile="sun-walker-v1" role="button" tabindex="0" aria-label="Launch Sun Walker City Simulator">
            <div class="hex-satellite-inner">
              <div class="hex-badge">City</div>
              <div class="hex-icon" aria-hidden="true"><svg viewBox="0 0 32 32"><path d="M3 27h26 M6 27V15h8v12 M18 27V10h8v17 M9 19h2 M9 23h2 M21 15h2 M21 20h2 M8 3v3 M2 8h3"/><path d="M6 11a5 5 0 0 1 8-5"/></svg></div>
              <h3 class="hex-title">Sun Walker</h3>
              <p class="hex-desc">Find a shaded route through the city.</p>
            </div>
          </div>
        </div>
          </div>
        </div>
        <footer class="landing-footer">
          <span>Explore in your browser. No account needed.</span>
          <a href="#data">Bring a CSV or JSON file <span aria-hidden="true">↗</span></a>
          <p id="simulation-status" role="status" aria-live="polite"></p>
        </footer>
      </section>
      <section id="data-page" class="data-workbench-page" hidden>
        <header class="workbench-header">
          <div><h1>Your data</h1></div>
          <nav class="sim-product-nav" aria-label="Simulatte">
            <a href="#">Simulations</a>
            <a href="https://create.simulatte.world/" data-local-href="./blank/">Create</a>
          </nav>
        </header>
        <section id="data-workbench" aria-label="Data simulation workbench" data-state="idle">
          <ol class="workbench-steps" aria-label="Workflow"><li>Import</li><li>Prepare</li><li>Run</li><li>Edit</li><li>Export</li></ol>
          <p id="data-status" class="sim-status" role="status" aria-live="polite">Open CSV, JSON, or a saved program. Files stay on your device.</p>
          <div class="workbench-layout">
            <section class="workbench-input">
              <h2>Import</h2>
              <label for="data-input">Paste CSV or JSON</label>
              <textarea id="data-input" class="sim-input" rows="6" spellcheck="false" placeholder="id,x,y,vx,vy"></textarea>
              <div class="workbench-actions">
                <button id="data-read" class="sim-action" type="button">Read pasted data</button>
                <button id="data-sample" class="sim-action" type="button">Use example</button>
                <label class="sim-action workbench-file">Open file<input id="data-file" type="file" accept=".csv,.json,text/csv,application/json"></label>
              </div>
              <details><summary>Load from a URL</summary>
                <label for="data-url">Public HTTP(S) data URL</label>
                <input id="data-url" class="sim-input" type="url" placeholder="https://example.org/data.csv">
                <button id="data-fetch" class="sim-action" type="button">Fetch URL</button>
                <p>Fetch sends a request to this URL without credentials.</p>
              </details>
              <p id="data-source" class="workbench-identity"></p>
              <section id="data-prepare-panel" hidden>
                <h2>Prepare</h2>
                <div id="data-preview" class="workbench-table" tabindex="0" aria-label="Source preview"></div>
                <p>Choose position and velocity columns. Motion is constant; no forces or collisions.</p>
                <div class="workbench-fields">
                  <label>ID<select id="data-map-id" class="sim-input"></select></label>
                  <label>Label<select id="data-map-label" class="sim-input"></select></label>
                  <label>X position<select id="data-map-x" class="sim-input"></select></label>
                  <label>Y position<select id="data-map-y" class="sim-input"></select></label>
                  <label>X velocity<select id="data-map-vx" class="sim-input"></select></label>
                  <label>Y velocity<select id="data-map-vy" class="sim-input"></select></label>
                  <label>Coordinate units<input id="data-units" class="sim-input" value="units" maxlength="80"></label>
                  <label>Duration (seconds)<input id="data-duration" class="sim-input" type="number" min="0" max="3600" value="10"></label>
                  <label>Steps<input id="data-steps" class="sim-input" type="number" min="1" max="600" value="60"></label>
                </div>
                <button id="data-prepare" class="sim-action" type="button">Prepare program</button>
              </section>
            </section>
            <section class="workbench-execution">
              <h2>Run and inspect</h2>
              <div class="workbench-actions">
                <button id="data-run" class="sim-action" type="button" disabled>Run</button>
                <button id="data-cancel" class="sim-action" type="button" disabled>Cancel</button>
                <button id="data-replay" class="sim-action" type="button" disabled>Replay</button>
                <button id="data-export" class="sim-action" type="button" disabled>Export program</button>
                <button id="data-export-result" class="sim-action" type="button" disabled>Export result</button>
              </div>
              <section id="data-result" hidden>
                <canvas id="data-canvas" width="800" height="500" aria-label="2D data points; equivalent coordinates appear in the output table"></canvas>
                <label for="data-step">Inspect simulation step</label>
                <input id="data-step" type="range" min="0" max="60" step="1" value="0" disabled>
                <p id="data-time"></p><p id="data-selection" aria-live="polite">Select a point to inspect its coordinates.</p>
                <p id="data-comparison"></p>
                <div id="data-output" class="workbench-table" tabindex="0" aria-label="Output points, first 20"></div>
                <details><summary>Execution evidence</summary><pre id="data-evidence" class="sim-code"></pre></details>
              </section>
              <section id="data-program" hidden>
                <h2>Edit the program</h2>
                <p>Apply your changes, then run.</p>
                <label for="data-editor">WorldSpec JSON</label>
                <textarea id="data-editor" class="sim-input sim-code" rows="14" spellcheck="false"></textarea>
                <div class="workbench-actions">
                  <button id="data-apply" class="sim-action" type="button" disabled>Apply edit</button>
                  <button id="data-reset" class="sim-action" type="button">Discard changes</button>
                </div>
                <p id="data-edit-status" class="sim-status" aria-live="polite"></p>
              </section>
            </section>
          </div>
        </section>
        </section>
      </div>
    </body>
    </html>
    
  operator: 'match'
  stack: |-
    TestContext.<anonymous> (/home/clocksmith/deco/simulatte/tests/data-workbench.test.cjs:23:10)
    Test.runInAsyncScope (node:async_hooks:214:14)
    Test.run (node:internal/test_runner/test:1047:25)
    Test.start (node:internal/test_runner/test:944:17)
    startSubtestAfterBootstrap (node:internal/test_runner/harness:296:17)
  ...
# Subtest: landing keyboard activation retains route identity and exposes failed loading for retry
ok 2 - landing keyboard activation retains route identity and exposes failed loading for retry
  ---
  duration_ms: 11.774382
  type: 'test'
  ...
# Subtest: CSV and JSON share typed ingestion, quoted fields, source hashing, and local provenance
ok 3 - CSV and JSON share typed ingestion, quoted fields, source hashing, and local provenance
  ---
  duration_ms: 17.639712
  type: 'test'
  ...
# Subtest: URL acquisition is explicit, bounded, and omits credentials
ok 4 - URL acquisition is explicit, bounded, and omits credentials
  ---
  duration_ms: 32.090301
  type: 'test'
  ...
# Subtest: file and URL ingestion identify exact bytes, retain BOM, and reject malformed UTF-8
ok 5 - file and URL ingestion identify exact bytes, retain BOM, and reject malformed UTF-8
  ---
  duration_ms: 2.291837
  type: 'test'
  ...
# Subtest: explicit empty CSV records are preserved and refused, not silently dropped
ok 6 - explicit empty CSV records are preserved and refused, not silently dropped
  ---
  duration_ms: 1.802402
  type: 'test'
  ...
# Subtest: data round trip: ingest, prepare, execute, edit, compare, replay, export and verified reimport
ok 7 - data round trip: ingest, prepare, execute, edit, compare, replay, export and verified reimport
  ---
  duration_ms: 39.039914
  type: 'test'
  ...
# Subtest: mapping rejects missing cells, duplicate identities, unsupported behavior and resource overflow
ok 8 - mapping rejects missing cells, duplicate identities, unsupported behavior and resource overflow
  ---
  duration_ms: 14.276354
  type: 'test'
  ...
# Subtest: ordered pipeline validates boundaries, retains failures, and rejects late superseded results
ok 9 - ordered pipeline validates boundaries, retains failures, and rejects late superseded results
  ---
  duration_ms: 1.729768
  type: 'test'
  ...
# Subtest: data startup excludes profile and model runtime, while declared profile dependencies remain available
ok 10 - data startup excludes profile and model runtime, while declared profile dependencies remain available
  ---
  duration_ms: 1.765266
  type: 'test'
  ...
# Subtest: drawing preserves equal coordinate scale on wide and narrow views with stable trajectory bounds
ok 11 - drawing preserves equal coordinate scale on wide and narrow views with stable trajectory bounds
  ---
  duration_ms: 0.35192
  type: 'test'
  ...
1..11
# tests 11
# suites 0
# pass 10
# fail 1
# cancelled 0
# skipped 0
# todo 0
# duration_ms 191.718219

--- gpu-supercluster.test.cjs (failed) ---
TAP version 13
# Subtest: gpu-supercluster topology generates 256 GPUs across 32 liquid-cooled racks
ok 1 - gpu-supercluster topology generates 256 GPUs across 32 liquid-cooled racks
  ---
  duration_ms: 4.335624
  type: 'test'
  ...
# Subtest: collective solver calculates step times, MFU, and bandwidth bottlenecks for Ring and Tree AllReduce
ok 2 - collective solver calculates step times, MFU, and bandwidth bottlenecks for Ring and Tree AllReduce
  ---
  duration_ms: 0.377487
  type: 'test'
  ...
# Subtest: straggler node fault injection degrades MFU and increases barrier step time
ok 3 - straggler node fault injection degrades MFU and increases barrier step time
  ---
  duration_ms: 0.220839
  type: 'test'
  ...
# Subtest: packet loss affects collective state and coolant controls use the declared 1000 L/min bound
ok 4 - packet loss affects collective state and coolant controls use the declared 1000 L/min bound
  ---
  duration_ms: 0.270323
  type: 'test'
  ...
# Subtest: thermal model solves coolant delta-T, PUE, and triggers thermal throttling under reduced flow
ok 5 - thermal model solves coolant delta-T, PUE, and triggers thermal throttling under reduced flow
  ---
  duration_ms: 0.766391
  type: 'test'
  ...
# Subtest: gpu-supercluster plugin produces deterministic simulation and valid receipts
ok 6 - gpu-supercluster plugin produces deterministic simulation and valid receipts
  ---
  duration_ms: 9.808708
  type: 'test'
  ...
# Subtest: gpu-supercluster activates as a native v4 plugin with deterministic playback and comparison
ok 7 - gpu-supercluster activates as a native v4 plugin with deterministic playback and comparison
  ---
  duration_ms: 42.657171
  type: 'test'
  ...
# Subtest: GPU controls preserve zero faults, clamp physical bounds, and refuse malformed input
ok 8 - GPU controls preserve zero faults, clamp physical bounds, and refuse malformed input
  ---
  duration_ms: 1.180839
  type: 'test'
  ...
# Subtest: pipeline time includes the full bubble share and throughput reconciles to work over time
ok 9 - pipeline time includes the full bubble share and throughput reconciles to work over time
  ---
  duration_ms: 0.58839
  type: 'test'
  ...
# Subtest: default NVLink uses directional bits per second without changing explicit configured units
ok 10 - default NVLink uses directional bits per second without changing explicit configured units
  ---
  duration_ms: 0.556582
  type: 'test'
  ...
# Subtest: coolant flow changes die temperature and thermal caps slow computation and conserve modeled heat
ok 11 - coolant flow changes die temperature and thermal caps slow computation and conserve modeled heat
  ---
  duration_ms: 4.528264
  type: 'test'
  ...
# Subtest: rack populations cannot silently drop GPUs or contradict the declared nodes
ok 12 - rack populations cannot silently drop GPUs or contradict the declared nodes
  ---
  duration_ms: 0.345729
  type: 'test'
  ...
# Subtest: rack visuals retain exact model temperatures and PUE remains a ratio
ok 13 - rack visuals retain exact model temperatures and PUE remains a ratio
  ---
  duration_ms: 28.157693
  type: 'test'
  ...
# Subtest: GPU model provenance binds the source bytes used by the simulation
ok 14 - GPU model provenance binds the source bytes used by the simulation
  ---
  duration_ms: 6.097051
  type: 'test'
  ...
# Subtest: rack glyph drawing uses model values unchanged across render calls
not ok 15 - rack glyph drawing uses model values unchanged across render calls
  ---
  duration_ms: 6.04353
  type: 'test'
  location: '/home/clocksmith/deco/simulatte/tests/gpu-supercluster.test.cjs:265:1'
  failureType: 'testCodeFailure'
  error: |-
    The expression evaluated to a falsy value:
    
      assert.ok(calls.some(row => row[0] === 'text' && row[1] === '0°C'))
    
  code: 'ERR_ASSERTION'
  name: 'AssertionError'
  expected: true
  actual: false
  operator: '=='
  stack: |-
    TestContext.<anonymous> (/home/clocksmith/deco/simulatte/tests/gpu-supercluster.test.cjs:275:10)
    Test.runInAsyncScope (node:async_hooks:214:14)
    Test.run (node:internal/test_runner/test:1047:25)
    Test.processPendingSubtests (node:internal/test_runner/test:744:18)
    Test.postRun (node:internal/test_runner/test:1173:19)
    Test.run (node:internal/test_runner/test:1101:12)
    async Test.processPendingSubtests (node:internal/test_runner/test:744:7)
  ...
# Subtest: datacenter projection provides one isometric meter mapping for facility and plugin layers
ok 16 - datacenter projection provides one isometric meter mapping for facility and plugin layers
  ---
  duration_ms: 2.269917
  type: 'test'
  ...
# Subtest: datacenter overview fits the model coordinates inside the exposed canvas at both widths
ok 17 - datacenter overview fits the model coordinates inside the exposed canvas at both widths
  ---
  duration_ms: 6.090386
  type: 'test'
  ...
# Subtest: playback explanation follows the emitted stage rather than advancing one chapter ahead
ok 18 - playback explanation follows the emitted stage rather than advancing one chapter ahead
  ---
  duration_ms: 4.889914
  type: 'test'
  ...
# Subtest: host refreshes cached GPU contributions after private control and playback mutations
ok 19 - host refreshes cached GPU contributions after private control and playback mutations
  ---
  duration_ms: 68.712903
  type: 'test'
  ...
1..19
# tests 19
# suites 0
# pass 18
# fail 1
# cancelled 0
# skipped 0
# todo 0
# duration_ms 267.828415

--- js-shape-architecture.test.cjs (failed) ---
TAP version 13
# Subtest: public javascript keeps lines below the repository ceiling
ok 1 - public javascript keeps lines below the repository ceiling
  ---
  duration_ms: 13.789201
  type: 'test'
  ...
# Subtest: phase modules reject every implicit refactor scope
ok 2 - phase modules reject every implicit refactor scope
  ---
  duration_ms: 8.97998
  type: 'test'
  ...
# Subtest: phase shard exports use collision-safe owned registry definitions
ok 3 - phase shard exports use collision-safe owned registry definitions
  ---
  duration_ms: 4.217274
  type: 'test'
  ...
# Subtest: autonomy and shared surfaces stay free of refactor scope shards
ok 4 - autonomy and shared surfaces stay free of refactor scope shards
  ---
  duration_ms: 16.07857
  type: 'test'
  ...
# Subtest: app product boundaries use loading prompt simulation and pipeline directories
ok 5 - app product boundaries use loading prompt simulation and pipeline directories
  ---
  duration_ms: 5.930311
  type: 'test'
  ...
# Subtest: phase contracts declare the strict eight-phase handoff
ok 6 - phase contracts declare the strict eight-phase handoff
  ---
  duration_ms: 0.592009
  type: 'test'
  ...
# Subtest: intent runtime keeps one visible line and does not silently fallback locally
not ok 7 - intent runtime keeps one visible line and does not silently fallback locally
  ---
  duration_ms: 5.952609
  type: 'test'
  location: '/home/clocksmith/deco/simulatte/tests/js-shape-suite.cjs:26:10'
  failureType: 'testCodeFailure'
  error: |-
    The input did not match the regular expression /\.intent-runtime-percent \{/. Input:
    
    '<!doctype html>\n' +
      '<html lang="en">\n' +
      '<head>\n' +
      '  <meta charset="utf-8">\n' +
      '  <meta name="viewport" content="width=device-width, initial-scale=1">\n' +
      '  <title>Create · Simulatte</title>\n' +
      '  <base href="/blank/">\n' +
      '  <meta name="simulatte-build" content="28cc3dcf9b982c93df049c32c4669744d2f49bc6-f5eb9b768c7a">\n' +
      '  <link rel="icon" type="image/svg+xml" href="../favicon.svg">\n' +
      '  <script src="../shared/design/theme-controller.js"></script>\n' +
      '  <link rel="stylesheet" href="../shared/design/simulatte.css?v=28cc3dcf9b982c93df049c32c4669744d2f49bc6-f5eb9b768c7a">\n' +
      '  <link rel="stylesheet" href="../model-selection.css?v=28cc3dcf9b982c93df049c32c4669744d2f49bc6-f5eb9b768c7a">\n' +
      '  <!-- Google tag (gtag.js) -->\n' +
      '  <script async src="https://www.googletagmanager.com/gtag/js?id=G-LS3SFGCZSL"></script>\n' +
      '  <script>\n' +
      '    window.dataLayer = window.dataLayer || [];\n' +
      '    function gtag(){dataLayer.push(arguments);}\n' +
      "    gtag('js', new Date());\n" +
      '\n' +
      "    gtag('config', 'G-LS3SFGCZSL');\n" +
      '  </script>\n' +
      '  <script>\n' +
      '    globalThis.__DOPPLER_KERNEL_BASE_PATH__ = new URL(\n' +
      "      '../vendor/doppler/src/gpu/kernels',\n" +
      '      document.baseURI\n' +
      "    ).toString().replace(/\\/+$/, '');\n" +
      '  </script>\n' +
      '  <link rel="stylesheet" href="./styles.css?v=28cc3dcf9b982c93df049c32c4669744d2f49bc6-f5eb9b768c7a">\n' +
      '  <link rel="stylesheet" href="../shared/design/theme-control.css?v=28cc3dcf9b982c93df049c32c4669744d2f49bc6-f5eb9b768c7a">\n' +
      '</head>\n' +
      '<body class="create-app">\n' +
      '  <div class="sim-theme-control" data-theme-control>\n' +
      '    <button type="button" aria-label="Theme follows system. Switch to Light theme.">\n' +
      '      <span class="sim-theme-icon-stack" aria-hidden="true">\n' +
      '        <span data-theme-icon="system">◐</span>\n' +
      '        <span data-theme-icon="light">☼</span>\n' +
      '        <span data-theme-icon="dark">☾</span>\n' +
      '      </span>\n' +
      '      <span class="sim-theme-control-label" data-theme-label aria-hidden="true">System</span>\n' +
      '    </button>\n' +
      '  </div>\n' +
      '  <header class="create-header">\n' +
      '    <nav class="sim-product-nav" aria-label="Simulatte">\n' +
      '      <a class="create-brand" href="https://simulatte.world/" data-local-href="../">Simulatte</a>\n' +
      '      <span class="create-product">Create</span>\n' +
      '      <a class="create-back" href="https://simulatte.world/" data-local-href="../">Explore simulations</a>\n' +
      '    </nav>\n' +
      '    <button id="prompt-dock-toggle" class="sim-action" type="button" aria-controls="create-editor" aria-expanded="true">Hide editor</button>\n' +
      '  </header>\n' +
      '  <main class="physics-stage" aria-label="Create a simulation" data-create-state="empty">\n' +
      '    <section id="create-editor" class="physics-panel prompt-dock" aria-label="Simulation editor">\n' +
      '      <div class="prompt-dock-head">\n' +
      '        <p class="create-eyebrow">FROM IDEA TO SIMULATION</p>\n' +
      '        <h1>Make something move.</h1>\n' +
      '        <p>Describe a scene. Run it, explore it, then make it yours.</p>\n' +
      '      </div>\n' +
      '\n' +
      '      <div class="prompt-dock-core">\n' +
      '        <div class="builder-row">\n' +
      '          <label class="create-prompt-label" for="build-prompt">What do you want to simulate?</label>\n' +
      '          <textarea id="build-prompt" class="sim-field" aria-label="Simulation request" placeholder="A red ball bouncing on the ground…" aria-describedby="create-prompt-help"></textarea>\n' +
      '          <p id="create-prompt-help" class="create-help">Start with an object, then add motion or surroundings.</p>\n' +
      '          <div class="create-examples" aria-label="Starting ideas">\n' +
      '            <span>Try an idea</span>\n' +
      '            <button type="button" data-create-prompt="a red ball">A red ball</button>\n' +
      '            <button type="button" data-create-prompt="a blue cube">A blue cube</button>\n' +
      '            <button type="button" data-create-prompt="a pendulum">A pendulum</button>\n' +
      '          </div>\n' +
      '          <div class="prompt-actions" aria-label="Create actions">\n' +
      '            <button id="build-lab" class="primary-action prompt-side-action sim-action sim-action-primary" type="button" aria-label="Run simulation" disabled>\n' +
      '              <span class="prompt-action-icon" aria-hidden="true">↵</span>\n' +
      '              <span class="prompt-action-label">Run simulation</span>\n' +
      '            </button>\n' +
      '            <button id="shuffle-prompt" class="example-chip prompt-side-action sim-action" type="button" aria-label="Run a random example" title="Run a random example">\n' +
      '              <span class="prompt-action-icon" aria-hidden="true">⇄</span>\n' +
      '              <span class="prompt-action-label">Surprise me</span>\n' +
      '            </button>\n' +
      '          </div>\n' +
      '          <input id="blank-neural-models" type="checkbox" hidden aria-describedby="blank-neural-model-note">\n' +
      '          <span id="blank-neural-model-note" class="sr-only">Deterministic language pipeline is active.</span>\n' +
      '        </div>\n' +
      '\n' +
      '        <div class="create-run-status" role="status" aria-live="polite">\n' +
      '          <span class="create-status-dot" aria-hidden="true"></span>\n' +
      '          <div><strong id="create-status-title">Ready to create</strong><p id="create-status-message">Choose an idea or write your own.</p></div>\n' +
      '        </div>\n' +
      '        <p class="create-local-note">No account needed. Your scene runs in this browser.</p>\n' +
      '        <details id="create-tools" class="create-tools">\n' +
      '          <summary>Tools &amp; settings</summary>\n' +
      '            <details class="model-selection-panel">\n' +
      '              <summary>Model settings</summary>\n' +
      '              <div id="model-selection-controls" class="model-selection-controls" aria-label="Pipeline model selection"></div>\n' +
      '            </details>\n' +
      '        <div class="create-inspectors">\n' +
      '              <details id="world-spec-editor-panel" class="world-spec-editor-panel">\n' +
      '                <summary class="sim-action">Edit simulation</summary>\n' +
      '                <div class="world-spec-editor-controls">\n' +
      '                  <label for="world-spec-edit-rationale">Edit rationale</label>\n' +
      '                  <input id="world-spec-edit-rationale" class="sim-field" type="text" placeholder="Why this change is required">\n' +
      '                  <textarea id="world-spec-editor" class="sim-field sim-program-editor" aria-label="Editable WorldSpec JSON" spellcheck="false"></textarea>\n' +
      '                  <div class="prompt-more-actions" aria-label="WorldSpec actions">\n' +
      '                    <button class="sim-action" id="apply-world-spec" type="button" disabled>Apply WorldSpec</button>\n' +
      '                    <button class="sim-action" id="replay-world-spec" type="button" disabled>Replay exact spec</button>\n' +
      '                    <button class="sim-action" id="reset-world-spec-edit" type="button">Discard edit</button>\n' +
      '                    <button class="sim-action" id="export-improvement-record" type="button" disabled>Export correction record</button>\n' +
      '                    <button class="sim-action" id="import-lab" type="button">Import</button>\n' +
      '                  </div>\n' +
      '                  <input id="world-spec-import-file" type="file" accept="application/json,.json" hidden>\n' +
      '                  <p id="world-spec-editor-status" class="world-spec-editor-status sim-status" data-state="idle" aria-live="polite">Open to inspect the executable program</p>\n' +
      '                  <p id="world-improvement-record-status" class="world-spec-editor-status sim-status" data-state="idle" aria-live="polite">Complete a failed-obligation edit and exact replay to create a record</p>\n' +
      '                </div>\n' +
      '              </details>\n' +
      '              <details id="world-proof-panel" class="world-proof-panel">\n' +
      '                <summary class="sim-action">Validation</summary>\n' +
      '                <pre id="world-proof-preview" class="sim-code spec-preview world-proof-preview" tabindex="0">{}</pre>\n' +
      '              </details>\n' +
      '        <details id="run-details-menu" class="run-details-menu">\n' +
      '          <summary class="sim-action">Run details</summary>\n' +
      '        <div id="intent-runtime" class="intent-runtime" data-state="idle" aria-live="polite">\n' +
      '          <div class="intent-runtime-head">\n' +
      '            <strong id="intent-runtime-title">Deterministic ready</strong>\n' +
      '            <span id="intent-runtime-percent" class="intent-runtime-percent">0%</span>\n' +
      '          </div>\n' +
      '          <div class="intent-runtime-track" aria-hidden="true">\n' +
      '            <span id="intent-runtime-fill" class="intent-runtime-fill"></span>\n' +
      '          </div>\n' +
      '          <div class="intent-runtime-meta">\n' +
      '            <span id="intent-runtime-message">idle</span>\n' +
      '          </div>\n' +
      '          <span id="intent-runtime-stage" class="intent-runtime-detail">standby</span>\n' +
      '        </div>\n' +
      '\n' +
      '          <aside class="phase-rail-shell" aria-label="Eight phase run status">\n' +
      '            <nav id="phase-rail" class="phase-rail" aria-label="Run phases"></nav>\n' +
      '            <p id="phase-details" class="phase-details" aria-live="polite"></p>\n' +
      '            <button id="copy-run-receipt" class="quiet-action sim-action" type="button">Copy run receipt</button>\n' +
      '          </aside>\n' +
      '        </details>\n' +
      '\n' +
      '        <details id="prompt-more-menu" class="prompt-more-menu">\n' +
      '          <summary class="sim-action">Technical details</summary>\n' +
      '          <div class="prompt-more-content">\n' +
      '            <div class="prompt-more-section-title">Run state</div>\n' +
      '            <div class="prompt-more-runtime">\n' +
      '              <span id="lab-state" class="physics-status" aria-live="polite">loading pipeline</span>\n' +
      '              <span id="fps-readout" class="physics-fps" data-perf="idle">FPS --</span>\n' +
      '            </div>\n' +
      '            <section id="world-model-panel" class="world-model-panel" aria-label="Compiled world model receipt">\n' +
      '              <div class="world-model-head">\n' +
      '                <strong>WorldSpec</strong>\n' +
      '                <span id="world-model-status" class="world-model-status">blank</span>\n' +
      '              </div>\n' +
      '              <div id="world-model-summary" class="world-model-summary">blank construction plane</div>\n' +
      '              <div id="world-model-chips" class="world-model-chips" aria-label="World model counts"></div>\n' +
      '              <div class="prompt-more-section-title">Receipts</div>\n' +
      '              <pre id="spec-preview" class="sim-code spec-preview physics-spec-preview" tabindex="0">{}</pre>\n' +
      '\n' +
      '\n' +
      '            </section>\n' +
      '          </div>\n' +
      '        </details>\n' +
      '      </div>\n' +
      '        </detail'... 51387 more characters
    
  code: 'ERR_ASSERTION'
  name: 'AssertionError'
  expected:
  actual: |-
    <!doctype html>
    <html lang="en">
    <head>
      <meta charset="utf-8">
      <meta name="viewport" content="width=device-width, initial-scale=1">
      <title>Create · Simulatte</title>
      <base href="/blank/">
      <meta name="simulatte-build" content="28cc3dcf9b982c93df049c32c4669744d2f49bc6-f5eb9b768c7a">
      <link rel="icon" type="image/svg+xml" href="../favicon.svg">
      <script src="../shared/design/theme-controller.js"></script>
      <link rel="stylesheet" href="../shared/design/simulatte.css?v=28cc3dcf9b982c93df049c32c4669744d2f49bc6-f5eb9b768c7a">
      <link rel="stylesheet" href="../model-selection.css?v=28cc3dcf9b982c93df049c32c4669744d2f49bc6-f5eb9b768c7a">
      <!-- Google tag (gtag.js) -->
      <script async src="https://www.googletagmanager.com/gtag/js?id=G-LS3SFGCZSL"></script>
      <script>
        window.dataLayer = window.dataLayer || [];
        function gtag(){dataLayer.push(arguments);}
        gtag('js', new Date());
    
        gtag('config', 'G-LS3SFGCZSL');
      </script>
      <script>
        globalThis.__DOPPLER_KERNEL_BASE_PATH__ = new URL(
          '../vendor/doppler/src/gpu/kernels',
          document.baseURI
        ).toString().replace(/\/+$/, '');
      </script>
      <link rel="stylesheet" href="./styles.css?v=28cc3dcf9b982c93df049c32c4669744d2f49bc6-f5eb9b768c7a">
      <link rel="stylesheet" href="../shared/design/theme-control.css?v=28cc3dcf9b982c93df049c32c4669744d2f49bc6-f5eb9b768c7a">
    </head>
    <body class="create-app">
      <div class="sim-theme-control" data-theme-control>
        <button type="button" aria-label="Theme follows system. Switch to Light theme.">
          <span class="sim-theme-icon-stack" aria-hidden="true">
            <span data-theme-icon="system">◐</span>
            <span data-theme-icon="light">☼</span>
            <span data-theme-icon="dark">☾</span>
          </span>
          <span class="sim-theme-control-label" data-theme-label aria-hidden="true">System</span>
        </button>
      </div>
      <header class="create-header">
        <nav class="sim-product-nav" aria-label="Simulatte">
          <a class="create-brand" href="https://simulatte.world/" data-local-href="../">Simulatte</a>
          <span class="create-product">Create</span>
          <a class="create-back" href="https://simulatte.world/" data-local-href="../">Explore simulations</a>
        </nav>
        <button id="prompt-dock-toggle" class="sim-action" type="button" aria-controls="create-editor" aria-expanded="true">Hide editor</button>
      </header>
      <main class="physics-stage" aria-label="Create a simulation" data-create-state="empty">
        <section id="create-editor" class="physics-panel prompt-dock" aria-label="Simulation editor">
          <div class="prompt-dock-head">
            <p class="create-eyebrow">FROM IDEA TO SIMULATION</p>
            <h1>Make something move.</h1>
            <p>Describe a scene. Run it, explore it, then make it yours.</p>
          </div>
    
          <div class="prompt-dock-core">
            <div class="builder-row">
              <label class="create-prompt-label" for="build-prompt">What do you want to simulate?</label>
              <textarea id="build-prompt" class="sim-field" aria-label="Simulation request" placeholder="A red ball bouncing on the ground…" aria-describedby="create-prompt-help"></textarea>
              <p id="create-prompt-help" class="create-help">Start with an object, then add motion or surroundings.</p>
              <div class="create-examples" aria-label="Starting ideas">
                <span>Try an idea</span>
                <button type="button" data-create-prompt="a red ball">A red ball</button>
                <button type="button" data-create-prompt="a blue cube">A blue cube</button>
                <button type="button" data-create-prompt="a pendulum">A pendulum</button>
              </div>
              <div class="prompt-actions" aria-label="Create actions">
                <button id="build-lab" class="primary-action prompt-side-action sim-action sim-action-primary" type="button" aria-label="Run simulation" disabled>
                  <span class="prompt-action-icon" aria-hidden="true">↵</span>
                  <span class="prompt-action-label">Run simulation</span>
                </button>
                <button id="shuffle-prompt" class="example-chip prompt-side-action sim-action" type="button" aria-label="Run a random example" title="Run a random example">
                  <span class="prompt-action-icon" aria-hidden="true">⇄</span>
                  <span class="prompt-action-label">Surprise me</span>
                </button>
              </div>
              <input id="blank-neural-models" type="checkbox" hidden aria-describedby="blank-neural-model-note">
              <span id="blank-neural-model-note" class="sr-only">Deterministic language pipeline is active.</span>
            </div>
    
            <div class="create-run-status" role="status" aria-live="polite">
              <span class="create-status-dot" aria-hidden="true"></span>
              <div><strong id="create-status-title">Ready to create</strong><p id="create-status-message">Choose an idea or write your own.</p></div>
            </div>
            <p class="create-local-note">No account needed. Your scene runs in this browser.</p>
            <details id="create-tools" class="create-tools">
              <summary>Tools &amp; settings</summary>
                <details class="model-selection-panel">
                  <summary>Model settings</summary>
                  <div id="model-selection-controls" class="model-selection-controls" aria-label="Pipeline model selection"></div>
                </details>
            <div class="create-inspectors">
                  <details id="world-spec-editor-panel" class="world-spec-editor-panel">
                    <summary class="sim-action">Edit simulation</summary>
                    <div class="world-spec-editor-controls">
                      <label for="world-spec-edit-rationale">Edit rationale</label>
                      <input id="world-spec-edit-rationale" class="sim-field" type="text" placeholder="Why this change is required">
                      <textarea id="world-spec-editor" class="sim-field sim-program-editor" aria-label="Editable WorldSpec JSON" spellcheck="false"></textarea>
                      <div class="prompt-more-actions" aria-label="WorldSpec actions">
                        <button class="sim-action" id="apply-world-spec" type="button" disabled>Apply WorldSpec</button>
                        <button class="sim-action" id="replay-world-spec" type="button" disabled>Replay exact spec</button>
                        <button class="sim-action" id="reset-world-spec-edit" type="button">Discard edit</button>
                        <button class="sim-action" id="export-improvement-record" type="button" disabled>Export correction record</button>
                        <button class="sim-action" id="import-lab" type="button">Import</button>
                      </div>
                      <input id="world-spec-import-file" type="file" accept="application/json,.json" hidden>
                      <p id="world-spec-editor-status" class="world-spec-editor-status sim-status" data-state="idle" aria-live="polite">Open to inspect the executable program</p>
                      <p id="world-improvement-record-status" class="world-spec-editor-status sim-status" data-state="idle" aria-live="polite">Complete a failed-obligation edit and exact replay to create a record</p>
                    </div>
                  </details>
                  <details id="world-proof-panel" class="world-proof-panel">
                    <summary class="sim-action">Validation</summary>
                    <pre id="world-proof-preview" class="sim-code spec-preview world-proof-preview" tabindex="0">{}</pre>
                  </details>
            <details id="run-details-menu" class="run-details-menu">
              <summary class="sim-action">Run details</summary>
            <div id="intent-runtime" class="intent-runtime" data-state="idle" aria-live="polite">
              <div class="intent-runtime-head">
                <strong id="intent-runtime-title">Deterministic ready</strong>
                <span id="intent-runtime-percent" class="intent-runtime-percent">0%</span>
              </div>
              <div class="intent-runtime-track" aria-hidden="true">
                <span id="intent-runtime-fill" class="intent-runtime-fill"></span>
              </div>
              <div class="intent-runtime-meta">
                <span id="intent-runtime-message">idle</span>
              </div>
              <span id="intent-runtime-stage" class="intent-runtime-detail">standby</span>
            </div>
    
              <aside class="phase-rail-shell" aria-label="Eight phase run status">
                <nav id="phase-rail" class="phase-rail" aria-label="Run phases"></nav>
                <p id="phase-details" class="phase-details" aria-live="polite"></p>
                <button id="copy-run-receipt" class="quiet-action sim-action" type="button">Copy run receipt</button>
              </aside>
            </details>
    
            <details id="prompt-more-menu" class="prompt-more-menu">
              <summary class="sim-action">Technical details</summary>
              <div class="prompt-more-content">
                <div class="prompt-more-section-title">Run state</div>
                <div class="prompt-more-runtime">
                  <span id="lab-state" class="physics-status" aria-live="polite">loading pipeline</span>
                  <span id="fps-readout" class="physics-fps" data-perf="idle">FPS --</span>
                </div>
                <section id="world-model-panel" class="world-model-panel" aria-label="Compiled world model receipt">
                  <div class="world-model-head">
                    <strong>WorldSpec</strong>
                    <span id="world-model-status" class="world-model-status">blank</span>
                  </div>
                  <div id="world-model-summary" class="world-model-summary">blank construction plane</div>
                  <div id="world-model-chips" class="world-model-chips" aria-label="World model counts"></div>
                  <div class="prompt-more-section-title">Receipts</div>
                  <pre id="spec-preview" class="sim-code spec-preview physics-spec-preview" tabindex="0">{}</pre>
    
    
                </section>
              </div>
            </details>
          </div>
            </details>
          </div>
          <input id="simulation-name" type="hidden" value="">
        </section>
    
        <section class="create-preview" aria-label="Simulation preview">
          <div class="create-preview-bar">
            <span id="create-preview-title">Preview</span>
            <div class="create-preview-actions" id="create-preview-actions" hidden>
              <button id="pause-lab" class="sim-action" type="button" aria-pressed="false">Pause</button>
              <button id="reset-lab" class="sim-action" type="button">Restart</button>
              <button id="export-lab" class="sim-action" type="button">Export</button>
            </div>
          </div>
          <div class="physics-canvas-wrap">
            <div class="create-empty" id="create-empty">
              <span class="create-empty-mark" aria-hidden="true">+</span>
              <h2>Your simulation starts here.</h2>
              <p>Describe a scene, then select Run simulation.</p>
            </div>
          <canvas id="physics-canvas" tabindex="0" aria-label="Interactive Simulatte physics canvas"
            aria-describedby="world-interaction-help" data-scene-visible="false"></canvas>
          <p id="world-interaction-help" class="sr-only">Click an object to select it. Drag to move or push it. Use arrow keys to nudge it, Space to apply an impulse, Enter to activate it, and Escape to clear the selection.</p>
          <canvas id="loading-canvas" aria-label="Snake loading canvas" hidden></canvas>
          </div>
          <p class="create-interaction-hint" id="create-interaction-hint" hidden>Click an object to select it. Drag to interact.</p>
        </section>
    
        <dialog id="world-spec-reconciliation-dialog" class="neural-consent-dialog world-spec-reconciliation-dialog"
          aria-labelledby="world-spec-reconciliation-title" data-state="idle">
          <div class="neural-consent-body">
            <h2 id="world-spec-reconciliation-title">Reconcile accepted edits</h2>
            <p id="world-spec-reconciliation-summary">Accepted edits require a decision before recompilation can execute.</p>
            <p id="world-spec-reconciliation-conflicts" class="world-spec-reconciliation-conflicts" data-state="ready"></p>
            <details class="world-spec-reconciliation-detail">
              <summary>Inspect affected fields</summary>
              <ol id="world-spec-reconciliation-fields"></ol>
            </details>
            <div class="neural-consent-actions world-spec-reconciliation-actions">
              <button id="cancel-world-spec-reconciliation" class="sim-action" type="button">Keep current world</button>
              <button id="accept-recompiled-world-spec" class="sim-action" type="button">Use fresh compilation</button>
              <button id="preserve-world-spec-overrides" class="sim-action sim-action-primary" type="button">Keep edits and recompile</button>
            </div>
          </div>
        </dialog>
    
        <dialog id="neural-model-dialog" class="neural-consent-dialog" aria-labelledby="neural-model-title">
          <div class="neural-consent-body">
            <h2 id="neural-model-title">Enable local Qwen embedding?</h2>
            <p data-neural-model="surface-use">Blank uses Qwen embeddings for open-vocabulary retrieval. Deterministic scoring and refusal remain authoritative.</p>
            <div class="neural-model-list" aria-label="Models stored on this device">
              <div class="neural-model-row"><span data-neural-model="embedding-name">Qwen embedding</span><span data-neural-model="embedding-size">Loading size</span></div>
            </div>
            <p class="neural-consent-facts"><span data-neural-model="download-summary">Model sizes loading</span>. Runs locally through Doppler <span data-neural-model="doppler-version"></span>. Model files are cached on this device; prompts stay in this browser.</p>
            <div class="neural-consent-actions">
              <button class="sim-action" type="button" data-neural-consent="cancel">Not now</button>
              <button class="sim-action sim-action-primary" type="button" data-neural-consent="accept">Enable models</button>
            </div>
          </div>
        </dialog>
      </main>
    
      <script>
        (function trackSimulatteScriptLoads(root) {
          const state = root.SimulatteBoot = root.SimulatteBoot || { failedScripts: [] };
          root.addEventListener('error', (event) => {
            const target = event && event.target;
            const src = target && target.tagName === 'SCRIPT' ? target.getAttribute('src') : '';
            if (!src || !/(^|\/)(app|pipeline)\//.test(src)) return;
            state.failedScripts.push(src);
          }, true);
        })(typeof globalThis !== 'undefined' ? globalThis : window);
      </script>
      <!-- SIMULATTE_RUNTIME_SCRIPTS_START -->
      <meta name="simulatte-runtime-source" content="sha256:5937f2c3da9e60e4191a5542fe5900aae3acdaf215195069d6a10f00a72bf2ae">
      <script defer src="./app/runtime-script-manifest.js?v=28cc3dcf9b982c93df049c32c4669744d2f49bc6-f5eb9b768c7a"></script>
      <script defer src="../neural-model-consent.js?v=28cc3dcf9b982c93df049c32c4669744d2f49bc6-f5eb9b768c7a"></script>
      <script defer src="../shared/design/program-editor.js?v=28cc3dcf9b982c93df049c32c4669744d2f49bc6-f5eb9b768c7a"></script>
      <script defer src="../shared/design/product-navigation.js?v=28cc3dcf9b982c93df049c32c4669744d2f49bc6-f5eb9b768c7a"></script>
      <script defer src="../shared/render/render-targets.js?v=28cc3dcf9b982c93df049c32c4669744d2f49bc6-f5eb9b768c7a"></script>
      <script defer src="../shared/render/renderer-session.js?v=28cc3dcf9b982c93df049c32c4669744d2f49bc6-f5eb9b768c7a"></script>
      <script defer src="../model-selection.js?v=28cc3dcf9b982c93df049c32c4669744d2f49bc6-f5eb9b768c7a"></script>
      <script defer src="../shared/core/pipeline-runner.js?v=28cc3dcf9b982c93df049c32c4669744d2f49bc6-f5eb9b768c7a"></script>
      <script defer src="../shared/deterministic-values.js?v=28cc3dcf9b982c93df049c32c4669744d2f49bc6-f5eb9b768c7a"></script>
      <script defer src="../shared/contracts/world-spec-authorship.js?v=28cc3dcf9b982c93df049c32c4669744d2f49bc6-f5eb9b768c7a"></script>
      <script defer src="../shared/contracts/world-spec.js?v=28cc3dcf9b982c93df049c32c4669744d2f49bc6-f5eb9b768c7a"></script>
      <script defer src="../shared/contracts/input-source.js?v=28cc3dcf9b982c93df049c32c4669744d2f49bc6-f5eb9b768c7a"></script>
      <script defer src="../shared/contracts/world-proof-compiler.js?v=28cc3dcf9b982c93df049c32c4669744d2f49bc6-f5eb9b768c7a"></script>
      <script defer src="../shared/contracts/world-proof-intent.js?v=28cc3dcf9b982c93df049c32c4669744d2f49bc6-f5eb9b768c7a"></script>
      <script defer src="../shared/contracts/world-proof-semantic.js?v=28cc3dcf9b982c93df049c32c4669744d2f49bc6-f5eb9b768c7a"></script>
      <script defer src="../shared/contracts/world-proof-simulation.js?v=28cc3dcf9b982c93df049c32c4669744d2f49bc6-f5eb9b768c7a"></script>
      <script defer src="../shared/contracts/world-proof-interaction.js?v=28cc3dcf9b982c93df049c32c4669744d2f49bc6-f5eb9b768c7a"></script>
      <script defer src="../shared/contracts/world-proof-safety.js?v=28cc3dcf9b982c93df049c32c4669744d2f49bc6-f5eb9b768c7a"></script>
      <script defer src="../shared/contracts/world-proof.js?v=28cc3dcf9b982c93df049c32c4669744d2f49bc6-f5eb9b768c7a"></script>
      <script defer src="../shared/language/positive-language.js?v=28cc3dcf9b982c93df049c32c4669744d2f49bc6-f5eb9b768c7a"></script>
      <script defer src="./app/runtime/phase-module-registry.js?v=28cc3dcf9b982c93df049c32c4669744d2f49bc6-f5eb9b768c7a"></script>
      <script defer src="./app/runtime/require-runtime-dependency.js?v=28cc3dcf9b982c93df049c32c4669744d2f49bc6-f5eb9b768c7a"></script>
      <script defer src="./pipeline/simulatte-phase-contracts.js?v=28cc3dcf9b982c93df049c32c4669744d2f49bc6-f5eb9b768c7a"></script>
      <script defer src="../shared/blank-core/compat/compiler.js?v=28cc3dcf9b982c93df049c32c4669744d2f49bc6-f5eb9b768c7a"></script>
      <script defer src="./app/runtime/phase-runner.js?v=28cc3dcf9b982c93df049c32c4669744d2f49bc6-f5eb9b768c7a"></script>
      <script defer src="./pipeline/phase-05-simulation/simulatte-physics-catalog-dependencies.js?v=28cc3dcf9b982c93df049c32c4669744d2f49bc6-f5eb9b768c7a"></script>
      <script defer src="./pipeline/phase-05-simulation/simulatte-physics-catalog-constants.js?v=28cc3dcf9b982c93df049c32c4669744d2f49bc6-f5eb9b768c7a"></script>
      <script defer src="./pipeline/phase-05-simulation/simulatte-physics-catalog-templates.js?v=28cc3dcf9b982c93df049c32c4669744d2f49bc6-f5eb9b768c7a"></script>
      <script defer src="./pipeline/phase-05-simulation/simulatte-physics-catalog-primitive-data.js?v=28cc3dcf9b982c93df049c32c4669744d2f49bc6-f5eb9b768c7a"></script>
      <script defer src="./pipeline/phase-05-simulation/simulatte-physics-catalog-materials.js?v=28cc3dcf9b982c93df049c32c4669744d2f49bc6-f5eb9b768c7a"></script>
      <script defer src="./pipeline/phase-05-simulation/simulatte-physics-catalog-graph-data.js?v=28cc3dcf9b982c93df049c32c4669744d2f49bc6-f5eb9b768c7a"></script>
      <script defer src="./pipeline/phase-05-simulation/simulatte-physics-catalog-examples.js?v=28cc3dcf9b982c93df049c32c4669744d2f49bc6-f5eb9b768c7a"></script>
      <script defer src="./pipeline/phase-05-simulation/simulatte-physics-catalog-graph-helpers.js?v=28cc3dcf9b982c93df049c32c4669744d2f49bc6-f5eb9b768c7a"></script>
      <script defer src="./pipeline/phase-05-simulation/simulatte-physics-catalog.js?v=28cc3dcf9b982c93df049c32c4669744d2f49bc6-f5eb9b768c7a"></script>
      <script defer src="../data/simulatte-construction-substrate.js?v=28cc3dcf9b982c93df049c32c4669744d2f49bc6-f5eb9b768c7a"></script>
      <script defer src="./pipeline/phase-03-retrieval/simulatte-semantic-rag-dependencies.js?v=28cc3dcf9b982c93df049c32c4669744d2f49bc6-f5eb9b768c7a"></script>
      <script defer src="./pipeline/phase-03-retrieval/simulatte-semantic-rag-constants.js?v=28cc3dcf9b982c93df049c32c4669744d2f49bc6-f5eb9b768c7a"></script>
      <script defer src="./pipeline/phase-03-retrieval/simulatte-semantic-rag-helpers.js?v=28cc3dcf9b982c93df049c32c4669744d2f49bc6-f5eb9b768c7a"></script>
      <script defer src="./pipeline/phase-03-retrieval/simulatte-semantic-rag-surface-cards.js?v=28cc3dcf9b982c93df049c32c4669744d2f49bc6-f5eb9b768c7a"></script>
      <script defer src="./pipeline/phase-03-retrieval/simulatte-semantic-rag-grounding-cards.js?v=28cc3dcf9b982c93df049c32c4669744d2f49bc6-f5eb9b768c7a"></script>
      <script defer src="./pipeline/phase-03-retrieval/simulatte-semantic-rag-lexical-construction.js?v=28cc3dcf9b982c93df049c32c4669744d2f49bc6-f5eb9b768c7a"></script>
      <script defer src="./pipeline/phase-03-retrieval/simulatte-semantic-rag-retrieval.js?v=28cc3dcf9b982c93df049c32c4669744d2f49bc6-f5eb9b768c7a"></script>
      <script defer src="./pipeline/phase-03-retrieval/simulatte-semantic-rag.js?v=28cc3dcf9b982c93df049c32c4669744d2f49bc6-f5eb9b768c7a"></script>
      <script defer src="./pipeline/phase-01-runtime/simulatte-doppler-intent.js?v=28cc3dcf9b982c93df049c32c4669744d2f49bc6-f5eb9b768c7a"></script>
      <script defer src="./pipeline/phase-04-grounded-intent/simulatte-graph-synthesis-support.js?v=28cc3dcf9b982c93df049c32c4669744d2f49bc6-f5eb9b768c7a"></script>
      <script defer src="./pipeline/phase-04-grounded-intent/simulatte-graph-synthesis-retrieval.js?v=28cc3dcf9b982c93df049c32c4669744d2f49bc6-f5eb9b768c7a"></script>
      <script defer src="./pipeline/phase-04-grounded-intent/simulatte-graph-synthesis-helpers.js?v=28cc3dcf9b982c93df049c32c4669744d2f49bc6-f5eb9b768c7a"></script>
      <script defer src="../data/simulatte-compact-classifiers.js?v=28cc3dcf9b982c93df049c32c4669744d2f49bc6-f5eb9b768c7a"></script>
      <script defer src="./pipeline/phase-03-retrieval/simulatte-compact-classifier-runtime.js?v=28cc3dcf9b982c93df049c32c4669744d2f49bc6-f5eb9b768c7a"></script>
      <script defer src="./pipeline/phase-03-retrieval/simulatte-bounded-classification-requests.js?v=28cc3dcf9b982c93df049c32c4669744d2f49bc6-f5eb9b768c7a"></script>
      <script defer src="./pipeline/phase-03-retrieval/simulatte-classification-tier-router.js?v=28cc3dcf9b982c93df049c32c4669744d2f49bc6-f5eb9b768c7a"></script>
      <script defer src="./pipeline/phase-03-retrieval/simulatte-intent-embedder-bounded-classification.js?v=28cc3dcf9b982c93df049c32c4669744d2f49bc6-f5eb9b768c7a"></script>
      <script defer src="./pipeline/phase-03-retrieval/simulatte-intent-embedder-dependencies.js?v=28cc3dcf9b982c93df049c32c4669744d2f49bc6-f5eb9b768c7a"></script>
      <script defer src="./pipeline/phase-03-retrieval/simulatte-intent-embedder-constants.js?v=28cc3dcf9b982c93df049c32c4669744d2f49bc6-f5eb9b768c7a"></script>
      <script defer src="./pipeline/phase-03-retrieval/simulatte-intent-embedder-model-lock.js?v=28cc3dcf9b982c93df049c32c4669744d2f49bc6-f5eb9b768c7a"></script>
      <script defer src="./pipeline/phase-03-retrieval/simulatte-intent-embedder-model-cache.js?v=28cc3dcf9b982c93df049c32c4669744d2f49bc6-f5eb9b768c7a"></script>
      <script defer src="./pipeline/phase-03-retrieval/simulatte-intent-embedder-runtime-class.js?v=28cc3dcf9b982c93df049c32c4669744d2f49bc6-f5eb9b768c7a"></script>
      <script defer src="./pipeline/phase-03-retrieval/simulatte-intent-embedder-runtime-probes.js?v=28cc3dcf9b982c93df049c32c4669744d2f49bc6-f5eb9b768c7a"></script>
      <script defer src="./pipeline/phase-03-retrieval/simulatte-intent-embedder-universe-loader.js?v=28cc3dcf9b982c93df049c32c4669744d2f49bc6-f5eb9b768c7a"></script>
      <script defer src="./pipeline/phase-03-retrieval/simulatte-intent-embedder-manifest-loader.js?v=28cc3dcf9b982c93df049c32c4669744d2f49bc6-f5eb9b768c7a"></script>
      <script defer src="./pipeline/phase-03-retrieval/simulatte-intent-embedder-construction-retrieval.js?v=28cc3dcf9b982c93df049c32c4669744d2f49bc6-f5eb9b768c7a"></script>
      <script defer src="./pipeline/phase-03-retrieval/simulatte-intent-embedder-span-retrieval.js?v=28cc3dcf9b982c93df049c32c4669744d2f49bc6-f5eb9b768c7a"></script>
      <script defer src="./pipeline/phase-03-retrieval/simulatte-intent-embedder-slot-retrieval.js?v=28cc3dcf9b982c93df049c32c4669744d2f49bc6-f5eb9b768c7a"></script>
      <script defer src="./pipeline/phase-03-retrieval/simulatte-intent-embedder-slot-rerank.js?v=28cc3dcf9b982c93df049c32c4669744d2f49bc6-f5eb9b768c7a"></script>
      <script defer src="./pipeline/phase-03-retrieval/simulatte-intent-embedder-rerank-runtime.js?v=28cc3dcf9b982c93df049c32c4669744d2f49bc6-f5eb9b768c7a"></script>
      <script defer src="./pipeline/phase-03-retrieval/simulatte-intent-embedder-manifest-cache.js?v=28cc3dcf9b982c93df049c32c4669744d2f49bc6-f5eb9b768c7a"></script>
      <script defer src="./pipeline/phase-03-retrieval/simulatte-intent-embedder-rerank.js?v=28cc3dcf9b982c93df049c32c4669744d2f49bc6-f5eb9b768c7a"></script>
      <script defer src="./pipeline/phase-03-retrieval/simulatte-intent-embedder-vectors.js?v=28cc3dcf9b982c93df049c32c4669744d2f49bc6-f5eb9b768c7a"></script>
      <script defer src="./pipeline/phase-03-retrieval/simulatte-intent-embedder-facade-support.js?v=28cc3dcf9b982c93df049c32c4669744d2f49bc6-f5eb9b768c7a"></script>
      <script defer src="./pipeline/phase-03-retrieval/simulatte-intent-embedder.js?v=28cc3dcf9b982c93df049c32c4669744d2f49bc6-f5eb9b768c7a"></script>
      <script defer src="./pipeline/phase-03-retrieval/simulatte-conditional-reranking.js?v=28cc3dcf9b982c93df049c32c4669744d2f49bc6-f5eb9b768c7a"></script>
      <script defer src="./pipeline/phase-03-retrieval/simulatte-intent-classifier.js?v=28cc3dcf9b982c93df049c32c4669744d2f49bc6-f5eb9b768c7a"></script>
      <script defer src="../data/simulatte-language-lexicon.js?v=28cc3dcf9b982c93df049c32c4669744d2f49bc6-f5eb9b768c7a"></script>
      <script defer src="../simulatte/language/simulatte-language-structure.js?v=28cc3dcf9b982c93df049c32c4669744d2f49bc6-f5eb9b768c7a"></script>
      <script defer src="../simulatte/language/simulatte-universe-parser.js?v=28cc3dcf9b982c93df049c32c4669744d2f49bc6-f5eb9b768c7a"></script>
      <script defer src="./pipeline/phase-02-language/simulatte-universe-parser.js?v=28cc3dcf9b982c93df049c32c4669744d2f49bc6-f5eb9b768c7a"></script>
      <script defer src="./pipeline/phase-04-grounded-intent/simulatte-universe-grounder-graph.js?v=28cc3dcf9b982c93df049c32c4669744d2f49bc6-f5eb9b768c7a"></script>
      <script defer src="./pipeline/phase-04-grounded-intent/simulatte-universe-grounder-candidates.js?v=28cc3dcf9b982c93df049c32c4669744d2f49bc6-f5eb9b768c7a"></script>
      <script defer src="./pipeline/phase-04-grounded-intent/simulatte-universe-grounder.js?v=28cc3dcf9b982c93df049c32c4669744d2f49bc6-f5eb9b768c7a"></script>
      <script defer src="./pipeline/phase-05-simulation/simulatte-operator-stage.js?v=28cc3dcf9b982c93df049c32c4669744d2f49bc6-f5eb9b768c7a"></script>
      <script defer src="./pipeline/phase-05-simulation/simulatte-physics-ir-domains.js?v=28cc3dcf9b982c93df049c32c4669744d2f49bc6-f5eb9b768c7a"></script>
      <script defer src="./pipeline/phase-05-simulation/simulatte-physics-ir-behaviors.js?v=28cc3dcf9b982c93df049c32c4669744d2f49bc6-f5eb9b768c7a"></script>
      <script defer src="./pipeline/phase-05-simulation/simulatte-physics-ir-builder.js?v=28cc3dcf9b982c93df049c32c4669744d2f49bc6-f5eb9b768c7a"></script>
      <script defer src="./pipeline/phase-05-simulation/simulatte-physics-ir-validator.js?v=28cc3dcf9b982c93df049c32c4669744d2f49bc6-f5eb9b768c7a"></script>
      <script defer src="./pipeline/phase-04-grounded-intent/simulatte-intent-brief-schema.js?v=28cc3dcf9b982c93df049c32c4669744d2f49bc6-f5eb9b768c7a"></script>
      <script defer src="./pipeline/phase-04-grounded-intent/simulatte-structured-intent-rules.js?v=28cc3dcf9b982c93df049c32c4669744d2f49bc6-f5eb9b768c7a"></script>
      <script defer src="./pipeline/phase-04-grounded-intent/simulatte-causal-physics-graph.js?v=28cc3dcf9b982c93df049c32c4669744d2f49bc6-f5eb9b768c7a"></script>
      <script defer src="./pipeline/phase-04-grounded-intent/simulatte-assumption-ledger.js?v=28cc3dcf9b982c93df049c32c4669744d2f49bc6-f5eb9b768c7a"></script>
      <script defer src="./pipeline/phase-04-grounded-intent/simulatte-causal-visual-affordances.js?v=28cc3dcf9b982c93df049c32c4669744d2f49bc6-f5eb9b768c7a"></script>
      <script defer src="./pipeline/phase-02-language/simulatte-language-evidence.js?v=28cc3dcf9b982c93df049c32c4669744d2f49bc6-f5eb9b768c7a"></script>
      <script defer src="./pipeline/phase-03-retrieval/simulatte-activation-cloud.js?v=28cc3dcf9b982c93df049c32c4669744d2f49bc6-f5eb9b768c7a"></script>
      <script defer src="./pipeline/phase-04-grounded-intent/simulatte-grounded-interpretation.js?v=28cc3dcf9b982c93df049c32c4669744d2f49bc6-f5eb9b768c7a"></script>
      <script defer src="./pipeline/phase-04-grounded-intent/simulatte-intent-forensics.js?v=28cc3dcf9b982c93df049c32c4669744d2f49bc6-f5eb9b768c7a"></script>
      <script defer src="./pipeline/phase-05-simulation/solvers/simulatte-solver-values.js?v=28cc3dcf9b982c93df049c32c4669744d2f49bc6-f5eb9b768c7a"></script>
      <script defer src="./pipeline/phase-05-simulation/solvers/simulatte-solver-interaction-kinematics.js?v=28cc3dcf9b982c93df049c32c4669744d2f49bc6-f5eb9b768c7a"></script>
      <script defer src="./pipeline/phase-05-simulation/solvers/simulatte-solver-rigid-body-2d.js?v=28cc3dcf9b982c93df049c32c4669744d2f49bc6-f5eb9b768c7a"></script>
      <script defer src="./pipeline/phase-05-simulation/solvers/simulatte-solver-particles.js?v=28cc3dcf9b982c93df049c32c4669744d2f49bc6-f5eb9b768c7a"></script>
      <script defer src="./pipeline/phase-05-simulation/solvers/simulatte-solver-constraints.js?v=28cc3dcf9b982c93df049c32c4669744d2f49bc6-f5eb9b768c7a"></script>
      <script defer src="./pipeline/phase-05-simulation/solvers/simulatte-solver-thermal.js?v=28cc3dcf9b982c93df049c32c4669744d2f49bc6-f5eb9b768c7a"></script>
      <script defer src="./pipeline/phase-05-simulation/solvers/simulatte-solver-advection.js?v=28cc3dcf9b982c93df049c32c4669744d2f49bc6-f5eb9b768c7a"></script>
      <script defer src="./pipeline/phase-05-simulation/solvers/simulatte-solver-pressure-flow-lite.js?v=28cc3dcf9b982c93df049c32c4669744d2f49bc6-f5eb9b768c7a"></script>
      <script defer src="./pipeline/phase-05-simulation/solvers/simulatte-solver-wave-field.js?v=28cc3dcf9b982c93df049c32c4669744d2f49bc6-f5eb9b768c7a"></script>
      <script defer src="./pipeline/phase-05-simulation/solvers/simulatte-solver-reaction-diffusion.js?v=28cc3dcf9b982c93df049c32c4669744d2f49bc6-f5eb9b768c7a"></script>
      <script defer src="./pipeline/phase-05-simulation/solvers/simulatte-solver-fracture-threshold.js?v=28cc3dcf9b982c93df049c32c4669744d2f49bc6-f5eb9b768c7a"></script>
      <script defer src="./pipeline/phase-05-simulation/solvers/simulatte-solver-rotational-mechanics.js?v=28cc3dcf9b982c93df049c32c4669744d2f49bc6-f5eb9b768c7a"></script>
      <script defer src="./pipeline/phase-05-simulation/solvers/simulatte-solver-network-control.js?v=28cc3dcf9b982c93df049c32c4669744d2f49bc6-f5eb9b768c7a"></script>
      <script defer src="./pipeline/phase-05-simulation/solvers/simulatte-solver-growth-decay.js?v=28cc3dcf9b982c93df049c32c4669744d2f49bc6-f5eb9b768c7a"></script>
      <script defer src="./pipeline/phase-05-simulation/solvers/simulatte-solver-particle-deposition.js?v=28cc3dcf9b982c93df049c32c4669744d2f49bc6-f5eb9b768c7a"></script>
      <script defer src="./pipeline/phase-05-simulation/simulatte-solver-registry.js?v=28cc3dcf9b982c93df049c32c4669744d2f49bc6-f5eb9b768c7a"></script>
      <script defer src="./pipeline/phase-05-simulation/simulatte-solver-compiler.js?v=28cc3dcf9b982c93df049c32c4669744d2f49bc6-f5eb9b768c7a"></script>
      <script defer src="./pipeline/phase-05-simulation/simulatte-render-registry.js?v=28cc3dcf9b982c93df049c32c4669744d2f49bc6-f5eb9b768c7a"></script>
      <script defer src="./pipeline/phase-05-simulation/simulatte-render-ir.js?v=28cc3dcf9b982c93df049c32c4669744d2f49bc6-f5eb9b768c7a"></script>
      <script defer src="./pipeline/phase-05-simulation/simulatte-interaction-ir.js?v=28cc3dcf9b982c93df049c32c4669744d2f49bc6-f5eb9b768c7a"></script>
      <script defer src="./pipeline/phase-06-visual/simulatte-visual-operator-atlas.js?v=28cc3dcf9b982c93df049c32c4669744d2f49bc6-f5eb9b768c7a"></script>
      <script defer src="./pipeline/phase-06-visual/simulatte-visual-graphics-atoms.js?v=28cc3dcf9b982c93df049c32c4669744d2f49bc6-f5eb9b768c7a"></script>
      <script defer src="./pipeline/phase-06-visual/simulatte-visual-operator-compiler.js?v=28cc3dcf9b982c93df049c32c4669744d2f49bc6-f5eb9b768c7a"></script>
      <script defer src="./pipeline/phase-06-visual/simulatte-scene-packet-contract.js?v=28cc3dcf9b982c93df049c32c4669744d2f49bc6-f5eb9b768c7a"></script>
      <script defer src="./pipeline/phase-06-visual/simulatte-composition-graph-dependencies.js?v=28cc3dcf9b982c93df049c32c4669744d2f49bc6-f5eb9b768c7a"></script>
      <script defer src="./pipeline/phase-06-visual/simulatte-composition-graph-constants.js?v=28cc3dcf9b982c93df049c32c4669744d2f49bc6-f5eb9b768c7a"></script>
      <script defer src="./pipeline/phase-06-visual/simulatte-composition-graph-selection-layout.js?v=28cc3dcf9b982c93df049c32c4669744d2f49bc6-f5eb9b768c7a"></script>
      <script defer src="./pipeline/phase-06-visual/simulatte-composition-graph-render-ir-binding.js?v=28cc3dcf9b982c93df049c32c4669744d2f49bc6-f5eb9b768c7a"></script>
      <script defer src="./pipeline/phase-06-visual/simulatte-composition-graph-entity-lowering.js?v=28cc3dcf9b982c93df049c32c4669744d2f49bc6-f5eb9b768c7a"></script>
      <script defer src="./pipeline/phase-06-visual/simulatte-composition-graph-graphics-atom-lowering.js?v=28cc3dcf9b982c93df049c32c4669744d2f49bc6-f5eb9b768c7a"></script>
      <script defer src="./pipeline/phase-06-visual/simulatte-composition-graph-visual-ir.js?v=28cc3dcf9b982c93df049c32c4669744d2f49bc6-f5eb9b768c7a"></script>
      <script defer src="./pipeline/phase-06-visual/simulatte-scene-interaction.js?v=28cc3dcf9b982c93df049c32c4669744d2f49bc6-f5eb9b768c7a"></script>
      <script defer src="./pipeline/phase-06-visual/simulatte-composition-graph-materials.js?v=28cc3dcf9b982c93df049c32c4669744d2f49bc6-f5eb9b768c7a"></script>
      <script defer src="./pipeline/phase-06-visual/simulatte-construction-evidence.js?v=28cc3dcf9b982c93df049c32c4669744d2f49bc6-f5eb9b768c7a"></script>
      <script defer src="./pipeline/phase-06-visual/simulatte-construction-placement.js?v=28cc3dcf9b982c93df049c32c4669744d2f49bc6-f5eb9b768c7a"></script>
      <script defer src="./pipeline/phase-06-visual/simulatte-construction-parts.js?v=28cc3dcf9b982c93df049c32c4669744d2f49bc6-f5eb9b768c7a"></script>
      <script defer src="./pipeline/phase-06-visual/simulatte-construction-geometry.js?v=28cc3dcf9b982c93df049c32c4669744d2f49bc6-f5eb9b768c7a"></script>
      <script defer src="./pipeline/phase-06-visual/simulatte-prompt-visual-contracts.js?v=28cc3dcf9b982c93df049c32c4669744d2f49bc6-f5eb9b768c7a"></script>
      <script defer src="./pipeline/phase-06-visual/simulatte-object-geometry-grammars.js?v=28cc3dcf9b982c93df049c32c4669744d2f49bc6-f5eb9b768c7a"></script>
      <script defer src="./pipeline/phase-06-visual/simulatte-object-geometry-morphology.js?v=28cc3dcf9b982c93df049c32c4669744d2f49bc6-f5eb9b768c7a"></script>
      <script defer src="./pipeline/phase-06-visual/simulatte-scene-atmosphere.js?v=28cc3dcf9b982c93df049c32c4669744d2f49bc6-f5eb9b768c7a"></script>
      <script defer src="./pipeline/phase-06-visual/simulatte-scene-framing.js?v=28cc3dcf9b982c93df049c32c4669744d2f49bc6-f5eb9b768c7a"></script>
      <script defer src="./pipeline/phase-06-visual/simulatte-scene-animation.js?v=28cc3dcf9b982c93df049c32c4669744d2f49bc6-f5eb9b768c7a"></script>
      <script defer src="./pipeline/phase-06-visual/simulatte-composition-graph-scene-packet.js?v=28cc3dcf9b982c93df049c32c4669744d2f49bc6-f5eb9b768c7a"></script>
      <script defer src="./pipeline/phase-06-visual/simulatte-composition-graph-visual-genome.js?v=28cc3dcf9b982c93df049c32c4669744d2f49bc6-f5eb9b768c7a"></script>
      <script defer src="./pipeline/phase-06-visual/simulatte-composition-graph-programs.js?v=28cc3dcf9b982c93df049c32c4669744d2f49bc6-f5eb9b768c7a"></script>
      <script defer src="./pipeline/phase-06-visual/simulatte-composition-graph-dialects.js?v=28cc3dcf9b982c93df049c32c4669744d2f49bc6-f5eb9b768c7a"></script>
      <script defer src="./pipeline/phase-06-visual/simulatte-composition-graph-constraint-layout.js?v=28cc3dcf9b982c93df049c32c4669744d2f49bc6-f5eb9b768c7a"></script>
      <script defer src="./pipeline/phase-06-visual/simulatte-composition-graph-helpers.js?v=28cc3dcf9b982c93df049c32c4669744d2f49bc6-f5eb9b768c7a"></script>
      <script defer src="./pipeline/phase-06-visual/simulatte-composition-graph-facade-support.js?v=28cc3dcf9b982c93df049c32c4669744d2f49bc6-f5eb9b768c7a"></script>
      <script defer src="./pipeline/phase-06-visual/simulatte-composition-graph.js?v=28cc3dcf9b982c93df049c32c4669744d2f49bc6-f5eb9b768c7a"></script>
      <script defer src="./app/loading/loading-canvas-support.js?v=28cc3dcf9b982c93df049c32c4669744d2f49bc6-f5eb9b768c7a"></script>
      <script defer src="./app/loading/loading-canvas.js?v=28cc3dcf9b982c93df049c32c4669744d2f49bc6-f5eb9b768c7a"></script>
      <script defer src="./app/runtime/runtime-progress-support.js?v=28cc3dcf9b982c93df049c32c4669744d2f49bc6-f5eb9b768c7a"></script>
      <script defer src="./app/runtime/runtime-progress-state.js?v=28cc3dcf9b982c93df049c32c4669744d2f49bc6-f5eb9b768c7a"></script>
      <script defer src="./app/runtime/runtime-progress.js?v=28cc3dcf9b982c93df049c32c4669744d2f49bc6-f5eb9b768c7a"></script>
      <script defer src="./app/runtime/run-view-model.js?v=28cc3dcf9b982c93df049c32c4669744d2f49bc6-f5eb9b768c7a"></script>
      <script defer src="./app/runtime/world-interaction-runtime.js?v=28cc3dcf9b982c93df049c32c4669744d2f49bc6-f5eb9b768c7a"></script>
      <script defer src="./pipeline/phase-07-render/simulatte-render-execution-input.js?v=28cc3dcf9b982c93df049c32c4669744d2f49bc6-f5eb9b768c7a"></script>
      <script defer src="./pipeline/phase-07-render/simulatte-object-realization.js?v=28cc3dcf9b982c93df049c32c4669744d2f49bc6-f5eb9b768c7a"></script>
      <script defer src="./pipeline/phase-07-render/simulatte-render-evidence-binding.js?v=28cc3dcf9b982c93df049c32c4669744d2f49bc6-f5eb9b768c7a"></script>
      <script defer src="./pipeline/phase-07-render/simulatte-render-proof-relations.js?v=28cc3dcf9b982c93df049c32c4669744d2f49bc6-f5eb9b768c7a"></script>
      <script defer src="./pipeline/phase-07-render/simulatte-render-proof.js?v=28cc3dcf9b982c93df049c32c4669744d2f49bc6-f5eb9b768c7a"></script>
      <script defer src="./pipeline/phase-07-render/simulatte-webgpu-renderer-dependencies.js?v=28cc3dcf9b982c93df049c32c4669744d2f49bc6-f5eb9b768c7a"></script>
      <script defer src="./pipeline/phase-07-render/simulatte-webgpu-renderer-constants.js?v=28cc3dcf9b982c93df049c32c4669744d2f49bc6-f5eb9b768c7a"></script>
      <script defer src="./pipeline/phase-07-render/simulatte-webgpu-renderer-pixel-plan.js?v=28cc3dcf9b982c93df049c32c4669744d2f49bc6-f5eb9b768c7a"></script>
      <script defer src="./pipeline/phase-07-render/simulatte-webgpu-renderer-scene-proof-observer.js?v=28cc3dcf9b982c93df049c32c4669744d2f49bc6-f5eb9b768c7a"></script>
      <script defer src="./pipeline/phase-07-render/simulatte-webgpu-renderer-proof-datasets.js?v=28cc3dcf9b982c93df049c32c4669744d2f49bc6-f5eb9b768c7a"></script>
      <script defer src="./pipeline/phase-07-render/simulatte-webgpu-renderer-lifecycle.js?v=28cc3dcf9b982c93df049c32c4669744d2f49bc6-f5eb9b768c7a"></script>
      <script defer src="./pipeline/phase-07-render/simulatte-webgpu-renderer-frame-evidence.js?v=28cc3dcf9b982c93df049c32c4669744d2f49bc6-f5eb9b768c7a"></script>
      <script defer src="./pipeline/phase-07-render/simulatte-webgpu-renderer-phase.js?v=28cc3dcf9b982c93df049c32c4669744d2f49bc6-f5eb9b768c7a"></script>
      <script defer src="./pipeline/phase-07-render/simulatte-webgpu-renderer-renderer-class.js?v=28cc3dcf9b982c93df049c32c4669744d2f49bc6-f5eb9b768c7a"></script>
      <script defer src="./pipeline/phase-07-render/simulatte-webgpu-renderer-part-segmentation.js?v=28cc3dcf9b982c93df049c32c4669744d2f49bc6-f5eb9b768c7a"></script>
      <script defer src="./pipeline/phase-07-render/simulatte-webgpu-renderer-morphology.js?v=28cc3dcf9b982c93df049c32c4669744d2f49bc6-f5eb9b768c7a"></script>
      <script defer src="./pipeline/phase-07-render/simulatte-webgpu-renderer-interaction.js?v=28cc3dcf9b982c93df049c32c4669744d2f49bc6-f5eb9b768c7a"></script>
      <script defer src="./pipeline/phase-07-render/simulatte-webgpu-renderer-packets.js?v=28cc3dcf9b982c93df049c32c4669744d2f49bc6-f5eb9b768c7a"></script>
      <script defer src="./pipeline/phase-07-render/simulatte-webgpu-renderer-pixel-proof.js?v=28cc3dcf9b982c93df049c32c4669744d2f49bc6-f5eb9b768c7a"></script>
      <script defer src="./pipeline/phase-07-render/simulatte-webgpu-renderer-gpu-data.js?v=28cc3dcf9b982c93df049c32c4669744d2f49bc6-f5eb9b768c7a"></script>
      <script defer src="./pipeline/phase-07-render/simulatte-webgpu-renderer-background-shader.js?v=28cc3dcf9b982c93df049c32c4669744d2f49bc6-f5eb9b768c7a"></script>
      <script defer src="./pipeline/phase-07-render/simulatte-webgpu-renderer-object-shader.js?v=28cc3dcf9b982c93df049c32c4669744d2f49bc6-f5eb9b768c7a"></script>
      <script defer src="./pipeline/phase-07-render/simulatte-webgpu-renderer.js?v=28cc3dcf9b982c93df049c32c4669744d2f49bc6-f5eb9b768c7a"></script>
      <script defer src="./pipeline/phase-08-scene-proof/simulatte-scene-proof.js?v=28cc3dcf9b982c93df049c32c4669744d2f49bc6-f5eb9b768c7a"></script>
      <script defer src="./pipeline/phase-05-simulation/simulatte-physics-model-dependencies.js?v=28cc3dcf9b982c93df049c32c4669744d2f49bc6-f5eb9b768c7a"></script>
      <script defer src="./pipeline/phase-05-simulation/simulatte-physics-model-contracts.js?v=28cc3dcf9b982c93df049c32c4669744d2f49bc6-f5eb9b768c7a"></script>
      <script defer src="./pipeline/phase-05-simulation/simulatte-physics-model-phase-runtime-language.js?v=28cc3dcf9b982c93df049c32c4669744d2f49bc6-f5eb9b768c7a"></script>
      <script defer src="./pipeline/phase-05-simulation/simulatte-physics-model-phase-retrieval-boundary.js?v=28cc3dcf9b982c93df049c32c4669744d2f49bc6-f5eb9b768c7a"></script>
      <script defer src="./pipeline/phase-05-simulation/simulatte-physics-model-phase-retrieval.js?v=28cc3dcf9b982c93df049c32c4669744d2f49bc6-f5eb9b768c7a"></script>
      <script defer src="./pipeline/phase-05-simulation/simulatte-physics-model-activation-verdicts.js?v=28cc3dcf9b982c93df049c32c4669744d2f49bc6-f5eb9b768c7a"></script>
      <script defer src="./pipeline/phase-05-simulation/simulatte-physics-model-activation-fusion.js?v=28cc3dcf9b982c93df049c32c4669744d2f49bc6-f5eb9b768c7a"></script>
      <script defer src="./pipeline/phase-05-simulation/simulatte-physics-model-phase3-ledger.js?v=28cc3dcf9b982c93df049c32c4669744d2f49bc6-f5eb9b768c7a"></script>
      <script defer src="./pipeline/phase-04-grounded-intent/simulatte-semantic-provenance.js?v=28cc3dcf9b982c93df049c32c4669744d2f49bc6-f5eb9b768c7a"></script>
      <script defer src="./pipeline/phase-05-simulation/simulatte-physics-model-phase-grounding.js?v=28cc3dcf9b982c93df049c32c4669744d2f49bc6-f5eb9b768c7a"></script>
      <script defer src="./pipeline/phase-04-grounded-intent/simulatte-world-spec-input.js?v=28cc3dcf9b982c93df049c32c4669744d2f49bc6-f5eb9b768c7a"></script>
      <script defer src="./pipeline/phase-04-grounded-intent/simulatte-user-override-grounding.js?v=28cc3dcf9b982c93df049c32c4669744d2f49bc6-f5eb9b768c7a"></script>
      <script defer src="./pipeline/phase-04-grounded-intent/simulatte-intent-proof.js?v=28cc3dcf9b982c93df049c32c4669744d2f49bc6-f5eb9b768c7a"></script>
      <script defer src="./pipeline/phase-04-grounded-intent/simulatte-semantic-proof.js?v=28cc3dcf9b982c93df049c32c4669744d2f49bc6-f5eb9b768c7a"></script>
      <script defer src="./pipeline/phase-05-simulation/simulatte-physics-model-phase-visual-execution.js?v=28cc3dcf9b982c93df049c32c4669744d2f49bc6-f5eb9b768c7a"></script>
      <script defer src="./pipeline/phase-05-simulation/simulatte-physics-model-phase-simulation.js?v=28cc3dcf9b982c93df049c32c4669744d2f49bc6-f5eb9b768c7a"></script>
      <script defer src="./pipeline/phase-05-simulation/simulatte-world-spec-runtime.js?v=28cc3dcf9b982c93df049c32c4669744d2f49bc6-f5eb9b768c7a"></script>
      <script defer src="./pipeline/phase-03-retrieval/simulatte-candidate-composition.js?v=28cc3dcf9b982c93df049c32c4669744d2f49bc6-f5eb9b768c7a"></script>
      <script defer src="./pipeline/phase-05-simulation/simulatte-physics-model-phase-visual-render.js?v=28cc3dcf9b982c93df049c32c4669744d2f49bc6-f5eb9b768c7a"></script>
      <script defer src="./pipeline/phase-05-simulation/simulatte-physics-model-state-solvers.js?v=28cc3dcf9b982c93df049c32c4669744d2f49bc6-f5eb9b768c7a"></script>
      <script defer src="./pipeline/phase-05-simulation/simulatte-simulation-reproducibility.js?v=28cc3dcf9b982c93df049c32c4669744d2f49bc6-f5eb9b768c7a"></script>
      <script defer src="./pipeline/phase-05-simulation/simulatte-safety-proof.js?v=28cc3dcf9b982c93df049c32c4669744d2f49bc6-f5eb9b768c7a"></script>
      <script defer src="./pipeline/phase-05-simulation/simulatte-physics-model-spec-api.js?v=28cc3dcf9b982c93df049c32c4669744d2f49bc6-f5eb9b768c7a"></script>
      <script defer src="./pipeline/phase-05-simulation/simulatte-physics-model-metrics.js?v=28cc3dcf9b982c93df049c32c4669744d2f49bc6-f5eb9b768c7a"></script>
      <script defer src="./pipeline/phase-05-simulation/simulatte-physics-model-compatibility.js?v=28cc3dcf9b982c93df049c32c4669744d2f49bc6-f5eb9b768c7a"></script>
      <script defer src="./pipeline/phase-05-simulation/simulatte-physics-model.js?v=28cc3dcf9b982c93df049c32c4669744d2f49bc6-f5eb9b768c7a"></script>
      <script defer src="../shared/contracts/world-spec-reconciliation.js?v=28cc3dcf9b982c93df049c32c4669744d2f49bc6-f5eb9b768c7a"></script>
      <script defer src="../shared/contracts/world-improvement-record.js?v=28cc3dcf9b982c93df049c32c4669744d2f49bc6-f5eb9b768c7a"></script>
      <script defer src="./app/prompt/prompt-controller-dependencies.js?v=28cc3dcf9b982c93df049c32c4669744d2f49bc6-f5eb9b768c7a"></script>
      <script defer src="./app/prompt/prompt-controller-construction-search.js?v=28cc3dcf9b982c93df049c32c4669744d2f49bc6-f5eb9b768c7a"></script>
      <script defer src="./app/prompt/prompt-controller-runtime.js?v=28cc3dcf9b982c93df049c32c4669744d2f49bc6-f5eb9b768c7a"></script>
      <script defer src="./app/prompt/prompt-controller-phase-dispatch.js?v=28cc3dcf9b982c93df049c32c4669744d2f49bc6-f5eb9b768c7a"></script>
      <script defer src="./app/prompt/prompt-controller-workers.js?v=28cc3dcf9b982c93df049c32c4669744d2f49bc6-f5eb9b768c7a"></script>
      <script defer src="./app/prompt/prompt-controller-training.js?v=28cc3dcf9b982c93df049c32c4669744d2f49bc6-f5eb9b768c7a"></script>
      <script defer src="./app/prompt/prompt-model-selection.js?v=28cc3dcf9b982c93df049c32c4669744d2f49bc6-f5eb9b768c7a"></script>
      <script defer src="./app/prompt/world-spec-editor.js?v=28cc3dcf9b982c93df049c32c4669744d2f49bc6-f5eb9b768c7a"></script>
      <script defer src="./app/prompt/world-spec-reconciliation-controller.js?v=28cc3dcf9b982c93df049c32c4669744d2f49bc6-f5eb9b768c7a"></script>
      <script defer src="./app/prompt/prompt-controller-compiler-proof.js?v=28cc3dcf9b982c93df049c32c4669744d2f49bc6-f5eb9b768c7a"></script>
      <script defer src="./app/prompt/world-improvement-session.js?v=28cc3dcf9b982c93df049c32c4669744d2f49bc6-f5eb9b768c7a"></script>
      <script defer src="./app/prompt/prompt-proof-session.js?v=28cc3dcf9b982c93df049c32c4669744d2f49bc6-f5eb9b768c7a"></script>
      <script defer src="./app/prompt/prompt-controller-lab-controller.js?v=28cc3dcf9b982c93df049c32c4669744d2f49bc6-f5eb9b768c7a"></script>
      <script defer src="./app/prompt/prompt-controller.js?v=28cc3dcf9b982c93df049c32c4669744d2f49bc6-f5eb9b768c7a"></script>
      <script defer src="./app/simulation/simulation-lab.js?v=28cc3dcf9b982c93df049c32c4669744d2f49bc6-f5eb9b768c7a"></script>
      <script defer src="./app/prompt/prompt-review-bridge-store.js?v=28cc3dcf9b982c93df049c32c4669744d2f49bc6-f5eb9b768c7a"></script>
      <script defer src="./app/prompt/prompt-review-bridge.js?v=28cc3dcf9b982c93df049c32c4669744d2f49bc6-f5eb9b768c7a"></script>
      <script defer src="./app/create-experience.js?v=28cc3dcf9b982c93df049c32c4669744d2f49bc6-f5eb9b768c7a"></script>
      <script defer src="./app/main.js?v=28cc3dcf9b982c93df049c32c4669744d2f49bc6-f5eb9b768c7a"></script>
      <script defer src="./app/version-guard.js?v=28cc3dcf9b982c93df049c32c4669744d2f49bc6-f5eb9b768c7a"></script>
      <!-- SIMULATTE_RUNTIME_SCRIPTS_END -->
    
    </body>
    </html>
    
    @import '../shared/design/themes/create.css';
    /* Create owns page layout; the compiler owns results and validation. */
    html, body { margin: 0; width: 100%; height: 100%; }
    body.create-app { overflow: hidden; }
    .create-header {
      position: sticky; top: 0; z-index: 30;
      height: 72px; display: flex; align-items: center; justify-content: space-between;
      padding: 0 84px 0 28px; gap: 16px; border-bottom: 1px solid var(--sim-line);
      background: var(--sim-glass);
    }
    .create-header .sim-product-nav { flex: 1; gap: 16px; }
    .create-header .create-brand { font: 600 25px var(--sim-heading); color: var(--sim-ink); padding: 0; letter-spacing: -1px; }
    .create-product { padding-left: 16px; border-left: 1px solid var(--sim-line); font-size: 14px; }
    .create-header .create-back { margin-left: auto; font-weight: 400; }
    .create-app > .sim-theme-control { top: 14px; right: 20px; }
    .physics-stage { display: grid; grid-template-columns: 360px minmax(0, 1fr); height: calc(100dvh - 72px); }
    .physics-stage[data-editor-hidden="true"] { grid-template-columns: minmax(0, 1fr); }
    .physics-panel { min-width: 0; overflow: auto; padding: 32px 26px 24px; border-right: 1px solid var(--sim-line); background: var(--sim-glass); }
    .prompt-dock-head { margin-bottom: 32px; }
    .create-eyebrow { font: 10px var(--sim-mono); letter-spacing: .11em; color: var(--sim-ink-faint); }
    .prompt-dock-head h1 { margin: 14px 0 12px; font: 600 34px/1.05 var(--sim-heading); letter-spacing: -.8px; }
    .prompt-dock-head > p:last-child { margin: 0; color: var(--sim-ink-soft); font-size: 14px; line-height: 1.6; max-width: 30ch; }
    .prompt-dock-core, .builder-row { display: grid; gap: 12px; min-width: 0; }
    .create-prompt-label { font-weight: 600; font-size: 13px; }
    #build-prompt { min-height: 132px; max-height: 260px; resize: vertical; font-size: 16px; line-height: 1.55; padding: 14px; background: var(--sim-paper); }
    .create-help { margin: -4px 0 0; color: var(--sim-ink-faint); font-size: 12px; line-height: 1.5; }
    .create-examples { display: flex; flex-wrap: wrap; gap: 6px; margin: 4px 0 8px; }
    .create-examples > span { flex-basis: 100%; font-size: 11px; color: var(--sim-ink-faint); margin-bottom: 2px; }
    .create-examples button { min-height: 44px; padding: 6px 9px; font-size: 12px; border: 1px solid var(--sim-line); background: transparent; color: var(--sim-ink); border-radius: var(--sim-radius-small); cursor: pointer; }
    .create-examples button:hover { border-color: var(--sim-ink); background: var(--sim-paper); }
    .prompt-actions { display: flex; flex-direction: column; gap: 8px; }
    #build-lab { min-height: 48px; background: var(--sim-ink); border-color: var(--sim-ink); color: var(--sim-paper); font-size: 14px; }
    #build-lab:hover:not(:disabled) { background: var(--sim-ink-soft); }
    #build-lab:disabled { opacity: .4; }
    #shuffle-prompt { border-color: transparent; background: transparent; font-weight: 400; font-size: 12px; }
    .prompt-action-icon { font-size: 18px; }
    .create-run-status { display: flex; align-items: baseline; gap: 10px; padding: 16px 0 4px; border-top: 1px solid var(--sim-line); }
    .create-status-dot { flex-shrink: 0; width: 6px; height: 6px; border-radius: 50%; background: var(--sim-ink-faint); }
    .create-run-status strong { font-size: 13px; font-weight: 600; }
    .create-run-status p { margin: 5px 0 0; color: var(--sim-ink-soft); font-size: 12px; line-height: 1.5; overflow-wrap: anywhere; }
    [data-create-state="error"] .create-run-status { color: var(--sim-red); }
    [data-create-state="warning"] .create-run-status { color: var(--sim-warning); }
    [data-create-state="running"] .create-status-dot { background: var(--sim-accent); animation: create-pulse 1.5s ease-in-out infinite; }
    .create-local-note { margin: 0 0 8px 16px; font-size: 11px; color: var(--sim-ink-faint); }
    .create-tools { border-top: 1px solid var(--sim-line); margin-top: 8px; }
    .create-tools > summary { min-height: 48px; padding: 16px 0; font-size: 12px; cursor: pointer; color: var(--sim-ink-soft); }
    .create-inspectors { display: grid; gap: 8px; }
    .create-inspectors > details > summary { min-height: 44px; width: 100%; justify-content: flex-start; text-align: left; box-shadow: none; font-weight: 500; }
    .create-tools .model-selection-panel { display: block; margin-bottom: 8px; padding: 0; border-radius: var(--sim-radius); }
    .create-tools .model-selection-panel > summary { padding: 12px; min-height: 44px; font-weight: 500; }
    .create-tools .model-selection-controls { position: static; min-width: 0; width: 100%; border: 0; box-shadow: none; }
    .create-tools .model-selection-row { grid-template-columns: 1fr; gap: 4px; }
    .create-preview { display: grid; grid-template-rows: 60px minmax(0, 1fr) 36px; min-width: 0; min-height: 0; padding: 0 24px 12px; }
    .create-preview-bar { display: flex; align-items: center; justify-content: space-between; gap: 12px; font-size: 12px; color: var(--sim-ink-soft); }
    .create-preview-actions { display: flex; gap: 6px; }
    .create-preview-actions .sim-action { background: transparent; font-size: 12px; }
    .physics-canvas-wrap { position: relative; width: 100%; height: 100%; min-height: 0; container-type: size; border: 1px solid var(--sim-line); background-image: linear-gradient(var(--sim-lattice) 1px, transparent 1px), linear-gradient(90deg, var(--sim-lattice) 1px, transparent 1px); background-size: 40px 40px; }
    #physics-canvas, #loading-canvas { position: absolute; inset: 0; margin: auto; display: block; width: min(100cqw, 100cqh); height: min(100cqw, 100cqh); }
    #physics-canvas[data-scene-visible="false"] { opacity: 0; visibility: hidden; }
    #physics-canvas[data-interaction-selected-target]:not([data-interaction-selected-target=""]) { cursor: grab; }
    #physics-canvas[data-interaction-grabbed-target]:not([data-interaction-grabbed-target=""]) { cursor: grabbing; }
    #loading-canvas { z-index: 8; pointer-events: none; opacity: 0; }
    #loading-canvas.is-active { opacity: 1; }
    .create-empty { position: absolute; inset: 0; display: flex; align-items: center; justify-content: center; flex-direction: column; text-align: center; padding: 24px; }
    .create-empty-mark { color: var(--sim-line-strong); font: 300 48px var(--sim-mono); margin-bottom: 12px; }
    .create-empty h2 { margin: 0; font: 600 28px/1.2 var(--sim-heading); letter-spacing: -.5px; }
    .create-empty p { color: var(--sim-ink-soft); font-size: 13px; max-width: 32ch; line-height: 1.6; }
    .create-interaction-hint { margin: 10px 0 0; font-size: 11px; color: var(--sim-ink-faint); text-align: center; }
    .intent-runtime { margin-top: 12px; font-size: 12px; }
    .intent-runtime-head { display: flex; justify-content: space-between; gap: 10px; }
    .intent-runtime-track { height: 3px; background: var(--sim-line); margin: 6px 0; }
    .intent-runtime-fill { display: block; height: 100%; width: 0; background: var(--sim-ink); }
    .intent-runtime-meta, .intent-runtime-detail { color: var(--sim-ink-soft); font-size: 11px; overflow-wrap: anywhere; }
    @keyframes create-pulse { 50% { opacity: .3; } }
    .world-spec-editor-controls,
    .prompt-more-content {
      display: grid;
      gap: 8px;
      padding-top: 12px;
    }
    .prompt-more-actions,
    .prompt-corner-controls {
      display: flex;
      flex-wrap: wrap;
      gap: 6px;
    }
    .prompt-more-section-title {
      color: var(--sim-ink-faint);
      font-size: 12px;
    }
    .prompt-more-runtime,
    .world-model-head {
      display: flex;
      justify-content: space-between;
      gap: 12px;
    }
    .world-model-panel {
      display: grid;
      gap: 8px;
      padding-top: 12px;
    }
    .world-model-summary,
    .world-model-status,
    .physics-status,
    .physics-fps {
      color: var(--sim-ink-soft);
      font-size: 11px;
      overflow-wrap: anywhere;
    }
    .world-model-chips {
      display: grid;
      grid-template-columns: repeat(3, minmax(0, 1fr));
      gap: 6px;
    }
    .world-model-chip {
      min-width: 0;
    }
    .world-model-chip span,
    .world-model-chip strong {
      display: block;
      overflow: hidden;
      text-overflow: ellipsis;
      white-space: nowrap;
    }
    .world-model-chip span {
      color: var(--sim-ink-faint);
      font-size: 11px;
    }
    .phase-rail-shell {
      padding-top: 12px;
    }
    .phase-rail {
      display: grid;
      grid-template-columns: repeat(4, minmax(0, 1fr));
      gap: 6px;
    }
    .phase-rail-step {
      min-width: 0;
      min-height: 44px;
      padding: 6px;
      border: 1px solid var(--sim-line);
      border-radius: var(--sim-radius);
      background: var(--sim-glass-soft);
      color: var(--sim-ink-soft);
      font-size: 11px;
      cursor: pointer;
    }
    .phase-rail-step[data-status="running"] {
      border-color: var(--sim-accent);
    }
    .phase-rail-step[data-status="passed"] {
      color: var(--sim-accent);
    }
    .phase-rail-step[data-status="failed"] {
      color: var(--sim-red);
    }
    .phase-rail-step:is([data-status="not-proven"], [data-status="unsupported"]) {
      color: var(--sim-warning);
      border-style: dashed;
    }
    .phase-details {
      color: var(--sim-ink-soft);
      font-size: 11px;
      overflow-wrap: anywhere;
    }
    .world-spec-reconciliation-detail ol {
      display: grid;
      gap: 8px;
      max-height: 180px;
      overflow: auto;
      padding-left: 24px;
    }
    .world-spec-reconciliation-detail code,
    .world-spec-reconciliation-detail span {
      display: block;
      overflow-wrap: anywhere;
    }
    .world-spec-reconciliation-conflicts[data-state="error"] {
      color: var(--sim-red);
    }
    .world-spec-reconciliation-conflicts[data-state="conflict"] {
      color: var(--sim-warning);
    }
    .simulatte-review-bridge {
      position: fixed;
      z-index: 55;
      top: 12px;
      right: 12px;
      width: min(440px, calc(100vw - 24px));
      max-height: calc(100dvh - 24px);
      display: grid;
      gap: 10px;
      overflow: auto;
      padding: 12px;
      border: 1px solid var(--sim-line);
      border-radius: var(--sim-radius-large);
      background: var(--sim-glass);
      color: var(--sim-ink);
      box-shadow: var(--sim-shadow);
    }
    .training-layer-head,
    .training-head-actions,
    .training-utility-row {
      display: flex;
      align-items: center;
      gap: 6px;
    }
    .training-layer-head {
      justify-content: space-between;
    }
    .training-title-block,
    .training-layer-body {
      display: grid;
      gap: 8px;
    }
    .simulatte-review-bridge.is-collapsed {
      width: min(280px, calc(100vw - 24px));
    }
    .simulatte-review-bridge.is-collapsed .training-layer-body {
      display: none;
    }
    .training-prompt-readout {
      display: grid;
      gap: 4px;
      border-bottom: 1px solid var(--sim-line);
      padding-bottom: 8px;
    }
    .training-prompt-readout output,
    .training-artifact-summary {
      max-height: 60px;
      overflow: auto;
    }
    .training-field-label,
    .training-note-label,
    .training-phase-name,
    .training-phase-state,
    .training-utility-row span {
      color: var(--sim-ink-soft);
      font-size: 11px;
    }
    .training-artifact-json {
      max-height: 150px;
      overflow: auto;
      color: var(--sim-ink-soft);
      font: 11px/1.5 var(--sim-mono);
      white-space: pre-wrap;
      overflow-wrap: anywhere;
    }
    .training-utility-row {
      flex-wrap: wrap;
    }
    .training-primary-actions,
    .training-phase-grid {
      display: grid;
      grid-template-columns: repeat(2, minmax(0, 1fr));
      gap: 6px;
    }
    .simulatte-review-bridge button {
      min-height: 44px;
      padding: 8px;
      border: 1px solid var(--sim-line);
      border-radius: var(--sim-radius);
      color: var(--sim-ink);
      background: var(--sim-glass-soft);
      cursor: pointer;
    }
    .training-phase-grid button {
      display: grid;
      gap: 2px;
      text-align: left;
    }
    .training-phase-grid button.is-active {
      border-color: var(--sim-accent);
    }
    .training-phase-grid button[data-phase-state="missing"] {
      color: var(--sim-warning);
    }
    .simulatte-review-bridge textarea {
      width: 100%;
      min-height: 66px;
      max-height: 140px;
      resize: vertical;
      padding: 8px;
      border: 1px solid var(--sim-line);
      border-radius: var(--sim-radius);
      background: var(--sim-paper);
      color: var(--sim-ink);
    }
    @media (max-width: 1050px) and (min-width: 761px) {
      .physics-stage { grid-template-columns: 320px minmax(0, 1fr); }
      .physics-panel { padding: 24px 20px; }
      .create-header .create-back { display: none; }
    }
    @media (max-width: 760px) {
      body.create-app { overflow: auto; }
      .create-header { height: 64px; padding: 0 68px 0 16px; gap: 8px; }
      .create-header .sim-product-nav { gap: 10px; }
      .create-header .create-brand { font-size: 23px; }
      .create-product { padding-left: 10px; font-size: 12px; }
      .create-header .create-back { display: none; }
      .create-header > button { font-size: 11px; padding: 6px 9px; }
      .create-app > .sim-theme-control { top: 10px; right: 12px; }
      .physics-stage { display: flex; flex-direction: column; height: auto; min-height: calc(100dvh - 64px); }
      .physics-panel { padding: 24px 20px; border-right: 0; border-bottom: 1px solid var(--sim-line); overflow: visible; }
      .prompt-dock-head { margin-bottom: 24px; }
      .prompt-dock-head h1 { font-size: 32px; margin: 8px 0; }
      .prompt-dock-head > p:last-child { max-width: 36ch; font-size: 13px; }
      .create-eyebrow { margin: 0; }
      #build-prompt { min-height: 110px; }
      .prompt-actions { flex-direction: row; }
      #build-lab { flex: 1; }
      .create-local-note { margin-bottom: 0; }
      .create-preview { height: calc(100dvh - 64px); min-height: 360px; padding: 0 12px 12px; scroll-margin-top: 64px; }
      .create-preview-actions { gap: 4px; }
      .create-preview-actions .sim-action { padding: 6px 10px; }
      .create-empty h2 { font-size: 24px; }
      .physics-stage[data-create-state="empty"] .create-preview { height: 360px; }
      .physics-stage[data-editor-hidden="true"] .create-preview { height: calc(100dvh - 64px); }
      .simulatte-review-bridge { top: 8px; right: 8px; max-height: 65dvh; }
    }
    @media (prefers-reduced-motion: reduce) { .create-app * { animation: none !important; scroll-behavior: auto !important; } }
    
  operator: 'match'
  stack: |-
    TestContext.<anonymous> (/home/clocksmith/deco/simulatte/tests/js-shape-suite.cjs:2519:10)
    Test.runInAsyncScope (node:async_hooks:214:14)
    Test.run (node:internal/test_runner/test:1047:25)
    Test.processPendingSubtests (node:internal/test_runner/test:744:18)
    Test.postRun (node:internal/test_runner/test:1173:19)
    Test.run (node:internal/test_runner/test:1101:12)
    async Test.processPendingSubtests (node:internal/test_runner/test:744:7)
  ...
# Subtest: product path removed the parallel world planner and legacy pipeline export
ok 8 - product path removed the parallel world planner and legacy pipeline export
  ---
  duration_ms: 204.2271
  type: 'test'
  ...
1..8
# tests 8
# suites 0
# pass 7
# fail 1
# cancelled 0
# skipped 0
# todo 0
# duration_ms 361.97494

--- js-shape-browser-render.test.cjs (failed) ---
TAP version 13
# Subtest: physics renderer is a browser coordinator, not a legacy Canvas2D painter library
ok 1 - physics renderer is a browser coordinator, not a legacy Canvas2D painter library
  ---
  duration_ms: 4.665966
  type: 'test'
  ...
# Subtest: physics loading uses a phase-reactive canvas Snake game instead of a card mosaic
not ok 2 - physics loading uses a phase-reactive canvas Snake game instead of a card mosaic
  ---
  duration_ms: 4.417398
  type: 'test'
  location: '/home/clocksmith/deco/simulatte/tests/js-shape-suite.cjs:26:10'
  failureType: 'testCodeFailure'
  error: |-
    The input did not match the regular expression /\.intent-runtime-fill \{[^}]*background: var\(--sim-accent\)/. Input:
    
    '<!doctype html>\n' +
      '<html lang="en">\n' +
      '<head>\n' +
      '  <meta charset="utf-8">\n' +
      '  <meta name="viewport" content="width=device-width, initial-scale=1">\n' +
      '  <title>Create · Simulatte</title>\n' +
      '  <base href="/blank/">\n' +
      '  <meta name="simulatte-build" content="28cc3dcf9b982c93df049c32c4669744d2f49bc6-f5eb9b768c7a">\n' +
      '  <link rel="icon" type="image/svg+xml" href="../favicon.svg">\n' +
      '  <script src="../shared/design/theme-controller.js"></script>\n' +
      '  <link rel="stylesheet" href="../shared/design/simulatte.css?v=28cc3dcf9b982c93df049c32c4669744d2f49bc6-f5eb9b768c7a">\n' +
      '  <link rel="stylesheet" href="../model-selection.css?v=28cc3dcf9b982c93df049c32c4669744d2f49bc6-f5eb9b768c7a">\n' +
      '  <!-- Google tag (gtag.js) -->\n' +
      '  <script async src="https://www.googletagmanager.com/gtag/js?id=G-LS3SFGCZSL"></script>\n' +
      '  <script>\n' +
      '    window.dataLayer = window.dataLayer || [];\n' +
      '    function gtag(){dataLayer.push(arguments);}\n' +
      "    gtag('js', new Date());\n" +
      '\n' +
      "    gtag('config', 'G-LS3SFGCZSL');\n" +
      '  </script>\n' +
      '  <script>\n' +
      '    globalThis.__DOPPLER_KERNEL_BASE_PATH__ = new URL(\n' +
      "      '../vendor/doppler/src/gpu/kernels',\n" +
      '      document.baseURI\n' +
      "    ).toString().replace(/\\/+$/, '');\n" +
      '  </script>\n' +
      '  <link rel="stylesheet" href="./styles.css?v=28cc3dcf9b982c93df049c32c4669744d2f49bc6-f5eb9b768c7a">\n' +
      '  <link rel="stylesheet" href="../shared/design/theme-control.css?v=28cc3dcf9b982c93df049c32c4669744d2f49bc6-f5eb9b768c7a">\n' +
      '</head>\n' +
      '<body class="create-app">\n' +
      '  <div class="sim-theme-control" data-theme-control>\n' +
      '    <button type="button" aria-label="Theme follows system. Switch to Light theme.">\n' +
      '      <span class="sim-theme-icon-stack" aria-hidden="true">\n' +
      '        <span data-theme-icon="system">◐</span>\n' +
      '        <span data-theme-icon="light">☼</span>\n' +
      '        <span data-theme-icon="dark">☾</span>\n' +
      '      </span>\n' +
      '      <span class="sim-theme-control-label" data-theme-label aria-hidden="true">System</span>\n' +
      '    </button>\n' +
      '  </div>\n' +
      '  <header class="create-header">\n' +
      '    <nav class="sim-product-nav" aria-label="Simulatte">\n' +
      '      <a class="create-brand" href="https://simulatte.world/" data-local-href="../">Simulatte</a>\n' +
      '      <span class="create-product">Create</span>\n' +
      '      <a class="create-back" href="https://simulatte.world/" data-local-href="../">Explore simulations</a>\n' +
      '    </nav>\n' +
      '    <button id="prompt-dock-toggle" class="sim-action" type="button" aria-controls="create-editor" aria-expanded="true">Hide editor</button>\n' +
      '  </header>\n' +
      '  <main class="physics-stage" aria-label="Create a simulation" data-create-state="empty">\n' +
      '    <section id="create-editor" class="physics-panel prompt-dock" aria-label="Simulation editor">\n' +
      '      <div class="prompt-dock-head">\n' +
      '        <p class="create-eyebrow">FROM IDEA TO SIMULATION</p>\n' +
      '        <h1>Make something move.</h1>\n' +
      '        <p>Describe a scene. Run it, explore it, then make it yours.</p>\n' +
      '      </div>\n' +
      '\n' +
      '      <div class="prompt-dock-core">\n' +
      '        <div class="builder-row">\n' +
      '          <label class="create-prompt-label" for="build-prompt">What do you want to simulate?</label>\n' +
      '          <textarea id="build-prompt" class="sim-field" aria-label="Simulation request" placeholder="A red ball bouncing on the ground…" aria-describedby="create-prompt-help"></textarea>\n' +
      '          <p id="create-prompt-help" class="create-help">Start with an object, then add motion or surroundings.</p>\n' +
      '          <div class="create-examples" aria-label="Starting ideas">\n' +
      '            <span>Try an idea</span>\n' +
      '            <button type="button" data-create-prompt="a red ball">A red ball</button>\n' +
      '            <button type="button" data-create-prompt="a blue cube">A blue cube</button>\n' +
      '            <button type="button" data-create-prompt="a pendulum">A pendulum</button>\n' +
      '          </div>\n' +
      '          <div class="prompt-actions" aria-label="Create actions">\n' +
      '            <button id="build-lab" class="primary-action prompt-side-action sim-action sim-action-primary" type="button" aria-label="Run simulation" disabled>\n' +
      '              <span class="prompt-action-icon" aria-hidden="true">↵</span>\n' +
      '              <span class="prompt-action-label">Run simulation</span>\n' +
      '            </button>\n' +
      '            <button id="shuffle-prompt" class="example-chip prompt-side-action sim-action" type="button" aria-label="Run a random example" title="Run a random example">\n' +
      '              <span class="prompt-action-icon" aria-hidden="true">⇄</span>\n' +
      '              <span class="prompt-action-label">Surprise me</span>\n' +
      '            </button>\n' +
      '          </div>\n' +
      '          <input id="blank-neural-models" type="checkbox" hidden aria-describedby="blank-neural-model-note">\n' +
      '          <span id="blank-neural-model-note" class="sr-only">Deterministic language pipeline is active.</span>\n' +
      '        </div>\n' +
      '\n' +
      '        <div class="create-run-status" role="status" aria-live="polite">\n' +
      '          <span class="create-status-dot" aria-hidden="true"></span>\n' +
      '          <div><strong id="create-status-title">Ready to create</strong><p id="create-status-message">Choose an idea or write your own.</p></div>\n' +
      '        </div>\n' +
      '        <p class="create-local-note">No account needed. Your scene runs in this browser.</p>\n' +
      '        <details id="create-tools" class="create-tools">\n' +
      '          <summary>Tools &amp; settings</summary>\n' +
      '            <details class="model-selection-panel">\n' +
      '              <summary>Model settings</summary>\n' +
      '              <div id="model-selection-controls" class="model-selection-controls" aria-label="Pipeline model selection"></div>\n' +
      '            </details>\n' +
      '        <div class="create-inspectors">\n' +
      '              <details id="world-spec-editor-panel" class="world-spec-editor-panel">\n' +
      '                <summary class="sim-action">Edit simulation</summary>\n' +
      '                <div class="world-spec-editor-controls">\n' +
      '                  <label for="world-spec-edit-rationale">Edit rationale</label>\n' +
      '                  <input id="world-spec-edit-rationale" class="sim-field" type="text" placeholder="Why this change is required">\n' +
      '                  <textarea id="world-spec-editor" class="sim-field sim-program-editor" aria-label="Editable WorldSpec JSON" spellcheck="false"></textarea>\n' +
      '                  <div class="prompt-more-actions" aria-label="WorldSpec actions">\n' +
      '                    <button class="sim-action" id="apply-world-spec" type="button" disabled>Apply WorldSpec</button>\n' +
      '                    <button class="sim-action" id="replay-world-spec" type="button" disabled>Replay exact spec</button>\n' +
      '                    <button class="sim-action" id="reset-world-spec-edit" type="button">Discard edit</button>\n' +
      '                    <button class="sim-action" id="export-improvement-record" type="button" disabled>Export correction record</button>\n' +
      '                    <button class="sim-action" id="import-lab" type="button">Import</button>\n' +
      '                  </div>\n' +
      '                  <input id="world-spec-import-file" type="file" accept="application/json,.json" hidden>\n' +
      '                  <p id="world-spec-editor-status" class="world-spec-editor-status sim-status" data-state="idle" aria-live="polite">Open to inspect the executable program</p>\n' +
      '                  <p id="world-improvement-record-status" class="world-spec-editor-status sim-status" data-state="idle" aria-live="polite">Complete a failed-obligation edit and exact replay to create a record</p>\n' +
      '                </div>\n' +
      '              </details>\n' +
      '              <details id="world-proof-panel" class="world-proof-panel">\n' +
      '                <summary class="sim-action">Validation</summary>\n' +
      '                <pre id="world-proof-preview" class="sim-code spec-preview world-proof-preview" tabindex="0">{}</pre>\n' +
      '              </details>\n' +
      '        <details id="run-details-menu" class="run-details-menu">\n' +
      '          <summary class="sim-action">Run details</summary>\n' +
      '        <div id="intent-runtime" class="intent-runtime" data-state="idle" aria-live="polite">\n' +
      '          <div class="intent-runtime-head">\n' +
      '            <strong id="intent-runtime-title">Deterministic ready</strong>\n' +
      '            <span id="intent-runtime-percent" class="intent-runtime-percent">0%</span>\n' +
      '          </div>\n' +
      '          <div class="intent-runtime-track" aria-hidden="true">\n' +
      '            <span id="intent-runtime-fill" class="intent-runtime-fill"></span>\n' +
      '          </div>\n' +
      '          <div class="intent-runtime-meta">\n' +
      '            <span id="intent-runtime-message">idle</span>\n' +
      '          </div>\n' +
      '          <span id="intent-runtime-stage" class="intent-runtime-detail">standby</span>\n' +
      '        </div>\n' +
      '\n' +
      '          <aside class="phase-rail-shell" aria-label="Eight phase run status">\n' +
      '            <nav id="phase-rail" class="phase-rail" aria-label="Run phases"></nav>\n' +
      '            <p id="phase-details" class="phase-details" aria-live="polite"></p>\n' +
      '            <button id="copy-run-receipt" class="quiet-action sim-action" type="button">Copy run receipt</button>\n' +
      '          </aside>\n' +
      '        </details>\n' +
      '\n' +
      '        <details id="prompt-more-menu" class="prompt-more-menu">\n' +
      '          <summary class="sim-action">Technical details</summary>\n' +
      '          <div class="prompt-more-content">\n' +
      '            <div class="prompt-more-section-title">Run state</div>\n' +
      '            <div class="prompt-more-runtime">\n' +
      '              <span id="lab-state" class="physics-status" aria-live="polite">loading pipeline</span>\n' +
      '              <span id="fps-readout" class="physics-fps" data-perf="idle">FPS --</span>\n' +
      '            </div>\n' +
      '            <section id="world-model-panel" class="world-model-panel" aria-label="Compiled world model receipt">\n' +
      '              <div class="world-model-head">\n' +
      '                <strong>WorldSpec</strong>\n' +
      '                <span id="world-model-status" class="world-model-status">blank</span>\n' +
      '              </div>\n' +
      '              <div id="world-model-summary" class="world-model-summary">blank construction plane</div>\n' +
      '              <div id="world-model-chips" class="world-model-chips" aria-label="World model counts"></div>\n' +
      '              <div class="prompt-more-section-title">Receipts</div>\n' +
      '              <pre id="spec-preview" class="sim-code spec-preview physics-spec-preview" tabindex="0">{}</pre>\n' +
      '\n' +
      '\n' +
      '            </section>\n' +
      '          </div>\n' +
      '        </details>\n' +
      '      </div>\n' +
      '        </detail'... 51387 more characters
    
  code: 'ERR_ASSERTION'
  name: 'AssertionError'
  expected:
  actual: |-
    <!doctype html>
    <html lang="en">
    <head>
      <meta charset="utf-8">
      <meta name="viewport" content="width=device-width, initial-scale=1">
      <title>Create · Simulatte</title>
      <base href="/blank/">
      <meta name="simulatte-build" content="28cc3dcf9b982c93df049c32c4669744d2f49bc6-f5eb9b768c7a">
      <link rel="icon" type="image/svg+xml" href="../favicon.svg">
      <script src="../shared/design/theme-controller.js"></script>
      <link rel="stylesheet" href="../shared/design/simulatte.css?v=28cc3dcf9b982c93df049c32c4669744d2f49bc6-f5eb9b768c7a">
      <link rel="stylesheet" href="../model-selection.css?v=28cc3dcf9b982c93df049c32c4669744d2f49bc6-f5eb9b768c7a">
      <!-- Google tag (gtag.js) -->
      <script async src="https://www.googletagmanager.com/gtag/js?id=G-LS3SFGCZSL"></script>
      <script>
        window.dataLayer = window.dataLayer || [];
        function gtag(){dataLayer.push(arguments);}
        gtag('js', new Date());
    
        gtag('config', 'G-LS3SFGCZSL');
      </script>
      <script>
        globalThis.__DOPPLER_KERNEL_BASE_PATH__ = new URL(
          '../vendor/doppler/src/gpu/kernels',
          document.baseURI
        ).toString().replace(/\/+$/, '');
      </script>
      <link rel="stylesheet" href="./styles.css?v=28cc3dcf9b982c93df049c32c4669744d2f49bc6-f5eb9b768c7a">
      <link rel="stylesheet" href="../shared/design/theme-control.css?v=28cc3dcf9b982c93df049c32c4669744d2f49bc6-f5eb9b768c7a">
    </head>
    <body class="create-app">
      <div class="sim-theme-control" data-theme-control>
        <button type="button" aria-label="Theme follows system. Switch to Light theme.">
          <span class="sim-theme-icon-stack" aria-hidden="true">
            <span data-theme-icon="system">◐</span>
            <span data-theme-icon="light">☼</span>
            <span data-theme-icon="dark">☾</span>
          </span>
          <span class="sim-theme-control-label" data-theme-label aria-hidden="true">System</span>
        </button>
      </div>
      <header class="create-header">
        <nav class="sim-product-nav" aria-label="Simulatte">
          <a class="create-brand" href="https://simulatte.world/" data-local-href="../">Simulatte</a>
          <span class="create-product">Create</span>
          <a class="create-back" href="https://simulatte.world/" data-local-href="../">Explore simulations</a>
        </nav>
        <button id="prompt-dock-toggle" class="sim-action" type="button" aria-controls="create-editor" aria-expanded="true">Hide editor</button>
      </header>
      <main class="physics-stage" aria-label="Create a simulation" data-create-state="empty">
        <section id="create-editor" class="physics-panel prompt-dock" aria-label="Simulation editor">
          <div class="prompt-dock-head">
            <p class="create-eyebrow">FROM IDEA TO SIMULATION</p>
            <h1>Make something move.</h1>
            <p>Describe a scene. Run it, explore it, then make it yours.</p>
          </div>
    
          <div class="prompt-dock-core">
            <div class="builder-row">
              <label class="create-prompt-label" for="build-prompt">What do you want to simulate?</label>
              <textarea id="build-prompt" class="sim-field" aria-label="Simulation request" placeholder="A red ball bouncing on the ground…" aria-describedby="create-prompt-help"></textarea>
              <p id="create-prompt-help" class="create-help">Start with an object, then add motion or surroundings.</p>
              <div class="create-examples" aria-label="Starting ideas">
                <span>Try an idea</span>
                <button type="button" data-create-prompt="a red ball">A red ball</button>
                <button type="button" data-create-prompt="a blue cube">A blue cube</button>
                <button type="button" data-create-prompt="a pendulum">A pendulum</button>
              </div>
              <div class="prompt-actions" aria-label="Create actions">
                <button id="build-lab" class="primary-action prompt-side-action sim-action sim-action-primary" type="button" aria-label="Run simulation" disabled>
                  <span class="prompt-action-icon" aria-hidden="true">↵</span>
                  <span class="prompt-action-label">Run simulation</span>
                </button>
                <button id="shuffle-prompt" class="example-chip prompt-side-action sim-action" type="button" aria-label="Run a random example" title="Run a random example">
                  <span class="prompt-action-icon" aria-hidden="true">⇄</span>
                  <span class="prompt-action-label">Surprise me</span>
                </button>
              </div>
              <input id="blank-neural-models" type="checkbox" hidden aria-describedby="blank-neural-model-note">
              <span id="blank-neural-model-note" class="sr-only">Deterministic language pipeline is active.</span>
            </div>
    
            <div class="create-run-status" role="status" aria-live="polite">
              <span class="create-status-dot" aria-hidden="true"></span>
              <div><strong id="create-status-title">Ready to create</strong><p id="create-status-message">Choose an idea or write your own.</p></div>
            </div>
            <p class="create-local-note">No account needed. Your scene runs in this browser.</p>
            <details id="create-tools" class="create-tools">
              <summary>Tools &amp; settings</summary>
                <details class="model-selection-panel">
                  <summary>Model settings</summary>
                  <div id="model-selection-controls" class="model-selection-controls" aria-label="Pipeline model selection"></div>
                </details>
            <div class="create-inspectors">
                  <details id="world-spec-editor-panel" class="world-spec-editor-panel">
                    <summary class="sim-action">Edit simulation</summary>
                    <div class="world-spec-editor-controls">
                      <label for="world-spec-edit-rationale">Edit rationale</label>
                      <input id="world-spec-edit-rationale" class="sim-field" type="text" placeholder="Why this change is required">
                      <textarea id="world-spec-editor" class="sim-field sim-program-editor" aria-label="Editable WorldSpec JSON" spellcheck="false"></textarea>
                      <div class="prompt-more-actions" aria-label="WorldSpec actions">
                        <button class="sim-action" id="apply-world-spec" type="button" disabled>Apply WorldSpec</button>
                        <button class="sim-action" id="replay-world-spec" type="button" disabled>Replay exact spec</button>
                        <button class="sim-action" id="reset-world-spec-edit" type="button">Discard edit</button>
                        <button class="sim-action" id="export-improvement-record" type="button" disabled>Export correction record</button>
                        <button class="sim-action" id="import-lab" type="button">Import</button>
                      </div>
                      <input id="world-spec-import-file" type="file" accept="application/json,.json" hidden>
                      <p id="world-spec-editor-status" class="world-spec-editor-status sim-status" data-state="idle" aria-live="polite">Open to inspect the executable program</p>
                      <p id="world-improvement-record-status" class="world-spec-editor-status sim-status" data-state="idle" aria-live="polite">Complete a failed-obligation edit and exact replay to create a record</p>
                    </div>
                  </details>
                  <details id="world-proof-panel" class="world-proof-panel">
                    <summary class="sim-action">Validation</summary>
                    <pre id="world-proof-preview" class="sim-code spec-preview world-proof-preview" tabindex="0">{}</pre>
                  </details>
            <details id="run-details-menu" class="run-details-menu">
              <summary class="sim-action">Run details</summary>
            <div id="intent-runtime" class="intent-runtime" data-state="idle" aria-live="polite">
              <div class="intent-runtime-head">
                <strong id="intent-runtime-title">Deterministic ready</strong>
                <span id="intent-runtime-percent" class="intent-runtime-percent">0%</span>
              </div>
              <div class="intent-runtime-track" aria-hidden="true">
                <span id="intent-runtime-fill" class="intent-runtime-fill"></span>
              </div>
              <div class="intent-runtime-meta">
                <span id="intent-runtime-message">idle</span>
              </div>
              <span id="intent-runtime-stage" class="intent-runtime-detail">standby</span>
            </div>
    
              <aside class="phase-rail-shell" aria-label="Eight phase run status">
                <nav id="phase-rail" class="phase-rail" aria-label="Run phases"></nav>
                <p id="phase-details" class="phase-details" aria-live="polite"></p>
                <button id="copy-run-receipt" class="quiet-action sim-action" type="button">Copy run receipt</button>
              </aside>
            </details>
    
            <details id="prompt-more-menu" class="prompt-more-menu">
              <summary class="sim-action">Technical details</summary>
              <div class="prompt-more-content">
                <div class="prompt-more-section-title">Run state</div>
                <div class="prompt-more-runtime">
                  <span id="lab-state" class="physics-status" aria-live="polite">loading pipeline</span>
                  <span id="fps-readout" class="physics-fps" data-perf="idle">FPS --</span>
                </div>
                <section id="world-model-panel" class="world-model-panel" aria-label="Compiled world model receipt">
                  <div class="world-model-head">
                    <strong>WorldSpec</strong>
                    <span id="world-model-status" class="world-model-status">blank</span>
                  </div>
                  <div id="world-model-summary" class="world-model-summary">blank construction plane</div>
                  <div id="world-model-chips" class="world-model-chips" aria-label="World model counts"></div>
                  <div class="prompt-more-section-title">Receipts</div>
                  <pre id="spec-preview" class="sim-code spec-preview physics-spec-preview" tabindex="0">{}</pre>
    
    
                </section>
              </div>
            </details>
          </div>
            </details>
          </div>
          <input id="simulation-name" type="hidden" value="">
        </section>
    
        <section class="create-preview" aria-label="Simulation preview">
          <div class="create-preview-bar">
            <span id="create-preview-title">Preview</span>
            <div class="create-preview-actions" id="create-preview-actions" hidden>
              <button id="pause-lab" class="sim-action" type="button" aria-pressed="false">Pause</button>
              <button id="reset-lab" class="sim-action" type="button">Restart</button>
              <button id="export-lab" class="sim-action" type="button">Export</button>
            </div>
          </div>
          <div class="physics-canvas-wrap">
            <div class="create-empty" id="create-empty">
              <span class="create-empty-mark" aria-hidden="true">+</span>
              <h2>Your simulation starts here.</h2>
              <p>Describe a scene, then select Run simulation.</p>
            </div>
          <canvas id="physics-canvas" tabindex="0" aria-label="Interactive Simulatte physics canvas"
            aria-describedby="world-interaction-help" data-scene-visible="false"></canvas>
          <p id="world-interaction-help" class="sr-only">Click an object to select it. Drag to move or push it. Use arrow keys to nudge it, Space to apply an impulse, Enter to activate it, and Escape to clear the selection.</p>
          <canvas id="loading-canvas" aria-label="Snake loading canvas" hidden></canvas>
          </div>
          <p class="create-interaction-hint" id="create-interaction-hint" hidden>Click an object to select it. Drag to interact.</p>
        </section>
    
        <dialog id="world-spec-reconciliation-dialog" class="neural-consent-dialog world-spec-reconciliation-dialog"
          aria-labelledby="world-spec-reconciliation-title" data-state="idle">
          <div class="neural-consent-body">
            <h2 id="world-spec-reconciliation-title">Reconcile accepted edits</h2>
            <p id="world-spec-reconciliation-summary">Accepted edits require a decision before recompilation can execute.</p>
            <p id="world-spec-reconciliation-conflicts" class="world-spec-reconciliation-conflicts" data-state="ready"></p>
            <details class="world-spec-reconciliation-detail">
              <summary>Inspect affected fields</summary>
              <ol id="world-spec-reconciliation-fields"></ol>
            </details>
            <div class="neural-consent-actions world-spec-reconciliation-actions">
              <button id="cancel-world-spec-reconciliation" class="sim-action" type="button">Keep current world</button>
              <button id="accept-recompiled-world-spec" class="sim-action" type="button">Use fresh compilation</button>
              <button id="preserve-world-spec-overrides" class="sim-action sim-action-primary" type="button">Keep edits and recompile</button>
            </div>
          </div>
        </dialog>
    
        <dialog id="neural-model-dialog" class="neural-consent-dialog" aria-labelledby="neural-model-title">
          <div class="neural-consent-body">
            <h2 id="neural-model-title">Enable local Qwen embedding?</h2>
            <p data-neural-model="surface-use">Blank uses Qwen embeddings for open-vocabulary retrieval. Deterministic scoring and refusal remain authoritative.</p>
            <div class="neural-model-list" aria-label="Models stored on this device">
              <div class="neural-model-row"><span data-neural-model="embedding-name">Qwen embedding</span><span data-neural-model="embedding-size">Loading size</span></div>
            </div>
            <p class="neural-consent-facts"><span data-neural-model="download-summary">Model sizes loading</span>. Runs locally through Doppler <span data-neural-model="doppler-version"></span>. Model files are cached on this device; prompts stay in this browser.</p>
            <div class="neural-consent-actions">
              <button class="sim-action" type="button" data-neural-consent="cancel">Not now</button>
              <button class="sim-action sim-action-primary" type="button" data-neural-consent="accept">Enable models</button>
            </div>
          </div>
        </dialog>
      </main>
    
      <script>
        (function trackSimulatteScriptLoads(root) {
          const state = root.SimulatteBoot = root.SimulatteBoot || { failedScripts: [] };
          root.addEventListener('error', (event) => {
            const target = event && event.target;
            const src = target && target.tagName === 'SCRIPT' ? target.getAttribute('src') : '';
            if (!src || !/(^|\/)(app|pipeline)\//.test(src)) return;
            state.failedScripts.push(src);
          }, true);
        })(typeof globalThis !== 'undefined' ? globalThis : window);
      </script>
      <!-- SIMULATTE_RUNTIME_SCRIPTS_START -->
      <meta name="simulatte-runtime-source" content="sha256:5937f2c3da9e60e4191a5542fe5900aae3acdaf215195069d6a10f00a72bf2ae">
      <script defer src="./app/runtime-script-manifest.js?v=28cc3dcf9b982c93df049c32c4669744d2f49bc6-f5eb9b768c7a"></script>
      <script defer src="../neural-model-consent.js?v=28cc3dcf9b982c93df049c32c4669744d2f49bc6-f5eb9b768c7a"></script>
      <script defer src="../shared/design/program-editor.js?v=28cc3dcf9b982c93df049c32c4669744d2f49bc6-f5eb9b768c7a"></script>
      <script defer src="../shared/design/product-navigation.js?v=28cc3dcf9b982c93df049c32c4669744d2f49bc6-f5eb9b768c7a"></script>
      <script defer src="../shared/render/render-targets.js?v=28cc3dcf9b982c93df049c32c4669744d2f49bc6-f5eb9b768c7a"></script>
      <script defer src="../shared/render/renderer-session.js?v=28cc3dcf9b982c93df049c32c4669744d2f49bc6-f5eb9b768c7a"></script>
      <script defer src="../model-selection.js?v=28cc3dcf9b982c93df049c32c4669744d2f49bc6-f5eb9b768c7a"></script>
      <script defer src="../shared/core/pipeline-runner.js?v=28cc3dcf9b982c93df049c32c4669744d2f49bc6-f5eb9b768c7a"></script>
      <script defer src="../shared/deterministic-values.js?v=28cc3dcf9b982c93df049c32c4669744d2f49bc6-f5eb9b768c7a"></script>
      <script defer src="../shared/contracts/world-spec-authorship.js?v=28cc3dcf9b982c93df049c32c4669744d2f49bc6-f5eb9b768c7a"></script>
      <script defer src="../shared/contracts/world-spec.js?v=28cc3dcf9b982c93df049c32c4669744d2f49bc6-f5eb9b768c7a"></script>
      <script defer src="../shared/contracts/input-source.js?v=28cc3dcf9b982c93df049c32c4669744d2f49bc6-f5eb9b768c7a"></script>
      <script defer src="../shared/contracts/world-proof-compiler.js?v=28cc3dcf9b982c93df049c32c4669744d2f49bc6-f5eb9b768c7a"></script>
      <script defer src="../shared/contracts/world-proof-intent.js?v=28cc3dcf9b982c93df049c32c4669744d2f49bc6-f5eb9b768c7a"></script>
      <script defer src="../shared/contracts/world-proof-semantic.js?v=28cc3dcf9b982c93df049c32c4669744d2f49bc6-f5eb9b768c7a"></script>
      <script defer src="../shared/contracts/world-proof-simulation.js?v=28cc3dcf9b982c93df049c32c4669744d2f49bc6-f5eb9b768c7a"></script>
      <script defer src="../shared/contracts/world-proof-interaction.js?v=28cc3dcf9b982c93df049c32c4669744d2f49bc6-f5eb9b768c7a"></script>
      <script defer src="../shared/contracts/world-proof-safety.js?v=28cc3dcf9b982c93df049c32c4669744d2f49bc6-f5eb9b768c7a"></script>
      <script defer src="../shared/contracts/world-proof.js?v=28cc3dcf9b982c93df049c32c4669744d2f49bc6-f5eb9b768c7a"></script>
      <script defer src="../shared/language/positive-language.js?v=28cc3dcf9b982c93df049c32c4669744d2f49bc6-f5eb9b768c7a"></script>
      <script defer src="./app/runtime/phase-module-registry.js?v=28cc3dcf9b982c93df049c32c4669744d2f49bc6-f5eb9b768c7a"></script>
      <script defer src="./app/runtime/require-runtime-dependency.js?v=28cc3dcf9b982c93df049c32c4669744d2f49bc6-f5eb9b768c7a"></script>
      <script defer src="./pipeline/simulatte-phase-contracts.js?v=28cc3dcf9b982c93df049c32c4669744d2f49bc6-f5eb9b768c7a"></script>
      <script defer src="../shared/blank-core/compat/compiler.js?v=28cc3dcf9b982c93df049c32c4669744d2f49bc6-f5eb9b768c7a"></script>
      <script defer src="./app/runtime/phase-runner.js?v=28cc3dcf9b982c93df049c32c4669744d2f49bc6-f5eb9b768c7a"></script>
      <script defer src="./pipeline/phase-05-simulation/simulatte-physics-catalog-dependencies.js?v=28cc3dcf9b982c93df049c32c4669744d2f49bc6-f5eb9b768c7a"></script>
      <script defer src="./pipeline/phase-05-simulation/simulatte-physics-catalog-constants.js?v=28cc3dcf9b982c93df049c32c4669744d2f49bc6-f5eb9b768c7a"></script>
      <script defer src="./pipeline/phase-05-simulation/simulatte-physics-catalog-templates.js?v=28cc3dcf9b982c93df049c32c4669744d2f49bc6-f5eb9b768c7a"></script>
      <script defer src="./pipeline/phase-05-simulation/simulatte-physics-catalog-primitive-data.js?v=28cc3dcf9b982c93df049c32c4669744d2f49bc6-f5eb9b768c7a"></script>
      <script defer src="./pipeline/phase-05-simulation/simulatte-physics-catalog-materials.js?v=28cc3dcf9b982c93df049c32c4669744d2f49bc6-f5eb9b768c7a"></script>
      <script defer src="./pipeline/phase-05-simulation/simulatte-physics-catalog-graph-data.js?v=28cc3dcf9b982c93df049c32c4669744d2f49bc6-f5eb9b768c7a"></script>
      <script defer src="./pipeline/phase-05-simulation/simulatte-physics-catalog-examples.js?v=28cc3dcf9b982c93df049c32c4669744d2f49bc6-f5eb9b768c7a"></script>
      <script defer src="./pipeline/phase-05-simulation/simulatte-physics-catalog-graph-helpers.js?v=28cc3dcf9b982c93df049c32c4669744d2f49bc6-f5eb9b768c7a"></script>
      <script defer src="./pipeline/phase-05-simulation/simulatte-physics-catalog.js?v=28cc3dcf9b982c93df049c32c4669744d2f49bc6-f5eb9b768c7a"></script>
      <script defer src="../data/simulatte-construction-substrate.js?v=28cc3dcf9b982c93df049c32c4669744d2f49bc6-f5eb9b768c7a"></script>
      <script defer src="./pipeline/phase-03-retrieval/simulatte-semantic-rag-dependencies.js?v=28cc3dcf9b982c93df049c32c4669744d2f49bc6-f5eb9b768c7a"></script>
      <script defer src="./pipeline/phase-03-retrieval/simulatte-semantic-rag-constants.js?v=28cc3dcf9b982c93df049c32c4669744d2f49bc6-f5eb9b768c7a"></script>
      <script defer src="./pipeline/phase-03-retrieval/simulatte-semantic-rag-helpers.js?v=28cc3dcf9b982c93df049c32c4669744d2f49bc6-f5eb9b768c7a"></script>
      <script defer src="./pipeline/phase-03-retrieval/simulatte-semantic-rag-surface-cards.js?v=28cc3dcf9b982c93df049c32c4669744d2f49bc6-f5eb9b768c7a"></script>
      <script defer src="./pipeline/phase-03-retrieval/simulatte-semantic-rag-grounding-cards.js?v=28cc3dcf9b982c93df049c32c4669744d2f49bc6-f5eb9b768c7a"></script>
      <script defer src="./pipeline/phase-03-retrieval/simulatte-semantic-rag-lexical-construction.js?v=28cc3dcf9b982c93df049c32c4669744d2f49bc6-f5eb9b768c7a"></script>
      <script defer src="./pipeline/phase-03-retrieval/simulatte-semantic-rag-retrieval.js?v=28cc3dcf9b982c93df049c32c4669744d2f49bc6-f5eb9b768c7a"></script>
      <script defer src="./pipeline/phase-03-retrieval/simulatte-semantic-rag.js?v=28cc3dcf9b982c93df049c32c4669744d2f49bc6-f5eb9b768c7a"></script>
      <script defer src="./pipeline/phase-01-runtime/simulatte-doppler-intent.js?v=28cc3dcf9b982c93df049c32c4669744d2f49bc6-f5eb9b768c7a"></script>
      <script defer src="./pipeline/phase-04-grounded-intent/simulatte-graph-synthesis-support.js?v=28cc3dcf9b982c93df049c32c4669744d2f49bc6-f5eb9b768c7a"></script>
      <script defer src="./pipeline/phase-04-grounded-intent/simulatte-graph-synthesis-retrieval.js?v=28cc3dcf9b982c93df049c32c4669744d2f49bc6-f5eb9b768c7a"></script>
      <script defer src="./pipeline/phase-04-grounded-intent/simulatte-graph-synthesis-helpers.js?v=28cc3dcf9b982c93df049c32c4669744d2f49bc6-f5eb9b768c7a"></script>
      <script defer src="../data/simulatte-compact-classifiers.js?v=28cc3dcf9b982c93df049c32c4669744d2f49bc6-f5eb9b768c7a"></script>
      <script defer src="./pipeline/phase-03-retrieval/simulatte-compact-classifier-runtime.js?v=28cc3dcf9b982c93df049c32c4669744d2f49bc6-f5eb9b768c7a"></script>
      <script defer src="./pipeline/phase-03-retrieval/simulatte-bounded-classification-requests.js?v=28cc3dcf9b982c93df049c32c4669744d2f49bc6-f5eb9b768c7a"></script>
      <script defer src="./pipeline/phase-03-retrieval/simulatte-classification-tier-router.js?v=28cc3dcf9b982c93df049c32c4669744d2f49bc6-f5eb9b768c7a"></script>
      <script defer src="./pipeline/phase-03-retrieval/simulatte-intent-embedder-bounded-classification.js?v=28cc3dcf9b982c93df049c32c4669744d2f49bc6-f5eb9b768c7a"></script>
      <script defer src="./pipeline/phase-03-retrieval/simulatte-intent-embedder-dependencies.js?v=28cc3dcf9b982c93df049c32c4669744d2f49bc6-f5eb9b768c7a"></script>
      <script defer src="./pipeline/phase-03-retrieval/simulatte-intent-embedder-constants.js?v=28cc3dcf9b982c93df049c32c4669744d2f49bc6-f5eb9b768c7a"></script>
      <script defer src="./pipeline/phase-03-retrieval/simulatte-intent-embedder-model-lock.js?v=28cc3dcf9b982c93df049c32c4669744d2f49bc6-f5eb9b768c7a"></script>
      <script defer src="./pipeline/phase-03-retrieval/simulatte-intent-embedder-model-cache.js?v=28cc3dcf9b982c93df049c32c4669744d2f49bc6-f5eb9b768c7a"></script>
      <script defer src="./pipeline/phase-03-retrieval/simulatte-intent-embedder-runtime-class.js?v=28cc3dcf9b982c93df049c32c4669744d2f49bc6-f5eb9b768c7a"></script>
      <script defer src="./pipeline/phase-03-retrieval/simulatte-intent-embedder-runtime-probes.js?v=28cc3dcf9b982c93df049c32c4669744d2f49bc6-f5eb9b768c7a"></script>
      <script defer src="./pipeline/phase-03-retrieval/simulatte-intent-embedder-universe-loader.js?v=28cc3dcf9b982c93df049c32c4669744d2f49bc6-f5eb9b768c7a"></script>
      <script defer src="./pipeline/phase-03-retrieval/simulatte-intent-embedder-manifest-loader.js?v=28cc3dcf9b982c93df049c32c4669744d2f49bc6-f5eb9b768c7a"></script>
      <script defer src="./pipeline/phase-03-retrieval/simulatte-intent-embedder-construction-retrieval.js?v=28cc3dcf9b982c93df049c32c4669744d2f49bc6-f5eb9b768c7a"></script>
      <script defer src="./pipeline/phase-03-retrieval/simulatte-intent-embedder-span-retrieval.js?v=28cc3dcf9b982c93df049c32c4669744d2f49bc6-f5eb9b768c7a"></script>
      <script defer src="./pipeline/phase-03-retrieval/simulatte-intent-embedder-slot-retrieval.js?v=28cc3dcf9b982c93df049c32c4669744d2f49bc6-f5eb9b768c7a"></script>
      <script defer src="./pipeline/phase-03-retrieval/simulatte-intent-embedder-slot-rerank.js?v=28cc3dcf9b982c93df049c32c4669744d2f49bc6-f5eb9b768c7a"></script>
      <script defer src="./pipeline/phase-03-retrieval/simulatte-intent-embedder-rerank-runtime.js?v=28cc3dcf9b982c93df049c32c4669744d2f49bc6-f5eb9b768c7a"></script>
      <script defer src="./pipeline/phase-03-retrieval/simulatte-intent-embedder-manifest-cache.js?v=28cc3dcf9b982c93df049c32c4669744d2f49bc6-f5eb9b768c7a"></script>
      <script defer src="./pipeline/phase-03-retrieval/simulatte-intent-embedder-rerank.js?v=28cc3dcf9b982c93df049c32c4669744d2f49bc6-f5eb9b768c7a"></script>
      <script defer src="./pipeline/phase-03-retrieval/simulatte-intent-embedder-vectors.js?v=28cc3dcf9b982c93df049c32c4669744d2f49bc6-f5eb9b768c7a"></script>
      <script defer src="./pipeline/phase-03-retrieval/simulatte-intent-embedder-facade-support.js?v=28cc3dcf9b982c93df049c32c4669744d2f49bc6-f5eb9b768c7a"></script>
      <script defer src="./pipeline/phase-03-retrieval/simulatte-intent-embedder.js?v=28cc3dcf9b982c93df049c32c4669744d2f49bc6-f5eb9b768c7a"></script>
      <script defer src="./pipeline/phase-03-retrieval/simulatte-conditional-reranking.js?v=28cc3dcf9b982c93df049c32c4669744d2f49bc6-f5eb9b768c7a"></script>
      <script defer src="./pipeline/phase-03-retrieval/simulatte-intent-classifier.js?v=28cc3dcf9b982c93df049c32c4669744d2f49bc6-f5eb9b768c7a"></script>
      <script defer src="../data/simulatte-language-lexicon.js?v=28cc3dcf9b982c93df049c32c4669744d2f49bc6-f5eb9b768c7a"></script>
      <script defer src="../simulatte/language/simulatte-language-structure.js?v=28cc3dcf9b982c93df049c32c4669744d2f49bc6-f5eb9b768c7a"></script>
      <script defer src="../simulatte/language/simulatte-universe-parser.js?v=28cc3dcf9b982c93df049c32c4669744d2f49bc6-f5eb9b768c7a"></script>
      <script defer src="./pipeline/phase-02-language/simulatte-universe-parser.js?v=28cc3dcf9b982c93df049c32c4669744d2f49bc6-f5eb9b768c7a"></script>
      <script defer src="./pipeline/phase-04-grounded-intent/simulatte-universe-grounder-graph.js?v=28cc3dcf9b982c93df049c32c4669744d2f49bc6-f5eb9b768c7a"></script>
      <script defer src="./pipeline/phase-04-grounded-intent/simulatte-universe-grounder-candidates.js?v=28cc3dcf9b982c93df049c32c4669744d2f49bc6-f5eb9b768c7a"></script>
      <script defer src="./pipeline/phase-04-grounded-intent/simulatte-universe-grounder.js?v=28cc3dcf9b982c93df049c32c4669744d2f49bc6-f5eb9b768c7a"></script>
      <script defer src="./pipeline/phase-05-simulation/simulatte-operator-stage.js?v=28cc3dcf9b982c93df049c32c4669744d2f49bc6-f5eb9b768c7a"></script>
      <script defer src="./pipeline/phase-05-simulation/simulatte-physics-ir-domains.js?v=28cc3dcf9b982c93df049c32c4669744d2f49bc6-f5eb9b768c7a"></script>
      <script defer src="./pipeline/phase-05-simulation/simulatte-physics-ir-behaviors.js?v=28cc3dcf9b982c93df049c32c4669744d2f49bc6-f5eb9b768c7a"></script>
      <script defer src="./pipeline/phase-05-simulation/simulatte-physics-ir-builder.js?v=28cc3dcf9b982c93df049c32c4669744d2f49bc6-f5eb9b768c7a"></script>
      <script defer src="./pipeline/phase-05-simulation/simulatte-physics-ir-validator.js?v=28cc3dcf9b982c93df049c32c4669744d2f49bc6-f5eb9b768c7a"></script>
      <script defer src="./pipeline/phase-04-grounded-intent/simulatte-intent-brief-schema.js?v=28cc3dcf9b982c93df049c32c4669744d2f49bc6-f5eb9b768c7a"></script>
      <script defer src="./pipeline/phase-04-grounded-intent/simulatte-structured-intent-rules.js?v=28cc3dcf9b982c93df049c32c4669744d2f49bc6-f5eb9b768c7a"></script>
      <script defer src="./pipeline/phase-04-grounded-intent/simulatte-causal-physics-graph.js?v=28cc3dcf9b982c93df049c32c4669744d2f49bc6-f5eb9b768c7a"></script>
      <script defer src="./pipeline/phase-04-grounded-intent/simulatte-assumption-ledger.js?v=28cc3dcf9b982c93df049c32c4669744d2f49bc6-f5eb9b768c7a"></script>
      <script defer src="./pipeline/phase-04-grounded-intent/simulatte-causal-visual-affordances.js?v=28cc3dcf9b982c93df049c32c4669744d2f49bc6-f5eb9b768c7a"></script>
      <script defer src="./pipeline/phase-02-language/simulatte-language-evidence.js?v=28cc3dcf9b982c93df049c32c4669744d2f49bc6-f5eb9b768c7a"></script>
      <script defer src="./pipeline/phase-03-retrieval/simulatte-activation-cloud.js?v=28cc3dcf9b982c93df049c32c4669744d2f49bc6-f5eb9b768c7a"></script>
      <script defer src="./pipeline/phase-04-grounded-intent/simulatte-grounded-interpretation.js?v=28cc3dcf9b982c93df049c32c4669744d2f49bc6-f5eb9b768c7a"></script>
      <script defer src="./pipeline/phase-04-grounded-intent/simulatte-intent-forensics.js?v=28cc3dcf9b982c93df049c32c4669744d2f49bc6-f5eb9b768c7a"></script>
      <script defer src="./pipeline/phase-05-simulation/solvers/simulatte-solver-values.js?v=28cc3dcf9b982c93df049c32c4669744d2f49bc6-f5eb9b768c7a"></script>
      <script defer src="./pipeline/phase-05-simulation/solvers/simulatte-solver-interaction-kinematics.js?v=28cc3dcf9b982c93df049c32c4669744d2f49bc6-f5eb9b768c7a"></script>
      <script defer src="./pipeline/phase-05-simulation/solvers/simulatte-solver-rigid-body-2d.js?v=28cc3dcf9b982c93df049c32c4669744d2f49bc6-f5eb9b768c7a"></script>
      <script defer src="./pipeline/phase-05-simulation/solvers/simulatte-solver-particles.js?v=28cc3dcf9b982c93df049c32c4669744d2f49bc6-f5eb9b768c7a"></script>
      <script defer src="./pipeline/phase-05-simulation/solvers/simulatte-solver-constraints.js?v=28cc3dcf9b982c93df049c32c4669744d2f49bc6-f5eb9b768c7a"></script>
      <script defer src="./pipeline/phase-05-simulation/solvers/simulatte-solver-thermal.js?v=28cc3dcf9b982c93df049c32c4669744d2f49bc6-f5eb9b768c7a"></script>
      <script defer src="./pipeline/phase-05-simulation/solvers/simulatte-solver-advection.js?v=28cc3dcf9b982c93df049c32c4669744d2f49bc6-f5eb9b768c7a"></script>
      <script defer src="./pipeline/phase-05-simulation/solvers/simulatte-solver-pressure-flow-lite.js?v=28cc3dcf9b982c93df049c32c4669744d2f49bc6-f5eb9b768c7a"></script>
      <script defer src="./pipeline/phase-05-simulation/solvers/simulatte-solver-wave-field.js?v=28cc3dcf9b982c93df049c32c4669744d2f49bc6-f5eb9b768c7a"></script>
      <script defer src="./pipeline/phase-05-simulation/solvers/simulatte-solver-reaction-diffusion.js?v=28cc3dcf9b982c93df049c32c4669744d2f49bc6-f5eb9b768c7a"></script>
      <script defer src="./pipeline/phase-05-simulation/solvers/simulatte-solver-fracture-threshold.js?v=28cc3dcf9b982c93df049c32c4669744d2f49bc6-f5eb9b768c7a"></script>
      <script defer src="./pipeline/phase-05-simulation/solvers/simulatte-solver-rotational-mechanics.js?v=28cc3dcf9b982c93df049c32c4669744d2f49bc6-f5eb9b768c7a"></script>
      <script defer src="./pipeline/phase-05-simulation/solvers/simulatte-solver-network-control.js?v=28cc3dcf9b982c93df049c32c4669744d2f49bc6-f5eb9b768c7a"></script>
      <script defer src="./pipeline/phase-05-simulation/solvers/simulatte-solver-growth-decay.js?v=28cc3dcf9b982c93df049c32c4669744d2f49bc6-f5eb9b768c7a"></script>
      <script defer src="./pipeline/phase-05-simulation/solvers/simulatte-solver-particle-deposition.js?v=28cc3dcf9b982c93df049c32c4669744d2f49bc6-f5eb9b768c7a"></script>
      <script defer src="./pipeline/phase-05-simulation/simulatte-solver-registry.js?v=28cc3dcf9b982c93df049c32c4669744d2f49bc6-f5eb9b768c7a"></script>
      <script defer src="./pipeline/phase-05-simulation/simulatte-solver-compiler.js?v=28cc3dcf9b982c93df049c32c4669744d2f49bc6-f5eb9b768c7a"></script>
      <script defer src="./pipeline/phase-05-simulation/simulatte-render-registry.js?v=28cc3dcf9b982c93df049c32c4669744d2f49bc6-f5eb9b768c7a"></script>
      <script defer src="./pipeline/phase-05-simulation/simulatte-render-ir.js?v=28cc3dcf9b982c93df049c32c4669744d2f49bc6-f5eb9b768c7a"></script>
      <script defer src="./pipeline/phase-05-simulation/simulatte-interaction-ir.js?v=28cc3dcf9b982c93df049c32c4669744d2f49bc6-f5eb9b768c7a"></script>
      <script defer src="./pipeline/phase-06-visual/simulatte-visual-operator-atlas.js?v=28cc3dcf9b982c93df049c32c4669744d2f49bc6-f5eb9b768c7a"></script>
      <script defer src="./pipeline/phase-06-visual/simulatte-visual-graphics-atoms.js?v=28cc3dcf9b982c93df049c32c4669744d2f49bc6-f5eb9b768c7a"></script>
      <script defer src="./pipeline/phase-06-visual/simulatte-visual-operator-compiler.js?v=28cc3dcf9b982c93df049c32c4669744d2f49bc6-f5eb9b768c7a"></script>
      <script defer src="./pipeline/phase-06-visual/simulatte-scene-packet-contract.js?v=28cc3dcf9b982c93df049c32c4669744d2f49bc6-f5eb9b768c7a"></script>
      <script defer src="./pipeline/phase-06-visual/simulatte-composition-graph-dependencies.js?v=28cc3dcf9b982c93df049c32c4669744d2f49bc6-f5eb9b768c7a"></script>
      <script defer src="./pipeline/phase-06-visual/simulatte-composition-graph-constants.js?v=28cc3dcf9b982c93df049c32c4669744d2f49bc6-f5eb9b768c7a"></script>
      <script defer src="./pipeline/phase-06-visual/simulatte-composition-graph-selection-layout.js?v=28cc3dcf9b982c93df049c32c4669744d2f49bc6-f5eb9b768c7a"></script>
      <script defer src="./pipeline/phase-06-visual/simulatte-composition-graph-render-ir-binding.js?v=28cc3dcf9b982c93df049c32c4669744d2f49bc6-f5eb9b768c7a"></script>
      <script defer src="./pipeline/phase-06-visual/simulatte-composition-graph-entity-lowering.js?v=28cc3dcf9b982c93df049c32c4669744d2f49bc6-f5eb9b768c7a"></script>
      <script defer src="./pipeline/phase-06-visual/simulatte-composition-graph-graphics-atom-lowering.js?v=28cc3dcf9b982c93df049c32c4669744d2f49bc6-f5eb9b768c7a"></script>
      <script defer src="./pipeline/phase-06-visual/simulatte-composition-graph-visual-ir.js?v=28cc3dcf9b982c93df049c32c4669744d2f49bc6-f5eb9b768c7a"></script>
      <script defer src="./pipeline/phase-06-visual/simulatte-scene-interaction.js?v=28cc3dcf9b982c93df049c32c4669744d2f49bc6-f5eb9b768c7a"></script>
      <script defer src="./pipeline/phase-06-visual/simulatte-composition-graph-materials.js?v=28cc3dcf9b982c93df049c32c4669744d2f49bc6-f5eb9b768c7a"></script>
      <script defer src="./pipeline/phase-06-visual/simulatte-construction-evidence.js?v=28cc3dcf9b982c93df049c32c4669744d2f49bc6-f5eb9b768c7a"></script>
      <script defer src="./pipeline/phase-06-visual/simulatte-construction-placement.js?v=28cc3dcf9b982c93df049c32c4669744d2f49bc6-f5eb9b768c7a"></script>
      <script defer src="./pipeline/phase-06-visual/simulatte-construction-parts.js?v=28cc3dcf9b982c93df049c32c4669744d2f49bc6-f5eb9b768c7a"></script>
      <script defer src="./pipeline/phase-06-visual/simulatte-construction-geometry.js?v=28cc3dcf9b982c93df049c32c4669744d2f49bc6-f5eb9b768c7a"></script>
      <script defer src="./pipeline/phase-06-visual/simulatte-prompt-visual-contracts.js?v=28cc3dcf9b982c93df049c32c4669744d2f49bc6-f5eb9b768c7a"></script>
      <script defer src="./pipeline/phase-06-visual/simulatte-object-geometry-grammars.js?v=28cc3dcf9b982c93df049c32c4669744d2f49bc6-f5eb9b768c7a"></script>
      <script defer src="./pipeline/phase-06-visual/simulatte-object-geometry-morphology.js?v=28cc3dcf9b982c93df049c32c4669744d2f49bc6-f5eb9b768c7a"></script>
      <script defer src="./pipeline/phase-06-visual/simulatte-scene-atmosphere.js?v=28cc3dcf9b982c93df049c32c4669744d2f49bc6-f5eb9b768c7a"></script>
      <script defer src="./pipeline/phase-06-visual/simulatte-scene-framing.js?v=28cc3dcf9b982c93df049c32c4669744d2f49bc6-f5eb9b768c7a"></script>
      <script defer src="./pipeline/phase-06-visual/simulatte-scene-animation.js?v=28cc3dcf9b982c93df049c32c4669744d2f49bc6-f5eb9b768c7a"></script>
      <script defer src="./pipeline/phase-06-visual/simulatte-composition-graph-scene-packet.js?v=28cc3dcf9b982c93df049c32c4669744d2f49bc6-f5eb9b768c7a"></script>
      <script defer src="./pipeline/phase-06-visual/simulatte-composition-graph-visual-genome.js?v=28cc3dcf9b982c93df049c32c4669744d2f49bc6-f5eb9b768c7a"></script>
      <script defer src="./pipeline/phase-06-visual/simulatte-composition-graph-programs.js?v=28cc3dcf9b982c93df049c32c4669744d2f49bc6-f5eb9b768c7a"></script>
      <script defer src="./pipeline/phase-06-visual/simulatte-composition-graph-dialects.js?v=28cc3dcf9b982c93df049c32c4669744d2f49bc6-f5eb9b768c7a"></script>
      <script defer src="./pipeline/phase-06-visual/simulatte-composition-graph-constraint-layout.js?v=28cc3dcf9b982c93df049c32c4669744d2f49bc6-f5eb9b768c7a"></script>
      <script defer src="./pipeline/phase-06-visual/simulatte-composition-graph-helpers.js?v=28cc3dcf9b982c93df049c32c4669744d2f49bc6-f5eb9b768c7a"></script>
      <script defer src="./pipeline/phase-06-visual/simulatte-composition-graph-facade-support.js?v=28cc3dcf9b982c93df049c32c4669744d2f49bc6-f5eb9b768c7a"></script>
      <script defer src="./pipeline/phase-06-visual/simulatte-composition-graph.js?v=28cc3dcf9b982c93df049c32c4669744d2f49bc6-f5eb9b768c7a"></script>
      <script defer src="./app/loading/loading-canvas-support.js?v=28cc3dcf9b982c93df049c32c4669744d2f49bc6-f5eb9b768c7a"></script>
      <script defer src="./app/loading/loading-canvas.js?v=28cc3dcf9b982c93df049c32c4669744d2f49bc6-f5eb9b768c7a"></script>
      <script defer src="./app/runtime/runtime-progress-support.js?v=28cc3dcf9b982c93df049c32c4669744d2f49bc6-f5eb9b768c7a"></script>
      <script defer src="./app/runtime/runtime-progress-state.js?v=28cc3dcf9b982c93df049c32c4669744d2f49bc6-f5eb9b768c7a"></script>
      <script defer src="./app/runtime/runtime-progress.js?v=28cc3dcf9b982c93df049c32c4669744d2f49bc6-f5eb9b768c7a"></script>
      <script defer src="./app/runtime/run-view-model.js?v=28cc3dcf9b982c93df049c32c4669744d2f49bc6-f5eb9b768c7a"></script>
      <script defer src="./app/runtime/world-interaction-runtime.js?v=28cc3dcf9b982c93df049c32c4669744d2f49bc6-f5eb9b768c7a"></script>
      <script defer src="./pipeline/phase-07-render/simulatte-render-execution-input.js?v=28cc3dcf9b982c93df049c32c4669744d2f49bc6-f5eb9b768c7a"></script>
      <script defer src="./pipeline/phase-07-render/simulatte-object-realization.js?v=28cc3dcf9b982c93df049c32c4669744d2f49bc6-f5eb9b768c7a"></script>
      <script defer src="./pipeline/phase-07-render/simulatte-render-evidence-binding.js?v=28cc3dcf9b982c93df049c32c4669744d2f49bc6-f5eb9b768c7a"></script>
      <script defer src="./pipeline/phase-07-render/simulatte-render-proof-relations.js?v=28cc3dcf9b982c93df049c32c4669744d2f49bc6-f5eb9b768c7a"></script>
      <script defer src="./pipeline/phase-07-render/simulatte-render-proof.js?v=28cc3dcf9b982c93df049c32c4669744d2f49bc6-f5eb9b768c7a"></script>
      <script defer src="./pipeline/phase-07-render/simulatte-webgpu-renderer-dependencies.js?v=28cc3dcf9b982c93df049c32c4669744d2f49bc6-f5eb9b768c7a"></script>
      <script defer src="./pipeline/phase-07-render/simulatte-webgpu-renderer-constants.js?v=28cc3dcf9b982c93df049c32c4669744d2f49bc6-f5eb9b768c7a"></script>
      <script defer src="./pipeline/phase-07-render/simulatte-webgpu-renderer-pixel-plan.js?v=28cc3dcf9b982c93df049c32c4669744d2f49bc6-f5eb9b768c7a"></script>
      <script defer src="./pipeline/phase-07-render/simulatte-webgpu-renderer-scene-proof-observer.js?v=28cc3dcf9b982c93df049c32c4669744d2f49bc6-f5eb9b768c7a"></script>
      <script defer src="./pipeline/phase-07-render/simulatte-webgpu-renderer-proof-datasets.js?v=28cc3dcf9b982c93df049c32c4669744d2f49bc6-f5eb9b768c7a"></script>
      <script defer src="./pipeline/phase-07-render/simulatte-webgpu-renderer-lifecycle.js?v=28cc3dcf9b982c93df049c32c4669744d2f49bc6-f5eb9b768c7a"></script>
      <script defer src="./pipeline/phase-07-render/simulatte-webgpu-renderer-frame-evidence.js?v=28cc3dcf9b982c93df049c32c4669744d2f49bc6-f5eb9b768c7a"></script>
      <script defer src="./pipeline/phase-07-render/simulatte-webgpu-renderer-phase.js?v=28cc3dcf9b982c93df049c32c4669744d2f49bc6-f5eb9b768c7a"></script>
      <script defer src="./pipeline/phase-07-render/simulatte-webgpu-renderer-renderer-class.js?v=28cc3dcf9b982c93df049c32c4669744d2f49bc6-f5eb9b768c7a"></script>
      <script defer src="./pipeline/phase-07-render/simulatte-webgpu-renderer-part-segmentation.js?v=28cc3dcf9b982c93df049c32c4669744d2f49bc6-f5eb9b768c7a"></script>
      <script defer src="./pipeline/phase-07-render/simulatte-webgpu-renderer-morphology.js?v=28cc3dcf9b982c93df049c32c4669744d2f49bc6-f5eb9b768c7a"></script>
      <script defer src="./pipeline/phase-07-render/simulatte-webgpu-renderer-interaction.js?v=28cc3dcf9b982c93df049c32c4669744d2f49bc6-f5eb9b768c7a"></script>
      <script defer src="./pipeline/phase-07-render/simulatte-webgpu-renderer-packets.js?v=28cc3dcf9b982c93df049c32c4669744d2f49bc6-f5eb9b768c7a"></script>
      <script defer src="./pipeline/phase-07-render/simulatte-webgpu-renderer-pixel-proof.js?v=28cc3dcf9b982c93df049c32c4669744d2f49bc6-f5eb9b768c7a"></script>
      <script defer src="./pipeline/phase-07-render/simulatte-webgpu-renderer-gpu-data.js?v=28cc3dcf9b982c93df049c32c4669744d2f49bc6-f5eb9b768c7a"></script>
      <script defer src="./pipeline/phase-07-render/simulatte-webgpu-renderer-background-shader.js?v=28cc3dcf9b982c93df049c32c4669744d2f49bc6-f5eb9b768c7a"></script>
      <script defer src="./pipeline/phase-07-render/simulatte-webgpu-renderer-object-shader.js?v=28cc3dcf9b982c93df049c32c4669744d2f49bc6-f5eb9b768c7a"></script>
      <script defer src="./pipeline/phase-07-render/simulatte-webgpu-renderer.js?v=28cc3dcf9b982c93df049c32c4669744d2f49bc6-f5eb9b768c7a"></script>
      <script defer src="./pipeline/phase-08-scene-proof/simulatte-scene-proof.js?v=28cc3dcf9b982c93df049c32c4669744d2f49bc6-f5eb9b768c7a"></script>
      <script defer src="./pipeline/phase-05-simulation/simulatte-physics-model-dependencies.js?v=28cc3dcf9b982c93df049c32c4669744d2f49bc6-f5eb9b768c7a"></script>
      <script defer src="./pipeline/phase-05-simulation/simulatte-physics-model-contracts.js?v=28cc3dcf9b982c93df049c32c4669744d2f49bc6-f5eb9b768c7a"></script>
      <script defer src="./pipeline/phase-05-simulation/simulatte-physics-model-phase-runtime-language.js?v=28cc3dcf9b982c93df049c32c4669744d2f49bc6-f5eb9b768c7a"></script>
      <script defer src="./pipeline/phase-05-simulation/simulatte-physics-model-phase-retrieval-boundary.js?v=28cc3dcf9b982c93df049c32c4669744d2f49bc6-f5eb9b768c7a"></script>
      <script defer src="./pipeline/phase-05-simulation/simulatte-physics-model-phase-retrieval.js?v=28cc3dcf9b982c93df049c32c4669744d2f49bc6-f5eb9b768c7a"></script>
      <script defer src="./pipeline/phase-05-simulation/simulatte-physics-model-activation-verdicts.js?v=28cc3dcf9b982c93df049c32c4669744d2f49bc6-f5eb9b768c7a"></script>
      <script defer src="./pipeline/phase-05-simulation/simulatte-physics-model-activation-fusion.js?v=28cc3dcf9b982c93df049c32c4669744d2f49bc6-f5eb9b768c7a"></script>
      <script defer src="./pipeline/phase-05-simulation/simulatte-physics-model-phase3-ledger.js?v=28cc3dcf9b982c93df049c32c4669744d2f49bc6-f5eb9b768c7a"></script>
      <script defer src="./pipeline/phase-04-grounded-intent/simulatte-semantic-provenance.js?v=28cc3dcf9b982c93df049c32c4669744d2f49bc6-f5eb9b768c7a"></script>
      <script defer src="./pipeline/phase-05-simulation/simulatte-physics-model-phase-grounding.js?v=28cc3dcf9b982c93df049c32c4669744d2f49bc6-f5eb9b768c7a"></script>
      <script defer src="./pipeline/phase-04-grounded-intent/simulatte-world-spec-input.js?v=28cc3dcf9b982c93df049c32c4669744d2f49bc6-f5eb9b768c7a"></script>
      <script defer src="./pipeline/phase-04-grounded-intent/simulatte-user-override-grounding.js?v=28cc3dcf9b982c93df049c32c4669744d2f49bc6-f5eb9b768c7a"></script>
      <script defer src="./pipeline/phase-04-grounded-intent/simulatte-intent-proof.js?v=28cc3dcf9b982c93df049c32c4669744d2f49bc6-f5eb9b768c7a"></script>
      <script defer src="./pipeline/phase-04-grounded-intent/simulatte-semantic-proof.js?v=28cc3dcf9b982c93df049c32c4669744d2f49bc6-f5eb9b768c7a"></script>
      <script defer src="./pipeline/phase-05-simulation/simulatte-physics-model-phase-visual-execution.js?v=28cc3dcf9b982c93df049c32c4669744d2f49bc6-f5eb9b768c7a"></script>
      <script defer src="./pipeline/phase-05-simulation/simulatte-physics-model-phase-simulation.js?v=28cc3dcf9b982c93df049c32c4669744d2f49bc6-f5eb9b768c7a"></script>
      <script defer src="./pipeline/phase-05-simulation/simulatte-world-spec-runtime.js?v=28cc3dcf9b982c93df049c32c4669744d2f49bc6-f5eb9b768c7a"></script>
      <script defer src="./pipeline/phase-03-retrieval/simulatte-candidate-composition.js?v=28cc3dcf9b982c93df049c32c4669744d2f49bc6-f5eb9b768c7a"></script>
      <script defer src="./pipeline/phase-05-simulation/simulatte-physics-model-phase-visual-render.js?v=28cc3dcf9b982c93df049c32c4669744d2f49bc6-f5eb9b768c7a"></script>
      <script defer src="./pipeline/phase-05-simulation/simulatte-physics-model-state-solvers.js?v=28cc3dcf9b982c93df049c32c4669744d2f49bc6-f5eb9b768c7a"></script>
      <script defer src="./pipeline/phase-05-simulation/simulatte-simulation-reproducibility.js?v=28cc3dcf9b982c93df049c32c4669744d2f49bc6-f5eb9b768c7a"></script>
      <script defer src="./pipeline/phase-05-simulation/simulatte-safety-proof.js?v=28cc3dcf9b982c93df049c32c4669744d2f49bc6-f5eb9b768c7a"></script>
      <script defer src="./pipeline/phase-05-simulation/simulatte-physics-model-spec-api.js?v=28cc3dcf9b982c93df049c32c4669744d2f49bc6-f5eb9b768c7a"></script>
      <script defer src="./pipeline/phase-05-simulation/simulatte-physics-model-metrics.js?v=28cc3dcf9b982c93df049c32c4669744d2f49bc6-f5eb9b768c7a"></script>
      <script defer src="./pipeline/phase-05-simulation/simulatte-physics-model-compatibility.js?v=28cc3dcf9b982c93df049c32c4669744d2f49bc6-f5eb9b768c7a"></script>
      <script defer src="./pipeline/phase-05-simulation/simulatte-physics-model.js?v=28cc3dcf9b982c93df049c32c4669744d2f49bc6-f5eb9b768c7a"></script>
      <script defer src="../shared/contracts/world-spec-reconciliation.js?v=28cc3dcf9b982c93df049c32c4669744d2f49bc6-f5eb9b768c7a"></script>
      <script defer src="../shared/contracts/world-improvement-record.js?v=28cc3dcf9b982c93df049c32c4669744d2f49bc6-f5eb9b768c7a"></script>
      <script defer src="./app/prompt/prompt-controller-dependencies.js?v=28cc3dcf9b982c93df049c32c4669744d2f49bc6-f5eb9b768c7a"></script>
      <script defer src="./app/prompt/prompt-controller-construction-search.js?v=28cc3dcf9b982c93df049c32c4669744d2f49bc6-f5eb9b768c7a"></script>
      <script defer src="./app/prompt/prompt-controller-runtime.js?v=28cc3dcf9b982c93df049c32c4669744d2f49bc6-f5eb9b768c7a"></script>
      <script defer src="./app/prompt/prompt-controller-phase-dispatch.js?v=28cc3dcf9b982c93df049c32c4669744d2f49bc6-f5eb9b768c7a"></script>
      <script defer src="./app/prompt/prompt-controller-workers.js?v=28cc3dcf9b982c93df049c32c4669744d2f49bc6-f5eb9b768c7a"></script>
      <script defer src="./app/prompt/prompt-controller-training.js?v=28cc3dcf9b982c93df049c32c4669744d2f49bc6-f5eb9b768c7a"></script>
      <script defer src="./app/prompt/prompt-model-selection.js?v=28cc3dcf9b982c93df049c32c4669744d2f49bc6-f5eb9b768c7a"></script>
      <script defer src="./app/prompt/world-spec-editor.js?v=28cc3dcf9b982c93df049c32c4669744d2f49bc6-f5eb9b768c7a"></script>
      <script defer src="./app/prompt/world-spec-reconciliation-controller.js?v=28cc3dcf9b982c93df049c32c4669744d2f49bc6-f5eb9b768c7a"></script>
      <script defer src="./app/prompt/prompt-controller-compiler-proof.js?v=28cc3dcf9b982c93df049c32c4669744d2f49bc6-f5eb9b768c7a"></script>
      <script defer src="./app/prompt/world-improvement-session.js?v=28cc3dcf9b982c93df049c32c4669744d2f49bc6-f5eb9b768c7a"></script>
      <script defer src="./app/prompt/prompt-proof-session.js?v=28cc3dcf9b982c93df049c32c4669744d2f49bc6-f5eb9b768c7a"></script>
      <script defer src="./app/prompt/prompt-controller-lab-controller.js?v=28cc3dcf9b982c93df049c32c4669744d2f49bc6-f5eb9b768c7a"></script>
      <script defer src="./app/prompt/prompt-controller.js?v=28cc3dcf9b982c93df049c32c4669744d2f49bc6-f5eb9b768c7a"></script>
      <script defer src="./app/simulation/simulation-lab.js?v=28cc3dcf9b982c93df049c32c4669744d2f49bc6-f5eb9b768c7a"></script>
      <script defer src="./app/prompt/prompt-review-bridge-store.js?v=28cc3dcf9b982c93df049c32c4669744d2f49bc6-f5eb9b768c7a"></script>
      <script defer src="./app/prompt/prompt-review-bridge.js?v=28cc3dcf9b982c93df049c32c4669744d2f49bc6-f5eb9b768c7a"></script>
      <script defer src="./app/create-experience.js?v=28cc3dcf9b982c93df049c32c4669744d2f49bc6-f5eb9b768c7a"></script>
      <script defer src="./app/main.js?v=28cc3dcf9b982c93df049c32c4669744d2f49bc6-f5eb9b768c7a"></script>
      <script defer src="./app/version-guard.js?v=28cc3dcf9b982c93df049c32c4669744d2f49bc6-f5eb9b768c7a"></script>
      <!-- SIMULATTE_RUNTIME_SCRIPTS_END -->
    
    </body>
    </html>
    
    @import '../shared/design/themes/create.css';
    /* Create owns page layout; the compiler owns results and validation. */
    html, body { margin: 0; width: 100%; height: 100%; }
    body.create-app { overflow: hidden; }
    .create-header {
      position: sticky; top: 0; z-index: 30;
      height: 72px; display: flex; align-items: center; justify-content: space-between;
      padding: 0 84px 0 28px; gap: 16px; border-bottom: 1px solid var(--sim-line);
      background: var(--sim-glass);
    }
    .create-header .sim-product-nav { flex: 1; gap: 16px; }
    .create-header .create-brand { font: 600 25px var(--sim-heading); color: var(--sim-ink); padding: 0; letter-spacing: -1px; }
    .create-product { padding-left: 16px; border-left: 1px solid var(--sim-line); font-size: 14px; }
    .create-header .create-back { margin-left: auto; font-weight: 400; }
    .create-app > .sim-theme-control { top: 14px; right: 20px; }
    .physics-stage { display: grid; grid-template-columns: 360px minmax(0, 1fr); height: calc(100dvh - 72px); }
    .physics-stage[data-editor-hidden="true"] { grid-template-columns: minmax(0, 1fr); }
    .physics-panel { min-width: 0; overflow: auto; padding: 32px 26px 24px; border-right: 1px solid var(--sim-line); background: var(--sim-glass); }
    .prompt-dock-head { margin-bottom: 32px; }
    .create-eyebrow { font: 10px var(--sim-mono); letter-spacing: .11em; color: var(--sim-ink-faint); }
    .prompt-dock-head h1 { margin: 14px 0 12px; font: 600 34px/1.05 var(--sim-heading); letter-spacing: -.8px; }
    .prompt-dock-head > p:last-child { margin: 0; color: var(--sim-ink-soft); font-size: 14px; line-height: 1.6; max-width: 30ch; }
    .prompt-dock-core, .builder-row { display: grid; gap: 12px; min-width: 0; }
    .create-prompt-label { font-weight: 600; font-size: 13px; }
    #build-prompt { min-height: 132px; max-height: 260px; resize: vertical; font-size: 16px; line-height: 1.55; padding: 14px; background: var(--sim-paper); }
    .create-help { margin: -4px 0 0; color: var(--sim-ink-faint); font-size: 12px; line-height: 1.5; }
    .create-examples { display: flex; flex-wrap: wrap; gap: 6px; margin: 4px 0 8px; }
    .create-examples > span { flex-basis: 100%; font-size: 11px; color: var(--sim-ink-faint); margin-bottom: 2px; }
    .create-examples button { min-height: 44px; padding: 6px 9px; font-size: 12px; border: 1px solid var(--sim-line); background: transparent; color: var(--sim-ink); border-radius: var(--sim-radius-small); cursor: pointer; }
    .create-examples button:hover { border-color: var(--sim-ink); background: var(--sim-paper); }
    .prompt-actions { display: flex; flex-direction: column; gap: 8px; }
    #build-lab { min-height: 48px; background: var(--sim-ink); border-color: var(--sim-ink); color: var(--sim-paper); font-size: 14px; }
    #build-lab:hover:not(:disabled) { background: var(--sim-ink-soft); }
    #build-lab:disabled { opacity: .4; }
    #shuffle-prompt { border-color: transparent; background: transparent; font-weight: 400; font-size: 12px; }
    .prompt-action-icon { font-size: 18px; }
    .create-run-status { display: flex; align-items: baseline; gap: 10px; padding: 16px 0 4px; border-top: 1px solid var(--sim-line); }
    .create-status-dot { flex-shrink: 0; width: 6px; height: 6px; border-radius: 50%; background: var(--sim-ink-faint); }
    .create-run-status strong { font-size: 13px; font-weight: 600; }
    .create-run-status p { margin: 5px 0 0; color: var(--sim-ink-soft); font-size: 12px; line-height: 1.5; overflow-wrap: anywhere; }
    [data-create-state="error"] .create-run-status { color: var(--sim-red); }
    [data-create-state="warning"] .create-run-status { color: var(--sim-warning); }
    [data-create-state="running"] .create-status-dot { background: var(--sim-accent); animation: create-pulse 1.5s ease-in-out infinite; }
    .create-local-note { margin: 0 0 8px 16px; font-size: 11px; color: var(--sim-ink-faint); }
    .create-tools { border-top: 1px solid var(--sim-line); margin-top: 8px; }
    .create-tools > summary { min-height: 48px; padding: 16px 0; font-size: 12px; cursor: pointer; color: var(--sim-ink-soft); }
    .create-inspectors { display: grid; gap: 8px; }
    .create-inspectors > details > summary { min-height: 44px; width: 100%; justify-content: flex-start; text-align: left; box-shadow: none; font-weight: 500; }
    .create-tools .model-selection-panel { display: block; margin-bottom: 8px; padding: 0; border-radius: var(--sim-radius); }
    .create-tools .model-selection-panel > summary { padding: 12px; min-height: 44px; font-weight: 500; }
    .create-tools .model-selection-controls { position: static; min-width: 0; width: 100%; border: 0; box-shadow: none; }
    .create-tools .model-selection-row { grid-template-columns: 1fr; gap: 4px; }
    .create-preview { display: grid; grid-template-rows: 60px minmax(0, 1fr) 36px; min-width: 0; min-height: 0; padding: 0 24px 12px; }
    .create-preview-bar { display: flex; align-items: center; justify-content: space-between; gap: 12px; font-size: 12px; color: var(--sim-ink-soft); }
    .create-preview-actions { display: flex; gap: 6px; }
    .create-preview-actions .sim-action { background: transparent; font-size: 12px; }
    .physics-canvas-wrap { position: relative; width: 100%; height: 100%; min-height: 0; container-type: size; border: 1px solid var(--sim-line); background-image: linear-gradient(var(--sim-lattice) 1px, transparent 1px), linear-gradient(90deg, var(--sim-lattice) 1px, transparent 1px); background-size: 40px 40px; }
    #physics-canvas, #loading-canvas { position: absolute; inset: 0; margin: auto; display: block; width: min(100cqw, 100cqh); height: min(100cqw, 100cqh); }
    #physics-canvas[data-scene-visible="false"] { opacity: 0; visibility: hidden; }
    #physics-canvas[data-interaction-selected-target]:not([data-interaction-selected-target=""]) { cursor: grab; }
    #physics-canvas[data-interaction-grabbed-target]:not([data-interaction-grabbed-target=""]) { cursor: grabbing; }
    #loading-canvas { z-index: 8; pointer-events: none; opacity: 0; }
    #loading-canvas.is-active { opacity: 1; }
    .create-empty { position: absolute; inset: 0; display: flex; align-items: center; justify-content: center; flex-direction: column; text-align: center; padding: 24px; }
    .create-empty-mark { color: var(--sim-line-strong); font: 300 48px var(--sim-mono); margin-bottom: 12px; }
    .create-empty h2 { margin: 0; font: 600 28px/1.2 var(--sim-heading); letter-spacing: -.5px; }
    .create-empty p { color: var(--sim-ink-soft); font-size: 13px; max-width: 32ch; line-height: 1.6; }
    .create-interaction-hint { margin: 10px 0 0; font-size: 11px; color: var(--sim-ink-faint); text-align: center; }
    .intent-runtime { margin-top: 12px; font-size: 12px; }
    .intent-runtime-head { display: flex; justify-content: space-between; gap: 10px; }
    .intent-runtime-track { height: 3px; background: var(--sim-line); margin: 6px 0; }
    .intent-runtime-fill { display: block; height: 100%; width: 0; background: var(--sim-ink); }
    .intent-runtime-meta, .intent-runtime-detail { color: var(--sim-ink-soft); font-size: 11px; overflow-wrap: anywhere; }
    @keyframes create-pulse { 50% { opacity: .3; } }
    .world-spec-editor-controls,
    .prompt-more-content {
      display: grid;
      gap: 8px;
      padding-top: 12px;
    }
    .prompt-more-actions,
    .prompt-corner-controls {
      display: flex;
      flex-wrap: wrap;
      gap: 6px;
    }
    .prompt-more-section-title {
      color: var(--sim-ink-faint);
      font-size: 12px;
    }
    .prompt-more-runtime,
    .world-model-head {
      display: flex;
      justify-content: space-between;
      gap: 12px;
    }
    .world-model-panel {
      display: grid;
      gap: 8px;
      padding-top: 12px;
    }
    .world-model-summary,
    .world-model-status,
    .physics-status,
    .physics-fps {
      color: var(--sim-ink-soft);
      font-size: 11px;
      overflow-wrap: anywhere;
    }
    .world-model-chips {
      display: grid;
      grid-template-columns: repeat(3, minmax(0, 1fr));
      gap: 6px;
    }
    .world-model-chip {
      min-width: 0;
    }
    .world-model-chip span,
    .world-model-chip strong {
      display: block;
      overflow: hidden;
      text-overflow: ellipsis;
      white-space: nowrap;
    }
    .world-model-chip span {
      color: var(--sim-ink-faint);
      font-size: 11px;
    }
    .phase-rail-shell {
      padding-top: 12px;
    }
    .phase-rail {
      display: grid;
      grid-template-columns: repeat(4, minmax(0, 1fr));
      gap: 6px;
    }
    .phase-rail-step {
      min-width: 0;
      min-height: 44px;
      padding: 6px;
      border: 1px solid var(--sim-line);
      border-radius: var(--sim-radius);
      background: var(--sim-glass-soft);
      color: var(--sim-ink-soft);
      font-size: 11px;
      cursor: pointer;
    }
    .phase-rail-step[data-status="running"] {
      border-color: var(--sim-accent);
    }
    .phase-rail-step[data-status="passed"] {
      color: var(--sim-accent);
    }
    .phase-rail-step[data-status="failed"] {
      color: var(--sim-red);
    }
    .phase-rail-step:is([data-status="not-proven"], [data-status="unsupported"]) {
      color: var(--sim-warning);
      border-style: dashed;
    }
    .phase-details {
      color: var(--sim-ink-soft);
      font-size: 11px;
      overflow-wrap: anywhere;
    }
    .world-spec-reconciliation-detail ol {
      display: grid;
      gap: 8px;
      max-height: 180px;
      overflow: auto;
      padding-left: 24px;
    }
    .world-spec-reconciliation-detail code,
    .world-spec-reconciliation-detail span {
      display: block;
      overflow-wrap: anywhere;
    }
    .world-spec-reconciliation-conflicts[data-state="error"] {
      color: var(--sim-red);
    }
    .world-spec-reconciliation-conflicts[data-state="conflict"] {
      color: var(--sim-warning);
    }
    .simulatte-review-bridge {
      position: fixed;
      z-index: 55;
      top: 12px;
      right: 12px;
      width: min(440px, calc(100vw - 24px));
      max-height: calc(100dvh - 24px);
      display: grid;
      gap: 10px;
      overflow: auto;
      padding: 12px;
      border: 1px solid var(--sim-line);
      border-radius: var(--sim-radius-large);
      background: var(--sim-glass);
      color: var(--sim-ink);
      box-shadow: var(--sim-shadow);
    }
    .training-layer-head,
    .training-head-actions,
    .training-utility-row {
      display: flex;
      align-items: center;
      gap: 6px;
    }
    .training-layer-head {
      justify-content: space-between;
    }
    .training-title-block,
    .training-layer-body {
      display: grid;
      gap: 8px;
    }
    .simulatte-review-bridge.is-collapsed {
      width: min(280px, calc(100vw - 24px));
    }
    .simulatte-review-bridge.is-collapsed .training-layer-body {
      display: none;
    }
    .training-prompt-readout {
      display: grid;
      gap: 4px;
      border-bottom: 1px solid var(--sim-line);
      padding-bottom: 8px;
    }
    .training-prompt-readout output,
    .training-artifact-summary {
      max-height: 60px;
      overflow: auto;
    }
    .training-field-label,
    .training-note-label,
    .training-phase-name,
    .training-phase-state,
    .training-utility-row span {
      color: var(--sim-ink-soft);
      font-size: 11px;
    }
    .training-artifact-json {
      max-height: 150px;
      overflow: auto;
      color: var(--sim-ink-soft);
      font: 11px/1.5 var(--sim-mono);
      white-space: pre-wrap;
      overflow-wrap: anywhere;
    }
    .training-utility-row {
      flex-wrap: wrap;
    }
    .training-primary-actions,
    .training-phase-grid {
      display: grid;
      grid-template-columns: repeat(2, minmax(0, 1fr));
      gap: 6px;
    }
    .simulatte-review-bridge button {
      min-height: 44px;
      padding: 8px;
      border: 1px solid var(--sim-line);
      border-radius: var(--sim-radius);
      color: var(--sim-ink);
      background: var(--sim-glass-soft);
      cursor: pointer;
    }
    .training-phase-grid button {
      display: grid;
      gap: 2px;
      text-align: left;
    }
    .training-phase-grid button.is-active {
      border-color: var(--sim-accent);
    }
    .training-phase-grid button[data-phase-state="missing"] {
      color: var(--sim-warning);
    }
    .simulatte-review-bridge textarea {
      width: 100%;
      min-height: 66px;
      max-height: 140px;
      resize: vertical;
      padding: 8px;
      border: 1px solid var(--sim-line);
      border-radius: var(--sim-radius);
      background: var(--sim-paper);
      color: var(--sim-ink);
    }
    @media (max-width: 1050px) and (min-width: 761px) {
      .physics-stage { grid-template-columns: 320px minmax(0, 1fr); }
      .physics-panel { padding: 24px 20px; }
      .create-header .create-back { display: none; }
    }
    @media (max-width: 760px) {
      body.create-app { overflow: auto; }
      .create-header { height: 64px; padding: 0 68px 0 16px; gap: 8px; }
      .create-header .sim-product-nav { gap: 10px; }
      .create-header .create-brand { font-size: 23px; }
      .create-product { padding-left: 10px; font-size: 12px; }
      .create-header .create-back { display: none; }
      .create-header > button { font-size: 11px; padding: 6px 9px; }
      .create-app > .sim-theme-control { top: 10px; right: 12px; }
      .physics-stage { display: flex; flex-direction: column; height: auto; min-height: calc(100dvh - 64px); }
      .physics-panel { padding: 24px 20px; border-right: 0; border-bottom: 1px solid var(--sim-line); overflow: visible; }
      .prompt-dock-head { margin-bottom: 24px; }
      .prompt-dock-head h1 { font-size: 32px; margin: 8px 0; }
      .prompt-dock-head > p:last-child { max-width: 36ch; font-size: 13px; }
      .create-eyebrow { margin: 0; }
      #build-prompt { min-height: 110px; }
      .prompt-actions { flex-direction: row; }
      #build-lab { flex: 1; }
      .create-local-note { margin-bottom: 0; }
      .create-preview { height: calc(100dvh - 64px); min-height: 360px; padding: 0 12px 12px; scroll-margin-top: 64px; }
      .create-preview-actions { gap: 4px; }
      .create-preview-actions .sim-action { padding: 6px 10px; }
      .create-empty h2 { font-size: 24px; }
      .physics-stage[data-create-state="empty"] .create-preview { height: 360px; }
      .physics-stage[data-editor-hidden="true"] .create-preview { height: calc(100dvh - 64px); }
      .simulatte-review-bridge { top: 8px; right: 8px; max-height: 65dvh; }
    }
    @media (prefers-reduced-motion: reduce) { .create-app * { animation: none !important; scroll-behavior: auto !important; } }
    
  operator: 'match'
  stack: |-
    TestContext.<anonymous> (/home/clocksmith/deco/simulatte/tests/js-shape-suite.cjs:957:10)
    Test.runInAsyncScope (node:async_hooks:214:14)
    Test.run (node:internal/test_runner/test:1047:25)
    Test.processPendingSubtests (node:internal/test_runner/test:744:18)
    Test.postRun (node:internal/test_runner/test:1173:19)
    Test.run (node:internal/test_runner/test:1101:12)
    async startSubtestAfterBootstrap (node:internal/test_runner/harness:296:3)
  ...
# Subtest: visual audit auto-judges prompt fidelity and motion with a rubric
ok 3 - visual audit auto-judges prompt fidelity and motion with a rubric
  ---
  duration_ms: 4.695557
  type: 'test'
  ...
# Subtest: prompt dock minimizes to corners without drag placement
not ok 4 - prompt dock minimizes to corners without drag placement
  ---
  duration_ms: 0.686829
  type: 'test'
  location: '/home/clocksmith/deco/simulatte/tests/js-shape-suite.cjs:26:10'
  failureType: 'testCodeFailure'
  error: |-
    The input did not match the regular expression /width: min\(680px, calc\(100vw - 24px\)\);/. Input:
    
    '<!doctype html>\n' +
      '<html lang="en">\n' +
      '<head>\n' +
      '  <meta charset="utf-8">\n' +
      '  <meta name="viewport" content="width=device-width, initial-scale=1">\n' +
      '  <title>Create · Simulatte</title>\n' +
      '  <base href="/blank/">\n' +
      '  <meta name="simulatte-build" content="28cc3dcf9b982c93df049c32c4669744d2f49bc6-f5eb9b768c7a">\n' +
      '  <link rel="icon" type="image/svg+xml" href="../favicon.svg">\n' +
      '  <script src="../shared/design/theme-controller.js"></script>\n' +
      '  <link rel="stylesheet" href="../shared/design/simulatte.css?v=28cc3dcf9b982c93df049c32c4669744d2f49bc6-f5eb9b768c7a">\n' +
      '  <link rel="stylesheet" href="../model-selection.css?v=28cc3dcf9b982c93df049c32c4669744d2f49bc6-f5eb9b768c7a">\n' +
      '  <!-- Google tag (gtag.js) -->\n' +
      '  <script async src="https://www.googletagmanager.com/gtag/js?id=G-LS3SFGCZSL"></script>\n' +
      '  <script>\n' +
      '    window.dataLayer = window.dataLayer || [];\n' +
      '    function gtag(){dataLayer.push(arguments);}\n' +
      "    gtag('js', new Date());\n" +
      '\n' +
      "    gtag('config', 'G-LS3SFGCZSL');\n" +
      '  </script>\n' +
      '  <script>\n' +
      '    globalThis.__DOPPLER_KERNEL_BASE_PATH__ = new URL(\n' +
      "      '../vendor/doppler/src/gpu/kernels',\n" +
      '      document.baseURI\n' +
      "    ).toString().replace(/\\/+$/, '');\n" +
      '  </script>\n' +
      '  <link rel="stylesheet" href="./styles.css?v=28cc3dcf9b982c93df049c32c4669744d2f49bc6-f5eb9b768c7a">\n' +
      '  <link rel="stylesheet" href="../shared/design/theme-control.css?v=28cc3dcf9b982c93df049c32c4669744d2f49bc6-f5eb9b768c7a">\n' +
      '</head>\n' +
      '<body class="create-app">\n' +
      '  <div class="sim-theme-control" data-theme-control>\n' +
      '    <button type="button" aria-label="Theme follows system. Switch to Light theme.">\n' +
      '      <span class="sim-theme-icon-stack" aria-hidden="true">\n' +
      '        <span data-theme-icon="system">◐</span>\n' +
      '        <span data-theme-icon="light">☼</span>\n' +
      '        <span data-theme-icon="dark">☾</span>\n' +
      '      </span>\n' +
      '      <span class="sim-theme-control-label" data-theme-label aria-hidden="true">System</span>\n' +
      '    </button>\n' +
      '  </div>\n' +
      '  <header class="create-header">\n' +
      '    <nav class="sim-product-nav" aria-label="Simulatte">\n' +
      '      <a class="create-brand" href="https://simulatte.world/" data-local-href="../">Simulatte</a>\n' +
      '      <span class="create-product">Create</span>\n' +
      '      <a class="create-back" href="https://simulatte.world/" data-local-href="../">Explore simulations</a>\n' +
      '    </nav>\n' +
      '    <button id="prompt-dock-toggle" class="sim-action" type="button" aria-controls="create-editor" aria-expanded="true">Hide editor</button>\n' +
      '  </header>\n' +
      '  <main class="physics-stage" aria-label="Create a simulation" data-create-state="empty">\n' +
      '    <section id="create-editor" class="physics-panel prompt-dock" aria-label="Simulation editor">\n' +
      '      <div class="prompt-dock-head">\n' +
      '        <p class="create-eyebrow">FROM IDEA TO SIMULATION</p>\n' +
      '        <h1>Make something move.</h1>\n' +
      '        <p>Describe a scene. Run it, explore it, then make it yours.</p>\n' +
      '      </div>\n' +
      '\n' +
      '      <div class="prompt-dock-core">\n' +
      '        <div class="builder-row">\n' +
      '          <label class="create-prompt-label" for="build-prompt">What do you want to simulate?</label>\n' +
      '          <textarea id="build-prompt" class="sim-field" aria-label="Simulation request" placeholder="A red ball bouncing on the ground…" aria-describedby="create-prompt-help"></textarea>\n' +
      '          <p id="create-prompt-help" class="create-help">Start with an object, then add motion or surroundings.</p>\n' +
      '          <div class="create-examples" aria-label="Starting ideas">\n' +
      '            <span>Try an idea</span>\n' +
      '            <button type="button" data-create-prompt="a red ball">A red ball</button>\n' +
      '            <button type="button" data-create-prompt="a blue cube">A blue cube</button>\n' +
      '            <button type="button" data-create-prompt="a pendulum">A pendulum</button>\n' +
      '          </div>\n' +
      '          <div class="prompt-actions" aria-label="Create actions">\n' +
      '            <button id="build-lab" class="primary-action prompt-side-action sim-action sim-action-primary" type="button" aria-label="Run simulation" disabled>\n' +
      '              <span class="prompt-action-icon" aria-hidden="true">↵</span>\n' +
      '              <span class="prompt-action-label">Run simulation</span>\n' +
      '            </button>\n' +
      '            <button id="shuffle-prompt" class="example-chip prompt-side-action sim-action" type="button" aria-label="Run a random example" title="Run a random example">\n' +
      '              <span class="prompt-action-icon" aria-hidden="true">⇄</span>\n' +
      '              <span class="prompt-action-label">Surprise me</span>\n' +
      '            </button>\n' +
      '          </div>\n' +
      '          <input id="blank-neural-models" type="checkbox" hidden aria-describedby="blank-neural-model-note">\n' +
      '          <span id="blank-neural-model-note" class="sr-only">Deterministic language pipeline is active.</span>\n' +
      '        </div>\n' +
      '\n' +
      '        <div class="create-run-status" role="status" aria-live="polite">\n' +
      '          <span class="create-status-dot" aria-hidden="true"></span>\n' +
      '          <div><strong id="create-status-title">Ready to create</strong><p id="create-status-message">Choose an idea or write your own.</p></div>\n' +
      '        </div>\n' +
      '        <p class="create-local-note">No account needed. Your scene runs in this browser.</p>\n' +
      '        <details id="create-tools" class="create-tools">\n' +
      '          <summary>Tools &amp; settings</summary>\n' +
      '            <details class="model-selection-panel">\n' +
      '              <summary>Model settings</summary>\n' +
      '              <div id="model-selection-controls" class="model-selection-controls" aria-label="Pipeline model selection"></div>\n' +
      '            </details>\n' +
      '        <div class="create-inspectors">\n' +
      '              <details id="world-spec-editor-panel" class="world-spec-editor-panel">\n' +
      '                <summary class="sim-action">Edit simulation</summary>\n' +
      '                <div class="world-spec-editor-controls">\n' +
      '                  <label for="world-spec-edit-rationale">Edit rationale</label>\n' +
      '                  <input id="world-spec-edit-rationale" class="sim-field" type="text" placeholder="Why this change is required">\n' +
      '                  <textarea id="world-spec-editor" class="sim-field sim-program-editor" aria-label="Editable WorldSpec JSON" spellcheck="false"></textarea>\n' +
      '                  <div class="prompt-more-actions" aria-label="WorldSpec actions">\n' +
      '                    <button class="sim-action" id="apply-world-spec" type="button" disabled>Apply WorldSpec</button>\n' +
      '                    <button class="sim-action" id="replay-world-spec" type="button" disabled>Replay exact spec</button>\n' +
      '                    <button class="sim-action" id="reset-world-spec-edit" type="button">Discard edit</button>\n' +
      '                    <button class="sim-action" id="export-improvement-record" type="button" disabled>Export correction record</button>\n' +
      '                    <button class="sim-action" id="import-lab" type="button">Import</button>\n' +
      '                  </div>\n' +
      '                  <input id="world-spec-import-file" type="file" accept="application/json,.json" hidden>\n' +
      '                  <p id="world-spec-editor-status" class="world-spec-editor-status sim-status" data-state="idle" aria-live="polite">Open to inspect the executable program</p>\n' +
      '                  <p id="world-improvement-record-status" class="world-spec-editor-status sim-status" data-state="idle" aria-live="polite">Complete a failed-obligation edit and exact replay to create a record</p>\n' +
      '                </div>\n' +
      '              </details>\n' +
      '              <details id="world-proof-panel" class="world-proof-panel">\n' +
      '                <summary class="sim-action">Validation</summary>\n' +
      '                <pre id="world-proof-preview" class="sim-code spec-preview world-proof-preview" tabindex="0">{}</pre>\n' +
      '              </details>\n' +
      '        <details id="run-details-menu" class="run-details-menu">\n' +
      '          <summary class="sim-action">Run details</summary>\n' +
      '        <div id="intent-runtime" class="intent-runtime" data-state="idle" aria-live="polite">\n' +
      '          <div class="intent-runtime-head">\n' +
      '            <strong id="intent-runtime-title">Deterministic ready</strong>\n' +
      '            <span id="intent-runtime-percent" class="intent-runtime-percent">0%</span>\n' +
      '          </div>\n' +
      '          <div class="intent-runtime-track" aria-hidden="true">\n' +
      '            <span id="intent-runtime-fill" class="intent-runtime-fill"></span>\n' +
      '          </div>\n' +
      '          <div class="intent-runtime-meta">\n' +
      '            <span id="intent-runtime-message">idle</span>\n' +
      '          </div>\n' +
      '          <span id="intent-runtime-stage" class="intent-runtime-detail">standby</span>\n' +
      '        </div>\n' +
      '\n' +
      '          <aside class="phase-rail-shell" aria-label="Eight phase run status">\n' +
      '            <nav id="phase-rail" class="phase-rail" aria-label="Run phases"></nav>\n' +
      '            <p id="phase-details" class="phase-details" aria-live="polite"></p>\n' +
      '            <button id="copy-run-receipt" class="quiet-action sim-action" type="button">Copy run receipt</button>\n' +
      '          </aside>\n' +
      '        </details>\n' +
      '\n' +
      '        <details id="prompt-more-menu" class="prompt-more-menu">\n' +
      '          <summary class="sim-action">Technical details</summary>\n' +
      '          <div class="prompt-more-content">\n' +
      '            <div class="prompt-more-section-title">Run state</div>\n' +
      '            <div class="prompt-more-runtime">\n' +
      '              <span id="lab-state" class="physics-status" aria-live="polite">loading pipeline</span>\n' +
      '              <span id="fps-readout" class="physics-fps" data-perf="idle">FPS --</span>\n' +
      '            </div>\n' +
      '            <section id="world-model-panel" class="world-model-panel" aria-label="Compiled world model receipt">\n' +
      '              <div class="world-model-head">\n' +
      '                <strong>WorldSpec</strong>\n' +
      '                <span id="world-model-status" class="world-model-status">blank</span>\n' +
      '              </div>\n' +
      '              <div id="world-model-summary" class="world-model-summary">blank construction plane</div>\n' +
      '              <div id="world-model-chips" class="world-model-chips" aria-label="World model counts"></div>\n' +
      '              <div class="prompt-more-section-title">Receipts</div>\n' +
      '              <pre id="spec-preview" class="sim-code spec-preview physics-spec-preview" tabindex="0">{}</pre>\n' +
      '\n' +
      '\n' +
      '            </section>\n' +
      '          </div>\n' +
      '        </details>\n' +
      '      </div>\n' +
      '        </detail'... 51387 more characters
    
  code: 'ERR_ASSERTION'
  name: 'AssertionError'
  expected:
  actual: |-
    <!doctype html>
    <html lang="en">
    <head>
      <meta charset="utf-8">
      <meta name="viewport" content="width=device-width, initial-scale=1">
      <title>Create · Simulatte</title>
      <base href="/blank/">
      <meta name="simulatte-build" content="28cc3dcf9b982c93df049c32c4669744d2f49bc6-f5eb9b768c7a">
      <link rel="icon" type="image/svg+xml" href="../favicon.svg">
      <script src="../shared/design/theme-controller.js"></script>
      <link rel="stylesheet" href="../shared/design/simulatte.css?v=28cc3dcf9b982c93df049c32c4669744d2f49bc6-f5eb9b768c7a">
      <link rel="stylesheet" href="../model-selection.css?v=28cc3dcf9b982c93df049c32c4669744d2f49bc6-f5eb9b768c7a">
      <!-- Google tag (gtag.js) -->
      <script async src="https://www.googletagmanager.com/gtag/js?id=G-LS3SFGCZSL"></script>
      <script>
        window.dataLayer = window.dataLayer || [];
        function gtag(){dataLayer.push(arguments);}
        gtag('js', new Date());
    
        gtag('config', 'G-LS3SFGCZSL');
      </script>
      <script>
        globalThis.__DOPPLER_KERNEL_BASE_PATH__ = new URL(
          '../vendor/doppler/src/gpu/kernels',
          document.baseURI
        ).toString().replace(/\/+$/, '');
      </script>
      <link rel="stylesheet" href="./styles.css?v=28cc3dcf9b982c93df049c32c4669744d2f49bc6-f5eb9b768c7a">
      <link rel="stylesheet" href="../shared/design/theme-control.css?v=28cc3dcf9b982c93df049c32c4669744d2f49bc6-f5eb9b768c7a">
    </head>
    <body class="create-app">
      <div class="sim-theme-control" data-theme-control>
        <button type="button" aria-label="Theme follows system. Switch to Light theme.">
          <span class="sim-theme-icon-stack" aria-hidden="true">
            <span data-theme-icon="system">◐</span>
            <span data-theme-icon="light">☼</span>
            <span data-theme-icon="dark">☾</span>
          </span>
          <span class="sim-theme-control-label" data-theme-label aria-hidden="true">System</span>
        </button>
      </div>
      <header class="create-header">
        <nav class="sim-product-nav" aria-label="Simulatte">
          <a class="create-brand" href="https://simulatte.world/" data-local-href="../">Simulatte</a>
          <span class="create-product">Create</span>
          <a class="create-back" href="https://simulatte.world/" data-local-href="../">Explore simulations</a>
        </nav>
        <button id="prompt-dock-toggle" class="sim-action" type="button" aria-controls="create-editor" aria-expanded="true">Hide editor</button>
      </header>
      <main class="physics-stage" aria-label="Create a simulation" data-create-state="empty">
        <section id="create-editor" class="physics-panel prompt-dock" aria-label="Simulation editor">
          <div class="prompt-dock-head">
            <p class="create-eyebrow">FROM IDEA TO SIMULATION</p>
            <h1>Make something move.</h1>
            <p>Describe a scene. Run it, explore it, then make it yours.</p>
          </div>
    
          <div class="prompt-dock-core">
            <div class="builder-row">
              <label class="create-prompt-label" for="build-prompt">What do you want to simulate?</label>
              <textarea id="build-prompt" class="sim-field" aria-label="Simulation request" placeholder="A red ball bouncing on the ground…" aria-describedby="create-prompt-help"></textarea>
              <p id="create-prompt-help" class="create-help">Start with an object, then add motion or surroundings.</p>
              <div class="create-examples" aria-label="Starting ideas">
                <span>Try an idea</span>
                <button type="button" data-create-prompt="a red ball">A red ball</button>
                <button type="button" data-create-prompt="a blue cube">A blue cube</button>
                <button type="button" data-create-prompt="a pendulum">A pendulum</button>
              </div>
              <div class="prompt-actions" aria-label="Create actions">
                <button id="build-lab" class="primary-action prompt-side-action sim-action sim-action-primary" type="button" aria-label="Run simulation" disabled>
                  <span class="prompt-action-icon" aria-hidden="true">↵</span>
                  <span class="prompt-action-label">Run simulation</span>
                </button>
                <button id="shuffle-prompt" class="example-chip prompt-side-action sim-action" type="button" aria-label="Run a random example" title="Run a random example">
                  <span class="prompt-action-icon" aria-hidden="true">⇄</span>
                  <span class="prompt-action-label">Surprise me</span>
                </button>
              </div>
              <input id="blank-neural-models" type="checkbox" hidden aria-describedby="blank-neural-model-note">
              <span id="blank-neural-model-note" class="sr-only">Deterministic language pipeline is active.</span>
            </div>
    
            <div class="create-run-status" role="status" aria-live="polite">
              <span class="create-status-dot" aria-hidden="true"></span>
              <div><strong id="create-status-title">Ready to create</strong><p id="create-status-message">Choose an idea or write your own.</p></div>
            </div>
            <p class="create-local-note">No account needed. Your scene runs in this browser.</p>
            <details id="create-tools" class="create-tools">
              <summary>Tools &amp; settings</summary>
                <details class="model-selection-panel">
                  <summary>Model settings</summary>
                  <div id="model-selection-controls" class="model-selection-controls" aria-label="Pipeline model selection"></div>
                </details>
            <div class="create-inspectors">
                  <details id="world-spec-editor-panel" class="world-spec-editor-panel">
                    <summary class="sim-action">Edit simulation</summary>
                    <div class="world-spec-editor-controls">
                      <label for="world-spec-edit-rationale">Edit rationale</label>
                      <input id="world-spec-edit-rationale" class="sim-field" type="text" placeholder="Why this change is required">
                      <textarea id="world-spec-editor" class="sim-field sim-program-editor" aria-label="Editable WorldSpec JSON" spellcheck="false"></textarea>
                      <div class="prompt-more-actions" aria-label="WorldSpec actions">
                        <button class="sim-action" id="apply-world-spec" type="button" disabled>Apply WorldSpec</button>
                        <button class="sim-action" id="replay-world-spec" type="button" disabled>Replay exact spec</button>
                        <button class="sim-action" id="reset-world-spec-edit" type="button">Discard edit</button>
                        <button class="sim-action" id="export-improvement-record" type="button" disabled>Export correction record</button>
                        <button class="sim-action" id="import-lab" type="button">Import</button>
                      </div>
                      <input id="world-spec-import-file" type="file" accept="application/json,.json" hidden>
                      <p id="world-spec-editor-status" class="world-spec-editor-status sim-status" data-state="idle" aria-live="polite">Open to inspect the executable program</p>
                      <p id="world-improvement-record-status" class="world-spec-editor-status sim-status" data-state="idle" aria-live="polite">Complete a failed-obligation edit and exact replay to create a record</p>
                    </div>
                  </details>
                  <details id="world-proof-panel" class="world-proof-panel">
                    <summary class="sim-action">Validation</summary>
                    <pre id="world-proof-preview" class="sim-code spec-preview world-proof-preview" tabindex="0">{}</pre>
                  </details>
            <details id="run-details-menu" class="run-details-menu">
              <summary class="sim-action">Run details</summary>
            <div id="intent-runtime" class="intent-runtime" data-state="idle" aria-live="polite">
              <div class="intent-runtime-head">
                <strong id="intent-runtime-title">Deterministic ready</strong>
                <span id="intent-runtime-percent" class="intent-runtime-percent">0%</span>
              </div>
              <div class="intent-runtime-track" aria-hidden="true">
                <span id="intent-runtime-fill" class="intent-runtime-fill"></span>
              </div>
              <div class="intent-runtime-meta">
                <span id="intent-runtime-message">idle</span>
              </div>
              <span id="intent-runtime-stage" class="intent-runtime-detail">standby</span>
            </div>
    
              <aside class="phase-rail-shell" aria-label="Eight phase run status">
                <nav id="phase-rail" class="phase-rail" aria-label="Run phases"></nav>
                <p id="phase-details" class="phase-details" aria-live="polite"></p>
                <button id="copy-run-receipt" class="quiet-action sim-action" type="button">Copy run receipt</button>
              </aside>
            </details>
    
            <details id="prompt-more-menu" class="prompt-more-menu">
              <summary class="sim-action">Technical details</summary>
              <div class="prompt-more-content">
                <div class="prompt-more-section-title">Run state</div>
                <div class="prompt-more-runtime">
                  <span id="lab-state" class="physics-status" aria-live="polite">loading pipeline</span>
                  <span id="fps-readout" class="physics-fps" data-perf="idle">FPS --</span>
                </div>
                <section id="world-model-panel" class="world-model-panel" aria-label="Compiled world model receipt">
                  <div class="world-model-head">
                    <strong>WorldSpec</strong>
                    <span id="world-model-status" class="world-model-status">blank</span>
                  </div>
                  <div id="world-model-summary" class="world-model-summary">blank construction plane</div>
                  <div id="world-model-chips" class="world-model-chips" aria-label="World model counts"></div>
                  <div class="prompt-more-section-title">Receipts</div>
                  <pre id="spec-preview" class="sim-code spec-preview physics-spec-preview" tabindex="0">{}</pre>
    
    
                </section>
              </div>
            </details>
          </div>
            </details>
          </div>
          <input id="simulation-name" type="hidden" value="">
        </section>
    
        <section class="create-preview" aria-label="Simulation preview">
          <div class="create-preview-bar">
            <span id="create-preview-title">Preview</span>
            <div class="create-preview-actions" id="create-preview-actions" hidden>
              <button id="pause-lab" class="sim-action" type="button" aria-pressed="false">Pause</button>
              <button id="reset-lab" class="sim-action" type="button">Restart</button>
              <button id="export-lab" class="sim-action" type="button">Export</button>
            </div>
          </div>
          <div class="physics-canvas-wrap">
            <div class="create-empty" id="create-empty">
              <span class="create-empty-mark" aria-hidden="true">+</span>
              <h2>Your simulation starts here.</h2>
              <p>Describe a scene, then select Run simulation.</p>
            </div>
          <canvas id="physics-canvas" tabindex="0" aria-label="Interactive Simulatte physics canvas"
            aria-describedby="world-interaction-help" data-scene-visible="false"></canvas>
          <p id="world-interaction-help" class="sr-only">Click an object to select it. Drag to move or push it. Use arrow keys to nudge it, Space to apply an impulse, Enter to activate it, and Escape to clear the selection.</p>
          <canvas id="loading-canvas" aria-label="Snake loading canvas" hidden></canvas>
          </div>
          <p class="create-interaction-hint" id="create-interaction-hint" hidden>Click an object to select it. Drag to interact.</p>
        </section>
    
        <dialog id="world-spec-reconciliation-dialog" class="neural-consent-dialog world-spec-reconciliation-dialog"
          aria-labelledby="world-spec-reconciliation-title" data-state="idle">
          <div class="neural-consent-body">
            <h2 id="world-spec-reconciliation-title">Reconcile accepted edits</h2>
            <p id="world-spec-reconciliation-summary">Accepted edits require a decision before recompilation can execute.</p>
            <p id="world-spec-reconciliation-conflicts" class="world-spec-reconciliation-conflicts" data-state="ready"></p>
            <details class="world-spec-reconciliation-detail">
              <summary>Inspect affected fields</summary>
              <ol id="world-spec-reconciliation-fields"></ol>
            </details>
            <div class="neural-consent-actions world-spec-reconciliation-actions">
              <button id="cancel-world-spec-reconciliation" class="sim-action" type="button">Keep current world</button>
              <button id="accept-recompiled-world-spec" class="sim-action" type="button">Use fresh compilation</button>
              <button id="preserve-world-spec-overrides" class="sim-action sim-action-primary" type="button">Keep edits and recompile</button>
            </div>
          </div>
        </dialog>
    
        <dialog id="neural-model-dialog" class="neural-consent-dialog" aria-labelledby="neural-model-title">
          <div class="neural-consent-body">
            <h2 id="neural-model-title">Enable local Qwen embedding?</h2>
            <p data-neural-model="surface-use">Blank uses Qwen embeddings for open-vocabulary retrieval. Deterministic scoring and refusal remain authoritative.</p>
            <div class="neural-model-list" aria-label="Models stored on this device">
              <div class="neural-model-row"><span data-neural-model="embedding-name">Qwen embedding</span><span data-neural-model="embedding-size">Loading size</span></div>
            </div>
            <p class="neural-consent-facts"><span data-neural-model="download-summary">Model sizes loading</span>. Runs locally through Doppler <span data-neural-model="doppler-version"></span>. Model files are cached on this device; prompts stay in this browser.</p>
            <div class="neural-consent-actions">
              <button class="sim-action" type="button" data-neural-consent="cancel">Not now</button>
              <button class="sim-action sim-action-primary" type="button" data-neural-consent="accept">Enable models</button>
            </div>
          </div>
        </dialog>
      </main>
    
      <script>
        (function trackSimulatteScriptLoads(root) {
          const state = root.SimulatteBoot = root.SimulatteBoot || { failedScripts: [] };
          root.addEventListener('error', (event) => {
            const target = event && event.target;
            const src = target && target.tagName === 'SCRIPT' ? target.getAttribute('src') : '';
            if (!src || !/(^|\/)(app|pipeline)\//.test(src)) return;
            state.failedScripts.push(src);
          }, true);
        })(typeof globalThis !== 'undefined' ? globalThis : window);
      </script>
      <!-- SIMULATTE_RUNTIME_SCRIPTS_START -->
      <meta name="simulatte-runtime-source" content="sha256:5937f2c3da9e60e4191a5542fe5900aae3acdaf215195069d6a10f00a72bf2ae">
      <script defer src="./app/runtime-script-manifest.js?v=28cc3dcf9b982c93df049c32c4669744d2f49bc6-f5eb9b768c7a"></script>
      <script defer src="../neural-model-consent.js?v=28cc3dcf9b982c93df049c32c4669744d2f49bc6-f5eb9b768c7a"></script>
      <script defer src="../shared/design/program-editor.js?v=28cc3dcf9b982c93df049c32c4669744d2f49bc6-f5eb9b768c7a"></script>
      <script defer src="../shared/design/product-navigation.js?v=28cc3dcf9b982c93df049c32c4669744d2f49bc6-f5eb9b768c7a"></script>
      <script defer src="../shared/render/render-targets.js?v=28cc3dcf9b982c93df049c32c4669744d2f49bc6-f5eb9b768c7a"></script>
      <script defer src="../shared/render/renderer-session.js?v=28cc3dcf9b982c93df049c32c4669744d2f49bc6-f5eb9b768c7a"></script>
      <script defer src="../model-selection.js?v=28cc3dcf9b982c93df049c32c4669744d2f49bc6-f5eb9b768c7a"></script>
      <script defer src="../shared/core/pipeline-runner.js?v=28cc3dcf9b982c93df049c32c4669744d2f49bc6-f5eb9b768c7a"></script>
      <script defer src="../shared/deterministic-values.js?v=28cc3dcf9b982c93df049c32c4669744d2f49bc6-f5eb9b768c7a"></script>
      <script defer src="../shared/contracts/world-spec-authorship.js?v=28cc3dcf9b982c93df049c32c4669744d2f49bc6-f5eb9b768c7a"></script>
      <script defer src="../shared/contracts/world-spec.js?v=28cc3dcf9b982c93df049c32c4669744d2f49bc6-f5eb9b768c7a"></script>
      <script defer src="../shared/contracts/input-source.js?v=28cc3dcf9b982c93df049c32c4669744d2f49bc6-f5eb9b768c7a"></script>
      <script defer src="../shared/contracts/world-proof-compiler.js?v=28cc3dcf9b982c93df049c32c4669744d2f49bc6-f5eb9b768c7a"></script>
      <script defer src="../shared/contracts/world-proof-intent.js?v=28cc3dcf9b982c93df049c32c4669744d2f49bc6-f5eb9b768c7a"></script>
      <script defer src="../shared/contracts/world-proof-semantic.js?v=28cc3dcf9b982c93df049c32c4669744d2f49bc6-f5eb9b768c7a"></script>
      <script defer src="../shared/contracts/world-proof-simulation.js?v=28cc3dcf9b982c93df049c32c4669744d2f49bc6-f5eb9b768c7a"></script>
      <script defer src="../shared/contracts/world-proof-interaction.js?v=28cc3dcf9b982c93df049c32c4669744d2f49bc6-f5eb9b768c7a"></script>
      <script defer src="../shared/contracts/world-proof-safety.js?v=28cc3dcf9b982c93df049c32c4669744d2f49bc6-f5eb9b768c7a"></script>
      <script defer src="../shared/contracts/world-proof.js?v=28cc3dcf9b982c93df049c32c4669744d2f49bc6-f5eb9b768c7a"></script>
      <script defer src="../shared/language/positive-language.js?v=28cc3dcf9b982c93df049c32c4669744d2f49bc6-f5eb9b768c7a"></script>
      <script defer src="./app/runtime/phase-module-registry.js?v=28cc3dcf9b982c93df049c32c4669744d2f49bc6-f5eb9b768c7a"></script>
      <script defer src="./app/runtime/require-runtime-dependency.js?v=28cc3dcf9b982c93df049c32c4669744d2f49bc6-f5eb9b768c7a"></script>
      <script defer src="./pipeline/simulatte-phase-contracts.js?v=28cc3dcf9b982c93df049c32c4669744d2f49bc6-f5eb9b768c7a"></script>
      <script defer src="../shared/blank-core/compat/compiler.js?v=28cc3dcf9b982c93df049c32c4669744d2f49bc6-f5eb9b768c7a"></script>
      <script defer src="./app/runtime/phase-runner.js?v=28cc3dcf9b982c93df049c32c4669744d2f49bc6-f5eb9b768c7a"></script>
      <script defer src="./pipeline/phase-05-simulation/simulatte-physics-catalog-dependencies.js?v=28cc3dcf9b982c93df049c32c4669744d2f49bc6-f5eb9b768c7a"></script>
      <script defer src="./pipeline/phase-05-simulation/simulatte-physics-catalog-constants.js?v=28cc3dcf9b982c93df049c32c4669744d2f49bc6-f5eb9b768c7a"></script>
      <script defer src="./pipeline/phase-05-simulation/simulatte-physics-catalog-templates.js?v=28cc3dcf9b982c93df049c32c4669744d2f49bc6-f5eb9b768c7a"></script>
      <script defer src="./pipeline/phase-05-simulation/simulatte-physics-catalog-primitive-data.js?v=28cc3dcf9b982c93df049c32c4669744d2f49bc6-f5eb9b768c7a"></script>
      <script defer src="./pipeline/phase-05-simulation/simulatte-physics-catalog-materials.js?v=28cc3dcf9b982c93df049c32c4669744d2f49bc6-f5eb9b768c7a"></script>
      <script defer src="./pipeline/phase-05-simulation/simulatte-physics-catalog-graph-data.js?v=28cc3dcf9b982c93df049c32c4669744d2f49bc6-f5eb9b768c7a"></script>
      <script defer src="./pipeline/phase-05-simulation/simulatte-physics-catalog-examples.js?v=28cc3dcf9b982c93df049c32c4669744d2f49bc6-f5eb9b768c7a"></script>
      <script defer src="./pipeline/phase-05-simulation/simulatte-physics-catalog-graph-helpers.js?v=28cc3dcf9b982c93df049c32c4669744d2f49bc6-f5eb9b768c7a"></script>
      <script defer src="./pipeline/phase-05-simulation/simulatte-physics-catalog.js?v=28cc3dcf9b982c93df049c32c4669744d2f49bc6-f5eb9b768c7a"></script>
      <script defer src="../data/simulatte-construction-substrate.js?v=28cc3dcf9b982c93df049c32c4669744d2f49bc6-f5eb9b768c7a"></script>
      <script defer src="./pipeline/phase-03-retrieval/simulatte-semantic-rag-dependencies.js?v=28cc3dcf9b982c93df049c32c4669744d2f49bc6-f5eb9b768c7a"></script>
      <script defer src="./pipeline/phase-03-retrieval/simulatte-semantic-rag-constants.js?v=28cc3dcf9b982c93df049c32c4669744d2f49bc6-f5eb9b768c7a"></script>
      <script defer src="./pipeline/phase-03-retrieval/simulatte-semantic-rag-helpers.js?v=28cc3dcf9b982c93df049c32c4669744d2f49bc6-f5eb9b768c7a"></script>
      <script defer src="./pipeline/phase-03-retrieval/simulatte-semantic-rag-surface-cards.js?v=28cc3dcf9b982c93df049c32c4669744d2f49bc6-f5eb9b768c7a"></script>
      <script defer src="./pipeline/phase-03-retrieval/simulatte-semantic-rag-grounding-cards.js?v=28cc3dcf9b982c93df049c32c4669744d2f49bc6-f5eb9b768c7a"></script>
      <script defer src="./pipeline/phase-03-retrieval/simulatte-semantic-rag-lexical-construction.js?v=28cc3dcf9b982c93df049c32c4669744d2f49bc6-f5eb9b768c7a"></script>
      <script defer src="./pipeline/phase-03-retrieval/simulatte-semantic-rag-retrieval.js?v=28cc3dcf9b982c93df049c32c4669744d2f49bc6-f5eb9b768c7a"></script>
      <script defer src="./pipeline/phase-03-retrieval/simulatte-semantic-rag.js?v=28cc3dcf9b982c93df049c32c4669744d2f49bc6-f5eb9b768c7a"></script>
      <script defer src="./pipeline/phase-01-runtime/simulatte-doppler-intent.js?v=28cc3dcf9b982c93df049c32c4669744d2f49bc6-f5eb9b768c7a"></script>
      <script defer src="./pipeline/phase-04-grounded-intent/simulatte-graph-synthesis-support.js?v=28cc3dcf9b982c93df049c32c4669744d2f49bc6-f5eb9b768c7a"></script>
      <script defer src="./pipeline/phase-04-grounded-intent/simulatte-graph-synthesis-retrieval.js?v=28cc3dcf9b982c93df049c32c4669744d2f49bc6-f5eb9b768c7a"></script>
      <script defer src="./pipeline/phase-04-grounded-intent/simulatte-graph-synthesis-helpers.js?v=28cc3dcf9b982c93df049c32c4669744d2f49bc6-f5eb9b768c7a"></script>
      <script defer src="../data/simulatte-compact-classifiers.js?v=28cc3dcf9b982c93df049c32c4669744d2f49bc6-f5eb9b768c7a"></script>
      <script defer src="./pipeline/phase-03-retrieval/simulatte-compact-classifier-runtime.js?v=28cc3dcf9b982c93df049c32c4669744d2f49bc6-f5eb9b768c7a"></script>
      <script defer src="./pipeline/phase-03-retrieval/simulatte-bounded-classification-requests.js?v=28cc3dcf9b982c93df049c32c4669744d2f49bc6-f5eb9b768c7a"></script>
      <script defer src="./pipeline/phase-03-retrieval/simulatte-classification-tier-router.js?v=28cc3dcf9b982c93df049c32c4669744d2f49bc6-f5eb9b768c7a"></script>
      <script defer src="./pipeline/phase-03-retrieval/simulatte-intent-embedder-bounded-classification.js?v=28cc3dcf9b982c93df049c32c4669744d2f49bc6-f5eb9b768c7a"></script>
      <script defer src="./pipeline/phase-03-retrieval/simulatte-intent-embedder-dependencies.js?v=28cc3dcf9b982c93df049c32c4669744d2f49bc6-f5eb9b768c7a"></script>
      <script defer src="./pipeline/phase-03-retrieval/simulatte-intent-embedder-constants.js?v=28cc3dcf9b982c93df049c32c4669744d2f49bc6-f5eb9b768c7a"></script>
      <script defer src="./pipeline/phase-03-retrieval/simulatte-intent-embedder-model-lock.js?v=28cc3dcf9b982c93df049c32c4669744d2f49bc6-f5eb9b768c7a"></script>
      <script defer src="./pipeline/phase-03-retrieval/simulatte-intent-embedder-model-cache.js?v=28cc3dcf9b982c93df049c32c4669744d2f49bc6-f5eb9b768c7a"></script>
      <script defer src="./pipeline/phase-03-retrieval/simulatte-intent-embedder-runtime-class.js?v=28cc3dcf9b982c93df049c32c4669744d2f49bc6-f5eb9b768c7a"></script>
      <script defer src="./pipeline/phase-03-retrieval/simulatte-intent-embedder-runtime-probes.js?v=28cc3dcf9b982c93df049c32c4669744d2f49bc6-f5eb9b768c7a"></script>
      <script defer src="./pipeline/phase-03-retrieval/simulatte-intent-embedder-universe-loader.js?v=28cc3dcf9b982c93df049c32c4669744d2f49bc6-f5eb9b768c7a"></script>
      <script defer src="./pipeline/phase-03-retrieval/simulatte-intent-embedder-manifest-loader.js?v=28cc3dcf9b982c93df049c32c4669744d2f49bc6-f5eb9b768c7a"></script>
      <script defer src="./pipeline/phase-03-retrieval/simulatte-intent-embedder-construction-retrieval.js?v=28cc3dcf9b982c93df049c32c4669744d2f49bc6-f5eb9b768c7a"></script>
      <script defer src="./pipeline/phase-03-retrieval/simulatte-intent-embedder-span-retrieval.js?v=28cc3dcf9b982c93df049c32c4669744d2f49bc6-f5eb9b768c7a"></script>
      <script defer src="./pipeline/phase-03-retrieval/simulatte-intent-embedder-slot-retrieval.js?v=28cc3dcf9b982c93df049c32c4669744d2f49bc6-f5eb9b768c7a"></script>
      <script defer src="./pipeline/phase-03-retrieval/simulatte-intent-embedder-slot-rerank.js?v=28cc3dcf9b982c93df049c32c4669744d2f49bc6-f5eb9b768c7a"></script>
      <script defer src="./pipeline/phase-03-retrieval/simulatte-intent-embedder-rerank-runtime.js?v=28cc3dcf9b982c93df049c32c4669744d2f49bc6-f5eb9b768c7a"></script>
      <script defer src="./pipeline/phase-03-retrieval/simulatte-intent-embedder-manifest-cache.js?v=28cc3dcf9b982c93df049c32c4669744d2f49bc6-f5eb9b768c7a"></script>
      <script defer src="./pipeline/phase-03-retrieval/simulatte-intent-embedder-rerank.js?v=28cc3dcf9b982c93df049c32c4669744d2f49bc6-f5eb9b768c7a"></script>
      <script defer src="./pipeline/phase-03-retrieval/simulatte-intent-embedder-vectors.js?v=28cc3dcf9b982c93df049c32c4669744d2f49bc6-f5eb9b768c7a"></script>
      <script defer src="./pipeline/phase-03-retrieval/simulatte-intent-embedder-facade-support.js?v=28cc3dcf9b982c93df049c32c4669744d2f49bc6-f5eb9b768c7a"></script>
      <script defer src="./pipeline/phase-03-retrieval/simulatte-intent-embedder.js?v=28cc3dcf9b982c93df049c32c4669744d2f49bc6-f5eb9b768c7a"></script>
      <script defer src="./pipeline/phase-03-retrieval/simulatte-conditional-reranking.js?v=28cc3dcf9b982c93df049c32c4669744d2f49bc6-f5eb9b768c7a"></script>
      <script defer src="./pipeline/phase-03-retrieval/simulatte-intent-classifier.js?v=28cc3dcf9b982c93df049c32c4669744d2f49bc6-f5eb9b768c7a"></script>
      <script defer src="../data/simulatte-language-lexicon.js?v=28cc3dcf9b982c93df049c32c4669744d2f49bc6-f5eb9b768c7a"></script>
      <script defer src="../simulatte/language/simulatte-language-structure.js?v=28cc3dcf9b982c93df049c32c4669744d2f49bc6-f5eb9b768c7a"></script>
      <script defer src="../simulatte/language/simulatte-universe-parser.js?v=28cc3dcf9b982c93df049c32c4669744d2f49bc6-f5eb9b768c7a"></script>
      <script defer src="./pipeline/phase-02-language/simulatte-universe-parser.js?v=28cc3dcf9b982c93df049c32c4669744d2f49bc6-f5eb9b768c7a"></script>
      <script defer src="./pipeline/phase-04-grounded-intent/simulatte-universe-grounder-graph.js?v=28cc3dcf9b982c93df049c32c4669744d2f49bc6-f5eb9b768c7a"></script>
      <script defer src="./pipeline/phase-04-grounded-intent/simulatte-universe-grounder-candidates.js?v=28cc3dcf9b982c93df049c32c4669744d2f49bc6-f5eb9b768c7a"></script>
      <script defer src="./pipeline/phase-04-grounded-intent/simulatte-universe-grounder.js?v=28cc3dcf9b982c93df049c32c4669744d2f49bc6-f5eb9b768c7a"></script>
      <script defer src="./pipeline/phase-05-simulation/simulatte-operator-stage.js?v=28cc3dcf9b982c93df049c32c4669744d2f49bc6-f5eb9b768c7a"></script>
      <script defer src="./pipeline/phase-05-simulation/simulatte-physics-ir-domains.js?v=28cc3dcf9b982c93df049c32c4669744d2f49bc6-f5eb9b768c7a"></script>
      <script defer src="./pipeline/phase-05-simulation/simulatte-physics-ir-behaviors.js?v=28cc3dcf9b982c93df049c32c4669744d2f49bc6-f5eb9b768c7a"></script>
      <script defer src="./pipeline/phase-05-simulation/simulatte-physics-ir-builder.js?v=28cc3dcf9b982c93df049c32c4669744d2f49bc6-f5eb9b768c7a"></script>
      <script defer src="./pipeline/phase-05-simulation/simulatte-physics-ir-validator.js?v=28cc3dcf9b982c93df049c32c4669744d2f49bc6-f5eb9b768c7a"></script>
      <script defer src="./pipeline/phase-04-grounded-intent/simulatte-intent-brief-schema.js?v=28cc3dcf9b982c93df049c32c4669744d2f49bc6-f5eb9b768c7a"></script>
      <script defer src="./pipeline/phase-04-grounded-intent/simulatte-structured-intent-rules.js?v=28cc3dcf9b982c93df049c32c4669744d2f49bc6-f5eb9b768c7a"></script>
      <script defer src="./pipeline/phase-04-grounded-intent/simulatte-causal-physics-graph.js?v=28cc3dcf9b982c93df049c32c4669744d2f49bc6-f5eb9b768c7a"></script>
      <script defer src="./pipeline/phase-04-grounded-intent/simulatte-assumption-ledger.js?v=28cc3dcf9b982c93df049c32c4669744d2f49bc6-f5eb9b768c7a"></script>
      <script defer src="./pipeline/phase-04-grounded-intent/simulatte-causal-visual-affordances.js?v=28cc3dcf9b982c93df049c32c4669744d2f49bc6-f5eb9b768c7a"></script>
      <script defer src="./pipeline/phase-02-language/simulatte-language-evidence.js?v=28cc3dcf9b982c93df049c32c4669744d2f49bc6-f5eb9b768c7a"></script>
      <script defer src="./pipeline/phase-03-retrieval/simulatte-activation-cloud.js?v=28cc3dcf9b982c93df049c32c4669744d2f49bc6-f5eb9b768c7a"></script>
      <script defer src="./pipeline/phase-04-grounded-intent/simulatte-grounded-interpretation.js?v=28cc3dcf9b982c93df049c32c4669744d2f49bc6-f5eb9b768c7a"></script>
      <script defer src="./pipeline/phase-04-grounded-intent/simulatte-intent-forensics.js?v=28cc3dcf9b982c93df049c32c4669744d2f49bc6-f5eb9b768c7a"></script>
      <script defer src="./pipeline/phase-05-simulation/solvers/simulatte-solver-values.js?v=28cc3dcf9b982c93df049c32c4669744d2f49bc6-f5eb9b768c7a"></script>
      <script defer src="./pipeline/phase-05-simulation/solvers/simulatte-solver-interaction-kinematics.js?v=28cc3dcf9b982c93df049c32c4669744d2f49bc6-f5eb9b768c7a"></script>
      <script defer src="./pipeline/phase-05-simulation/solvers/simulatte-solver-rigid-body-2d.js?v=28cc3dcf9b982c93df049c32c4669744d2f49bc6-f5eb9b768c7a"></script>
      <script defer src="./pipeline/phase-05-simulation/solvers/simulatte-solver-particles.js?v=28cc3dcf9b982c93df049c32c4669744d2f49bc6-f5eb9b768c7a"></script>
      <script defer src="./pipeline/phase-05-simulation/solvers/simulatte-solver-constraints.js?v=28cc3dcf9b982c93df049c32c4669744d2f49bc6-f5eb9b768c7a"></script>
      <script defer src="./pipeline/phase-05-simulation/solvers/simulatte-solver-thermal.js?v=28cc3dcf9b982c93df049c32c4669744d2f49bc6-f5eb9b768c7a"></script>
      <script defer src="./pipeline/phase-05-simulation/solvers/simulatte-solver-advection.js?v=28cc3dcf9b982c93df049c32c4669744d2f49bc6-f5eb9b768c7a"></script>
      <script defer src="./pipeline/phase-05-simulation/solvers/simulatte-solver-pressure-flow-lite.js?v=28cc3dcf9b982c93df049c32c4669744d2f49bc6-f5eb9b768c7a"></script>
      <script defer src="./pipeline/phase-05-simulation/solvers/simulatte-solver-wave-field.js?v=28cc3dcf9b982c93df049c32c4669744d2f49bc6-f5eb9b768c7a"></script>
      <script defer src="./pipeline/phase-05-simulation/solvers/simulatte-solver-reaction-diffusion.js?v=28cc3dcf9b982c93df049c32c4669744d2f49bc6-f5eb9b768c7a"></script>
      <script defer src="./pipeline/phase-05-simulation/solvers/simulatte-solver-fracture-threshold.js?v=28cc3dcf9b982c93df049c32c4669744d2f49bc6-f5eb9b768c7a"></script>
      <script defer src="./pipeline/phase-05-simulation/solvers/simulatte-solver-rotational-mechanics.js?v=28cc3dcf9b982c93df049c32c4669744d2f49bc6-f5eb9b768c7a"></script>
      <script defer src="./pipeline/phase-05-simulation/solvers/simulatte-solver-network-control.js?v=28cc3dcf9b982c93df049c32c4669744d2f49bc6-f5eb9b768c7a"></script>
      <script defer src="./pipeline/phase-05-simulation/solvers/simulatte-solver-growth-decay.js?v=28cc3dcf9b982c93df049c32c4669744d2f49bc6-f5eb9b768c7a"></script>
      <script defer src="./pipeline/phase-05-simulation/solvers/simulatte-solver-particle-deposition.js?v=28cc3dcf9b982c93df049c32c4669744d2f49bc6-f5eb9b768c7a"></script>
      <script defer src="./pipeline/phase-05-simulation/simulatte-solver-registry.js?v=28cc3dcf9b982c93df049c32c4669744d2f49bc6-f5eb9b768c7a"></script>
      <script defer src="./pipeline/phase-05-simulation/simulatte-solver-compiler.js?v=28cc3dcf9b982c93df049c32c4669744d2f49bc6-f5eb9b768c7a"></script>
      <script defer src="./pipeline/phase-05-simulation/simulatte-render-registry.js?v=28cc3dcf9b982c93df049c32c4669744d2f49bc6-f5eb9b768c7a"></script>
      <script defer src="./pipeline/phase-05-simulation/simulatte-render-ir.js?v=28cc3dcf9b982c93df049c32c4669744d2f49bc6-f5eb9b768c7a"></script>
      <script defer src="./pipeline/phase-05-simulation/simulatte-interaction-ir.js?v=28cc3dcf9b982c93df049c32c4669744d2f49bc6-f5eb9b768c7a"></script>
      <script defer src="./pipeline/phase-06-visual/simulatte-visual-operator-atlas.js?v=28cc3dcf9b982c93df049c32c4669744d2f49bc6-f5eb9b768c7a"></script>
      <script defer src="./pipeline/phase-06-visual/simulatte-visual-graphics-atoms.js?v=28cc3dcf9b982c93df049c32c4669744d2f49bc6-f5eb9b768c7a"></script>
      <script defer src="./pipeline/phase-06-visual/simulatte-visual-operator-compiler.js?v=28cc3dcf9b982c93df049c32c4669744d2f49bc6-f5eb9b768c7a"></script>
      <script defer src="./pipeline/phase-06-visual/simulatte-scene-packet-contract.js?v=28cc3dcf9b982c93df049c32c4669744d2f49bc6-f5eb9b768c7a"></script>
      <script defer src="./pipeline/phase-06-visual/simulatte-composition-graph-dependencies.js?v=28cc3dcf9b982c93df049c32c4669744d2f49bc6-f5eb9b768c7a"></script>
      <script defer src="./pipeline/phase-06-visual/simulatte-composition-graph-constants.js?v=28cc3dcf9b982c93df049c32c4669744d2f49bc6-f5eb9b768c7a"></script>
      <script defer src="./pipeline/phase-06-visual/simulatte-composition-graph-selection-layout.js?v=28cc3dcf9b982c93df049c32c4669744d2f49bc6-f5eb9b768c7a"></script>
      <script defer src="./pipeline/phase-06-visual/simulatte-composition-graph-render-ir-binding.js?v=28cc3dcf9b982c93df049c32c4669744d2f49bc6-f5eb9b768c7a"></script>
      <script defer src="./pipeline/phase-06-visual/simulatte-composition-graph-entity-lowering.js?v=28cc3dcf9b982c93df049c32c4669744d2f49bc6-f5eb9b768c7a"></script>
      <script defer src="./pipeline/phase-06-visual/simulatte-composition-graph-graphics-atom-lowering.js?v=28cc3dcf9b982c93df049c32c4669744d2f49bc6-f5eb9b768c7a"></script>
      <script defer src="./pipeline/phase-06-visual/simulatte-composition-graph-visual-ir.js?v=28cc3dcf9b982c93df049c32c4669744d2f49bc6-f5eb9b768c7a"></script>
      <script defer src="./pipeline/phase-06-visual/simulatte-scene-interaction.js?v=28cc3dcf9b982c93df049c32c4669744d2f49bc6-f5eb9b768c7a"></script>
      <script defer src="./pipeline/phase-06-visual/simulatte-composition-graph-materials.js?v=28cc3dcf9b982c93df049c32c4669744d2f49bc6-f5eb9b768c7a"></script>
      <script defer src="./pipeline/phase-06-visual/simulatte-construction-evidence.js?v=28cc3dcf9b982c93df049c32c4669744d2f49bc6-f5eb9b768c7a"></script>
      <script defer src="./pipeline/phase-06-visual/simulatte-construction-placement.js?v=28cc3dcf9b982c93df049c32c4669744d2f49bc6-f5eb9b768c7a"></script>
      <script defer src="./pipeline/phase-06-visual/simulatte-construction-parts.js?v=28cc3dcf9b982c93df049c32c4669744d2f49bc6-f5eb9b768c7a"></script>
      <script defer src="./pipeline/phase-06-visual/simulatte-construction-geometry.js?v=28cc3dcf9b982c93df049c32c4669744d2f49bc6-f5eb9b768c7a"></script>
      <script defer src="./pipeline/phase-06-visual/simulatte-prompt-visual-contracts.js?v=28cc3dcf9b982c93df049c32c4669744d2f49bc6-f5eb9b768c7a"></script>
      <script defer src="./pipeline/phase-06-visual/simulatte-object-geometry-grammars.js?v=28cc3dcf9b982c93df049c32c4669744d2f49bc6-f5eb9b768c7a"></script>
      <script defer src="./pipeline/phase-06-visual/simulatte-object-geometry-morphology.js?v=28cc3dcf9b982c93df049c32c4669744d2f49bc6-f5eb9b768c7a"></script>
      <script defer src="./pipeline/phase-06-visual/simulatte-scene-atmosphere.js?v=28cc3dcf9b982c93df049c32c4669744d2f49bc6-f5eb9b768c7a"></script>
      <script defer src="./pipeline/phase-06-visual/simulatte-scene-framing.js?v=28cc3dcf9b982c93df049c32c4669744d2f49bc6-f5eb9b768c7a"></script>
      <script defer src="./pipeline/phase-06-visual/simulatte-scene-animation.js?v=28cc3dcf9b982c93df049c32c4669744d2f49bc6-f5eb9b768c7a"></script>
      <script defer src="./pipeline/phase-06-visual/simulatte-composition-graph-scene-packet.js?v=28cc3dcf9b982c93df049c32c4669744d2f49bc6-f5eb9b768c7a"></script>
      <script defer src="./pipeline/phase-06-visual/simulatte-composition-graph-visual-genome.js?v=28cc3dcf9b982c93df049c32c4669744d2f49bc6-f5eb9b768c7a"></script>
      <script defer src="./pipeline/phase-06-visual/simulatte-composition-graph-programs.js?v=28cc3dcf9b982c93df049c32c4669744d2f49bc6-f5eb9b768c7a"></script>
      <script defer src="./pipeline/phase-06-visual/simulatte-composition-graph-dialects.js?v=28cc3dcf9b982c93df049c32c4669744d2f49bc6-f5eb9b768c7a"></script>
      <script defer src="./pipeline/phase-06-visual/simulatte-composition-graph-constraint-layout.js?v=28cc3dcf9b982c93df049c32c4669744d2f49bc6-f5eb9b768c7a"></script>
      <script defer src="./pipeline/phase-06-visual/simulatte-composition-graph-helpers.js?v=28cc3dcf9b982c93df049c32c4669744d2f49bc6-f5eb9b768c7a"></script>
      <script defer src="./pipeline/phase-06-visual/simulatte-composition-graph-facade-support.js?v=28cc3dcf9b982c93df049c32c4669744d2f49bc6-f5eb9b768c7a"></script>
      <script defer src="./pipeline/phase-06-visual/simulatte-composition-graph.js?v=28cc3dcf9b982c93df049c32c4669744d2f49bc6-f5eb9b768c7a"></script>
      <script defer src="./app/loading/loading-canvas-support.js?v=28cc3dcf9b982c93df049c32c4669744d2f49bc6-f5eb9b768c7a"></script>
      <script defer src="./app/loading/loading-canvas.js?v=28cc3dcf9b982c93df049c32c4669744d2f49bc6-f5eb9b768c7a"></script>
      <script defer src="./app/runtime/runtime-progress-support.js?v=28cc3dcf9b982c93df049c32c4669744d2f49bc6-f5eb9b768c7a"></script>
      <script defer src="./app/runtime/runtime-progress-state.js?v=28cc3dcf9b982c93df049c32c4669744d2f49bc6-f5eb9b768c7a"></script>
      <script defer src="./app/runtime/runtime-progress.js?v=28cc3dcf9b982c93df049c32c4669744d2f49bc6-f5eb9b768c7a"></script>
      <script defer src="./app/runtime/run-view-model.js?v=28cc3dcf9b982c93df049c32c4669744d2f49bc6-f5eb9b768c7a"></script>
      <script defer src="./app/runtime/world-interaction-runtime.js?v=28cc3dcf9b982c93df049c32c4669744d2f49bc6-f5eb9b768c7a"></script>
      <script defer src="./pipeline/phase-07-render/simulatte-render-execution-input.js?v=28cc3dcf9b982c93df049c32c4669744d2f49bc6-f5eb9b768c7a"></script>
      <script defer src="./pipeline/phase-07-render/simulatte-object-realization.js?v=28cc3dcf9b982c93df049c32c4669744d2f49bc6-f5eb9b768c7a"></script>
      <script defer src="./pipeline/phase-07-render/simulatte-render-evidence-binding.js?v=28cc3dcf9b982c93df049c32c4669744d2f49bc6-f5eb9b768c7a"></script>
      <script defer src="./pipeline/phase-07-render/simulatte-render-proof-relations.js?v=28cc3dcf9b982c93df049c32c4669744d2f49bc6-f5eb9b768c7a"></script>
      <script defer src="./pipeline/phase-07-render/simulatte-render-proof.js?v=28cc3dcf9b982c93df049c32c4669744d2f49bc6-f5eb9b768c7a"></script>
      <script defer src="./pipeline/phase-07-render/simulatte-webgpu-renderer-dependencies.js?v=28cc3dcf9b982c93df049c32c4669744d2f49bc6-f5eb9b768c7a"></script>
      <script defer src="./pipeline/phase-07-render/simulatte-webgpu-renderer-constants.js?v=28cc3dcf9b982c93df049c32c4669744d2f49bc6-f5eb9b768c7a"></script>
      <script defer src="./pipeline/phase-07-render/simulatte-webgpu-renderer-pixel-plan.js?v=28cc3dcf9b982c93df049c32c4669744d2f49bc6-f5eb9b768c7a"></script>
      <script defer src="./pipeline/phase-07-render/simulatte-webgpu-renderer-scene-proof-observer.js?v=28cc3dcf9b982c93df049c32c4669744d2f49bc6-f5eb9b768c7a"></script>
      <script defer src="./pipeline/phase-07-render/simulatte-webgpu-renderer-proof-datasets.js?v=28cc3dcf9b982c93df049c32c4669744d2f49bc6-f5eb9b768c7a"></script>
      <script defer src="./pipeline/phase-07-render/simulatte-webgpu-renderer-lifecycle.js?v=28cc3dcf9b982c93df049c32c4669744d2f49bc6-f5eb9b768c7a"></script>
      <script defer src="./pipeline/phase-07-render/simulatte-webgpu-renderer-frame-evidence.js?v=28cc3dcf9b982c93df049c32c4669744d2f49bc6-f5eb9b768c7a"></script>
      <script defer src="./pipeline/phase-07-render/simulatte-webgpu-renderer-phase.js?v=28cc3dcf9b982c93df049c32c4669744d2f49bc6-f5eb9b768c7a"></script>
      <script defer src="./pipeline/phase-07-render/simulatte-webgpu-renderer-renderer-class.js?v=28cc3dcf9b982c93df049c32c4669744d2f49bc6-f5eb9b768c7a"></script>
      <script defer src="./pipeline/phase-07-render/simulatte-webgpu-renderer-part-segmentation.js?v=28cc3dcf9b982c93df049c32c4669744d2f49bc6-f5eb9b768c7a"></script>
      <script defer src="./pipeline/phase-07-render/simulatte-webgpu-renderer-morphology.js?v=28cc3dcf9b982c93df049c32c4669744d2f49bc6-f5eb9b768c7a"></script>
      <script defer src="./pipeline/phase-07-render/simulatte-webgpu-renderer-interaction.js?v=28cc3dcf9b982c93df049c32c4669744d2f49bc6-f5eb9b768c7a"></script>
      <script defer src="./pipeline/phase-07-render/simulatte-webgpu-renderer-packets.js?v=28cc3dcf9b982c93df049c32c4669744d2f49bc6-f5eb9b768c7a"></script>
      <script defer src="./pipeline/phase-07-render/simulatte-webgpu-renderer-pixel-proof.js?v=28cc3dcf9b982c93df049c32c4669744d2f49bc6-f5eb9b768c7a"></script>
      <script defer src="./pipeline/phase-07-render/simulatte-webgpu-renderer-gpu-data.js?v=28cc3dcf9b982c93df049c32c4669744d2f49bc6-f5eb9b768c7a"></script>
      <script defer src="./pipeline/phase-07-render/simulatte-webgpu-renderer-background-shader.js?v=28cc3dcf9b982c93df049c32c4669744d2f49bc6-f5eb9b768c7a"></script>
      <script defer src="./pipeline/phase-07-render/simulatte-webgpu-renderer-object-shader.js?v=28cc3dcf9b982c93df049c32c4669744d2f49bc6-f5eb9b768c7a"></script>
      <script defer src="./pipeline/phase-07-render/simulatte-webgpu-renderer.js?v=28cc3dcf9b982c93df049c32c4669744d2f49bc6-f5eb9b768c7a"></script>
      <script defer src="./pipeline/phase-08-scene-proof/simulatte-scene-proof.js?v=28cc3dcf9b982c93df049c32c4669744d2f49bc6-f5eb9b768c7a"></script>
      <script defer src="./pipeline/phase-05-simulation/simulatte-physics-model-dependencies.js?v=28cc3dcf9b982c93df049c32c4669744d2f49bc6-f5eb9b768c7a"></script>
      <script defer src="./pipeline/phase-05-simulation/simulatte-physics-model-contracts.js?v=28cc3dcf9b982c93df049c32c4669744d2f49bc6-f5eb9b768c7a"></script>
      <script defer src="./pipeline/phase-05-simulation/simulatte-physics-model-phase-runtime-language.js?v=28cc3dcf9b982c93df049c32c4669744d2f49bc6-f5eb9b768c7a"></script>
      <script defer src="./pipeline/phase-05-simulation/simulatte-physics-model-phase-retrieval-boundary.js?v=28cc3dcf9b982c93df049c32c4669744d2f49bc6-f5eb9b768c7a"></script>
      <script defer src="./pipeline/phase-05-simulation/simulatte-physics-model-phase-retrieval.js?v=28cc3dcf9b982c93df049c32c4669744d2f49bc6-f5eb9b768c7a"></script>
      <script defer src="./pipeline/phase-05-simulation/simulatte-physics-model-activation-verdicts.js?v=28cc3dcf9b982c93df049c32c4669744d2f49bc6-f5eb9b768c7a"></script>
      <script defer src="./pipeline/phase-05-simulation/simulatte-physics-model-activation-fusion.js?v=28cc3dcf9b982c93df049c32c4669744d2f49bc6-f5eb9b768c7a"></script>
      <script defer src="./pipeline/phase-05-simulation/simulatte-physics-model-phase3-ledger.js?v=28cc3dcf9b982c93df049c32c4669744d2f49bc6-f5eb9b768c7a"></script>
      <script defer src="./pipeline/phase-04-grounded-intent/simulatte-semantic-provenance.js?v=28cc3dcf9b982c93df049c32c4669744d2f49bc6-f5eb9b768c7a"></script>
      <script defer src="./pipeline/phase-05-simulation/simulatte-physics-model-phase-grounding.js?v=28cc3dcf9b982c93df049c32c4669744d2f49bc6-f5eb9b768c7a"></script>
      <script defer src="./pipeline/phase-04-grounded-intent/simulatte-world-spec-input.js?v=28cc3dcf9b982c93df049c32c4669744d2f49bc6-f5eb9b768c7a"></script>
      <script defer src="./pipeline/phase-04-grounded-intent/simulatte-user-override-grounding.js?v=28cc3dcf9b982c93df049c32c4669744d2f49bc6-f5eb9b768c7a"></script>
      <script defer src="./pipeline/phase-04-grounded-intent/simulatte-intent-proof.js?v=28cc3dcf9b982c93df049c32c4669744d2f49bc6-f5eb9b768c7a"></script>
      <script defer src="./pipeline/phase-04-grounded-intent/simulatte-semantic-proof.js?v=28cc3dcf9b982c93df049c32c4669744d2f49bc6-f5eb9b768c7a"></script>
      <script defer src="./pipeline/phase-05-simulation/simulatte-physics-model-phase-visual-execution.js?v=28cc3dcf9b982c93df049c32c4669744d2f49bc6-f5eb9b768c7a"></script>
      <script defer src="./pipeline/phase-05-simulation/simulatte-physics-model-phase-simulation.js?v=28cc3dcf9b982c93df049c32c4669744d2f49bc6-f5eb9b768c7a"></script>
      <script defer src="./pipeline/phase-05-simulation/simulatte-world-spec-runtime.js?v=28cc3dcf9b982c93df049c32c4669744d2f49bc6-f5eb9b768c7a"></script>
      <script defer src="./pipeline/phase-03-retrieval/simulatte-candidate-composition.js?v=28cc3dcf9b982c93df049c32c4669744d2f49bc6-f5eb9b768c7a"></script>
      <script defer src="./pipeline/phase-05-simulation/simulatte-physics-model-phase-visual-render.js?v=28cc3dcf9b982c93df049c32c4669744d2f49bc6-f5eb9b768c7a"></script>
      <script defer src="./pipeline/phase-05-simulation/simulatte-physics-model-state-solvers.js?v=28cc3dcf9b982c93df049c32c4669744d2f49bc6-f5eb9b768c7a"></script>
      <script defer src="./pipeline/phase-05-simulation/simulatte-simulation-reproducibility.js?v=28cc3dcf9b982c93df049c32c4669744d2f49bc6-f5eb9b768c7a"></script>
      <script defer src="./pipeline/phase-05-simulation/simulatte-safety-proof.js?v=28cc3dcf9b982c93df049c32c4669744d2f49bc6-f5eb9b768c7a"></script>
      <script defer src="./pipeline/phase-05-simulation/simulatte-physics-model-spec-api.js?v=28cc3dcf9b982c93df049c32c4669744d2f49bc6-f5eb9b768c7a"></script>
      <script defer src="./pipeline/phase-05-simulation/simulatte-physics-model-metrics.js?v=28cc3dcf9b982c93df049c32c4669744d2f49bc6-f5eb9b768c7a"></script>
      <script defer src="./pipeline/phase-05-simulation/simulatte-physics-model-compatibility.js?v=28cc3dcf9b982c93df049c32c4669744d2f49bc6-f5eb9b768c7a"></script>
      <script defer src="./pipeline/phase-05-simulation/simulatte-physics-model.js?v=28cc3dcf9b982c93df049c32c4669744d2f49bc6-f5eb9b768c7a"></script>
      <script defer src="../shared/contracts/world-spec-reconciliation.js?v=28cc3dcf9b982c93df049c32c4669744d2f49bc6-f5eb9b768c7a"></script>
      <script defer src="../shared/contracts/world-improvement-record.js?v=28cc3dcf9b982c93df049c32c4669744d2f49bc6-f5eb9b768c7a"></script>
      <script defer src="./app/prompt/prompt-controller-dependencies.js?v=28cc3dcf9b982c93df049c32c4669744d2f49bc6-f5eb9b768c7a"></script>
      <script defer src="./app/prompt/prompt-controller-construction-search.js?v=28cc3dcf9b982c93df049c32c4669744d2f49bc6-f5eb9b768c7a"></script>
      <script defer src="./app/prompt/prompt-controller-runtime.js?v=28cc3dcf9b982c93df049c32c4669744d2f49bc6-f5eb9b768c7a"></script>
      <script defer src="./app/prompt/prompt-controller-phase-dispatch.js?v=28cc3dcf9b982c93df049c32c4669744d2f49bc6-f5eb9b768c7a"></script>
      <script defer src="./app/prompt/prompt-controller-workers.js?v=28cc3dcf9b982c93df049c32c4669744d2f49bc6-f5eb9b768c7a"></script>
      <script defer src="./app/prompt/prompt-controller-training.js?v=28cc3dcf9b982c93df049c32c4669744d2f49bc6-f5eb9b768c7a"></script>
      <script defer src="./app/prompt/prompt-model-selection.js?v=28cc3dcf9b982c93df049c32c4669744d2f49bc6-f5eb9b768c7a"></script>
      <script defer src="./app/prompt/world-spec-editor.js?v=28cc3dcf9b982c93df049c32c4669744d2f49bc6-f5eb9b768c7a"></script>
      <script defer src="./app/prompt/world-spec-reconciliation-controller.js?v=28cc3dcf9b982c93df049c32c4669744d2f49bc6-f5eb9b768c7a"></script>
      <script defer src="./app/prompt/prompt-controller-compiler-proof.js?v=28cc3dcf9b982c93df049c32c4669744d2f49bc6-f5eb9b768c7a"></script>
      <script defer src="./app/prompt/world-improvement-session.js?v=28cc3dcf9b982c93df049c32c4669744d2f49bc6-f5eb9b768c7a"></script>
      <script defer src="./app/prompt/prompt-proof-session.js?v=28cc3dcf9b982c93df049c32c4669744d2f49bc6-f5eb9b768c7a"></script>
      <script defer src="./app/prompt/prompt-controller-lab-controller.js?v=28cc3dcf9b982c93df049c32c4669744d2f49bc6-f5eb9b768c7a"></script>
      <script defer src="./app/prompt/prompt-controller.js?v=28cc3dcf9b982c93df049c32c4669744d2f49bc6-f5eb9b768c7a"></script>
      <script defer src="./app/simulation/simulation-lab.js?v=28cc3dcf9b982c93df049c32c4669744d2f49bc6-f5eb9b768c7a"></script>
      <script defer src="./app/prompt/prompt-review-bridge-store.js?v=28cc3dcf9b982c93df049c32c4669744d2f49bc6-f5eb9b768c7a"></script>
      <script defer src="./app/prompt/prompt-review-bridge.js?v=28cc3dcf9b982c93df049c32c4669744d2f49bc6-f5eb9b768c7a"></script>
      <script defer src="./app/create-experience.js?v=28cc3dcf9b982c93df049c32c4669744d2f49bc6-f5eb9b768c7a"></script>
      <script defer src="./app/main.js?v=28cc3dcf9b982c93df049c32c4669744d2f49bc6-f5eb9b768c7a"></script>
      <script defer src="./app/version-guard.js?v=28cc3dcf9b982c93df049c32c4669744d2f49bc6-f5eb9b768c7a"></script>
      <!-- SIMULATTE_RUNTIME_SCRIPTS_END -->
    
    </body>
    </html>
    
    @import '../shared/design/themes/create.css';
    /* Create owns page layout; the compiler owns results and validation. */
    html, body { margin: 0; width: 100%; height: 100%; }
    body.create-app { overflow: hidden; }
    .create-header {
      position: sticky; top: 0; z-index: 30;
      height: 72px; display: flex; align-items: center; justify-content: space-between;
      padding: 0 84px 0 28px; gap: 16px; border-bottom: 1px solid var(--sim-line);
      background: var(--sim-glass);
    }
    .create-header .sim-product-nav { flex: 1; gap: 16px; }
    .create-header .create-brand { font: 600 25px var(--sim-heading); color: var(--sim-ink); padding: 0; letter-spacing: -1px; }
    .create-product { padding-left: 16px; border-left: 1px solid var(--sim-line); font-size: 14px; }
    .create-header .create-back { margin-left: auto; font-weight: 400; }
    .create-app > .sim-theme-control { top: 14px; right: 20px; }
    .physics-stage { display: grid; grid-template-columns: 360px minmax(0, 1fr); height: calc(100dvh - 72px); }
    .physics-stage[data-editor-hidden="true"] { grid-template-columns: minmax(0, 1fr); }
    .physics-panel { min-width: 0; overflow: auto; padding: 32px 26px 24px; border-right: 1px solid var(--sim-line); background: var(--sim-glass); }
    .prompt-dock-head { margin-bottom: 32px; }
    .create-eyebrow { font: 10px var(--sim-mono); letter-spacing: .11em; color: var(--sim-ink-faint); }
    .prompt-dock-head h1 { margin: 14px 0 12px; font: 600 34px/1.05 var(--sim-heading); letter-spacing: -.8px; }
    .prompt-dock-head > p:last-child { margin: 0; color: var(--sim-ink-soft); font-size: 14px; line-height: 1.6; max-width: 30ch; }
    .prompt-dock-core, .builder-row { display: grid; gap: 12px; min-width: 0; }
    .create-prompt-label { font-weight: 600; font-size: 13px; }
    #build-prompt { min-height: 132px; max-height: 260px; resize: vertical; font-size: 16px; line-height: 1.55; padding: 14px; background: var(--sim-paper); }
    .create-help { margin: -4px 0 0; color: var(--sim-ink-faint); font-size: 12px; line-height: 1.5; }
    .create-examples { display: flex; flex-wrap: wrap; gap: 6px; margin: 4px 0 8px; }
    .create-examples > span { flex-basis: 100%; font-size: 11px; color: var(--sim-ink-faint); margin-bottom: 2px; }
    .create-examples button { min-height: 44px; padding: 6px 9px; font-size: 12px; border: 1px solid var(--sim-line); background: transparent; color: var(--sim-ink); border-radius: var(--sim-radius-small); cursor: pointer; }
    .create-examples button:hover { border-color: var(--sim-ink); background: var(--sim-paper); }
    .prompt-actions { display: flex; flex-direction: column; gap: 8px; }
    #build-lab { min-height: 48px; background: var(--sim-ink); border-color: var(--sim-ink); color: var(--sim-paper); font-size: 14px; }
    #build-lab:hover:not(:disabled) { background: var(--sim-ink-soft); }
    #build-lab:disabled { opacity: .4; }
    #shuffle-prompt { border-color: transparent; background: transparent; font-weight: 400; font-size: 12px; }
    .prompt-action-icon { font-size: 18px; }
    .create-run-status { display: flex; align-items: baseline; gap: 10px; padding: 16px 0 4px; border-top: 1px solid var(--sim-line); }
    .create-status-dot { flex-shrink: 0; width: 6px; height: 6px; border-radius: 50%; background: var(--sim-ink-faint); }
    .create-run-status strong { font-size: 13px; font-weight: 600; }
    .create-run-status p { margin: 5px 0 0; color: var(--sim-ink-soft); font-size: 12px; line-height: 1.5; overflow-wrap: anywhere; }
    [data-create-state="error"] .create-run-status { color: var(--sim-red); }
    [data-create-state="warning"] .create-run-status { color: var(--sim-warning); }
    [data-create-state="running"] .create-status-dot { background: var(--sim-accent); animation: create-pulse 1.5s ease-in-out infinite; }
    .create-local-note { margin: 0 0 8px 16px; font-size: 11px; color: var(--sim-ink-faint); }
    .create-tools { border-top: 1px solid var(--sim-line); margin-top: 8px; }
    .create-tools > summary { min-height: 48px; padding: 16px 0; font-size: 12px; cursor: pointer; color: var(--sim-ink-soft); }
    .create-inspectors { display: grid; gap: 8px; }
    .create-inspectors > details > summary { min-height: 44px; width: 100%; justify-content: flex-start; text-align: left; box-shadow: none; font-weight: 500; }
    .create-tools .model-selection-panel { display: block; margin-bottom: 8px; padding: 0; border-radius: var(--sim-radius); }
    .create-tools .model-selection-panel > summary { padding: 12px; min-height: 44px; font-weight: 500; }
    .create-tools .model-selection-controls { position: static; min-width: 0; width: 100%; border: 0; box-shadow: none; }
    .create-tools .model-selection-row { grid-template-columns: 1fr; gap: 4px; }
    .create-preview { display: grid; grid-template-rows: 60px minmax(0, 1fr) 36px; min-width: 0; min-height: 0; padding: 0 24px 12px; }
    .create-preview-bar { display: flex; align-items: center; justify-content: space-between; gap: 12px; font-size: 12px; color: var(--sim-ink-soft); }
    .create-preview-actions { display: flex; gap: 6px; }
    .create-preview-actions .sim-action { background: transparent; font-size: 12px; }
    .physics-canvas-wrap { position: relative; width: 100%; height: 100%; min-height: 0; container-type: size; border: 1px solid var(--sim-line); background-image: linear-gradient(var(--sim-lattice) 1px, transparent 1px), linear-gradient(90deg, var(--sim-lattice) 1px, transparent 1px); background-size: 40px 40px; }
    #physics-canvas, #loading-canvas { position: absolute; inset: 0; margin: auto; display: block; width: min(100cqw, 100cqh); height: min(100cqw, 100cqh); }
    #physics-canvas[data-scene-visible="false"] { opacity: 0; visibility: hidden; }
    #physics-canvas[data-interaction-selected-target]:not([data-interaction-selected-target=""]) { cursor: grab; }
    #physics-canvas[data-interaction-grabbed-target]:not([data-interaction-grabbed-target=""]) { cursor: grabbing; }
    #loading-canvas { z-index: 8; pointer-events: none; opacity: 0; }
    #loading-canvas.is-active { opacity: 1; }
    .create-empty { position: absolute; inset: 0; display: flex; align-items: center; justify-content: center; flex-direction: column; text-align: center; padding: 24px; }
    .create-empty-mark { color: var(--sim-line-strong); font: 300 48px var(--sim-mono); margin-bottom: 12px; }
    .create-empty h2 { margin: 0; font: 600 28px/1.2 var(--sim-heading); letter-spacing: -.5px; }
    .create-empty p { color: var(--sim-ink-soft); font-size: 13px; max-width: 32ch; line-height: 1.6; }
    .create-interaction-hint { margin: 10px 0 0; font-size: 11px; color: var(--sim-ink-faint); text-align: center; }
    .intent-runtime { margin-top: 12px; font-size: 12px; }
    .intent-runtime-head { display: flex; justify-content: space-between; gap: 10px; }
    .intent-runtime-track { height: 3px; background: var(--sim-line); margin: 6px 0; }
    .intent-runtime-fill { display: block; height: 100%; width: 0; background: var(--sim-ink); }
    .intent-runtime-meta, .intent-runtime-detail { color: var(--sim-ink-soft); font-size: 11px; overflow-wrap: anywhere; }
    @keyframes create-pulse { 50% { opacity: .3; } }
    .world-spec-editor-controls,
    .prompt-more-content {
      display: grid;
      gap: 8px;
      padding-top: 12px;
    }
    .prompt-more-actions,
    .prompt-corner-controls {
      display: flex;
      flex-wrap: wrap;
      gap: 6px;
    }
    .prompt-more-section-title {
      color: var(--sim-ink-faint);
      font-size: 12px;
    }
    .prompt-more-runtime,
    .world-model-head {
      display: flex;
      justify-content: space-between;
      gap: 12px;
    }
    .world-model-panel {
      display: grid;
      gap: 8px;
      padding-top: 12px;
    }
    .world-model-summary,
    .world-model-status,
    .physics-status,
    .physics-fps {
      color: var(--sim-ink-soft);
      font-size: 11px;
      overflow-wrap: anywhere;
    }
    .world-model-chips {
      display: grid;
      grid-template-columns: repeat(3, minmax(0, 1fr));
      gap: 6px;
    }
    .world-model-chip {
      min-width: 0;
    }
    .world-model-chip span,
    .world-model-chip strong {
      display: block;
      overflow: hidden;
      text-overflow: ellipsis;
      white-space: nowrap;
    }
    .world-model-chip span {
      color: var(--sim-ink-faint);
      font-size: 11px;
    }
    .phase-rail-shell {
      padding-top: 12px;
    }
    .phase-rail {
      display: grid;
      grid-template-columns: repeat(4, minmax(0, 1fr));
      gap: 6px;
    }
    .phase-rail-step {
      min-width: 0;
      min-height: 44px;
      padding: 6px;
      border: 1px solid var(--sim-line);
      border-radius: var(--sim-radius);
      background: var(--sim-glass-soft);
      color: var(--sim-ink-soft);
      font-size: 11px;
      cursor: pointer;
    }
    .phase-rail-step[data-status="running"] {
      border-color: var(--sim-accent);
    }
    .phase-rail-step[data-status="passed"] {
      color: var(--sim-accent);
    }
    .phase-rail-step[data-status="failed"] {
      color: var(--sim-red);
    }
    .phase-rail-step:is([data-status="not-proven"], [data-status="unsupported"]) {
      color: var(--sim-warning);
      border-style: dashed;
    }
    .phase-details {
      color: var(--sim-ink-soft);
      font-size: 11px;
      overflow-wrap: anywhere;
    }
    .world-spec-reconciliation-detail ol {
      display: grid;
      gap: 8px;
      max-height: 180px;
      overflow: auto;
      padding-left: 24px;
    }
    .world-spec-reconciliation-detail code,
    .world-spec-reconciliation-detail span {
      display: block;
      overflow-wrap: anywhere;
    }
    .world-spec-reconciliation-conflicts[data-state="error"] {
      color: var(--sim-red);
    }
    .world-spec-reconciliation-conflicts[data-state="conflict"] {
      color: var(--sim-warning);
    }
    .simulatte-review-bridge {
      position: fixed;
      z-index: 55;
      top: 12px;
      right: 12px;
      width: min(440px, calc(100vw - 24px));
      max-height: calc(100dvh - 24px);
      display: grid;
      gap: 10px;
      overflow: auto;
      padding: 12px;
      border: 1px solid var(--sim-line);
      border-radius: var(--sim-radius-large);
      background: var(--sim-glass);
      color: var(--sim-ink);
      box-shadow: var(--sim-shadow);
    }
    .training-layer-head,
    .training-head-actions,
    .training-utility-row {
      display: flex;
      align-items: center;
      gap: 6px;
    }
    .training-layer-head {
      justify-content: space-between;
    }
    .training-title-block,
    .training-layer-body {
      display: grid;
      gap: 8px;
    }
    .simulatte-review-bridge.is-collapsed {
      width: min(280px, calc(100vw - 24px));
    }
    .simulatte-review-bridge.is-collapsed .training-layer-body {
      display: none;
    }
    .training-prompt-readout {
      display: grid;
      gap: 4px;
      border-bottom: 1px solid var(--sim-line);
      padding-bottom: 8px;
    }
    .training-prompt-readout output,
    .training-artifact-summary {
      max-height: 60px;
      overflow: auto;
    }
    .training-field-label,
    .training-note-label,
    .training-phase-name,
    .training-phase-state,
    .training-utility-row span {
      color: var(--sim-ink-soft);
      font-size: 11px;
    }
    .training-artifact-json {
      max-height: 150px;
      overflow: auto;
      color: var(--sim-ink-soft);
      font: 11px/1.5 var(--sim-mono);
      white-space: pre-wrap;
      overflow-wrap: anywhere;
    }
    .training-utility-row {
      flex-wrap: wrap;
    }
    .training-primary-actions,
    .training-phase-grid {
      display: grid;
      grid-template-columns: repeat(2, minmax(0, 1fr));
      gap: 6px;
    }
    .simulatte-review-bridge button {
      min-height: 44px;
      padding: 8px;
      border: 1px solid var(--sim-line);
      border-radius: var(--sim-radius);
      color: var(--sim-ink);
      background: var(--sim-glass-soft);
      cursor: pointer;
    }
    .training-phase-grid button {
      display: grid;
      gap: 2px;
      text-align: left;
    }
    .training-phase-grid button.is-active {
      border-color: var(--sim-accent);
    }
    .training-phase-grid button[data-phase-state="missing"] {
      color: var(--sim-warning);
    }
    .simulatte-review-bridge textarea {
      width: 100%;
      min-height: 66px;
      max-height: 140px;
      resize: vertical;
      padding: 8px;
      border: 1px solid var(--sim-line);
      border-radius: var(--sim-radius);
      background: var(--sim-paper);
      color: var(--sim-ink);
    }
    @media (max-width: 1050px) and (min-width: 761px) {
      .physics-stage { grid-template-columns: 320px minmax(0, 1fr); }
      .physics-panel { padding: 24px 20px; }
      .create-header .create-back { display: none; }
    }
    @media (max-width: 760px) {
      body.create-app { overflow: auto; }
      .create-header { height: 64px; padding: 0 68px 0 16px; gap: 8px; }
      .create-header .sim-product-nav { gap: 10px; }
      .create-header .create-brand { font-size: 23px; }
      .create-product { padding-left: 10px; font-size: 12px; }
      .create-header .create-back { display: none; }
      .create-header > button { font-size: 11px; padding: 6px 9px; }
      .create-app > .sim-theme-control { top: 10px; right: 12px; }
      .physics-stage { display: flex; flex-direction: column; height: auto; min-height: calc(100dvh - 64px); }
      .physics-panel { padding: 24px 20px; border-right: 0; border-bottom: 1px solid var(--sim-line); overflow: visible; }
      .prompt-dock-head { margin-bottom: 24px; }
      .prompt-dock-head h1 { font-size: 32px; margin: 8px 0; }
      .prompt-dock-head > p:last-child { max-width: 36ch; font-size: 13px; }
      .create-eyebrow { margin: 0; }
      #build-prompt { min-height: 110px; }
      .prompt-actions { flex-direction: row; }
      #build-lab { flex: 1; }
      .create-local-note { margin-bottom: 0; }
      .create-preview { height: calc(100dvh - 64px); min-height: 360px; padding: 0 12px 12px; scroll-margin-top: 64px; }
      .create-preview-actions { gap: 4px; }
      .create-preview-actions .sim-action { padding: 6px 10px; }
      .create-empty h2 { font-size: 24px; }
      .physics-stage[data-create-state="empty"] .create-preview { height: 360px; }
      .physics-stage[data-editor-hidden="true"] .create-preview { height: calc(100dvh - 64px); }
      .simulatte-review-bridge { top: 8px; right: 8px; max-height: 65dvh; }
    }
    @media (prefers-reduced-motion: reduce) { .create-app * { animation: none !important; scroll-behavior: auto !important; } }
    
  operator: 'match'
  stack: |-
    TestContext.<anonymous> (/home/clocksmith/deco/simulatte/tests/js-shape-suite.cjs:2058:10)
    Test.runInAsyncScope (node:async_hooks:214:14)
    Test.run (node:internal/test_runner/test:1047:25)
    Test.processPendingSubtests (node:internal/test_runner/test:744:18)
    Test.postRun (node:internal/test_runner/test:1173:19)
    Test.run (node:internal/test_runner/test:1101:12)
    async Test.processPendingSubtests (node:internal/test_runner/test:744:7)
  ...
# Subtest: browser product exposes compiled world model receipts
ok 5 - browser product exposes compiled world model receipts
  ---
  duration_ms: 2.249436
  type: 'test'
  ...
# Subtest: composition renderer diversity lives in compiled graph and WebGPU operators
ok 6 - composition renderer diversity lives in compiled graph and WebGPU operators
  ---
  duration_ms: 10.839244
  type: 'test'
  ...
# Subtest: phase 8 renders compiled scene packets without semantic inference
ok 7 - phase 8 renders compiled scene packets without semantic inference
  ---
  duration_ms: 5.007339
  type: 'test'
  ...
# Subtest: WebGPU scene ids and object-part contracts cover emitted visual artifacts
ok 8 - WebGPU scene ids and object-part contracts cover emitted visual artifacts
  ---
  duration_ms: 1.873551
  type: 'test'
  ...
# Subtest: physics graph debug data is explicit and does not log every compiled world
ok 9 - physics graph debug data is explicit and does not log every compiled world
  ---
  duration_ms: 1.453634
  type: 'test'
  ...
# Subtest: pipeline phases consume only neighboring compiled artifacts after intent grounding
ok 10 - pipeline phases consume only neighboring compiled artifacts after intent grounding
  ---
  duration_ms: 16.70936
  type: 'test'
  ...
# Subtest: composition shape inference does not classify catalog provenance as cats
ok 11 - composition shape inference does not classify catalog provenance as cats
  ---
  duration_ms: 1.600512
  type: 'test'
  ...
# Subtest: Phase 6 composition accepts semantic authority only from its Phase 5 render boundary
ok 12 - Phase 6 composition accepts semantic authority only from its Phase 5 render boundary
  ---
  duration_ms: 1.621836
  type: 'test'
  ...
# Subtest: pipeline phases load Phase 3 retrieval boundary checks before retrieval work
ok 13 - pipeline phases load Phase 3 retrieval boundary checks before retrieval work
  ---
  duration_ms: 0.156955
  type: 'test'
  ...
1..13
# tests 13
# suites 0
# pass 11
# fail 2
# cancelled 0
# skipped 0
# todo 0
# duration_ms 167.599823

--- js-shape-model-data.test.cjs (failed) ---
TAP version 13
# Subtest: runtime source is owned by app, pipeline, data, and worker directories
ok 1 - runtime source is owned by app, pipeline, data, and worker directories
  ---
  duration_ms: 1.406026
  type: 'test'
  ...
# Subtest: intent forensics modules load before the physics model in the browser lab
ok 2 - intent forensics modules load before the physics model in the browser lab
  ---
  duration_ms: 1.111919
  type: 'test'
  ...
# Subtest: selected-token reranker runtime loads before the model-backed embedder class captures it
ok 3 - selected-token reranker runtime loads before the model-backed embedder class captures it
  ---
  duration_ms: 0.652679
  type: 'test'
  ...
# Subtest: training mode streams prompt-output critiques over localhost
ok 4 - training mode streams prompt-output critiques over localhost
  ---
  duration_ms: 3.240368
  type: 'test'
  ...
# Subtest: training launcher is shared by agent skill surfaces
ok 5 - training launcher is shared by agent skill surfaces
  ---
  duration_ms: 0.62447
  type: 'test'
  ...
# Subtest: pipeline audit records phase scores, baselines, and regressions
ok 6 - pipeline audit records phase scores, baselines, and regressions
  ---
  duration_ms: 0.891719
  type: 'test'
  ...
# Subtest: causal affordances compile into first-class VisualIR rows
ok 7 - causal affordances compile into first-class VisualIR rows
  ---
  duration_ms: 4.781023
  type: 'test'
  ...
# Subtest: visual operator atlas exposes reusable graphics atoms for Layer 7
ok 8 - visual operator atlas exposes reusable graphics atoms for Layer 7
  ---
  duration_ms: 43.522335
  type: 'test'
  ...
# Subtest: procedural visual base exposes a broad prompt-addressed catalog
ok 9 - procedural visual base exposes a broad prompt-addressed catalog
  ---
  duration_ms: 1.37516
  type: 'test'
  ...
# Subtest: prompt compilation has a worker boundary with main-thread fallback
ok 10 - prompt compilation has a worker boundary with main-thread fallback
  ---
  duration_ms: 3.85071
  type: 'test'
  ...
# Subtest: home prompt shuffle stays consistent between HTML and catalog
not ok 11 - home prompt shuffle stays consistent between HTML and catalog
  ---
  duration_ms: 2.866108
  type: 'test'
  location: '/home/clocksmith/deco/simulatte/tests/js-shape-suite.cjs:26:10'
  failureType: 'testCodeFailure'
  error: |-
    The input did not match the regular expression /Shuffle 256 examples/. Input:
    
    '<!doctype html>\n' +
      '<html lang="en">\n' +
      '<head>\n' +
      '  <meta charset="utf-8">\n' +
      '  <meta name="viewport" content="width=device-width, initial-scale=1">\n' +
      '  <title>Create · Simulatte</title>\n' +
      '  <base href="/blank/">\n' +
      '  <meta name="simulatte-build" content="28cc3dcf9b982c93df049c32c4669744d2f49bc6-f5eb9b768c7a">\n' +
      '  <link rel="icon" type="image/svg+xml" href="../favicon.svg">\n' +
      '  <script src="../shared/design/theme-controller.js"></script>\n' +
      '  <link rel="stylesheet" href="../shared/design/simulatte.css?v=28cc3dcf9b982c93df049c32c4669744d2f49bc6-f5eb9b768c7a">\n' +
      '  <link rel="stylesheet" href="../model-selection.css?v=28cc3dcf9b982c93df049c32c4669744d2f49bc6-f5eb9b768c7a">\n' +
      '  <!-- Google tag (gtag.js) -->\n' +
      '  <script async src="https://www.googletagmanager.com/gtag/js?id=G-LS3SFGCZSL"></script>\n' +
      '  <script>\n' +
      '    window.dataLayer = window.dataLayer || [];\n' +
      '    function gtag(){dataLayer.push(arguments);}\n' +
      "    gtag('js', new Date());\n" +
      '\n' +
      "    gtag('config', 'G-LS3SFGCZSL');\n" +
      '  </script>\n' +
      '  <script>\n' +
      '    globalThis.__DOPPLER_KERNEL_BASE_PATH__ = new URL(\n' +
      "      '../vendor/doppler/src/gpu/kernels',\n" +
      '      document.baseURI\n' +
      "    ).toString().replace(/\\/+$/, '');\n" +
      '  </script>\n' +
      '  <link rel="stylesheet" href="./styles.css?v=28cc3dcf9b982c93df049c32c4669744d2f49bc6-f5eb9b768c7a">\n' +
      '  <link rel="stylesheet" href="../shared/design/theme-control.css?v=28cc3dcf9b982c93df049c32c4669744d2f49bc6-f5eb9b768c7a">\n' +
      '</head>\n' +
      '<body class="create-app">\n' +
      '  <div class="sim-theme-control" data-theme-control>\n' +
      '    <button type="button" aria-label="Theme follows system. Switch to Light theme.">\n' +
      '      <span class="sim-theme-icon-stack" aria-hidden="true">\n' +
      '        <span data-theme-icon="system">◐</span>\n' +
      '        <span data-theme-icon="light">☼</span>\n' +
      '        <span data-theme-icon="dark">☾</span>\n' +
      '      </span>\n' +
      '      <span class="sim-theme-control-label" data-theme-label aria-hidden="true">System</span>\n' +
      '    </button>\n' +
      '  </div>\n' +
      '  <header class="create-header">\n' +
      '    <nav class="sim-product-nav" aria-label="Simulatte">\n' +
      '      <a class="create-brand" href="https://simulatte.world/" data-local-href="../">Simulatte</a>\n' +
      '      <span class="create-product">Create</span>\n' +
      '      <a class="create-back" href="https://simulatte.world/" data-local-href="../">Explore simulations</a>\n' +
      '    </nav>\n' +
      '    <button id="prompt-dock-toggle" class="sim-action" type="button" aria-controls="create-editor" aria-expanded="true">Hide editor</button>\n' +
      '  </header>\n' +
      '  <main class="physics-stage" aria-label="Create a simulation" data-create-state="empty">\n' +
      '    <section id="create-editor" class="physics-panel prompt-dock" aria-label="Simulation editor">\n' +
      '      <div class="prompt-dock-head">\n' +
      '        <p class="create-eyebrow">FROM IDEA TO SIMULATION</p>\n' +
      '        <h1>Make something move.</h1>\n' +
      '        <p>Describe a scene. Run it, explore it, then make it yours.</p>\n' +
      '      </div>\n' +
      '\n' +
      '      <div class="prompt-dock-core">\n' +
      '        <div class="builder-row">\n' +
      '          <label class="create-prompt-label" for="build-prompt">What do you want to simulate?</label>\n' +
      '          <textarea id="build-prompt" class="sim-field" aria-label="Simulation request" placeholder="A red ball bouncing on the ground…" aria-describedby="create-prompt-help"></textarea>\n' +
      '          <p id="create-prompt-help" class="create-help">Start with an object, then add motion or surroundings.</p>\n' +
      '          <div class="create-examples" aria-label="Starting ideas">\n' +
      '            <span>Try an idea</span>\n' +
      '            <button type="button" data-create-prompt="a red ball">A red ball</button>\n' +
      '            <button type="button" data-create-prompt="a blue cube">A blue cube</button>\n' +
      '            <button type="button" data-create-prompt="a pendulum">A pendulum</button>\n' +
      '          </div>\n' +
      '          <div class="prompt-actions" aria-label="Create actions">\n' +
      '            <button id="build-lab" class="primary-action prompt-side-action sim-action sim-action-primary" type="button" aria-label="Run simulation" disabled>\n' +
      '              <span class="prompt-action-icon" aria-hidden="true">↵</span>\n' +
      '              <span class="prompt-action-label">Run simulation</span>\n' +
      '            </button>\n' +
      '            <button id="shuffle-prompt" class="example-chip prompt-side-action sim-action" type="button" aria-label="Run a random example" title="Run a random example">\n' +
      '              <span class="prompt-action-icon" aria-hidden="true">⇄</span>\n' +
      '              <span class="prompt-action-label">Surprise me</span>\n' +
      '            </button>\n' +
      '          </div>\n' +
      '          <input id="blank-neural-models" type="checkbox" hidden aria-describedby="blank-neural-model-note">\n' +
      '          <span id="blank-neural-model-note" class="sr-only">Deterministic language pipeline is active.</span>\n' +
      '        </div>\n' +
      '\n' +
      '        <div class="create-run-status" role="status" aria-live="polite">\n' +
      '          <span class="create-status-dot" aria-hidden="true"></span>\n' +
      '          <div><strong id="create-status-title">Ready to create</strong><p id="create-status-message">Choose an idea or write your own.</p></div>\n' +
      '        </div>\n' +
      '        <p class="create-local-note">No account needed. Your scene runs in this browser.</p>\n' +
      '        <details id="create-tools" class="create-tools">\n' +
      '          <summary>Tools &amp; settings</summary>\n' +
      '            <details class="model-selection-panel">\n' +
      '              <summary>Model settings</summary>\n' +
      '              <div id="model-selection-controls" class="model-selection-controls" aria-label="Pipeline model selection"></div>\n' +
      '            </details>\n' +
      '        <div class="create-inspectors">\n' +
      '              <details id="world-spec-editor-panel" class="world-spec-editor-panel">\n' +
      '                <summary class="sim-action">Edit simulation</summary>\n' +
      '                <div class="world-spec-editor-controls">\n' +
      '                  <label for="world-spec-edit-rationale">Edit rationale</label>\n' +
      '                  <input id="world-spec-edit-rationale" class="sim-field" type="text" placeholder="Why this change is required">\n' +
      '                  <textarea id="world-spec-editor" class="sim-field sim-program-editor" aria-label="Editable WorldSpec JSON" spellcheck="false"></textarea>\n' +
      '                  <div class="prompt-more-actions" aria-label="WorldSpec actions">\n' +
      '                    <button class="sim-action" id="apply-world-spec" type="button" disabled>Apply WorldSpec</button>\n' +
      '                    <button class="sim-action" id="replay-world-spec" type="button" disabled>Replay exact spec</button>\n' +
      '                    <button class="sim-action" id="reset-world-spec-edit" type="button">Discard edit</button>\n' +
      '                    <button class="sim-action" id="export-improvement-record" type="button" disabled>Export correction record</button>\n' +
      '                    <button class="sim-action" id="import-lab" type="button">Import</button>\n' +
      '                  </div>\n' +
      '                  <input id="world-spec-import-file" type="file" accept="application/json,.json" hidden>\n' +
      '                  <p id="world-spec-editor-status" class="world-spec-editor-status sim-status" data-state="idle" aria-live="polite">Open to inspect the executable program</p>\n' +
      '                  <p id="world-improvement-record-status" class="world-spec-editor-status sim-status" data-state="idle" aria-live="polite">Complete a failed-obligation edit and exact replay to create a record</p>\n' +
      '                </div>\n' +
      '              </details>\n' +
      '              <details id="world-proof-panel" class="world-proof-panel">\n' +
      '                <summary class="sim-action">Validation</summary>\n' +
      '                <pre id="world-proof-preview" class="sim-code spec-preview world-proof-preview" tabindex="0">{}</pre>\n' +
      '              </details>\n' +
      '        <details id="run-details-menu" class="run-details-menu">\n' +
      '          <summary class="sim-action">Run details</summary>\n' +
      '        <div id="intent-runtime" class="intent-runtime" data-state="idle" aria-live="polite">\n' +
      '          <div class="intent-runtime-head">\n' +
      '            <strong id="intent-runtime-title">Deterministic ready</strong>\n' +
      '            <span id="intent-runtime-percent" class="intent-runtime-percent">0%</span>\n' +
      '          </div>\n' +
      '          <div class="intent-runtime-track" aria-hidden="true">\n' +
      '            <span id="intent-runtime-fill" class="intent-runtime-fill"></span>\n' +
      '          </div>\n' +
      '          <div class="intent-runtime-meta">\n' +
      '            <span id="intent-runtime-message">idle</span>\n' +
      '          </div>\n' +
      '          <span id="intent-runtime-stage" class="intent-runtime-detail">standby</span>\n' +
      '        </div>\n' +
      '\n' +
      '          <aside class="phase-rail-shell" aria-label="Eight phase run status">\n' +
      '            <nav id="phase-rail" class="phase-rail" aria-label="Run phases"></nav>\n' +
      '            <p id="phase-details" class="phase-details" aria-live="polite"></p>\n' +
      '            <button id="copy-run-receipt" class="quiet-action sim-action" type="button">Copy run receipt</button>\n' +
      '          </aside>\n' +
      '        </details>\n' +
      '\n' +
      '        <details id="prompt-more-menu" class="prompt-more-menu">\n' +
      '          <summary class="sim-action">Technical details</summary>\n' +
      '          <div class="prompt-more-content">\n' +
      '            <div class="prompt-more-section-title">Run state</div>\n' +
      '            <div class="prompt-more-runtime">\n' +
      '              <span id="lab-state" class="physics-status" aria-live="polite">loading pipeline</span>\n' +
      '              <span id="fps-readout" class="physics-fps" data-perf="idle">FPS --</span>\n' +
      '            </div>\n' +
      '            <section id="world-model-panel" class="world-model-panel" aria-label="Compiled world model receipt">\n' +
      '              <div class="world-model-head">\n' +
      '                <strong>WorldSpec</strong>\n' +
      '                <span id="world-model-status" class="world-model-status">blank</span>\n' +
      '              </div>\n' +
      '              <div id="world-model-summary" class="world-model-summary">blank construction plane</div>\n' +
      '              <div id="world-model-chips" class="world-model-chips" aria-label="World model counts"></div>\n' +
      '              <div class="prompt-more-section-title">Receipts</div>\n' +
      '              <pre id="spec-preview" class="sim-code spec-preview physics-spec-preview" tabindex="0">{}</pre>\n' +
      '\n' +
      '\n' +
      '            </section>\n' +
      '          </div>\n' +
      '        </details>\n' +
      '      </div>\n' +
      '        </detail'... 51387 more characters
    
  code: 'ERR_ASSERTION'
  name: 'AssertionError'
  expected:
  actual: |-
    <!doctype html>
    <html lang="en">
    <head>
      <meta charset="utf-8">
      <meta name="viewport" content="width=device-width, initial-scale=1">
      <title>Create · Simulatte</title>
      <base href="/blank/">
      <meta name="simulatte-build" content="28cc3dcf9b982c93df049c32c4669744d2f49bc6-f5eb9b768c7a">
      <link rel="icon" type="image/svg+xml" href="../favicon.svg">
      <script src="../shared/design/theme-controller.js"></script>
      <link rel="stylesheet" href="../shared/design/simulatte.css?v=28cc3dcf9b982c93df049c32c4669744d2f49bc6-f5eb9b768c7a">
      <link rel="stylesheet" href="../model-selection.css?v=28cc3dcf9b982c93df049c32c4669744d2f49bc6-f5eb9b768c7a">
      <!-- Google tag (gtag.js) -->
      <script async src="https://www.googletagmanager.com/gtag/js?id=G-LS3SFGCZSL"></script>
      <script>
        window.dataLayer = window.dataLayer || [];
        function gtag(){dataLayer.push(arguments);}
        gtag('js', new Date());
    
        gtag('config', 'G-LS3SFGCZSL');
      </script>
      <script>
        globalThis.__DOPPLER_KERNEL_BASE_PATH__ = new URL(
          '../vendor/doppler/src/gpu/kernels',
          document.baseURI
        ).toString().replace(/\/+$/, '');
      </script>
      <link rel="stylesheet" href="./styles.css?v=28cc3dcf9b982c93df049c32c4669744d2f49bc6-f5eb9b768c7a">
      <link rel="stylesheet" href="../shared/design/theme-control.css?v=28cc3dcf9b982c93df049c32c4669744d2f49bc6-f5eb9b768c7a">
    </head>
    <body class="create-app">
      <div class="sim-theme-control" data-theme-control>
        <button type="button" aria-label="Theme follows system. Switch to Light theme.">
          <span class="sim-theme-icon-stack" aria-hidden="true">
            <span data-theme-icon="system">◐</span>
            <span data-theme-icon="light">☼</span>
            <span data-theme-icon="dark">☾</span>
          </span>
          <span class="sim-theme-control-label" data-theme-label aria-hidden="true">System</span>
        </button>
      </div>
      <header class="create-header">
        <nav class="sim-product-nav" aria-label="Simulatte">
          <a class="create-brand" href="https://simulatte.world/" data-local-href="../">Simulatte</a>
          <span class="create-product">Create</span>
          <a class="create-back" href="https://simulatte.world/" data-local-href="../">Explore simulations</a>
        </nav>
        <button id="prompt-dock-toggle" class="sim-action" type="button" aria-controls="create-editor" aria-expanded="true">Hide editor</button>
      </header>
      <main class="physics-stage" aria-label="Create a simulation" data-create-state="empty">
        <section id="create-editor" class="physics-panel prompt-dock" aria-label="Simulation editor">
          <div class="prompt-dock-head">
            <p class="create-eyebrow">FROM IDEA TO SIMULATION</p>
            <h1>Make something move.</h1>
            <p>Describe a scene. Run it, explore it, then make it yours.</p>
          </div>
    
          <div class="prompt-dock-core">
            <div class="builder-row">
              <label class="create-prompt-label" for="build-prompt">What do you want to simulate?</label>
              <textarea id="build-prompt" class="sim-field" aria-label="Simulation request" placeholder="A red ball bouncing on the ground…" aria-describedby="create-prompt-help"></textarea>
              <p id="create-prompt-help" class="create-help">Start with an object, then add motion or surroundings.</p>
              <div class="create-examples" aria-label="Starting ideas">
                <span>Try an idea</span>
                <button type="button" data-create-prompt="a red ball">A red ball</button>
                <button type="button" data-create-prompt="a blue cube">A blue cube</button>
                <button type="button" data-create-prompt="a pendulum">A pendulum</button>
              </div>
              <div class="prompt-actions" aria-label="Create actions">
                <button id="build-lab" class="primary-action prompt-side-action sim-action sim-action-primary" type="button" aria-label="Run simulation" disabled>
                  <span class="prompt-action-icon" aria-hidden="true">↵</span>
                  <span class="prompt-action-label">Run simulation</span>
                </button>
                <button id="shuffle-prompt" class="example-chip prompt-side-action sim-action" type="button" aria-label="Run a random example" title="Run a random example">
                  <span class="prompt-action-icon" aria-hidden="true">⇄</span>
                  <span class="prompt-action-label">Surprise me</span>
                </button>
              </div>
              <input id="blank-neural-models" type="checkbox" hidden aria-describedby="blank-neural-model-note">
              <span id="blank-neural-model-note" class="sr-only">Deterministic language pipeline is active.</span>
            </div>
    
            <div class="create-run-status" role="status" aria-live="polite">
              <span class="create-status-dot" aria-hidden="true"></span>
              <div><strong id="create-status-title">Ready to create</strong><p id="create-status-message">Choose an idea or write your own.</p></div>
            </div>
            <p class="create-local-note">No account needed. Your scene runs in this browser.</p>
            <details id="create-tools" class="create-tools">
              <summary>Tools &amp; settings</summary>
                <details class="model-selection-panel">
                  <summary>Model settings</summary>
                  <div id="model-selection-controls" class="model-selection-controls" aria-label="Pipeline model selection"></div>
                </details>
            <div class="create-inspectors">
                  <details id="world-spec-editor-panel" class="world-spec-editor-panel">
                    <summary class="sim-action">Edit simulation</summary>
                    <div class="world-spec-editor-controls">
                      <label for="world-spec-edit-rationale">Edit rationale</label>
                      <input id="world-spec-edit-rationale" class="sim-field" type="text" placeholder="Why this change is required">
                      <textarea id="world-spec-editor" class="sim-field sim-program-editor" aria-label="Editable WorldSpec JSON" spellcheck="false"></textarea>
                      <div class="prompt-more-actions" aria-label="WorldSpec actions">
                        <button class="sim-action" id="apply-world-spec" type="button" disabled>Apply WorldSpec</button>
                        <button class="sim-action" id="replay-world-spec" type="button" disabled>Replay exact spec</button>
                        <button class="sim-action" id="reset-world-spec-edit" type="button">Discard edit</button>
                        <button class="sim-action" id="export-improvement-record" type="button" disabled>Export correction record</button>
                        <button class="sim-action" id="import-lab" type="button">Import</button>
                      </div>
                      <input id="world-spec-import-file" type="file" accept="application/json,.json" hidden>
                      <p id="world-spec-editor-status" class="world-spec-editor-status sim-status" data-state="idle" aria-live="polite">Open to inspect the executable program</p>
                      <p id="world-improvement-record-status" class="world-spec-editor-status sim-status" data-state="idle" aria-live="polite">Complete a failed-obligation edit and exact replay to create a record</p>
                    </div>
                  </details>
                  <details id="world-proof-panel" class="world-proof-panel">
                    <summary class="sim-action">Validation</summary>
                    <pre id="world-proof-preview" class="sim-code spec-preview world-proof-preview" tabindex="0">{}</pre>
                  </details>
            <details id="run-details-menu" class="run-details-menu">
              <summary class="sim-action">Run details</summary>
            <div id="intent-runtime" class="intent-runtime" data-state="idle" aria-live="polite">
              <div class="intent-runtime-head">
                <strong id="intent-runtime-title">Deterministic ready</strong>
                <span id="intent-runtime-percent" class="intent-runtime-percent">0%</span>
              </div>
              <div class="intent-runtime-track" aria-hidden="true">
                <span id="intent-runtime-fill" class="intent-runtime-fill"></span>
              </div>
              <div class="intent-runtime-meta">
                <span id="intent-runtime-message">idle</span>
              </div>
              <span id="intent-runtime-stage" class="intent-runtime-detail">standby</span>
            </div>
    
              <aside class="phase-rail-shell" aria-label="Eight phase run status">
                <nav id="phase-rail" class="phase-rail" aria-label="Run phases"></nav>
                <p id="phase-details" class="phase-details" aria-live="polite"></p>
                <button id="copy-run-receipt" class="quiet-action sim-action" type="button">Copy run receipt</button>
              </aside>
            </details>
    
            <details id="prompt-more-menu" class="prompt-more-menu">
              <summary class="sim-action">Technical details</summary>
              <div class="prompt-more-content">
                <div class="prompt-more-section-title">Run state</div>
                <div class="prompt-more-runtime">
                  <span id="lab-state" class="physics-status" aria-live="polite">loading pipeline</span>
                  <span id="fps-readout" class="physics-fps" data-perf="idle">FPS --</span>
                </div>
                <section id="world-model-panel" class="world-model-panel" aria-label="Compiled world model receipt">
                  <div class="world-model-head">
                    <strong>WorldSpec</strong>
                    <span id="world-model-status" class="world-model-status">blank</span>
                  </div>
                  <div id="world-model-summary" class="world-model-summary">blank construction plane</div>
                  <div id="world-model-chips" class="world-model-chips" aria-label="World model counts"></div>
                  <div class="prompt-more-section-title">Receipts</div>
                  <pre id="spec-preview" class="sim-code spec-preview physics-spec-preview" tabindex="0">{}</pre>
    
    
                </section>
              </div>
            </details>
          </div>
            </details>
          </div>
          <input id="simulation-name" type="hidden" value="">
        </section>
    
        <section class="create-preview" aria-label="Simulation preview">
          <div class="create-preview-bar">
            <span id="create-preview-title">Preview</span>
            <div class="create-preview-actions" id="create-preview-actions" hidden>
              <button id="pause-lab" class="sim-action" type="button" aria-pressed="false">Pause</button>
              <button id="reset-lab" class="sim-action" type="button">Restart</button>
              <button id="export-lab" class="sim-action" type="button">Export</button>
            </div>
          </div>
          <div class="physics-canvas-wrap">
            <div class="create-empty" id="create-empty">
              <span class="create-empty-mark" aria-hidden="true">+</span>
              <h2>Your simulation starts here.</h2>
              <p>Describe a scene, then select Run simulation.</p>
            </div>
          <canvas id="physics-canvas" tabindex="0" aria-label="Interactive Simulatte physics canvas"
            aria-describedby="world-interaction-help" data-scene-visible="false"></canvas>
          <p id="world-interaction-help" class="sr-only">Click an object to select it. Drag to move or push it. Use arrow keys to nudge it, Space to apply an impulse, Enter to activate it, and Escape to clear the selection.</p>
          <canvas id="loading-canvas" aria-label="Snake loading canvas" hidden></canvas>
          </div>
          <p class="create-interaction-hint" id="create-interaction-hint" hidden>Click an object to select it. Drag to interact.</p>
        </section>
    
        <dialog id="world-spec-reconciliation-dialog" class="neural-consent-dialog world-spec-reconciliation-dialog"
          aria-labelledby="world-spec-reconciliation-title" data-state="idle">
          <div class="neural-consent-body">
            <h2 id="world-spec-reconciliation-title">Reconcile accepted edits</h2>
            <p id="world-spec-reconciliation-summary">Accepted edits require a decision before recompilation can execute.</p>
            <p id="world-spec-reconciliation-conflicts" class="world-spec-reconciliation-conflicts" data-state="ready"></p>
            <details class="world-spec-reconciliation-detail">
              <summary>Inspect affected fields</summary>
              <ol id="world-spec-reconciliation-fields"></ol>
            </details>
            <div class="neural-consent-actions world-spec-reconciliation-actions">
              <button id="cancel-world-spec-reconciliation" class="sim-action" type="button">Keep current world</button>
              <button id="accept-recompiled-world-spec" class="sim-action" type="button">Use fresh compilation</button>
              <button id="preserve-world-spec-overrides" class="sim-action sim-action-primary" type="button">Keep edits and recompile</button>
            </div>
          </div>
        </dialog>
    
        <dialog id="neural-model-dialog" class="neural-consent-dialog" aria-labelledby="neural-model-title">
          <div class="neural-consent-body">
            <h2 id="neural-model-title">Enable local Qwen embedding?</h2>
            <p data-neural-model="surface-use">Blank uses Qwen embeddings for open-vocabulary retrieval. Deterministic scoring and refusal remain authoritative.</p>
            <div class="neural-model-list" aria-label="Models stored on this device">
              <div class="neural-model-row"><span data-neural-model="embedding-name">Qwen embedding</span><span data-neural-model="embedding-size">Loading size</span></div>
            </div>
            <p class="neural-consent-facts"><span data-neural-model="download-summary">Model sizes loading</span>. Runs locally through Doppler <span data-neural-model="doppler-version"></span>. Model files are cached on this device; prompts stay in this browser.</p>
            <div class="neural-consent-actions">
              <button class="sim-action" type="button" data-neural-consent="cancel">Not now</button>
              <button class="sim-action sim-action-primary" type="button" data-neural-consent="accept">Enable models</button>
            </div>
          </div>
        </dialog>
      </main>
    
      <script>
        (function trackSimulatteScriptLoads(root) {
          const state = root.SimulatteBoot = root.SimulatteBoot || { failedScripts: [] };
          root.addEventListener('error', (event) => {
            const target = event && event.target;
            const src = target && target.tagName === 'SCRIPT' ? target.getAttribute('src') : '';
            if (!src || !/(^|\/)(app|pipeline)\//.test(src)) return;
            state.failedScripts.push(src);
          }, true);
        })(typeof globalThis !== 'undefined' ? globalThis : window);
      </script>
      <!-- SIMULATTE_RUNTIME_SCRIPTS_START -->
      <meta name="simulatte-runtime-source" content="sha256:5937f2c3da9e60e4191a5542fe5900aae3acdaf215195069d6a10f00a72bf2ae">
      <script defer src="./app/runtime-script-manifest.js?v=28cc3dcf9b982c93df049c32c4669744d2f49bc6-f5eb9b768c7a"></script>
      <script defer src="../neural-model-consent.js?v=28cc3dcf9b982c93df049c32c4669744d2f49bc6-f5eb9b768c7a"></script>
      <script defer src="../shared/design/program-editor.js?v=28cc3dcf9b982c93df049c32c4669744d2f49bc6-f5eb9b768c7a"></script>
      <script defer src="../shared/design/product-navigation.js?v=28cc3dcf9b982c93df049c32c4669744d2f49bc6-f5eb9b768c7a"></script>
      <script defer src="../shared/render/render-targets.js?v=28cc3dcf9b982c93df049c32c4669744d2f49bc6-f5eb9b768c7a"></script>
      <script defer src="../shared/render/renderer-session.js?v=28cc3dcf9b982c93df049c32c4669744d2f49bc6-f5eb9b768c7a"></script>
      <script defer src="../model-selection.js?v=28cc3dcf9b982c93df049c32c4669744d2f49bc6-f5eb9b768c7a"></script>
      <script defer src="../shared/core/pipeline-runner.js?v=28cc3dcf9b982c93df049c32c4669744d2f49bc6-f5eb9b768c7a"></script>
      <script defer src="../shared/deterministic-values.js?v=28cc3dcf9b982c93df049c32c4669744d2f49bc6-f5eb9b768c7a"></script>
      <script defer src="../shared/contracts/world-spec-authorship.js?v=28cc3dcf9b982c93df049c32c4669744d2f49bc6-f5eb9b768c7a"></script>
      <script defer src="../shared/contracts/world-spec.js?v=28cc3dcf9b982c93df049c32c4669744d2f49bc6-f5eb9b768c7a"></script>
      <script defer src="../shared/contracts/input-source.js?v=28cc3dcf9b982c93df049c32c4669744d2f49bc6-f5eb9b768c7a"></script>
      <script defer src="../shared/contracts/world-proof-compiler.js?v=28cc3dcf9b982c93df049c32c4669744d2f49bc6-f5eb9b768c7a"></script>
      <script defer src="../shared/contracts/world-proof-intent.js?v=28cc3dcf9b982c93df049c32c4669744d2f49bc6-f5eb9b768c7a"></script>
      <script defer src="../shared/contracts/world-proof-semantic.js?v=28cc3dcf9b982c93df049c32c4669744d2f49bc6-f5eb9b768c7a"></script>
      <script defer src="../shared/contracts/world-proof-simulation.js?v=28cc3dcf9b982c93df049c32c4669744d2f49bc6-f5eb9b768c7a"></script>
      <script defer src="../shared/contracts/world-proof-interaction.js?v=28cc3dcf9b982c93df049c32c4669744d2f49bc6-f5eb9b768c7a"></script>
      <script defer src="../shared/contracts/world-proof-safety.js?v=28cc3dcf9b982c93df049c32c4669744d2f49bc6-f5eb9b768c7a"></script>
      <script defer src="../shared/contracts/world-proof.js?v=28cc3dcf9b982c93df049c32c4669744d2f49bc6-f5eb9b768c7a"></script>
      <script defer src="../shared/language/positive-language.js?v=28cc3dcf9b982c93df049c32c4669744d2f49bc6-f5eb9b768c7a"></script>
      <script defer src="./app/runtime/phase-module-registry.js?v=28cc3dcf9b982c93df049c32c4669744d2f49bc6-f5eb9b768c7a"></script>
      <script defer src="./app/runtime/require-runtime-dependency.js?v=28cc3dcf9b982c93df049c32c4669744d2f49bc6-f5eb9b768c7a"></script>
      <script defer src="./pipeline/simulatte-phase-contracts.js?v=28cc3dcf9b982c93df049c32c4669744d2f49bc6-f5eb9b768c7a"></script>
      <script defer src="../shared/blank-core/compat/compiler.js?v=28cc3dcf9b982c93df049c32c4669744d2f49bc6-f5eb9b768c7a"></script>
      <script defer src="./app/runtime/phase-runner.js?v=28cc3dcf9b982c93df049c32c4669744d2f49bc6-f5eb9b768c7a"></script>
      <script defer src="./pipeline/phase-05-simulation/simulatte-physics-catalog-dependencies.js?v=28cc3dcf9b982c93df049c32c4669744d2f49bc6-f5eb9b768c7a"></script>
      <script defer src="./pipeline/phase-05-simulation/simulatte-physics-catalog-constants.js?v=28cc3dcf9b982c93df049c32c4669744d2f49bc6-f5eb9b768c7a"></script>
      <script defer src="./pipeline/phase-05-simulation/simulatte-physics-catalog-templates.js?v=28cc3dcf9b982c93df049c32c4669744d2f49bc6-f5eb9b768c7a"></script>
      <script defer src="./pipeline/phase-05-simulation/simulatte-physics-catalog-primitive-data.js?v=28cc3dcf9b982c93df049c32c4669744d2f49bc6-f5eb9b768c7a"></script>
      <script defer src="./pipeline/phase-05-simulation/simulatte-physics-catalog-materials.js?v=28cc3dcf9b982c93df049c32c4669744d2f49bc6-f5eb9b768c7a"></script>
      <script defer src="./pipeline/phase-05-simulation/simulatte-physics-catalog-graph-data.js?v=28cc3dcf9b982c93df049c32c4669744d2f49bc6-f5eb9b768c7a"></script>
      <script defer src="./pipeline/phase-05-simulation/simulatte-physics-catalog-examples.js?v=28cc3dcf9b982c93df049c32c4669744d2f49bc6-f5eb9b768c7a"></script>
      <script defer src="./pipeline/phase-05-simulation/simulatte-physics-catalog-graph-helpers.js?v=28cc3dcf9b982c93df049c32c4669744d2f49bc6-f5eb9b768c7a"></script>
      <script defer src="./pipeline/phase-05-simulation/simulatte-physics-catalog.js?v=28cc3dcf9b982c93df049c32c4669744d2f49bc6-f5eb9b768c7a"></script>
      <script defer src="../data/simulatte-construction-substrate.js?v=28cc3dcf9b982c93df049c32c4669744d2f49bc6-f5eb9b768c7a"></script>
      <script defer src="./pipeline/phase-03-retrieval/simulatte-semantic-rag-dependencies.js?v=28cc3dcf9b982c93df049c32c4669744d2f49bc6-f5eb9b768c7a"></script>
      <script defer src="./pipeline/phase-03-retrieval/simulatte-semantic-rag-constants.js?v=28cc3dcf9b982c93df049c32c4669744d2f49bc6-f5eb9b768c7a"></script>
      <script defer src="./pipeline/phase-03-retrieval/simulatte-semantic-rag-helpers.js?v=28cc3dcf9b982c93df049c32c4669744d2f49bc6-f5eb9b768c7a"></script>
      <script defer src="./pipeline/phase-03-retrieval/simulatte-semantic-rag-surface-cards.js?v=28cc3dcf9b982c93df049c32c4669744d2f49bc6-f5eb9b768c7a"></script>
      <script defer src="./pipeline/phase-03-retrieval/simulatte-semantic-rag-grounding-cards.js?v=28cc3dcf9b982c93df049c32c4669744d2f49bc6-f5eb9b768c7a"></script>
      <script defer src="./pipeline/phase-03-retrieval/simulatte-semantic-rag-lexical-construction.js?v=28cc3dcf9b982c93df049c32c4669744d2f49bc6-f5eb9b768c7a"></script>
      <script defer src="./pipeline/phase-03-retrieval/simulatte-semantic-rag-retrieval.js?v=28cc3dcf9b982c93df049c32c4669744d2f49bc6-f5eb9b768c7a"></script>
      <script defer src="./pipeline/phase-03-retrieval/simulatte-semantic-rag.js?v=28cc3dcf9b982c93df049c32c4669744d2f49bc6-f5eb9b768c7a"></script>
      <script defer src="./pipeline/phase-01-runtime/simulatte-doppler-intent.js?v=28cc3dcf9b982c93df049c32c4669744d2f49bc6-f5eb9b768c7a"></script>
      <script defer src="./pipeline/phase-04-grounded-intent/simulatte-graph-synthesis-support.js?v=28cc3dcf9b982c93df049c32c4669744d2f49bc6-f5eb9b768c7a"></script>
      <script defer src="./pipeline/phase-04-grounded-intent/simulatte-graph-synthesis-retrieval.js?v=28cc3dcf9b982c93df049c32c4669744d2f49bc6-f5eb9b768c7a"></script>
      <script defer src="./pipeline/phase-04-grounded-intent/simulatte-graph-synthesis-helpers.js?v=28cc3dcf9b982c93df049c32c4669744d2f49bc6-f5eb9b768c7a"></script>
      <script defer src="../data/simulatte-compact-classifiers.js?v=28cc3dcf9b982c93df049c32c4669744d2f49bc6-f5eb9b768c7a"></script>
      <script defer src="./pipeline/phase-03-retrieval/simulatte-compact-classifier-runtime.js?v=28cc3dcf9b982c93df049c32c4669744d2f49bc6-f5eb9b768c7a"></script>
      <script defer src="./pipeline/phase-03-retrieval/simulatte-bounded-classification-requests.js?v=28cc3dcf9b982c93df049c32c4669744d2f49bc6-f5eb9b768c7a"></script>
      <script defer src="./pipeline/phase-03-retrieval/simulatte-classification-tier-router.js?v=28cc3dcf9b982c93df049c32c4669744d2f49bc6-f5eb9b768c7a"></script>
      <script defer src="./pipeline/phase-03-retrieval/simulatte-intent-embedder-bounded-classification.js?v=28cc3dcf9b982c93df049c32c4669744d2f49bc6-f5eb9b768c7a"></script>
      <script defer src="./pipeline/phase-03-retrieval/simulatte-intent-embedder-dependencies.js?v=28cc3dcf9b982c93df049c32c4669744d2f49bc6-f5eb9b768c7a"></script>
      <script defer src="./pipeline/phase-03-retrieval/simulatte-intent-embedder-constants.js?v=28cc3dcf9b982c93df049c32c4669744d2f49bc6-f5eb9b768c7a"></script>
      <script defer src="./pipeline/phase-03-retrieval/simulatte-intent-embedder-model-lock.js?v=28cc3dcf9b982c93df049c32c4669744d2f49bc6-f5eb9b768c7a"></script>
      <script defer src="./pipeline/phase-03-retrieval/simulatte-intent-embedder-model-cache.js?v=28cc3dcf9b982c93df049c32c4669744d2f49bc6-f5eb9b768c7a"></script>
      <script defer src="./pipeline/phase-03-retrieval/simulatte-intent-embedder-runtime-class.js?v=28cc3dcf9b982c93df049c32c4669744d2f49bc6-f5eb9b768c7a"></script>
      <script defer src="./pipeline/phase-03-retrieval/simulatte-intent-embedder-runtime-probes.js?v=28cc3dcf9b982c93df049c32c4669744d2f49bc6-f5eb9b768c7a"></script>
      <script defer src="./pipeline/phase-03-retrieval/simulatte-intent-embedder-universe-loader.js?v=28cc3dcf9b982c93df049c32c4669744d2f49bc6-f5eb9b768c7a"></script>
      <script defer src="./pipeline/phase-03-retrieval/simulatte-intent-embedder-manifest-loader.js?v=28cc3dcf9b982c93df049c32c4669744d2f49bc6-f5eb9b768c7a"></script>
      <script defer src="./pipeline/phase-03-retrieval/simulatte-intent-embedder-construction-retrieval.js?v=28cc3dcf9b982c93df049c32c4669744d2f49bc6-f5eb9b768c7a"></script>
      <script defer src="./pipeline/phase-03-retrieval/simulatte-intent-embedder-span-retrieval.js?v=28cc3dcf9b982c93df049c32c4669744d2f49bc6-f5eb9b768c7a"></script>
      <script defer src="./pipeline/phase-03-retrieval/simulatte-intent-embedder-slot-retrieval.js?v=28cc3dcf9b982c93df049c32c4669744d2f49bc6-f5eb9b768c7a"></script>
      <script defer src="./pipeline/phase-03-retrieval/simulatte-intent-embedder-slot-rerank.js?v=28cc3dcf9b982c93df049c32c4669744d2f49bc6-f5eb9b768c7a"></script>
      <script defer src="./pipeline/phase-03-retrieval/simulatte-intent-embedder-rerank-runtime.js?v=28cc3dcf9b982c93df049c32c4669744d2f49bc6-f5eb9b768c7a"></script>
      <script defer src="./pipeline/phase-03-retrieval/simulatte-intent-embedder-manifest-cache.js?v=28cc3dcf9b982c93df049c32c4669744d2f49bc6-f5eb9b768c7a"></script>
      <script defer src="./pipeline/phase-03-retrieval/simulatte-intent-embedder-rerank.js?v=28cc3dcf9b982c93df049c32c4669744d2f49bc6-f5eb9b768c7a"></script>
      <script defer src="./pipeline/phase-03-retrieval/simulatte-intent-embedder-vectors.js?v=28cc3dcf9b982c93df049c32c4669744d2f49bc6-f5eb9b768c7a"></script>
      <script defer src="./pipeline/phase-03-retrieval/simulatte-intent-embedder-facade-support.js?v=28cc3dcf9b982c93df049c32c4669744d2f49bc6-f5eb9b768c7a"></script>
      <script defer src="./pipeline/phase-03-retrieval/simulatte-intent-embedder.js?v=28cc3dcf9b982c93df049c32c4669744d2f49bc6-f5eb9b768c7a"></script>
      <script defer src="./pipeline/phase-03-retrieval/simulatte-conditional-reranking.js?v=28cc3dcf9b982c93df049c32c4669744d2f49bc6-f5eb9b768c7a"></script>
      <script defer src="./pipeline/phase-03-retrieval/simulatte-intent-classifier.js?v=28cc3dcf9b982c93df049c32c4669744d2f49bc6-f5eb9b768c7a"></script>
      <script defer src="../data/simulatte-language-lexicon.js?v=28cc3dcf9b982c93df049c32c4669744d2f49bc6-f5eb9b768c7a"></script>
      <script defer src="../simulatte/language/simulatte-language-structure.js?v=28cc3dcf9b982c93df049c32c4669744d2f49bc6-f5eb9b768c7a"></script>
      <script defer src="../simulatte/language/simulatte-universe-parser.js?v=28cc3dcf9b982c93df049c32c4669744d2f49bc6-f5eb9b768c7a"></script>
      <script defer src="./pipeline/phase-02-language/simulatte-universe-parser.js?v=28cc3dcf9b982c93df049c32c4669744d2f49bc6-f5eb9b768c7a"></script>
      <script defer src="./pipeline/phase-04-grounded-intent/simulatte-universe-grounder-graph.js?v=28cc3dcf9b982c93df049c32c4669744d2f49bc6-f5eb9b768c7a"></script>
      <script defer src="./pipeline/phase-04-grounded-intent/simulatte-universe-grounder-candidates.js?v=28cc3dcf9b982c93df049c32c4669744d2f49bc6-f5eb9b768c7a"></script>
      <script defer src="./pipeline/phase-04-grounded-intent/simulatte-universe-grounder.js?v=28cc3dcf9b982c93df049c32c4669744d2f49bc6-f5eb9b768c7a"></script>
      <script defer src="./pipeline/phase-05-simulation/simulatte-operator-stage.js?v=28cc3dcf9b982c93df049c32c4669744d2f49bc6-f5eb9b768c7a"></script>
      <script defer src="./pipeline/phase-05-simulation/simulatte-physics-ir-domains.js?v=28cc3dcf9b982c93df049c32c4669744d2f49bc6-f5eb9b768c7a"></script>
      <script defer src="./pipeline/phase-05-simulation/simulatte-physics-ir-behaviors.js?v=28cc3dcf9b982c93df049c32c4669744d2f49bc6-f5eb9b768c7a"></script>
      <script defer src="./pipeline/phase-05-simulation/simulatte-physics-ir-builder.js?v=28cc3dcf9b982c93df049c32c4669744d2f49bc6-f5eb9b768c7a"></script>
      <script defer src="./pipeline/phase-05-simulation/simulatte-physics-ir-validator.js?v=28cc3dcf9b982c93df049c32c4669744d2f49bc6-f5eb9b768c7a"></script>
      <script defer src="./pipeline/phase-04-grounded-intent/simulatte-intent-brief-schema.js?v=28cc3dcf9b982c93df049c32c4669744d2f49bc6-f5eb9b768c7a"></script>
      <script defer src="./pipeline/phase-04-grounded-intent/simulatte-structured-intent-rules.js?v=28cc3dcf9b982c93df049c32c4669744d2f49bc6-f5eb9b768c7a"></script>
      <script defer src="./pipeline/phase-04-grounded-intent/simulatte-causal-physics-graph.js?v=28cc3dcf9b982c93df049c32c4669744d2f49bc6-f5eb9b768c7a"></script>
      <script defer src="./pipeline/phase-04-grounded-intent/simulatte-assumption-ledger.js?v=28cc3dcf9b982c93df049c32c4669744d2f49bc6-f5eb9b768c7a"></script>
      <script defer src="./pipeline/phase-04-grounded-intent/simulatte-causal-visual-affordances.js?v=28cc3dcf9b982c93df049c32c4669744d2f49bc6-f5eb9b768c7a"></script>
      <script defer src="./pipeline/phase-02-language/simulatte-language-evidence.js?v=28cc3dcf9b982c93df049c32c4669744d2f49bc6-f5eb9b768c7a"></script>
      <script defer src="./pipeline/phase-03-retrieval/simulatte-activation-cloud.js?v=28cc3dcf9b982c93df049c32c4669744d2f49bc6-f5eb9b768c7a"></script>
      <script defer src="./pipeline/phase-04-grounded-intent/simulatte-grounded-interpretation.js?v=28cc3dcf9b982c93df049c32c4669744d2f49bc6-f5eb9b768c7a"></script>
      <script defer src="./pipeline/phase-04-grounded-intent/simulatte-intent-forensics.js?v=28cc3dcf9b982c93df049c32c4669744d2f49bc6-f5eb9b768c7a"></script>
      <script defer src="./pipeline/phase-05-simulation/solvers/simulatte-solver-values.js?v=28cc3dcf9b982c93df049c32c4669744d2f49bc6-f5eb9b768c7a"></script>
      <script defer src="./pipeline/phase-05-simulation/solvers/simulatte-solver-interaction-kinematics.js?v=28cc3dcf9b982c93df049c32c4669744d2f49bc6-f5eb9b768c7a"></script>
      <script defer src="./pipeline/phase-05-simulation/solvers/simulatte-solver-rigid-body-2d.js?v=28cc3dcf9b982c93df049c32c4669744d2f49bc6-f5eb9b768c7a"></script>
      <script defer src="./pipeline/phase-05-simulation/solvers/simulatte-solver-particles.js?v=28cc3dcf9b982c93df049c32c4669744d2f49bc6-f5eb9b768c7a"></script>
      <script defer src="./pipeline/phase-05-simulation/solvers/simulatte-solver-constraints.js?v=28cc3dcf9b982c93df049c32c4669744d2f49bc6-f5eb9b768c7a"></script>
      <script defer src="./pipeline/phase-05-simulation/solvers/simulatte-solver-thermal.js?v=28cc3dcf9b982c93df049c32c4669744d2f49bc6-f5eb9b768c7a"></script>
      <script defer src="./pipeline/phase-05-simulation/solvers/simulatte-solver-advection.js?v=28cc3dcf9b982c93df049c32c4669744d2f49bc6-f5eb9b768c7a"></script>
      <script defer src="./pipeline/phase-05-simulation/solvers/simulatte-solver-pressure-flow-lite.js?v=28cc3dcf9b982c93df049c32c4669744d2f49bc6-f5eb9b768c7a"></script>
      <script defer src="./pipeline/phase-05-simulation/solvers/simulatte-solver-wave-field.js?v=28cc3dcf9b982c93df049c32c4669744d2f49bc6-f5eb9b768c7a"></script>
      <script defer src="./pipeline/phase-05-simulation/solvers/simulatte-solver-reaction-diffusion.js?v=28cc3dcf9b982c93df049c32c4669744d2f49bc6-f5eb9b768c7a"></script>
      <script defer src="./pipeline/phase-05-simulation/solvers/simulatte-solver-fracture-threshold.js?v=28cc3dcf9b982c93df049c32c4669744d2f49bc6-f5eb9b768c7a"></script>
      <script defer src="./pipeline/phase-05-simulation/solvers/simulatte-solver-rotational-mechanics.js?v=28cc3dcf9b982c93df049c32c4669744d2f49bc6-f5eb9b768c7a"></script>
      <script defer src="./pipeline/phase-05-simulation/solvers/simulatte-solver-network-control.js?v=28cc3dcf9b982c93df049c32c4669744d2f49bc6-f5eb9b768c7a"></script>
      <script defer src="./pipeline/phase-05-simulation/solvers/simulatte-solver-growth-decay.js?v=28cc3dcf9b982c93df049c32c4669744d2f49bc6-f5eb9b768c7a"></script>
      <script defer src="./pipeline/phase-05-simulation/solvers/simulatte-solver-particle-deposition.js?v=28cc3dcf9b982c93df049c32c4669744d2f49bc6-f5eb9b768c7a"></script>
      <script defer src="./pipeline/phase-05-simulation/simulatte-solver-registry.js?v=28cc3dcf9b982c93df049c32c4669744d2f49bc6-f5eb9b768c7a"></script>
      <script defer src="./pipeline/phase-05-simulation/simulatte-solver-compiler.js?v=28cc3dcf9b982c93df049c32c4669744d2f49bc6-f5eb9b768c7a"></script>
      <script defer src="./pipeline/phase-05-simulation/simulatte-render-registry.js?v=28cc3dcf9b982c93df049c32c4669744d2f49bc6-f5eb9b768c7a"></script>
      <script defer src="./pipeline/phase-05-simulation/simulatte-render-ir.js?v=28cc3dcf9b982c93df049c32c4669744d2f49bc6-f5eb9b768c7a"></script>
      <script defer src="./pipeline/phase-05-simulation/simulatte-interaction-ir.js?v=28cc3dcf9b982c93df049c32c4669744d2f49bc6-f5eb9b768c7a"></script>
      <script defer src="./pipeline/phase-06-visual/simulatte-visual-operator-atlas.js?v=28cc3dcf9b982c93df049c32c4669744d2f49bc6-f5eb9b768c7a"></script>
      <script defer src="./pipeline/phase-06-visual/simulatte-visual-graphics-atoms.js?v=28cc3dcf9b982c93df049c32c4669744d2f49bc6-f5eb9b768c7a"></script>
      <script defer src="./pipeline/phase-06-visual/simulatte-visual-operator-compiler.js?v=28cc3dcf9b982c93df049c32c4669744d2f49bc6-f5eb9b768c7a"></script>
      <script defer src="./pipeline/phase-06-visual/simulatte-scene-packet-contract.js?v=28cc3dcf9b982c93df049c32c4669744d2f49bc6-f5eb9b768c7a"></script>
      <script defer src="./pipeline/phase-06-visual/simulatte-composition-graph-dependencies.js?v=28cc3dcf9b982c93df049c32c4669744d2f49bc6-f5eb9b768c7a"></script>
      <script defer src="./pipeline/phase-06-visual/simulatte-composition-graph-constants.js?v=28cc3dcf9b982c93df049c32c4669744d2f49bc6-f5eb9b768c7a"></script>
      <script defer src="./pipeline/phase-06-visual/simulatte-composition-graph-selection-layout.js?v=28cc3dcf9b982c93df049c32c4669744d2f49bc6-f5eb9b768c7a"></script>
      <script defer src="./pipeline/phase-06-visual/simulatte-composition-graph-render-ir-binding.js?v=28cc3dcf9b982c93df049c32c4669744d2f49bc6-f5eb9b768c7a"></script>
      <script defer src="./pipeline/phase-06-visual/simulatte-composition-graph-entity-lowering.js?v=28cc3dcf9b982c93df049c32c4669744d2f49bc6-f5eb9b768c7a"></script>
      <script defer src="./pipeline/phase-06-visual/simulatte-composition-graph-graphics-atom-lowering.js?v=28cc3dcf9b982c93df049c32c4669744d2f49bc6-f5eb9b768c7a"></script>
      <script defer src="./pipeline/phase-06-visual/simulatte-composition-graph-visual-ir.js?v=28cc3dcf9b982c93df049c32c4669744d2f49bc6-f5eb9b768c7a"></script>
      <script defer src="./pipeline/phase-06-visual/simulatte-scene-interaction.js?v=28cc3dcf9b982c93df049c32c4669744d2f49bc6-f5eb9b768c7a"></script>
      <script defer src="./pipeline/phase-06-visual/simulatte-composition-graph-materials.js?v=28cc3dcf9b982c93df049c32c4669744d2f49bc6-f5eb9b768c7a"></script>
      <script defer src="./pipeline/phase-06-visual/simulatte-construction-evidence.js?v=28cc3dcf9b982c93df049c32c4669744d2f49bc6-f5eb9b768c7a"></script>
      <script defer src="./pipeline/phase-06-visual/simulatte-construction-placement.js?v=28cc3dcf9b982c93df049c32c4669744d2f49bc6-f5eb9b768c7a"></script>
      <script defer src="./pipeline/phase-06-visual/simulatte-construction-parts.js?v=28cc3dcf9b982c93df049c32c4669744d2f49bc6-f5eb9b768c7a"></script>
      <script defer src="./pipeline/phase-06-visual/simulatte-construction-geometry.js?v=28cc3dcf9b982c93df049c32c4669744d2f49bc6-f5eb9b768c7a"></script>
      <script defer src="./pipeline/phase-06-visual/simulatte-prompt-visual-contracts.js?v=28cc3dcf9b982c93df049c32c4669744d2f49bc6-f5eb9b768c7a"></script>
      <script defer src="./pipeline/phase-06-visual/simulatte-object-geometry-grammars.js?v=28cc3dcf9b982c93df049c32c4669744d2f49bc6-f5eb9b768c7a"></script>
      <script defer src="./pipeline/phase-06-visual/simulatte-object-geometry-morphology.js?v=28cc3dcf9b982c93df049c32c4669744d2f49bc6-f5eb9b768c7a"></script>
      <script defer src="./pipeline/phase-06-visual/simulatte-scene-atmosphere.js?v=28cc3dcf9b982c93df049c32c4669744d2f49bc6-f5eb9b768c7a"></script>
      <script defer src="./pipeline/phase-06-visual/simulatte-scene-framing.js?v=28cc3dcf9b982c93df049c32c4669744d2f49bc6-f5eb9b768c7a"></script>
      <script defer src="./pipeline/phase-06-visual/simulatte-scene-animation.js?v=28cc3dcf9b982c93df049c32c4669744d2f49bc6-f5eb9b768c7a"></script>
      <script defer src="./pipeline/phase-06-visual/simulatte-composition-graph-scene-packet.js?v=28cc3dcf9b982c93df049c32c4669744d2f49bc6-f5eb9b768c7a"></script>
      <script defer src="./pipeline/phase-06-visual/simulatte-composition-graph-visual-genome.js?v=28cc3dcf9b982c93df049c32c4669744d2f49bc6-f5eb9b768c7a"></script>
      <script defer src="./pipeline/phase-06-visual/simulatte-composition-graph-programs.js?v=28cc3dcf9b982c93df049c32c4669744d2f49bc6-f5eb9b768c7a"></script>
      <script defer src="./pipeline/phase-06-visual/simulatte-composition-graph-dialects.js?v=28cc3dcf9b982c93df049c32c4669744d2f49bc6-f5eb9b768c7a"></script>
      <script defer src="./pipeline/phase-06-visual/simulatte-composition-graph-constraint-layout.js?v=28cc3dcf9b982c93df049c32c4669744d2f49bc6-f5eb9b768c7a"></script>
      <script defer src="./pipeline/phase-06-visual/simulatte-composition-graph-helpers.js?v=28cc3dcf9b982c93df049c32c4669744d2f49bc6-f5eb9b768c7a"></script>
      <script defer src="./pipeline/phase-06-visual/simulatte-composition-graph-facade-support.js?v=28cc3dcf9b982c93df049c32c4669744d2f49bc6-f5eb9b768c7a"></script>
      <script defer src="./pipeline/phase-06-visual/simulatte-composition-graph.js?v=28cc3dcf9b982c93df049c32c4669744d2f49bc6-f5eb9b768c7a"></script>
      <script defer src="./app/loading/loading-canvas-support.js?v=28cc3dcf9b982c93df049c32c4669744d2f49bc6-f5eb9b768c7a"></script>
      <script defer src="./app/loading/loading-canvas.js?v=28cc3dcf9b982c93df049c32c4669744d2f49bc6-f5eb9b768c7a"></script>
      <script defer src="./app/runtime/runtime-progress-support.js?v=28cc3dcf9b982c93df049c32c4669744d2f49bc6-f5eb9b768c7a"></script>
      <script defer src="./app/runtime/runtime-progress-state.js?v=28cc3dcf9b982c93df049c32c4669744d2f49bc6-f5eb9b768c7a"></script>
      <script defer src="./app/runtime/runtime-progress.js?v=28cc3dcf9b982c93df049c32c4669744d2f49bc6-f5eb9b768c7a"></script>
      <script defer src="./app/runtime/run-view-model.js?v=28cc3dcf9b982c93df049c32c4669744d2f49bc6-f5eb9b768c7a"></script>
      <script defer src="./app/runtime/world-interaction-runtime.js?v=28cc3dcf9b982c93df049c32c4669744d2f49bc6-f5eb9b768c7a"></script>
      <script defer src="./pipeline/phase-07-render/simulatte-render-execution-input.js?v=28cc3dcf9b982c93df049c32c4669744d2f49bc6-f5eb9b768c7a"></script>
      <script defer src="./pipeline/phase-07-render/simulatte-object-realization.js?v=28cc3dcf9b982c93df049c32c4669744d2f49bc6-f5eb9b768c7a"></script>
      <script defer src="./pipeline/phase-07-render/simulatte-render-evidence-binding.js?v=28cc3dcf9b982c93df049c32c4669744d2f49bc6-f5eb9b768c7a"></script>
      <script defer src="./pipeline/phase-07-render/simulatte-render-proof-relations.js?v=28cc3dcf9b982c93df049c32c4669744d2f49bc6-f5eb9b768c7a"></script>
      <script defer src="./pipeline/phase-07-render/simulatte-render-proof.js?v=28cc3dcf9b982c93df049c32c4669744d2f49bc6-f5eb9b768c7a"></script>
      <script defer src="./pipeline/phase-07-render/simulatte-webgpu-renderer-dependencies.js?v=28cc3dcf9b982c93df049c32c4669744d2f49bc6-f5eb9b768c7a"></script>
      <script defer src="./pipeline/phase-07-render/simulatte-webgpu-renderer-constants.js?v=28cc3dcf9b982c93df049c32c4669744d2f49bc6-f5eb9b768c7a"></script>
      <script defer src="./pipeline/phase-07-render/simulatte-webgpu-renderer-pixel-plan.js?v=28cc3dcf9b982c93df049c32c4669744d2f49bc6-f5eb9b768c7a"></script>
      <script defer src="./pipeline/phase-07-render/simulatte-webgpu-renderer-scene-proof-observer.js?v=28cc3dcf9b982c93df049c32c4669744d2f49bc6-f5eb9b768c7a"></script>
      <script defer src="./pipeline/phase-07-render/simulatte-webgpu-renderer-proof-datasets.js?v=28cc3dcf9b982c93df049c32c4669744d2f49bc6-f5eb9b768c7a"></script>
      <script defer src="./pipeline/phase-07-render/simulatte-webgpu-renderer-lifecycle.js?v=28cc3dcf9b982c93df049c32c4669744d2f49bc6-f5eb9b768c7a"></script>
      <script defer src="./pipeline/phase-07-render/simulatte-webgpu-renderer-frame-evidence.js?v=28cc3dcf9b982c93df049c32c4669744d2f49bc6-f5eb9b768c7a"></script>
      <script defer src="./pipeline/phase-07-render/simulatte-webgpu-renderer-phase.js?v=28cc3dcf9b982c93df049c32c4669744d2f49bc6-f5eb9b768c7a"></script>
      <script defer src="./pipeline/phase-07-render/simulatte-webgpu-renderer-renderer-class.js?v=28cc3dcf9b982c93df049c32c4669744d2f49bc6-f5eb9b768c7a"></script>
      <script defer src="./pipeline/phase-07-render/simulatte-webgpu-renderer-part-segmentation.js?v=28cc3dcf9b982c93df049c32c4669744d2f49bc6-f5eb9b768c7a"></script>
      <script defer src="./pipeline/phase-07-render/simulatte-webgpu-renderer-morphology.js?v=28cc3dcf9b982c93df049c32c4669744d2f49bc6-f5eb9b768c7a"></script>
      <script defer src="./pipeline/phase-07-render/simulatte-webgpu-renderer-interaction.js?v=28cc3dcf9b982c93df049c32c4669744d2f49bc6-f5eb9b768c7a"></script>
      <script defer src="./pipeline/phase-07-render/simulatte-webgpu-renderer-packets.js?v=28cc3dcf9b982c93df049c32c4669744d2f49bc6-f5eb9b768c7a"></script>
      <script defer src="./pipeline/phase-07-render/simulatte-webgpu-renderer-pixel-proof.js?v=28cc3dcf9b982c93df049c32c4669744d2f49bc6-f5eb9b768c7a"></script>
      <script defer src="./pipeline/phase-07-render/simulatte-webgpu-renderer-gpu-data.js?v=28cc3dcf9b982c93df049c32c4669744d2f49bc6-f5eb9b768c7a"></script>
      <script defer src="./pipeline/phase-07-render/simulatte-webgpu-renderer-background-shader.js?v=28cc3dcf9b982c93df049c32c4669744d2f49bc6-f5eb9b768c7a"></script>
      <script defer src="./pipeline/phase-07-render/simulatte-webgpu-renderer-object-shader.js?v=28cc3dcf9b982c93df049c32c4669744d2f49bc6-f5eb9b768c7a"></script>
      <script defer src="./pipeline/phase-07-render/simulatte-webgpu-renderer.js?v=28cc3dcf9b982c93df049c32c4669744d2f49bc6-f5eb9b768c7a"></script>
      <script defer src="./pipeline/phase-08-scene-proof/simulatte-scene-proof.js?v=28cc3dcf9b982c93df049c32c4669744d2f49bc6-f5eb9b768c7a"></script>
      <script defer src="./pipeline/phase-05-simulation/simulatte-physics-model-dependencies.js?v=28cc3dcf9b982c93df049c32c4669744d2f49bc6-f5eb9b768c7a"></script>
      <script defer src="./pipeline/phase-05-simulation/simulatte-physics-model-contracts.js?v=28cc3dcf9b982c93df049c32c4669744d2f49bc6-f5eb9b768c7a"></script>
      <script defer src="./pipeline/phase-05-simulation/simulatte-physics-model-phase-runtime-language.js?v=28cc3dcf9b982c93df049c32c4669744d2f49bc6-f5eb9b768c7a"></script>
      <script defer src="./pipeline/phase-05-simulation/simulatte-physics-model-phase-retrieval-boundary.js?v=28cc3dcf9b982c93df049c32c4669744d2f49bc6-f5eb9b768c7a"></script>
      <script defer src="./pipeline/phase-05-simulation/simulatte-physics-model-phase-retrieval.js?v=28cc3dcf9b982c93df049c32c4669744d2f49bc6-f5eb9b768c7a"></script>
      <script defer src="./pipeline/phase-05-simulation/simulatte-physics-model-activation-verdicts.js?v=28cc3dcf9b982c93df049c32c4669744d2f49bc6-f5eb9b768c7a"></script>
      <script defer src="./pipeline/phase-05-simulation/simulatte-physics-model-activation-fusion.js?v=28cc3dcf9b982c93df049c32c4669744d2f49bc6-f5eb9b768c7a"></script>
      <script defer src="./pipeline/phase-05-simulation/simulatte-physics-model-phase3-ledger.js?v=28cc3dcf9b982c93df049c32c4669744d2f49bc6-f5eb9b768c7a"></script>
      <script defer src="./pipeline/phase-04-grounded-intent/simulatte-semantic-provenance.js?v=28cc3dcf9b982c93df049c32c4669744d2f49bc6-f5eb9b768c7a"></script>
      <script defer src="./pipeline/phase-05-simulation/simulatte-physics-model-phase-grounding.js?v=28cc3dcf9b982c93df049c32c4669744d2f49bc6-f5eb9b768c7a"></script>
      <script defer src="./pipeline/phase-04-grounded-intent/simulatte-world-spec-input.js?v=28cc3dcf9b982c93df049c32c4669744d2f49bc6-f5eb9b768c7a"></script>
      <script defer src="./pipeline/phase-04-grounded-intent/simulatte-user-override-grounding.js?v=28cc3dcf9b982c93df049c32c4669744d2f49bc6-f5eb9b768c7a"></script>
      <script defer src="./pipeline/phase-04-grounded-intent/simulatte-intent-proof.js?v=28cc3dcf9b982c93df049c32c4669744d2f49bc6-f5eb9b768c7a"></script>
      <script defer src="./pipeline/phase-04-grounded-intent/simulatte-semantic-proof.js?v=28cc3dcf9b982c93df049c32c4669744d2f49bc6-f5eb9b768c7a"></script>
      <script defer src="./pipeline/phase-05-simulation/simulatte-physics-model-phase-visual-execution.js?v=28cc3dcf9b982c93df049c32c4669744d2f49bc6-f5eb9b768c7a"></script>
      <script defer src="./pipeline/phase-05-simulation/simulatte-physics-model-phase-simulation.js?v=28cc3dcf9b982c93df049c32c4669744d2f49bc6-f5eb9b768c7a"></script>
      <script defer src="./pipeline/phase-05-simulation/simulatte-world-spec-runtime.js?v=28cc3dcf9b982c93df049c32c4669744d2f49bc6-f5eb9b768c7a"></script>
      <script defer src="./pipeline/phase-03-retrieval/simulatte-candidate-composition.js?v=28cc3dcf9b982c93df049c32c4669744d2f49bc6-f5eb9b768c7a"></script>
      <script defer src="./pipeline/phase-05-simulation/simulatte-physics-model-phase-visual-render.js?v=28cc3dcf9b982c93df049c32c4669744d2f49bc6-f5eb9b768c7a"></script>
      <script defer src="./pipeline/phase-05-simulation/simulatte-physics-model-state-solvers.js?v=28cc3dcf9b982c93df049c32c4669744d2f49bc6-f5eb9b768c7a"></script>
      <script defer src="./pipeline/phase-05-simulation/simulatte-simulation-reproducibility.js?v=28cc3dcf9b982c93df049c32c4669744d2f49bc6-f5eb9b768c7a"></script>
      <script defer src="./pipeline/phase-05-simulation/simulatte-safety-proof.js?v=28cc3dcf9b982c93df049c32c4669744d2f49bc6-f5eb9b768c7a"></script>
      <script defer src="./pipeline/phase-05-simulation/simulatte-physics-model-spec-api.js?v=28cc3dcf9b982c93df049c32c4669744d2f49bc6-f5eb9b768c7a"></script>
      <script defer src="./pipeline/phase-05-simulation/simulatte-physics-model-metrics.js?v=28cc3dcf9b982c93df049c32c4669744d2f49bc6-f5eb9b768c7a"></script>
      <script defer src="./pipeline/phase-05-simulation/simulatte-physics-model-compatibility.js?v=28cc3dcf9b982c93df049c32c4669744d2f49bc6-f5eb9b768c7a"></script>
      <script defer src="./pipeline/phase-05-simulation/simulatte-physics-model.js?v=28cc3dcf9b982c93df049c32c4669744d2f49bc6-f5eb9b768c7a"></script>
      <script defer src="../shared/contracts/world-spec-reconciliation.js?v=28cc3dcf9b982c93df049c32c4669744d2f49bc6-f5eb9b768c7a"></script>
      <script defer src="../shared/contracts/world-improvement-record.js?v=28cc3dcf9b982c93df049c32c4669744d2f49bc6-f5eb9b768c7a"></script>
      <script defer src="./app/prompt/prompt-controller-dependencies.js?v=28cc3dcf9b982c93df049c32c4669744d2f49bc6-f5eb9b768c7a"></script>
      <script defer src="./app/prompt/prompt-controller-construction-search.js?v=28cc3dcf9b982c93df049c32c4669744d2f49bc6-f5eb9b768c7a"></script>
      <script defer src="./app/prompt/prompt-controller-runtime.js?v=28cc3dcf9b982c93df049c32c4669744d2f49bc6-f5eb9b768c7a"></script>
      <script defer src="./app/prompt/prompt-controller-phase-dispatch.js?v=28cc3dcf9b982c93df049c32c4669744d2f49bc6-f5eb9b768c7a"></script>
      <script defer src="./app/prompt/prompt-controller-workers.js?v=28cc3dcf9b982c93df049c32c4669744d2f49bc6-f5eb9b768c7a"></script>
      <script defer src="./app/prompt/prompt-controller-training.js?v=28cc3dcf9b982c93df049c32c4669744d2f49bc6-f5eb9b768c7a"></script>
      <script defer src="./app/prompt/prompt-model-selection.js?v=28cc3dcf9b982c93df049c32c4669744d2f49bc6-f5eb9b768c7a"></script>
      <script defer src="./app/prompt/world-spec-editor.js?v=28cc3dcf9b982c93df049c32c4669744d2f49bc6-f5eb9b768c7a"></script>
      <script defer src="./app/prompt/world-spec-reconciliation-controller.js?v=28cc3dcf9b982c93df049c32c4669744d2f49bc6-f5eb9b768c7a"></script>
      <script defer src="./app/prompt/prompt-controller-compiler-proof.js?v=28cc3dcf9b982c93df049c32c4669744d2f49bc6-f5eb9b768c7a"></script>
      <script defer src="./app/prompt/world-improvement-session.js?v=28cc3dcf9b982c93df049c32c4669744d2f49bc6-f5eb9b768c7a"></script>
      <script defer src="./app/prompt/prompt-proof-session.js?v=28cc3dcf9b982c93df049c32c4669744d2f49bc6-f5eb9b768c7a"></script>
      <script defer src="./app/prompt/prompt-controller-lab-controller.js?v=28cc3dcf9b982c93df049c32c4669744d2f49bc6-f5eb9b768c7a"></script>
      <script defer src="./app/prompt/prompt-controller.js?v=28cc3dcf9b982c93df049c32c4669744d2f49bc6-f5eb9b768c7a"></script>
      <script defer src="./app/simulation/simulation-lab.js?v=28cc3dcf9b982c93df049c32c4669744d2f49bc6-f5eb9b768c7a"></script>
      <script defer src="./app/prompt/prompt-review-bridge-store.js?v=28cc3dcf9b982c93df049c32c4669744d2f49bc6-f5eb9b768c7a"></script>
      <script defer src="./app/prompt/prompt-review-bridge.js?v=28cc3dcf9b982c93df049c32c4669744d2f49bc6-f5eb9b768c7a"></script>
      <script defer src="./app/create-experience.js?v=28cc3dcf9b982c93df049c32c4669744d2f49bc6-f5eb9b768c7a"></script>
      <script defer src="./app/main.js?v=28cc3dcf9b982c93df049c32c4669744d2f49bc6-f5eb9b768c7a"></script>
      <script defer src="./app/version-guard.js?v=28cc3dcf9b982c93df049c32c4669744d2f49bc6-f5eb9b768c7a"></script>
      <!-- SIMULATTE_RUNTIME_SCRIPTS_END -->
    
    </body>
    </html>
    
    @import '../shared/design/themes/create.css';
    /* Create owns page layout; the compiler owns results and validation. */
    html, body { margin: 0; width: 100%; height: 100%; }
    body.create-app { overflow: hidden; }
    .create-header {
      position: sticky; top: 0; z-index: 30;
      height: 72px; display: flex; align-items: center; justify-content: space-between;
      padding: 0 84px 0 28px; gap: 16px; border-bottom: 1px solid var(--sim-line);
      background: var(--sim-glass);
    }
    .create-header .sim-product-nav { flex: 1; gap: 16px; }
    .create-header .create-brand { font: 600 25px var(--sim-heading); color: var(--sim-ink); padding: 0; letter-spacing: -1px; }
    .create-product { padding-left: 16px; border-left: 1px solid var(--sim-line); font-size: 14px; }
    .create-header .create-back { margin-left: auto; font-weight: 400; }
    .create-app > .sim-theme-control { top: 14px; right: 20px; }
    .physics-stage { display: grid; grid-template-columns: 360px minmax(0, 1fr); height: calc(100dvh - 72px); }
    .physics-stage[data-editor-hidden="true"] { grid-template-columns: minmax(0, 1fr); }
    .physics-panel { min-width: 0; overflow: auto; padding: 32px 26px 24px; border-right: 1px solid var(--sim-line); background: var(--sim-glass); }
    .prompt-dock-head { margin-bottom: 32px; }
    .create-eyebrow { font: 10px var(--sim-mono); letter-spacing: .11em; color: var(--sim-ink-faint); }
    .prompt-dock-head h1 { margin: 14px 0 12px; font: 600 34px/1.05 var(--sim-heading); letter-spacing: -.8px; }
    .prompt-dock-head > p:last-child { margin: 0; color: var(--sim-ink-soft); font-size: 14px; line-height: 1.6; max-width: 30ch; }
    .prompt-dock-core, .builder-row { display: grid; gap: 12px; min-width: 0; }
    .create-prompt-label { font-weight: 600; font-size: 13px; }
    #build-prompt { min-height: 132px; max-height: 260px; resize: vertical; font-size: 16px; line-height: 1.55; padding: 14px; background: var(--sim-paper); }
    .create-help { margin: -4px 0 0; color: var(--sim-ink-faint); font-size: 12px; line-height: 1.5; }
    .create-examples { display: flex; flex-wrap: wrap; gap: 6px; margin: 4px 0 8px; }
    .create-examples > span { flex-basis: 100%; font-size: 11px; color: var(--sim-ink-faint); margin-bottom: 2px; }
    .create-examples button { min-height: 44px; padding: 6px 9px; font-size: 12px; border: 1px solid var(--sim-line); background: transparent; color: var(--sim-ink); border-radius: var(--sim-radius-small); cursor: pointer; }
    .create-examples button:hover { border-color: var(--sim-ink); background: var(--sim-paper); }
    .prompt-actions { display: flex; flex-direction: column; gap: 8px; }
    #build-lab { min-height: 48px; background: var(--sim-ink); border-color: var(--sim-ink); color: var(--sim-paper); font-size: 14px; }
    #build-lab:hover:not(:disabled) { background: var(--sim-ink-soft); }
    #build-lab:disabled { opacity: .4; }
    #shuffle-prompt { border-color: transparent; background: transparent; font-weight: 400; font-size: 12px; }
    .prompt-action-icon { font-size: 18px; }
    .create-run-status { display: flex; align-items: baseline; gap: 10px; padding: 16px 0 4px; border-top: 1px solid var(--sim-line); }
    .create-status-dot { flex-shrink: 0; width: 6px; height: 6px; border-radius: 50%; background: var(--sim-ink-faint); }
    .create-run-status strong { font-size: 13px; font-weight: 600; }
    .create-run-status p { margin: 5px 0 0; color: var(--sim-ink-soft); font-size: 12px; line-height: 1.5; overflow-wrap: anywhere; }
    [data-create-state="error"] .create-run-status { color: var(--sim-red); }
    [data-create-state="warning"] .create-run-status { color: var(--sim-warning); }
    [data-create-state="running"] .create-status-dot { background: var(--sim-accent); animation: create-pulse 1.5s ease-in-out infinite; }
    .create-local-note { margin: 0 0 8px 16px; font-size: 11px; color: var(--sim-ink-faint); }
    .create-tools { border-top: 1px solid var(--sim-line); margin-top: 8px; }
    .create-tools > summary { min-height: 48px; padding: 16px 0; font-size: 12px; cursor: pointer; color: var(--sim-ink-soft); }
    .create-inspectors { display: grid; gap: 8px; }
    .create-inspectors > details > summary { min-height: 44px; width: 100%; justify-content: flex-start; text-align: left; box-shadow: none; font-weight: 500; }
    .create-tools .model-selection-panel { display: block; margin-bottom: 8px; padding: 0; border-radius: var(--sim-radius); }
    .create-tools .model-selection-panel > summary { padding: 12px; min-height: 44px; font-weight: 500; }
    .create-tools .model-selection-controls { position: static; min-width: 0; width: 100%; border: 0; box-shadow: none; }
    .create-tools .model-selection-row { grid-template-columns: 1fr; gap: 4px; }
    .create-preview { display: grid; grid-template-rows: 60px minmax(0, 1fr) 36px; min-width: 0; min-height: 0; padding: 0 24px 12px; }
    .create-preview-bar { display: flex; align-items: center; justify-content: space-between; gap: 12px; font-size: 12px; color: var(--sim-ink-soft); }
    .create-preview-actions { display: flex; gap: 6px; }
    .create-preview-actions .sim-action { background: transparent; font-size: 12px; }
    .physics-canvas-wrap { position: relative; width: 100%; height: 100%; min-height: 0; container-type: size; border: 1px solid var(--sim-line); background-image: linear-gradient(var(--sim-lattice) 1px, transparent 1px), linear-gradient(90deg, var(--sim-lattice) 1px, transparent 1px); background-size: 40px 40px; }
    #physics-canvas, #loading-canvas { position: absolute; inset: 0; margin: auto; display: block; width: min(100cqw, 100cqh); height: min(100cqw, 100cqh); }
    #physics-canvas[data-scene-visible="false"] { opacity: 0; visibility: hidden; }
    #physics-canvas[data-interaction-selected-target]:not([data-interaction-selected-target=""]) { cursor: grab; }
    #physics-canvas[data-interaction-grabbed-target]:not([data-interaction-grabbed-target=""]) { cursor: grabbing; }
    #loading-canvas { z-index: 8; pointer-events: none; opacity: 0; }
    #loading-canvas.is-active { opacity: 1; }
    .create-empty { position: absolute; inset: 0; display: flex; align-items: center; justify-content: center; flex-direction: column; text-align: center; padding: 24px; }
    .create-empty-mark { color: var(--sim-line-strong); font: 300 48px var(--sim-mono); margin-bottom: 12px; }
    .create-empty h2 { margin: 0; font: 600 28px/1.2 var(--sim-heading); letter-spacing: -.5px; }
    .create-empty p { color: var(--sim-ink-soft); font-size: 13px; max-width: 32ch; line-height: 1.6; }
    .create-interaction-hint { margin: 10px 0 0; font-size: 11px; color: var(--sim-ink-faint); text-align: center; }
    .intent-runtime { margin-top: 12px; font-size: 12px; }
    .intent-runtime-head { display: flex; justify-content: space-between; gap: 10px; }
    .intent-runtime-track { height: 3px; background: var(--sim-line); margin: 6px 0; }
    .intent-runtime-fill { display: block; height: 100%; width: 0; background: var(--sim-ink); }
    .intent-runtime-meta, .intent-runtime-detail { color: var(--sim-ink-soft); font-size: 11px; overflow-wrap: anywhere; }
    @keyframes create-pulse { 50% { opacity: .3; } }
    .world-spec-editor-controls,
    .prompt-more-content {
      display: grid;
      gap: 8px;
      padding-top: 12px;
    }
    .prompt-more-actions,
    .prompt-corner-controls {
      display: flex;
      flex-wrap: wrap;
      gap: 6px;
    }
    .prompt-more-section-title {
      color: var(--sim-ink-faint);
      font-size: 12px;
    }
    .prompt-more-runtime,
    .world-model-head {
      display: flex;
      justify-content: space-between;
      gap: 12px;
    }
    .world-model-panel {
      display: grid;
      gap: 8px;
      padding-top: 12px;
    }
    .world-model-summary,
    .world-model-status,
    .physics-status,
    .physics-fps {
      color: var(--sim-ink-soft);
      font-size: 11px;
      overflow-wrap: anywhere;
    }
    .world-model-chips {
      display: grid;
      grid-template-columns: repeat(3, minmax(0, 1fr));
      gap: 6px;
    }
    .world-model-chip {
      min-width: 0;
    }
    .world-model-chip span,
    .world-model-chip strong {
      display: block;
      overflow: hidden;
      text-overflow: ellipsis;
      white-space: nowrap;
    }
    .world-model-chip span {
      color: var(--sim-ink-faint);
      font-size: 11px;
    }
    .phase-rail-shell {
      padding-top: 12px;
    }
    .phase-rail {
      display: grid;
      grid-template-columns: repeat(4, minmax(0, 1fr));
      gap: 6px;
    }
    .phase-rail-step {
      min-width: 0;
      min-height: 44px;
      padding: 6px;
      border: 1px solid var(--sim-line);
      border-radius: var(--sim-radius);
      background: var(--sim-glass-soft);
      color: var(--sim-ink-soft);
      font-size: 11px;
      cursor: pointer;
    }
    .phase-rail-step[data-status="running"] {
      border-color: var(--sim-accent);
    }
    .phase-rail-step[data-status="passed"] {
      color: var(--sim-accent);
    }
    .phase-rail-step[data-status="failed"] {
      color: var(--sim-red);
    }
    .phase-rail-step:is([data-status="not-proven"], [data-status="unsupported"]) {
      color: var(--sim-warning);
      border-style: dashed;
    }
    .phase-details {
      color: var(--sim-ink-soft);
      font-size: 11px;
      overflow-wrap: anywhere;
    }
    .world-spec-reconciliation-detail ol {
      display: grid;
      gap: 8px;
      max-height: 180px;
      overflow: auto;
      padding-left: 24px;
    }
    .world-spec-reconciliation-detail code,
    .world-spec-reconciliation-detail span {
      display: block;
      overflow-wrap: anywhere;
    }
    .world-spec-reconciliation-conflicts[data-state="error"] {
      color: var(--sim-red);
    }
    .world-spec-reconciliation-conflicts[data-state="conflict"] {
      color: var(--sim-warning);
    }
    .simulatte-review-bridge {
      position: fixed;
      z-index: 55;
      top: 12px;
      right: 12px;
      width: min(440px, calc(100vw - 24px));
      max-height: calc(100dvh - 24px);
      display: grid;
      gap: 10px;
      overflow: auto;
      padding: 12px;
      border: 1px solid var(--sim-line);
      border-radius: var(--sim-radius-large);
      background: var(--sim-glass);
      color: var(--sim-ink);
      box-shadow: var(--sim-shadow);
    }
    .training-layer-head,
    .training-head-actions,
    .training-utility-row {
      display: flex;
      align-items: center;
      gap: 6px;
    }
    .training-layer-head {
      justify-content: space-between;
    }
    .training-title-block,
    .training-layer-body {
      display: grid;
      gap: 8px;
    }
    .simulatte-review-bridge.is-collapsed {
      width: min(280px, calc(100vw - 24px));
    }
    .simulatte-review-bridge.is-collapsed .training-layer-body {
      display: none;
    }
    .training-prompt-readout {
      display: grid;
      gap: 4px;
      border-bottom: 1px solid var(--sim-line);
      padding-bottom: 8px;
    }
    .training-prompt-readout output,
    .training-artifact-summary {
      max-height: 60px;
      overflow: auto;
    }
    .training-field-label,
    .training-note-label,
    .training-phase-name,
    .training-phase-state,
    .training-utility-row span {
      color: var(--sim-ink-soft);
      font-size: 11px;
    }
    .training-artifact-json {
      max-height: 150px;
      overflow: auto;
      color: var(--sim-ink-soft);
      font: 11px/1.5 var(--sim-mono);
      white-space: pre-wrap;
      overflow-wrap: anywhere;
    }
    .training-utility-row {
      flex-wrap: wrap;
    }
    .training-primary-actions,
    .training-phase-grid {
      display: grid;
      grid-template-columns: repeat(2, minmax(0, 1fr));
      gap: 6px;
    }
    .simulatte-review-bridge button {
      min-height: 44px;
      padding: 8px;
      border: 1px solid var(--sim-line);
      border-radius: var(--sim-radius);
      color: var(--sim-ink);
      background: var(--sim-glass-soft);
      cursor: pointer;
    }
    .training-phase-grid button {
      display: grid;
      gap: 2px;
      text-align: left;
    }
    .training-phase-grid button.is-active {
      border-color: var(--sim-accent);
    }
    .training-phase-grid button[data-phase-state="missing"] {
      color: var(--sim-warning);
    }
    .simulatte-review-bridge textarea {
      width: 100%;
      min-height: 66px;
      max-height: 140px;
      resize: vertical;
      padding: 8px;
      border: 1px solid var(--sim-line);
      border-radius: var(--sim-radius);
      background: var(--sim-paper);
      color: var(--sim-ink);
    }
    @media (max-width: 1050px) and (min-width: 761px) {
      .physics-stage { grid-template-columns: 320px minmax(0, 1fr); }
      .physics-panel { padding: 24px 20px; }
      .create-header .create-back { display: none; }
    }
    @media (max-width: 760px) {
      body.create-app { overflow: auto; }
      .create-header { height: 64px; padding: 0 68px 0 16px; gap: 8px; }
      .create-header .sim-product-nav { gap: 10px; }
      .create-header .create-brand { font-size: 23px; }
      .create-product { padding-left: 10px; font-size: 12px; }
      .create-header .create-back { display: none; }
      .create-header > button { font-size: 11px; padding: 6px 9px; }
      .create-app > .sim-theme-control { top: 10px; right: 12px; }
      .physics-stage { display: flex; flex-direction: column; height: auto; min-height: calc(100dvh - 64px); }
      .physics-panel { padding: 24px 20px; border-right: 0; border-bottom: 1px solid var(--sim-line); overflow: visible; }
      .prompt-dock-head { margin-bottom: 24px; }
      .prompt-dock-head h1 { font-size: 32px; margin: 8px 0; }
      .prompt-dock-head > p:last-child { max-width: 36ch; font-size: 13px; }
      .create-eyebrow { margin: 0; }
      #build-prompt { min-height: 110px; }
      .prompt-actions { flex-direction: row; }
      #build-lab { flex: 1; }
      .create-local-note { margin-bottom: 0; }
      .create-preview { height: calc(100dvh - 64px); min-height: 360px; padding: 0 12px 12px; scroll-margin-top: 64px; }
      .create-preview-actions { gap: 4px; }
      .create-preview-actions .sim-action { padding: 6px 10px; }
      .create-empty h2 { font-size: 24px; }
      .physics-stage[data-create-state="empty"] .create-preview { height: 360px; }
      .physics-stage[data-editor-hidden="true"] .create-preview { height: calc(100dvh - 64px); }
      .simulatte-review-bridge { top: 8px; right: 8px; max-height: 65dvh; }
    }
    @media (prefers-reduced-motion: reduce) { .create-app * { animation: none !important; scroll-behavior: auto !important; } }
    
  operator: 'match'
  stack: |-
    TestContext.<anonymous> (/home/clocksmith/deco/simulatte/tests/js-shape-suite.cjs:884:10)
    Test.runInAsyncScope (node:async_hooks:214:14)
    Test.run (node:internal/test_runner/test:1047:25)
    Test.processPendingSubtests (node:internal/test_runner/test:744:18)
    Test.postRun (node:internal/test_runner/test:1173:19)
    Test.run (node:internal/test_runner/test:1101:12)
    async Test.processPendingSubtests (node:internal/test_runner/test:744:7)
  ...
# Subtest: Doppler residual intent cannot select a model outside the numbered runtime lock
ok 12 - Doppler residual intent cannot select a model outside the numbered runtime lock
  ---
  duration_ms: 0.585328
  type: 'test'
  ...
# Subtest: vendored Doppler shader cache resolves kernels beside the loaded module
ok 13 - vendored Doppler shader cache resolves kernels beside the loaded module
  ---
  duration_ms: 0.196435
  type: 'test'
  ...
# Subtest: Firebase hosting revalidates app lab and app JavaScript
not ok 14 - Firebase hosting revalidates app lab and app JavaScript
  ---
  duration_ms: 1.368799
  type: 'test'
  location: '/home/clocksmith/deco/simulatte/tests/js-shape-suite.cjs:26:10'
  failureType: 'testCodeFailure'
  error: |-
    The input did not match the regular expression /git', \['archive'/. Input:
    
    '#!/usr/bin/env node\n' +
      "import { execFileSync } from 'node:child_process';\n" +
      "import crypto from 'node:crypto';\n" +
      "import fs from 'node:fs';\n" +
      "import os from 'node:os';\n" +
      "import path from 'node:path';\n" +
      "import { fileURLToPath } from 'node:url';\n" +
      "import { restorePinnedCompression } from './pinned-package-compression.mjs';\n" +
      'import {\n' +
      '  MODEL_RUNTIME_LOCK_PATH,\n' +
      '  readModelRuntimeLock,\n' +
      "} from './model-runtime-lock-utils.mjs';\n" +
      '\n' +
      "const ROOT = path.resolve(path.dirname(fileURLToPath(import.meta.url)), '..');\n" +
      "const VENDOR_ROOT = path.join(ROOT, 'public', 'vendor', 'doppler');\n" +
      'const LIST_LIMIT = 20;\n' +
      "const WRITE = process.argv.includes('--write');\n" +
      "const RESTORE = process.argv.includes('--restore');\n" +
      '\n' +
      'function run(command, args, options = {}) {\n' +
      '  try {\n' +
      '    return execFileSync(command, args, {\n' +
      '      cwd: options.cwd || ROOT,\n' +
      "      encoding: 'utf8',\n" +
      "      stdio: ['ignore', 'pipe', 'pipe'],\n" +
      '    });\n' +
      '  } catch (error) {\n' +
      "    const stderr = error && error.stderr ? String(error.stderr).trim() : '';\n" +
      '    const detail = stderr || (error && error.message ? error.message : String(error));\n' +
      "    throw new Error(`${command} ${args.join(' ')} failed: ${detail}`);\n" +
      '  }\n' +
      '}\n' +
      '\n' +
      'function fail(message, details = []) {\n' +
      '  const lines = [`Doppler development source invalid: ${message}`];\n' +
      "  if (details.length) lines.push('', ...details);\n" +
      "  throw new Error(lines.join('\\n'));\n" +
      '}\n' +
      '\n' +
      'function listFiles(root) {\n' +
      '  const files = [];\n' +
      '  const walk = (relativeDir) => {\n' +
      '    const absoluteDir = path.join(root, relativeDir);\n' +
      '    const entries = fs.readdirSync(absoluteDir, { withFileTypes: true })\n' +
      '      .sort((left, right) => left.name.localeCompare(right.name));\n' +
      '    for (const entry of entries) {\n' +
      '      const relativePath = path.join(relativeDir, entry.name);\n' +
      "      const normalized = relativePath.split(path.sep).join('/');\n" +
      '      if (entry.isDirectory()) {\n' +
      '        walk(relativePath);\n' +
      '      } else if (entry.isFile()) {\n' +
      '        files.push(normalized);\n' +
      '      } else {\n' +
      '        fail(`unsupported package entry ${normalized}; expected a regular file`);\n' +
      '      }\n' +
      '    }\n' +
      '  };\n' +
      "  walk('.');\n" +
      '  return files;\n' +
      '}\n' +
      '\n' +
      'function hashFile(filePath) {\n' +
      "  return crypto.createHash('sha256').update(fs.readFileSync(filePath)).digest('hex');\n" +
      '}\n' +
      '\n' +
      'function sample(label, rows) {\n' +
      '  const visible = rows.slice(0, LIST_LIMIT).map((row) => `${label} ${row}`);\n' +
      '  if (rows.length > LIST_LIMIT) visible.push(`${label} ... ${rows.length - LIST_LIMIT} more`);\n' +
      '  return visible;\n' +
      '}\n' +
      '\n' +
      'function compareTrees(expectedRoot, actualRoot) {\n' +
      '  const expectedFiles = listFiles(expectedRoot);\n' +
      '  const actualFiles = fs.existsSync(actualRoot) ? listFiles(actualRoot) : [];\n' +
      '  const expectedSet = new Set(expectedFiles);\n' +
      '  const actualSet = new Set(actualFiles);\n' +
      '  const missing = expectedFiles.filter((file) => !actualSet.has(file));\n' +
      '  const extra = actualFiles.filter((file) => !expectedSet.has(file));\n' +
      '  const changed = expectedFiles.filter((file) => (\n' +
      '    actualSet.has(file)\n' +
      '    && hashFile(path.join(expectedRoot, file)) !== hashFile(path.join(actualRoot, file))\n' +
      '  ));\n' +
      '  return { expectedFiles, actualFiles, missing, extra, changed };\n' +
      '}\n' +
      '\n' +
      'function replaceVendorTree(packageRoot) {\n' +
      '  const parent = path.dirname(VENDOR_ROOT);\n' +
      '  const stage = path.join(parent, `.doppler-sync-${process.pid}`);\n' +
      '  const backup = path.join(parent, `.doppler-backup-${process.pid}`);\n' +
      '  fs.rmSync(stage, { recursive: true, force: true });\n' +
      '  fs.rmSync(backup, { recursive: true, force: true });\n' +
      '  fs.cpSync(packageRoot, stage, { recursive: true, force: true });\n' +
      '  try {\n' +
      '    if (fs.existsSync(VENDOR_ROOT)) fs.renameSync(VENDOR_ROOT, backup);\n' +
      '    fs.renameSync(stage, VENDOR_ROOT);\n' +
      '    fs.rmSync(backup, { recursive: true, force: true });\n' +
      '  } catch (error) {\n' +
      '    if (!fs.existsSync(VENDOR_ROOT) && fs.existsSync(backup)) {\n' +
      '      fs.renameSync(backup, VENDOR_ROOT);\n' +
      '    }\n' +
      '    fs.rmSync(stage, { recursive: true, force: true });\n' +
      '    throw error;\n' +
      '  }\n' +
      '}\n' +
      '\n' +
      'function verifyPackument(packument, packagePin, refreshIdentity) {\n' +
      '  if (!Array.isArray(packument) || packument.length !== 1) {\n' +
      "    fail(`npm pack returned ${Array.isArray(packument) ? packument.length : 'non-array'} entries; expected one`);\n" +
      '  }\n' +
      '  const entry = packument[0];\n' +
      '  const stableChecks = [\n' +
      "    ['name', entry.name, packagePin.name],\n" +
      "    ['version', entry.version, packagePin.version],\n" +
      '  ];\n' +
      '  const identityChecks = [\n' +
      "    ['integrity', entry.integrity, packagePin.integrity],\n" +
      "    ['shasum', entry.shasum, packagePin.shasum],\n" +
      "    ['fileCount', Number(entry.entryCount), Number(packagePin.fileCount)],\n" +
      '  ];\n' +
      '  for (const [label, actual, expected] of stableChecks) {\n' +
      '    if (actual !== expected) fail(`package ${label} mismatch: expected ${expected}, received ${actual}`);\n' +
      '  }\n' +
      '  if (refreshIdentity) {\n' +
      "    if (!String(entry.integrity || '').startsWith('sha512-')) fail('npm pack did not return a sha512 integrity');\n" +
      "    if (!/^[0-9a-f]{40}$/i.test(String(entry.shasum || ''))) fail('npm pack did not return a valid shasum');\n" +
      '    if (!Number.isInteger(Number(entry.entryCount)) || Number(entry.entryCount) < 1) {\n' +
      "      fail('npm pack did not return a positive file count');\n" +
      '    }\n' +
      '  } else {\n' +
      '    for (const [label, actual, expected] of identityChecks) {\n' +
      '      if (actual !== expected) fail(`package ${label} mismatch: expected ${expected}, received ${actual}`);\n' +
      '    }\n' +
      '  }\n' +
      '  return entry;\n' +
      '}\n' +
      '\n' +
      'function writeLock(lock) {\n' +
      '  const stage = `${MODEL_RUNTIME_LOCK_PATH}.${process.pid}.tmp`;\n' +
      '  fs.writeFileSync(stage, `${JSON.stringify(lock, null, 2)}\\n`);\n' +
      '  fs.renameSync(stage, MODEL_RUNTIME_LOCK_PATH);\n' +
      '}\n' +
      '\n' +
      'function main() {\n' +
      "  const modeCount = [WRITE, RESTORE, process.argv.includes('--check')].filter(Boolean).length;\n" +
      "  if (modeCount > 1) fail('choose one of --write, --restore, or --check');\n" +
      '  const lock = readModelRuntimeLock();\n' +
      '  const development = lock.doppler && lock.doppler.development || {};\n' +
      '  const packagePin = lock.doppler && lock.doppler.package || {};\n' +
      "  if (development.kind !== 'sibling-git-archive') {\n" +
      "    fail('doppler.development.kind must be sibling-git-archive');\n" +
      '  }\n' +
      "  if (!/^[0-9a-f]{40}$/i.test(String(development.gitSha || ''))) {\n" +
      "    fail('doppler.development.gitSha must be a full Git SHA');\n" +
      '  }\n' +
      '  const sourceSha = development.gitSha;\n' +
      '\n' +
      "  const tempDir = fs.mkdtempSync(path.join(os.tmpdir(), 'simulatte-doppler-development-'));\n" +
      '  try {\n' +
      "    const packDir = path.join(tempDir, 'pack');\n" +
      '    fs.mkdirSync(packDir);\n' +
      "    const siblingRoot = path.resolve(ROOT, String(development.workspacePath || ''));\n" +
      "    if (!fs.existsSync(path.join(siblingRoot, '.git'))) {\n" +
      '      fail(`sibling repository not found at ${siblingRoot}`);\n' +
      '    }\n' +
      '    const targetSourceSha = WRITE\n' +
      "      ? run('git', ['rev-parse', 'HEAD'], { cwd: siblingRoot }).trim()\n" +
      '      : sourceSha;\n' +
      "    run('git', ['cat-file', '-e', `${targetSourceSha}^{commit}`], { cwd: siblingRoot });\n" +
      '    const sourcePackage = JSON.parse(run(\n' +
      "      'git',\n" +
      "      ['show', `${targetSourceSha}:package.json`],\n" +
      '      { cwd: siblingRoot }\n' +
      '    ));\n' +
      '    if (!Array.isArray(sourcePackage.files) || !sourcePackage.files.length) {\n' +
      "      fail('pinned Doppler package must declare a non-empty files allowlist');\n" +
      '    }\n' +
      '    const archiveEntries = Array.from(new Set([\n' +
      "      'package.json',\n" +
      '      ...sourcePackage.files\n' +
      "        .map((entry) => String(entry || '').trim())\n" +
      "        .filter((entry) => entry && !entry.startsWith('!')),\n" +
      '    ]));\n' +
      '    for (const entry of archiveEntries) {\n' +
      "      if (path.isAbsolute(entry) || entry.split('/').includes('..')) {\n" +
      '        fail(`invalid Doppler package archive entry: ${entry}`);\n' +
      '      }\n' +
      '    }\n' +
      "    const archivePath = path.join(tempDir, 'doppler.tar');\n" +
      "    run('git', [\n" +
      "      'archive',\n" +
      "      '--format=tar',\n" +
      '      `--output=${archivePath}`,\n' +
      '      targetSourceSha,\n' +
      "      '--',\n" +
      '      ...archiveEntries,\n' +
      '    ], { cwd: siblingRoot });\n' +
      "    run('tar', ['-xf', archivePath, '-C', tempDir]);\n" +
      "    const output = run('npm', [\n" +
      "      'pack',\n" +
      '      tempDir,\n' +
      "      '--ignore-scripts',\n" +
      "      '--pack-destination',\n" +
      '      packDir,\n' +
      "      '--json',\n" +
      "      '--silent',\n" +
      '    ]);\n' +
      '    const packument = JSON.parse(output);\n' +
      '    if (!WRITE && Array.isArray(packument) && packument.length === 1) {\n' +
      "      const retainedArchive = path.join(ROOT, 'artifacts/pinned-packages', `${encodeURIComponent(packagePin.name)}-${encodeURIComponent(packagePin.version)}.tgz`);\n" +
      '      packument[0] = restorePinnedCompression(packument[0], path.join(packDir, packument[0].filename), packagePin,\n' +
      "        run('npm', ['config', 'get', 'cache']).trim(), retainedArchive);\n" +
      '    }\n' +
      '    const entry = verifyPackument(packument, packagePin, WRITE);\n' +
      "    run('tar', ['-xzf', path.join(packDir, entry.filename), '-C', packDir]);\n" +
      "    const packageRoot = path.join(packDir, 'package');\n" +
      '    const initial = compareTrees(packageRoot, VENDOR_ROOT);\n' +
      '    if ((WRITE || RESTORE) && (initial.missing.length || initial.extra.length || initial.changed.length)) {\n' +
      '      replaceVendorTree(packageRoot);\n' +
      '    }\n' +
      '    const comparison = compareTrees(packageRoot, VENDOR_ROOT);\n' +
      '    const expectedFileCount = WRITE ? Number(entry.entryCount) : Number(packagePin.fileCount);\n' +
      '    if (comparison.expectedFiles.length !== expectedFileCount) {\n' +
      '      fail(`packed source has ${comparison.expectedFiles.length} files; expected ${expectedFileCount}`);\n' +
      '    }\n' +
      '    if (comparison.missing.length || comparison.extra.length || comparison.changed.length) {\n' +
      "      const authority = WRITE ? 'pinned sibling package' : 'published npm package';\n" +
      '      fail(`public/vendor/doppler differs from the ${authority}`, [\n' +
      "        ...sample('missing:', comparison.missing),\n" +
      "        ...sample('extra:', comparison.extra),\n" +
      "        ...sample('changed:', comparison.changed),\n" +
      '      ]);\n' +
      '    }\n' +
      '    if (WRITE) {\n' +
      '      packagePin.integrity = entry.integrity;\n' +
      '      packagePin.shasum = entry.shasum;\n' +
      '      packagePin.fileCount = Number(entry.entryCount);\n' +
      '      development.gitSha = targetSourceSha;\n' +
      '      writeLock(lock);\n' +
      '    }\n' +
      '  } finally {\n' +
      '    fs.rmSync(tempDir, { recursive: true, force: true });\n' +
      '  }\n' +
      "  const action = WRITE ? 'synced' : RESTORE ? 'restored' : 'clean';\n" +
      '  const authority = `source ${development.gitSha}`;\n' +
      '  console.log(`Doppler development source ${action}: lock #${lock.number} uses $'... 193 more characters
    
  code: 'ERR_ASSERTION'
  name: 'AssertionError'
  expected:
  actual: |-
    #!/usr/bin/env node
    import { execFileSync } from 'node:child_process';
    import crypto from 'node:crypto';
    import fs from 'node:fs';
    import os from 'node:os';
    import path from 'node:path';
    import { fileURLToPath } from 'node:url';
    import { restorePinnedCompression } from './pinned-package-compression.mjs';
    import {
      MODEL_RUNTIME_LOCK_PATH,
      readModelRuntimeLock,
    } from './model-runtime-lock-utils.mjs';
    
    const ROOT = path.resolve(path.dirname(fileURLToPath(import.meta.url)), '..');
    const VENDOR_ROOT = path.join(ROOT, 'public', 'vendor', 'doppler');
    const LIST_LIMIT = 20;
    const WRITE = process.argv.includes('--write');
    const RESTORE = process.argv.includes('--restore');
    
    function run(command, args, options = {}) {
      try {
        return execFileSync(command, args, {
          cwd: options.cwd || ROOT,
          encoding: 'utf8',
          stdio: ['ignore', 'pipe', 'pipe'],
        });
      } catch (error) {
        const stderr = error && error.stderr ? String(error.stderr).trim() : '';
        const detail = stderr || (error && error.message ? error.message : String(error));
        throw new Error(`${command} ${args.join(' ')} failed: ${detail}`);
      }
    }
    
    function fail(message, details = []) {
      const lines = [`Doppler development source invalid: ${message}`];
      if (details.length) lines.push('', ...details);
      throw new Error(lines.join('\n'));
    }
    
    function listFiles(root) {
      const files = [];
      const walk = (relativeDir) => {
        const absoluteDir = path.join(root, relativeDir);
        const entries = fs.readdirSync(absoluteDir, { withFileTypes: true })
          .sort((left, right) => left.name.localeCompare(right.name));
        for (const entry of entries) {
          const relativePath = path.join(relativeDir, entry.name);
          const normalized = relativePath.split(path.sep).join('/');
          if (entry.isDirectory()) {
            walk(relativePath);
          } else if (entry.isFile()) {
            files.push(normalized);
          } else {
            fail(`unsupported package entry ${normalized}; expected a regular file`);
          }
        }
      };
      walk('.');
      return files;
    }
    
    function hashFile(filePath) {
      return crypto.createHash('sha256').update(fs.readFileSync(filePath)).digest('hex');
    }
    
    function sample(label, rows) {
      const visible = rows.slice(0, LIST_LIMIT).map((row) => `${label} ${row}`);
      if (rows.length > LIST_LIMIT) visible.push(`${label} ... ${rows.length - LIST_LIMIT} more`);
      return visible;
    }
    
    function compareTrees(expectedRoot, actualRoot) {
      const expectedFiles = listFiles(expectedRoot);
      const actualFiles = fs.existsSync(actualRoot) ? listFiles(actualRoot) : [];
      const expectedSet = new Set(expectedFiles);
      const actualSet = new Set(actualFiles);
      const missing = expectedFiles.filter((file) => !actualSet.has(file));
      const extra = actualFiles.filter((file) => !expectedSet.has(file));
      const changed = expectedFiles.filter((file) => (
        actualSet.has(file)
        && hashFile(path.join(expectedRoot, file)) !== hashFile(path.join(actualRoot, file))
      ));
      return { expectedFiles, actualFiles, missing, extra, changed };
    }
    
    function replaceVendorTree(packageRoot) {
      const parent = path.dirname(VENDOR_ROOT);
      const stage = path.join(parent, `.doppler-sync-${process.pid}`);
      const backup = path.join(parent, `.doppler-backup-${process.pid}`);
      fs.rmSync(stage, { recursive: true, force: true });
      fs.rmSync(backup, { recursive: true, force: true });
      fs.cpSync(packageRoot, stage, { recursive: true, force: true });
      try {
        if (fs.existsSync(VENDOR_ROOT)) fs.renameSync(VENDOR_ROOT, backup);
        fs.renameSync(stage, VENDOR_ROOT);
        fs.rmSync(backup, { recursive: true, force: true });
      } catch (error) {
        if (!fs.existsSync(VENDOR_ROOT) && fs.existsSync(backup)) {
          fs.renameSync(backup, VENDOR_ROOT);
        }
        fs.rmSync(stage, { recursive: true, force: true });
        throw error;
      }
    }
    
    function verifyPackument(packument, packagePin, refreshIdentity) {
      if (!Array.isArray(packument) || packument.length !== 1) {
        fail(`npm pack returned ${Array.isArray(packument) ? packument.length : 'non-array'} entries; expected one`);
      }
      const entry = packument[0];
      const stableChecks = [
        ['name', entry.name, packagePin.name],
        ['version', entry.version, packagePin.version],
      ];
      const identityChecks = [
        ['integrity', entry.integrity, packagePin.integrity],
        ['shasum', entry.shasum, packagePin.shasum],
        ['fileCount', Number(entry.entryCount), Number(packagePin.fileCount)],
      ];
      for (const [label, actual, expected] of stableChecks) {
        if (actual !== expected) fail(`package ${label} mismatch: expected ${expected}, received ${actual}`);
      }
      if (refreshIdentity) {
        if (!String(entry.integrity || '').startsWith('sha512-')) fail('npm pack did not return a sha512 integrity');
        if (!/^[0-9a-f]{40}$/i.test(String(entry.shasum || ''))) fail('npm pack did not return a valid shasum');
        if (!Number.isInteger(Number(entry.entryCount)) || Number(entry.entryCount) < 1) {
          fail('npm pack did not return a positive file count');
        }
      } else {
        for (const [label, actual, expected] of identityChecks) {
          if (actual !== expected) fail(`package ${label} mismatch: expected ${expected}, received ${actual}`);
        }
      }
      return entry;
    }
    
    function writeLock(lock) {
      const stage = `${MODEL_RUNTIME_LOCK_PATH}.${process.pid}.tmp`;
      fs.writeFileSync(stage, `${JSON.stringify(lock, null, 2)}\n`);
      fs.renameSync(stage, MODEL_RUNTIME_LOCK_PATH);
    }
    
    function main() {
      const modeCount = [WRITE, RESTORE, process.argv.includes('--check')].filter(Boolean).length;
      if (modeCount > 1) fail('choose one of --write, --restore, or --check');
      const lock = readModelRuntimeLock();
      const development = lock.doppler && lock.doppler.development || {};
      const packagePin = lock.doppler && lock.doppler.package || {};
      if (development.kind !== 'sibling-git-archive') {
        fail('doppler.development.kind must be sibling-git-archive');
      }
      if (!/^[0-9a-f]{40}$/i.test(String(development.gitSha || ''))) {
        fail('doppler.development.gitSha must be a full Git SHA');
      }
      const sourceSha = development.gitSha;
    
      const tempDir = fs.mkdtempSync(path.join(os.tmpdir(), 'simulatte-doppler-development-'));
      try {
        const packDir = path.join(tempDir, 'pack');
        fs.mkdirSync(packDir);
        const siblingRoot = path.resolve(ROOT, String(development.workspacePath || ''));
        if (!fs.existsSync(path.join(siblingRoot, '.git'))) {
          fail(`sibling repository not found at ${siblingRoot}`);
        }
        const targetSourceSha = WRITE
          ? run('git', ['rev-parse', 'HEAD'], { cwd: siblingRoot }).trim()
          : sourceSha;
        run('git', ['cat-file', '-e', `${targetSourceSha}^{commit}`], { cwd: siblingRoot });
        const sourcePackage = JSON.parse(run(
          'git',
          ['show', `${targetSourceSha}:package.json`],
          { cwd: siblingRoot }
        ));
        if (!Array.isArray(sourcePackage.files) || !sourcePackage.files.length) {
          fail('pinned Doppler package must declare a non-empty files allowlist');
        }
        const archiveEntries = Array.from(new Set([
          'package.json',
          ...sourcePackage.files
            .map((entry) => String(entry || '').trim())
            .filter((entry) => entry && !entry.startsWith('!')),
        ]));
        for (const entry of archiveEntries) {
          if (path.isAbsolute(entry) || entry.split('/').includes('..')) {
            fail(`invalid Doppler package archive entry: ${entry}`);
          }
        }
        const archivePath = path.join(tempDir, 'doppler.tar');
        run('git', [
          'archive',
          '--format=tar',
          `--output=${archivePath}`,
          targetSourceSha,
          '--',
          ...archiveEntries,
        ], { cwd: siblingRoot });
        run('tar', ['-xf', archivePath, '-C', tempDir]);
        const output = run('npm', [
          'pack',
          tempDir,
          '--ignore-scripts',
          '--pack-destination',
          packDir,
          '--json',
          '--silent',
        ]);
        const packument = JSON.parse(output);
        if (!WRITE && Array.isArray(packument) && packument.length === 1) {
          const retainedArchive = path.join(ROOT, 'artifacts/pinned-packages', `${encodeURIComponent(packagePin.name)}-${encodeURIComponent(packagePin.version)}.tgz`);
          packument[0] = restorePinnedCompression(packument[0], path.join(packDir, packument[0].filename), packagePin,
            run('npm', ['config', 'get', 'cache']).trim(), retainedArchive);
        }
        const entry = verifyPackument(packument, packagePin, WRITE);
        run('tar', ['-xzf', path.join(packDir, entry.filename), '-C', packDir]);
        const packageRoot = path.join(packDir, 'package');
        const initial = compareTrees(packageRoot, VENDOR_ROOT);
        if ((WRITE || RESTORE) && (initial.missing.length || initial.extra.length || initial.changed.length)) {
          replaceVendorTree(packageRoot);
        }
        const comparison = compareTrees(packageRoot, VENDOR_ROOT);
        const expectedFileCount = WRITE ? Number(entry.entryCount) : Number(packagePin.fileCount);
        if (comparison.expectedFiles.length !== expectedFileCount) {
          fail(`packed source has ${comparison.expectedFiles.length} files; expected ${expectedFileCount}`);
        }
        if (comparison.missing.length || comparison.extra.length || comparison.changed.length) {
          const authority = WRITE ? 'pinned sibling package' : 'published npm package';
          fail(`public/vendor/doppler differs from the ${authority}`, [
            ...sample('missing:', comparison.missing),
            ...sample('extra:', comparison.extra),
            ...sample('changed:', comparison.changed),
          ]);
        }
        if (WRITE) {
          packagePin.integrity = entry.integrity;
          packagePin.shasum = entry.shasum;
          packagePin.fileCount = Number(entry.entryCount);
          development.gitSha = targetSourceSha;
          writeLock(lock);
        }
      } finally {
        fs.rmSync(tempDir, { recursive: true, force: true });
      }
      const action = WRITE ? 'synced' : RESTORE ? 'restored' : 'clean';
      const authority = `source ${development.gitSha}`;
      console.log(`Doppler development source ${action}: lock #${lock.number} uses ${packagePin.name}@${packagePin.version} from ${authority}.`);
    }
    
    try {
      main();
    } catch (error) {
      console.error(error && error.message ? error.message : String(error));
      process.exit(1);
    }
    
  operator: 'match'
  stack: |-
    TestContext.<anonymous> (/home/clocksmith/deco/simulatte/tests/js-shape-suite.cjs:2576:10)
    Test.runInAsyncScope (node:async_hooks:214:14)
    Test.run (node:internal/test_runner/test:1047:25)
    Test.processPendingSubtests (node:internal/test_runner/test:744:18)
    Test.postRun (node:internal/test_runner/test:1173:19)
    Test.run (node:internal/test_runner/test:1101:12)
    async Test.processPendingSubtests (node:internal/test_runner/test:744:7)
  ...
# Subtest: model-backed intent retrieval uses a 1024d Qwen index and keeps the unqualified reranker disabled
ok 15 - model-backed intent retrieval uses a 1024d Qwen index and keeps the unqualified reranker disabled
  ---
  duration_ms: 79.525094
  type: 'test'
  ...
# Subtest: model slot reranking stays in its own loaded Phase 3 retrieval shard
ok 16 - model slot reranking stays in its own loaded Phase 3 retrieval shard
  ---
  duration_ms: 0.268969
  type: 'test'
  ...
# Subtest: negation vocabulary is canonical in the universe parser with synced mirrors
ok 17 - negation vocabulary is canonical in the universe parser with synced mirrors
  ---
  duration_ms: 176.889829
  type: 'test'
  ...
1..17
# tests 17
# suites 0
# pass 15
# fail 2
# cancelled 0
# skipped 0
# todo 0
# duration_ms 432.958541

--- model-candidate-runtime.test.cjs (failed) ---
TAP version 13
# Subtest: candidate registry pins concrete task-specific implementations and blocks unported neural promotion
ok 1 - candidate registry pins concrete task-specific implementations and blocks unported neural promotion
  ---
  duration_ms: 8.768528
  type: 'test'
  ...
# Subtest: deterministic candidate process receives no gold and receipts no model execution
ok 2 - deterministic candidate process receives no gold and receipts no model execution
  ---
  duration_ms: 43.344482
  type: 'test'
  ...
# Subtest: all compact screening modes execute the governed material prototypes
not ok 3 - all compact screening modes execute the governed material prototypes
  ---
  duration_ms: 125.297596
  type: 'test'
  location: '/home/clocksmith/deco/simulatte/tests/model-candidate-runtime.test.cjs:78:1'
  failureType: 'testCodeFailure'
  error: |-
    multinomial-nb-classification: Traceback (most recent call last):
      File "/home/clocksmith/deco/simulatte/tools/samer/model-candidate-runtime.py", line 666, in <module>
        main()
      File "/home/clocksmith/deco/simulatte/tools/samer/model-candidate-runtime.py", line 593, in main
        rows, performance = run_compact_classification(workload, "multinomial-nb")
                            ^^^^^^^^^^^^^^^^^^^^^^^^^^^^^^^^^^^^^^^^^^^^^^^^^^^^^^
      File "/home/clocksmith/deco/simulatte/tools/samer/model-candidate-runtime.py", line 163, in run_compact_classification
        import numpy as np
    ModuleNotFoundError: No module named 'numpy'
    
    
    1 !== 0
    
  code: 'ERR_ASSERTION'
  name: 'AssertionError'
  expected: 0
  actual: 1
  operator: 'strictEqual'
  stack: |-
    TestContext.<anonymous> (/home/clocksmith/deco/simulatte/tests/model-candidate-runtime.test.cjs:116:14)
    async Test.run (node:internal/test_runner/test:1054:7)
    async Test.processPendingSubtests (node:internal/test_runner/test:744:7)
  ...
# Subtest: sealed sanitizer strips evaluator labels and scorer preserves task-specific metrics
ok 4 - sealed sanitizer strips evaluator labels and scorer preserves task-specific metrics
  ---
  duration_ms: 7.133422
  type: 'test'
  ...
# Subtest: candidate workload refuses hidden evaluator labels before execution
ok 5 - candidate workload refuses hidden evaluator labels before execution
  ---
  duration_ms: 109.82539
  type: 'test'
  ...
# Subtest: evaluator rejects non-finite candidate scores instead of sorting them
ok 6 - evaluator rejects non-finite candidate scores instead of sorting them
  ---
  duration_ms: 0.64007
  type: 'test'
  ...
# Subtest: sealed opening commands keep repository paths portable
ok 7 - sealed opening commands keep repository paths portable
  ---
  duration_ms: 0.362167
  type: 'test'
  ...
# Subtest: neural place reranker uses the canonical Simulatte probe corpus
ok 8 - neural place reranker uses the canonical Simulatte probe corpus
  ---
  duration_ms: 0.230349
  type: 'test'
  ...
1..8
# tests 8
# suites 0
# pass 7
# fail 1
# cancelled 0
# skipped 0
# todo 0
# duration_ms 352.069474

--- navigation-lifecycle.test.cjs (failed) ---
TAP version 13
# Subtest: experience HUD summary binds the active profile, scenario, and V4 state measures
ok 1 - experience HUD summary binds the active profile, scenario, and V4 state measures
  ---
  duration_ms: 15.176933
  type: 'test'
  ...
# Subtest: world-tier clock snapshots governed scenario time and fails closed when absent
ok 2 - world-tier clock snapshots governed scenario time and fails closed when absent
  ---
  duration_ms: 1.79586
  type: 'test'
  ...
# Subtest: all shipped experiences declare validated story, metric, comparison, and view behavior
ok 3 - all shipped experiences declare validated story, metric, comparison, and view behavior
  ---
  duration_ms: 3.486237
  type: 'test'
  ...
# Subtest: default scenarios foreground the governing disruption or relay mechanism
ok 4 - default scenarios foreground the governing disruption or relay mechanism
  ---
  duration_ms: 0.445052
  type: 'test'
  ...
# Subtest: the shared shell exposes POV and first-class playback controls
not ok 5 - the shared shell exposes POV and first-class playback controls
  ---
  duration_ms: 1.548449
  type: 'test'
  location: '/home/clocksmith/deco/simulatte/tests/navigation-lifecycle.test.cjs:129:1'
  failureType: 'testCodeFailure'
  error: |-
    The input did not match the regular expression /id="step-button"/. Input:
    
    'id="playback-strip" class="playback-strip" aria-label="Playback" hidden>\n' +
      '            <div class="playback-story">\n' +
      '              <span id="playback-timeline-label" class="sim-label">Event</span>\n' +
      '              <strong id="playback-event">Ready</strong>\n' +
      '            </div>\n' +
      '            <label id="playback-timeline-control" class="playback-control playback-timeline-control" hidden>\n' +
      '              <span>Timeline <output id="playback-progress">0 / 0</output></span>\n' +
      '              <input id="playback-timeline" type="range" min="0" max="0" step="1" value="0">\n' +
      '            </label>\n' +
      '            <div class="playback-actions">\n' +
      '              \n' +
      '              \n' +
      '              <label id="playback-speed-control" class="playback-control playback-speed-control" hidden>\n' +
      '                <span>Speed</span>\n' +
      '                <select id="playback-speed" class="sim-field">\n' +
      '                  <option value="0.5">0.5×</option>\n' +
      '                  <option value="1" selected>1×</option>\n' +
      '                  <option value="2">2×</option>\n' +
      '                  <option value="4">4×</option>\n' +
      '                </select>\n' +
      '              </label>\n' +
      '            </div>\n' +
      '          </div>\n' +
      '          \n' +
      '          <output '
    
  code: 'ERR_ASSERTION'
  name: 'AssertionError'
  expected:
  actual: |-
    id="playback-strip" class="playback-strip" aria-label="Playback" hidden>
                <div class="playback-story">
                  <span id="playback-timeline-label" class="sim-label">Event</span>
                  <strong id="playback-event">Ready</strong>
                </div>
                <label id="playback-timeline-control" class="playback-control playback-timeline-control" hidden>
                  <span>Timeline <output id="playback-progress">0 / 0</output></span>
                  <input id="playback-timeline" type="range" min="0" max="0" step="1" value="0">
                </label>
                <div class="playback-actions">
                  
                  
                  <label id="playback-speed-control" class="playback-control playback-speed-control" hidden>
                    <span>Speed</span>
                    <select id="playback-speed" class="sim-field">
                      <option value="0.5">0.5×</option>
                      <option value="1" selected>1×</option>
                      <option value="2">2×</option>
                      <option value="4">4×</option>
                    </select>
                  </label>
                </div>
              </div>
              
              <output 
  operator: 'match'
  stack: |-
    TestContext.<anonymous> (/home/clocksmith/deco/simulatte/tests/navigation-lifecycle.test.cjs:138:10)
    Test.runInAsyncScope (node:async_hooks:214:14)
    Test.run (node:internal/test_runner/test:1047:25)
    Test.processPendingSubtests (node:internal/test_runner/test:744:18)
    Test.postRun (node:internal/test_runner/test:1173:19)
    Test.run (node:internal/test_runner/test:1101:12)
    async Test.processPendingSubtests (node:internal/test_runner/test:744:7)
  ...
# Subtest: side metrics replace the previous experience rows instead of retaining stale values
ok 6 - side metrics replace the previous experience rows instead of retaining stale values
  ---
  duration_ms: 0.369189
  type: 'test'
  ...
# Subtest: tier camera controls resolve real overview, follow, POV, and compare targets by priority
ok 7 - tier camera controls resolve real overview, follow, POV, and compare targets by priority
  ---
  duration_ms: 0.247948
  type: 'test'
  ...
# Subtest: router paths preserve the governed tier and full experience id
ok 8 - router paths preserve the governed tier and full experience id
  ---
  duration_ms: 0.642663
  type: 'test'
  ...
# Subtest: router round-trips scenario and typed simulation parameters through a canonical URL
ok 9 - router round-trips scenario and typed simulation parameters through a canonical URL
  ---
  duration_ms: 1.795856
  type: 'test'
  ...
# Subtest: router refuses invalid identities, mismatched profiles, and unknown camera modes
ok 10 - router refuses invalid identities, mismatched profiles, and unknown camera modes
  ---
  duration_ms: 0.4775
  type: 'test'
  ...
# Subtest: every registered experience resolves to its canonical GitHub Markdown preview
ok 11 - every registered experience resolves to its canonical GitHub Markdown preview
  ---
  duration_ms: 0.393889
  type: 'test'
  ...
# Subtest: experience documentation link updates and fails closed for unknown profiles
ok 12 - experience documentation link updates and fails closed for unknown profiles
  ---
  duration_ms: 0.269343
  type: 'test'
  ...
# Subtest: experience actions use one honest verb taxonomy
ok 13 - experience actions use one honest verb taxonomy
  ---
  duration_ms: 0.483297
  type: 'test'
  ...
# Subtest: mount lifecycle links parent cancellation to listeners and fetches
ok 14 - mount lifecycle links parent cancellation to listeners and fetches
  ---
  duration_ms: 0.480313
  type: 'test'
  ...
# Subtest: mount lifecycle settles every disposer without masking failures
ok 15 - mount lifecycle settles every disposer without masking failures
  ---
  duration_ms: 0.232521
  type: 'test'
  ...
# Subtest: app shell aborts and disposes a superseded boot before mounting the latest route
not ok 16 - app shell aborts and disposes a superseded boot before mounting the latest route
  ---
  duration_ms: 0.733358
  type: 'test'
  location: '/home/clocksmith/deco/simulatte/tests/navigation-lifecycle.test.cjs:369:1'
  failureType: 'testCodeFailure'
  error: "Cannot read properties of undefined (reading 'signal')"
  code: 'ERR_TEST_FAILURE'
  name: 'TypeError'
  stack: |-
    TestContext.<anonymous> (/home/clocksmith/deco/simulatte/tests/navigation-lifecycle.test.cjs:398:32)
    async Test.run (node:internal/test_runner/test:1054:7)
    async Test.processPendingSubtests (node:internal/test_runner/test:744:7)
  ...
# Subtest: app shell clears stale side metrics before a different experience boots
ok 17 - app shell clears stale side metrics before a different experience boots
  ---
  duration_ms: 0.413095
  type: 'test'
  ...
# Subtest: app shell reloads the tier default when browser history removes an experience segment
ok 18 - app shell reloads the tier default when browser history removes an experience segment
  ---
  duration_ms: 0.458835
  type: 'test'
  ...
# Subtest: app shell hides the mounted world synchronously and keeps only the loader until replacement boot completes
ok 19 - app shell hides the mounted world synchronously and keeps only the loader until replacement boot completes
  ---
  duration_ms: 0.34613
  type: 'test'
  ...
# Subtest: app shell keeps presentation-only and equivalent partial routes lifecycle-neutral while scenario updates load
ok 20 - app shell keeps presentation-only and equivalent partial routes lifecycle-neutral while scenario updates load
  ---
  duration_ms: 0.886539
  type: 'test'
  ...
# Subtest: route loading layer covers every mounted world panel without a transition delay
ok 21 - route loading layer covers every mounted world panel without a transition delay
  ---
  duration_ms: 0.290446
  type: 'test'
  ...
# Subtest: app shell aborts and releases a terminally failed boot attempt
ok 22 - app shell aborts and releases a terminally failed boot attempt
  ---
  duration_ms: 0.609052
  type: 'test'
  ...
# Subtest: app shell disposes a booted application whose resolved identity violates the route
ok 23 - app shell disposes a booted application whose resolved identity violates the route
  ---
  duration_ms: 0.439561
  type: 'test'
  ...
# Subtest: app shell recovers an unknown governed-tier experience with that tier default
ok 24 - app shell recovers an unknown governed-tier experience with that tier default
  ---
  duration_ms: 0.387479
  type: 'test'
  ...
# Subtest: route updates compare controls against applied plugin state, not a pending form edit
ok 25 - route updates compare controls against applied plugin state, not a pending form edit
  ---
  duration_ms: 0.271216
  type: 'test'
  ...
# Subtest: City presentation yields before collecting work and drops superseded or disposed renders
ok 26 - City presentation yields before collecting work and drops superseded or disposed renders
  ---
  duration_ms: 1.717958
  type: 'test'
  ...
1..26
# tests 26
# suites 0
# pass 24
# fail 2
# cancelled 0
# skipped 0
# todo 0
# duration_ms 118.8791

--- simulation-interface.test.cjs (failed) ---
TAP version 13
# Subtest: scenario selection never impersonates authored textbox input
ok 1 - scenario selection never impersonates authored textbox input
  ---
  duration_ms: 1.061278
  type: 'test'
  ...
# Subtest: profile defaults choose declared overview targets even without an explicit target ID
ok 2 - profile defaults choose declared overview targets even without an explicit target ID
  ---
  duration_ms: 0.79775
  type: 'test'
  ...
# Subtest: reset view restores pose, zoom, and the non-origin target without changing simulation
ok 3 - reset view restores pose, zoom, and the non-origin target without changing simulation
  ---
  duration_ms: 0.356424
  type: 'test'
  ...
# Subtest: updated plugin targets do not undo manually explored framing
ok 4 - updated plugin targets do not undo manually explored framing
  ---
  duration_ms: 0.321399
  type: 'test'
  ...
# Subtest: narrow camera framing expands distance and clipping around the actual target
ok 5 - narrow camera framing expands distance and clipping around the actual target
  ---
  duration_ms: 1.332315
  type: 'test'
  ...
# Subtest: wgs84 framing is centered and bounded at 390 pixels
not ok 6 - wgs84 framing is centered and bounded at 390 pixels
  ---
  duration_ms: 4.270322
  type: 'test'
  location: '/home/clocksmith/deco/simulatte/tests/simulation-interface.test.cjs:78:5'
  failureType: 'testCodeFailure'
  error: |-
    The expression evaluated to a falsy value:
    
      assert.ok(Math.abs(centerY - viewport.height / 2) < 1e-6)
    
  code: 'ERR_ASSERTION'
  name: 'AssertionError'
  expected: true
  actual: false
  operator: '=='
  stack: |-
    TestContext.<anonymous> (/home/clocksmith/deco/simulatte/tests/simulation-interface.test.cjs:85:14)
    Test.runInAsyncScope (node:async_hooks:214:14)
    Test.run (node:internal/test_runner/test:1047:25)
    Test.processPendingSubtests (node:internal/test_runner/test:744:18)
    Test.postRun (node:internal/test_runner/test:1173:19)
    Test.run (node:internal/test_runner/test:1101:12)
    async Test.processPendingSubtests (node:internal/test_runner/test:744:7)
  ...
# Subtest: wgs84 framing is centered and bounded at 1440 pixels
not ok 7 - wgs84 framing is centered and bounded at 1440 pixels
  ---
  duration_ms: 0.454324
  type: 'test'
  location: '/home/clocksmith/deco/simulatte/tests/simulation-interface.test.cjs:78:5'
  failureType: 'testCodeFailure'
  error: |-
    The expression evaluated to a falsy value:
    
      assert.ok(Math.abs(centerX - viewport.width / 2) < 1e-6)
    
  code: 'ERR_ASSERTION'
  name: 'AssertionError'
  expected: true
  actual: false
  operator: '=='
  stack: |-
    TestContext.<anonymous> (/home/clocksmith/deco/simulatte/tests/simulation-interface.test.cjs:84:14)
    Test.runInAsyncScope (node:async_hooks:214:14)
    Test.run (node:internal/test_runner/test:1047:25)
    Test.processPendingSubtests (node:internal/test_runner/test:744:18)
    Test.postRun (node:internal/test_runner/test:1173:19)
    Test.run (node:internal/test_runner/test:1101:12)
    async Test.processPendingSubtests (node:internal/test_runner/test:744:7)
  ...
# Subtest: heliocentric-ecliptic-au framing is centered and bounded at 390 pixels
not ok 8 - heliocentric-ecliptic-au framing is centered and bounded at 390 pixels
  ---
  duration_ms: 0.323667
  type: 'test'
  location: '/home/clocksmith/deco/simulatte/tests/simulation-interface.test.cjs:78:5'
  failureType: 'testCodeFailure'
  error: |-
    The expression evaluated to a falsy value:
    
      assert.ok(Math.abs(centerY - viewport.height / 2) < 1e-6)
    
  code: 'ERR_ASSERTION'
  name: 'AssertionError'
  expected: true
  actual: false
  operator: '=='
  stack: |-
    TestContext.<anonymous> (/home/clocksmith/deco/simulatte/tests/simulation-interface.test.cjs:85:14)
    Test.runInAsyncScope (node:async_hooks:214:14)
    Test.run (node:internal/test_runner/test:1047:25)
    Test.processPendingSubtests (node:internal/test_runner/test:744:18)
    Test.postRun (node:internal/test_runner/test:1173:19)
    Test.run (node:internal/test_runner/test:1101:12)
    async Test.processPendingSubtests (node:internal/test_runner/test:744:7)
  ...
# Subtest: heliocentric-ecliptic-au framing is centered and bounded at 1440 pixels
not ok 9 - heliocentric-ecliptic-au framing is centered and bounded at 1440 pixels
  ---
  duration_ms: 0.402575
  type: 'test'
  location: '/home/clocksmith/deco/simulatte/tests/simulation-interface.test.cjs:78:5'
  failureType: 'testCodeFailure'
  error: |-
    The expression evaluated to a falsy value:
    
      assert.ok(Math.abs(centerX - viewport.width / 2) < 1e-6)
    
  code: 'ERR_ASSERTION'
  name: 'AssertionError'
  expected: true
  actual: false
  operator: '=='
  stack: |-
    TestContext.<anonymous> (/home/clocksmith/deco/simulatte/tests/simulation-interface.test.cjs:84:14)
    Test.runInAsyncScope (node:async_hooks:214:14)
    Test.run (node:internal/test_runner/test:1047:25)
    Test.processPendingSubtests (node:internal/test_runner/test:744:18)
    Test.postRun (node:internal/test_runner/test:1173:19)
    Test.run (node:internal/test_runner/test:1101:12)
    async Test.processPendingSubtests (node:internal/test_runner/test:744:7)
  ...
# Subtest: icrs-cartesian-pc framing is centered and bounded at 390 pixels
not ok 10 - icrs-cartesian-pc framing is centered and bounded at 390 pixels
  ---
  duration_ms: 0.696802
  type: 'test'
  location: '/home/clocksmith/deco/simulatte/tests/simulation-interface.test.cjs:78:5'
  failureType: 'testCodeFailure'
  error: |-
    The expression evaluated to a falsy value:
    
      assert.ok(Math.abs(centerY - viewport.height / 2) < 1e-6)
    
  code: 'ERR_ASSERTION'
  name: 'AssertionError'
  expected: true
  actual: false
  operator: '=='
  stack: |-
    TestContext.<anonymous> (/home/clocksmith/deco/simulatte/tests/simulation-interface.test.cjs:85:14)
    Test.runInAsyncScope (node:async_hooks:214:14)
    Test.run (node:internal/test_runner/test:1047:25)
    Test.processPendingSubtests (node:internal/test_runner/test:744:18)
    Test.postRun (node:internal/test_runner/test:1173:19)
    Test.run (node:internal/test_runner/test:1101:12)
    async Test.processPendingSubtests (node:internal/test_runner/test:744:7)
  ...
# Subtest: icrs-cartesian-pc framing is centered and bounded at 1440 pixels
not ok 11 - icrs-cartesian-pc framing is centered and bounded at 1440 pixels
  ---
  duration_ms: 0.28491
  type: 'test'
  location: '/home/clocksmith/deco/simulatte/tests/simulation-interface.test.cjs:78:5'
  failureType: 'testCodeFailure'
  error: |-
    The expression evaluated to a falsy value:
    
      assert.ok(Math.abs(centerX - viewport.width / 2) < 1e-6)
    
  code: 'ERR_ASSERTION'
  name: 'AssertionError'
  expected: true
  actual: false
  operator: '=='
  stack: |-
    TestContext.<anonymous> (/home/clocksmith/deco/simulatte/tests/simulation-interface.test.cjs:84:14)
    Test.runInAsyncScope (node:async_hooks:214:14)
    Test.run (node:internal/test_runner/test:1047:25)
    Test.processPendingSubtests (node:internal/test_runner/test:744:18)
    Test.postRun (node:internal/test_runner/test:1173:19)
    Test.run (node:internal/test_runner/test:1101:12)
    async Test.processPendingSubtests (node:internal/test_runner/test:744:7)
  ...
# Subtest: datacenter-cartesian-meters framing is centered and bounded at 390 pixels
not ok 12 - datacenter-cartesian-meters framing is centered and bounded at 390 pixels
  ---
  duration_ms: 0.188173
  type: 'test'
  location: '/home/clocksmith/deco/simulatte/tests/simulation-interface.test.cjs:78:5'
  failureType: 'testCodeFailure'
  error: |-
    The expression evaluated to a falsy value:
    
      assert.ok(Math.abs(centerY - viewport.height / 2) < 1e-6)
    
  code: 'ERR_ASSERTION'
  name: 'AssertionError'
  expected: true
  actual: false
  operator: '=='
  stack: |-
    TestContext.<anonymous> (/home/clocksmith/deco/simulatte/tests/simulation-interface.test.cjs:85:14)
    Test.runInAsyncScope (node:async_hooks:214:14)
    Test.run (node:internal/test_runner/test:1047:25)
    Test.processPendingSubtests (node:internal/test_runner/test:744:18)
    Test.postRun (node:internal/test_runner/test:1173:19)
    Test.run (node:internal/test_runner/test:1101:12)
    async Test.processPendingSubtests (node:internal/test_runner/test:744:7)
  ...
# Subtest: datacenter-cartesian-meters framing is centered and bounded at 1440 pixels
not ok 13 - datacenter-cartesian-meters framing is centered and bounded at 1440 pixels
  ---
  duration_ms: 0.158104
  type: 'test'
  location: '/home/clocksmith/deco/simulatte/tests/simulation-interface.test.cjs:78:5'
  failureType: 'testCodeFailure'
  error: |-
    The expression evaluated to a falsy value:
    
      assert.ok(Math.abs(centerX - viewport.width / 2) < 1e-6)
    
  code: 'ERR_ASSERTION'
  name: 'AssertionError'
  expected: true
  actual: false
  operator: '=='
  stack: |-
    TestContext.<anonymous> (/home/clocksmith/deco/simulatte/tests/simulation-interface.test.cjs:84:14)
    Test.runInAsyncScope (node:async_hooks:214:14)
    Test.run (node:internal/test_runner/test:1047:25)
    Test.processPendingSubtests (node:internal/test_runner/test:744:18)
    Test.postRun (node:internal/test_runner/test:1173:19)
    Test.run (node:internal/test_runner/test:1101:12)
    async Test.processPendingSubtests (node:internal/test_runner/test:744:7)
  ...
# Subtest: national framing uses viewport space, not obsolete mobile panel offsets
not ok 14 - national framing uses viewport space, not obsolete mobile panel offsets
  ---
  duration_ms: 0.603539
  type: 'test'
  location: '/home/clocksmith/deco/simulatte/tests/simulation-interface.test.cjs:94:1'
  failureType: 'testCodeFailure'
  error: |-
    Expected values to be strictly equal:
    
    425 !== 180
    
  code: 'ERR_ASSERTION'
  name: 'AssertionError'
  expected: 180
  actual: 425
  operator: 'strictEqual'
  stack: |-
    TestContext.<anonymous> (/home/clocksmith/deco/simulatte/tests/simulation-interface.test.cjs:99:10)
    Test.runInAsyncScope (node:async_hooks:214:14)
    Test.run (node:internal/test_runner/test:1047:25)
    Test.processPendingSubtests (node:internal/test_runner/test:744:18)
    Test.postRun (node:internal/test_runner/test:1173:19)
    Test.run (node:internal/test_runner/test:1101:12)
    async Test.processPendingSubtests (node:internal/test_runner/test:744:7)
  ...
# Subtest: same-profile route edits serialize and only the newest result becomes canonical
ok 15 - same-profile route edits serialize and only the newest result becomes canonical
  ---
  duration_ms: 14.938369
  type: 'test'
  ...
1..15
# tests 15
# suites 0
# pass 6
# fail 9
# cancelled 0
# skipped 0
# todo 0
# duration_ms 88.160014
TEST-RUN files=149/149 tests=1349 passed=140 failed=9
