
> check:fast
> npm run catscan:check && npm run folder-contracts:ci && npm run check:source-size && npm run check:runtime-entrypoint && npm run check:world-entrypoint && npm run check:artifacts && npm run check:pipeline-map && node tools/run-test-files.mjs --fail-fast tests/data-workbench.test.cjs tests/browser-harness.test.cjs tests/browser-memory-receipt.test.cjs tests/catscan.test.cjs tests/causal-phase-diagnosis.test.cjs tests/compile-human-reviews.test.cjs tests/governing-metric.test.cjs tests/gpu-supercluster.test.cjs tests/phase-module-registry.test.cjs tests/profile-program.test.cjs tests/profile-world-spec.test.cjs tests/shared-domain-contracts.test.cjs tests/world-spec-reconciliation.test.cjs tests/world-spec-reconciliation-controller.test.cjs tests/world-spec.test.cjs tests/world-proof.test.cjs tests/world-runtime-loader.test.cjs tests/js-shape-architecture.test.cjs tests/js-shape-model-data.test.cjs tests/js-shape-runtime-progress.test.cjs tests/js-shape-browser-render.test.cjs


> catscan:check
> node tools/check-catscan.mjs

CATSCAN valid: 39 recursive component charters and synchronized index.

> folder-contracts:ci
> node tools/check-folder-contracts.mjs --contract docs/simulatte/folder-contract.json --schema docs/simulatte/folder-contract.schema.json --repository-root . --allow-unavailable-external-sources

Folder contract valid: simulatte; 877 directories, 70 nodes, 56 affected nodes.
{
  "changedFiles": 45,
  "commands": [
    "git diff --check",
    "node --test tests/asteroid-defense.test.cjs",
    "node --test tests/autonomy.test.cjs",
    "node --test tests/cable-trader.test.cjs",
    "node --test tests/folder-contracts.test.cjs",
    "node --test tests/gpu-supercluster.test.cjs",
    "node --test tests/multirate-coordinator.test.cjs tests/simulation-residency-manager.test.cjs tests/plugin-compositor-runtime.test.cjs tests/tier-run-controller.test.cjs",
    "node --test tests/navigation-lifecycle.test.cjs tests/plugin-compositor-runtime.test.cjs",
    "node --test tests/neighborhood-bulk-pool.test.cjs",
    "node --test tests/nyc-real-estate.test.cjs",
    "node --test tests/plugin-platform.test.cjs",
    "node --test tests/plugin-platform.test.cjs tests/tier-application-loader.test.cjs",
    "node --test tests/sun-walker-visual-storytelling.test.cjs",
    "node --test tests/world-tile-manager.test.cjs tests/recursive-spatial-residency.test.cjs tests/recursive-world-webgpu-renderer.test.cjs tests/recursive-world-proof.test.cjs",
    "npm run audit:simulatte:browser -- --check",
    "npm run audit:simulatte:evidence",
    "npm run audit:simulatte:reviews",
    "npm run check:artifacts",
    "npm run check:blank",
    "npm run check:deploy",
    "npm run check:fast",
    "npm run check:hosting",
    "npm run check:model-candidates",
    "npm run check:model-lock",
    "npm run check:model-populations",
    "npm run check:runtime-entrypoint",
    "npm run check:simulatte",
    "npm run check:simulatte:evidence",
    "npm run check:simulatte:reviews",
    "npm run check:world",
    "npm run check:world-entrypoint",
    "npm run folder-contracts:check",
    "npm run plugins:check",
    "npm run qualify:recursive-reference",
    "npm run samer:simulatte:check",
    "npm run simulatte:tiers:check",
    "npm run validate:universe",
    "npm run validate:visual-cards",
    "npm test"
  ],
  "browserJourneys": [
    "/city/cable-trader-pickup-v1",
    "/city/neighborhood-bulk-pool-v1",
    "/city/nyc-development-atlas-v1",
    "/city/sun-walker-v1",
    "/country/food-recall-us-v1",
    "/country/grid-resilience-us-v1",
    "/datacenter/gpu-supercluster-v1",
    "/recursive-reference.html",
    "/solar-system/asteroid-defense-v1",
    "/solar-system/orbital-transfer-planner-v1",
    "/star-chart/interstellar-relay-network-v1",
    "/world/maritime-trade-global-v1",
    "/world/subsea-network-global-v1"
  ]
}

> check:source-size
> node tools/check-source-size.mjs

SOURCE-SIZE warning 979 public/blank/pipeline/phase-06-visual/simulatte-composition-graph-render-ir-binding.js
SOURCE-SIZE warning 978 public/blank/pipeline/phase-05-simulation/simulatte-physics-model-phase-retrieval.js
SOURCE-SIZE warning 953 public/shared/plugins/nyc-real-estate/forecast-model.js
SOURCE-SIZE warning 952 public/blank/pipeline/phase-03-retrieval/simulatte-intent-embedder-slot-retrieval.js
SOURCE-SIZE warning 950 public/blank/pipeline/phase-06-visual/simulatte-composition-graph-scene-packet.js
SOURCE-SIZE warning 946 public/blank/pipeline/phase-04-grounded-intent/simulatte-universe-grounder.js
SOURCE-SIZE warning 938 public/blank/pipeline/phase-05-simulation/simulatte-physics-ir-builder.js
SOURCE-SIZE warning 938 public/blank/pipeline/phase-06-visual/simulatte-object-geometry-grammars.js
SOURCE-SIZE warning 930 public/simulatte/language/simulatte-universe-parser.js
SOURCE-SIZE warning 928 public/blank/pipeline/phase-06-visual/simulatte-composition-graph-selection-layout.js
SOURCE-SIZE warning 923 public/blank/pipeline/phase-06-visual/simulatte-composition-graph-programs.js
SOURCE-SIZE warning 923 public/shared/core/simulation/multirate-coordinator.js
SOURCE-SIZE warning 919 public/shared/plugins/neighborhood-bulk-pool/pool-solver.js
SOURCE-SIZE warning 917 public/blank/pipeline/phase-04-grounded-intent/simulatte-universe-grounder-graph.js
SOURCE-SIZE warning 917 public/simulatte/app/webgpu-renderer.js
SOURCE-SIZE warning 913 public/simulatte/app/multi-tier-visualizer.js
SOURCE-SIZE warning 912 public/blank/pipeline/phase-05-simulation/simulatte-physics-model-phase-runtime-language.js
SOURCE-SIZE warning 910 public/shared/plugins/nyc-real-estate/v4-contribution.js
SOURCE-SIZE warning 905 public/blank/pipeline/phase-03-retrieval/simulatte-intent-embedder-manifest-cache.js
SOURCE-SIZE warning 900 public/blank/pipeline/phase-07-render/simulatte-webgpu-renderer-packets.js
SOURCE-SIZE warning 899 public/shared/contracts/world-spec.js
SOURCE-SIZE warning 880 public/blank/pipeline/phase-07-render/simulatte-render-proof.js
SOURCE-SIZE warning 877 public/blank/pipeline/phase-03-retrieval/simulatte-intent-embedder-rerank.js
SOURCE-SIZE warning 875 public/blank/pipeline/phase-06-visual/simulatte-composition-graph-materials.js
SOURCE-SIZE warning 870 public/blank/pipeline/phase-05-simulation/simulatte-physics-catalog-templates.js
SOURCE-SIZE warning 869 public/blank/pipeline/phase-07-render/simulatte-webgpu-renderer-renderer-class.js
SOURCE-SIZE warning 866 public/blank/pipeline/phase-03-retrieval/simulatte-semantic-rag-helpers.js
SOURCE-SIZE warning 865 public/blank/pipeline/phase-06-visual/simulatte-composition-graph-helpers.js
SOURCE-SIZE warning 860 public/blank/pipeline/phase-05-simulation/simulatte-physics-model-state-solvers.js
SOURCE-SIZE warning 858 public/blank/app/prompt/prompt-controller-workers.js
SOURCE-SIZE warning 854 public/simulatte/app/webgpu-geometry.js
SOURCE-SIZE warning 836 public/shared/plugins/sun-walker/sun-route-simulation.js
SOURCE-SIZE warning 832 public/simulatte/mission/mission-compiler.js
SOURCE-SIZE warning 826 public/blank/pipeline/phase-03-retrieval/simulatte-intent-embedder-span-retrieval.js
SOURCE-SIZE warning 825 public/blank/app/prompt/prompt-controller-lab-controller.js
SOURCE-SIZE warning 825 public/simulatte/app/main.js
SOURCE-SIZE warning 824 public/blank/pipeline/phase-05-simulation/simulatte-solver-compiler.js
SOURCE-SIZE warning 803 public/shared/plugins/sun-walker/sun-exposure.js
SOURCE-SIZE warning 799 public/blank/pipeline/phase-06-visual/simulatte-composition-graph-visual-ir.js
SOURCE-SIZE warning 799 public/shared/plugins/interstellar-relay-network/index.js
SOURCE-SIZE warning 796 public/blank/app/loading/loading-canvas.js
SOURCE-SIZE warning 787 public/shared/plugins/neighborhood-bulk-pool/index.js
SOURCE-SIZE warning 785 public/blank/app/runtime/runtime-progress-support.js
SOURCE-SIZE warning 785 public/blank/pipeline/phase-05-simulation/simulatte-physics-model-spec-api.js
SOURCE-SIZE warning 785 public/blank/pipeline/phase-06-visual/simulatte-prompt-visual-contracts.js
SOURCE-SIZE warning 784 public/blank/pipeline/phase-03-retrieval/simulatte-semantic-rag-surface-cards.js
SOURCE-SIZE warning 770 public/shared/contracts/world-proof-intent.js
SOURCE-SIZE warning 769 public/shared/plugins/maritime-trade-global/index.js
SOURCE-SIZE warning 767 public/blank/pipeline/phase-04-grounded-intent/simulatte-graph-synthesis-helpers.js
SOURCE-SIZE warning 762 public/blank/pipeline/phase-06-visual/simulatte-visual-operator-compiler.js
SOURCE-SIZE warning 757 public/blank/pipeline/phase-06-visual/simulatte-composition-graph-visual-genome.js
SOURCE-SIZE pass warnings=51 maximum=999

> check:runtime-entrypoint
> node tools/sync-runtime-script-entrypoint.mjs

runtime script entrypoint is synchronized

> check:world-entrypoint
> node tools/check-world-runtime-entrypoint.mjs

World runtime entrypoint is synchronized (13 eager scripts, 235 inventoried, 5 exclusive stages).

> check:artifacts
> node tools/sync-generated-artifact-inventory.mjs

Generated artifact inventory is synchronized (9 artifacts).

> check:pipeline-map
> node tools/check-pipeline-engineering-map.mjs

Pipeline engineering map resolved 16 jobs with owners, tests, validators, browser gates, and evidence.
START browser-harness.test.cjs
START browser-memory-receipt.test.cjs
PASSED browser-memory-receipt.test.cjs tests=2
PASSED browser-harness.test.cjs tests=7
START catscan.test.cjs
START causal-phase-diagnosis.test.cjs
PASSED catscan.test.cjs tests=5
START compile-human-reviews.test.cjs
PASSED causal-phase-diagnosis.test.cjs tests=5
START data-workbench.test.cjs
PASSED compile-human-reviews.test.cjs tests=1
START governing-metric.test.cjs
PASSED data-workbench.test.cjs tests=11
START gpu-supercluster.test.cjs
PASSED gpu-supercluster.test.cjs tests=18
START js-shape-architecture.test.cjs
PASSED governing-metric.test.cjs tests=4
START js-shape-browser-render.test.cjs
FAILED js-shape-browser-render.test.cjs tests=13
CANCELLED js-shape-architecture.test.cjs tests=8

--- js-shape-architecture.test.cjs (cancelled) ---
TAP version 13
# Subtest: public javascript keeps lines below the repository ceiling
ok 1 - public javascript keeps lines below the repository ceiling
  ---
  duration_ms: 36.039974
  type: 'test'
  ...
# Subtest: phase modules reject every implicit refactor scope
ok 2 - phase modules reject every implicit refactor scope
  ---
  duration_ms: 12.743596
  type: 'test'
  ...
# Subtest: phase shard exports use collision-safe owned registry definitions
ok 3 - phase shard exports use collision-safe owned registry definitions
  ---
  duration_ms: 4.969235
  type: 'test'
  ...
# Subtest: autonomy and shared surfaces stay free of refactor scope shards
ok 4 - autonomy and shared surfaces stay free of refactor scope shards
  ---
  duration_ms: 14.327632
  type: 'test'
  ...
# Subtest: app product boundaries use loading prompt simulation and pipeline directories
ok 5 - app product boundaries use loading prompt simulation and pipeline directories
  ---
  duration_ms: 11.497714
  type: 'test'
  ...
# Subtest: phase contracts declare the strict eight-phase handoff
ok 6 - phase contracts declare the strict eight-phase handoff
  ---
  duration_ms: 0.413048
  type: 'test'
  ...
# Subtest: intent runtime keeps one visible line and does not silently fallback locally
ok 7 - intent runtime keeps one visible line and does not silently fallback locally
  ---
  duration_ms: 3.339103
  type: 'test'
  ...
# Subtest: product path removed the parallel world planner and legacy pipeline export
ok 8 - product path removed the parallel world planner and legacy pipeline export
  ---
  duration_ms: 500.742043
  type: 'test'
  ...
1..8
# tests 8
# suites 0
# pass 8
# fail 0
# cancelled 0
# skipped 0
# todo 0
# duration_ms 812.538114

--- js-shape-browser-render.test.cjs (failed) ---
TAP version 13
# Subtest: physics renderer is a browser coordinator, not a legacy Canvas2D painter library
ok 1 - physics renderer is a browser coordinator, not a legacy Canvas2D painter library
  ---
  duration_ms: 12.112395
  type: 'test'
  ...
# Subtest: physics loading uses a phase-reactive canvas Snake game instead of a card mosaic
not ok 2 - physics loading uses a phase-reactive canvas Snake game instead of a card mosaic
  ---
  duration_ms: 21.271146
  type: 'test'
  location: '/home/clocksmith/deco/simulatte/tests/js-shape-suite.cjs:26:10'
  failureType: 'testCodeFailure'
  error: |-
    The input did not match the regular expression /setSpec\(nextSpec, \{ visible: true \}\)/. Input:
    
    '(function attachSimulattePromptControllerSupport(root) {\n' +
      "  const model = typeof module === 'object' && module.exports\n" +
      "    ? require('../../pipeline/phase-05-simulation/simulatte-physics-model.js')\n" +
      '    : root.SimulattePhysicsModel;\n' +
      "  const runtimeProgressApi = typeof module === 'object' && module.exports\n" +
      "    ? require('../runtime/runtime-progress.js')\n" +
      '    : root.SimulatteRuntimeProgress;\n' +
      '  if (!model || !runtimeProgressApi) {\n' +
      "    throw new Error('SimulattePromptControllerSupport requires physics model and runtime progress');\n" +
      '  }\n' +
      '  const {\n' +
      '    EXAMPLE_INTENTS,\n' +
      '    applyInteractionCommands,\n' +
      '    clamp,\n' +
      '    controlsForSpec,\n' +
      '    createRenderExecutionInput,\n' +
      '    createSimulationState,\n' +
      '    createIntentProofReceiptForSpec,\n' +
      '    createSemanticProofReceiptForSpec,\n' +
      '    createSimulationReproducibilityReceiptForSpec,\n' +
      '    createSafetyProofReceiptForSpec,\n' +
      '    createSpec,\n' +
      '    createSpecFromPrompt,\n' +
      '    deserializeSpec,\n' +
      '    applyWorldSpecEdit,\n' +
      '    normalizeSpec,\n' +
      '    readoutLabelsForSpec,\n' +
      '    readoutValues,\n' +
      '    remixSpec,\n' +
      '    recordWorldSpecEdit,\n' +
      '    serializeSpec,\n' +
      '    stateLabel,\n' +
      '    stepSimulation,\n' +
      '  } = model;\n' +
      '\n' +
      '  function countRows(rows) {\n' +
      '    return Array.isArray(rows) ? rows.length : 0;\n' +
      '  }\n' +
      '\n' +
      '  function worldModelSummary(prompt, sceneKind, counts) {\n' +
      "    const source = String(prompt || '').trim() || 'blank construction plane';\n" +
      '    const compact = source.length > 84 ? `${source.slice(0, 81).trim()}...` : source;\n' +
      '    const evidence = counts.graphNodes || counts.visualEntities || counts.graphicsAtomRows\n' +
      '      ? `${counts.graphNodes} nodes, ${counts.visualEntities} visual entities, ${counts.graphicsAtomRows} atoms`\n' +
      "      : 'awaiting compiled evidence';\n" +
      "    return `${compact} -> ${sceneKind || 'world'} | ${evidence}`;\n" +
      '  }\n' +
      '\n' +
      '  function worldModelSnapshot(spec = {}) {\n' +
      '    const intentBrief = spec.intent && spec.intent.intentBrief || {};\n' +
      '    const universeBrief = spec.universeGraph && spec.universeGraph.intentBrief || {};\n' +
      '    const physicalReceipt = spec.physicalSpec && spec.physicalSpec.receipt || {};\n' +
      '    const receiptBrief = physicalReceipt.intentBrief || {};\n' +
      '    const renderReceipt = spec.renderIR && spec.renderIR.intentBriefReceipt || {};\n' +
      '    const compactBrief = renderReceipt.schema ? renderReceipt : receiptBrief;\n' +
      '    const visualIR = spec.renderProgram && spec.renderProgram.visualIR || {};\n' +
      '    const graphicsAtoms = visualIR.graphicsAtoms || {};\n' +
      '    const prompt = spec.renderIR && spec.renderIR.prompt ||\n' +
      "      spec.universeGraph && spec.universeGraph.prompt || spec.name || '';\n" +
      '    const sceneKind = visualIR.sceneKind ||\n' +
      '      spec.renderProgram && spec.renderProgram.rendererPlan && spec.renderProgram.rendererPlan.sceneKind ||\n' +
      "      spec.renderIR && spec.renderIR.sceneHint || spec.templateId || 'blank-world';\n" +
      '    const languageSpans = countRows(intentBrief.languageEvidence && intentBrief.languageEvidence.spans) ||\n' +
      '      countRows(universeBrief.languageEvidence && universeBrief.languageEvidence.spans) ||\n' +
      '      countRows(compactBrief.languageSpans);\n' +
      '    const acceptedActivations = countRows(intentBrief.groundedInterpretation && intentBrief.groundedInterpretation.acceptedActivations) ||\n' +
      '      countRows(universeBrief.groundedInterpretation && universeBrief.groundedInterpretation.acceptedActivations) ||\n' +
      '      countRows(compactBrief.acceptedActivations);\n' +
      '    const graphNodes = countRows(spec.universeGraph && spec.universeGraph.nodes);\n' +
      '    const graphEdges = countRows(spec.universeGraph && spec.universeGraph.edges);\n' +
      '    const physicsOperators = countRows(spec.physicsIR && spec.physicsIR.operators);\n' +
      '    const visualEntities = countRows(visualIR.entities);\n' +
      '    const visualProcesses = countRows(visualIR.processes);\n' +
      '    const graphicsAtomRows = [\n' +
      "      'mappings', 'geometry', 'fields', 'materials', 'processes', 'motion', 'camera', 'languageSignals',\n" +
      '    ].reduce((sum, key) => sum + countRows(graphicsAtoms[key]), 0);\n' +
      '    const assumptions = countRows(intentBrief.assumptions) || countRows(universeBrief.assumptions) ||\n' +
      '      Number(physicalReceipt.assumptionCount || 0);\n' +
      '    const unsupported = countRows(intentBrief.unsupported) + countRows(intentBrief.degradedTo) ||\n' +
      '      countRows(universeBrief.unsupported) + countRows(universeBrief.degradedTo) ||\n' +
      '      Number(physicalReceipt.unsupportedCount || 0) + Number(physicalReceipt.degradedCount || 0);\n' +
      '    return {\n' +
      "      schema: 'simulatte.visibleWorldModelReceipt.v1',\n" +
      "      template: spec.templateId || '',\n" +
      '      prompt,\n' +
      '      sceneKind,\n' +
      '      summary: worldModelSummary(prompt, sceneKind, { graphNodes, graphEdges, visualEntities, graphicsAtomRows }),\n' +
      '      languageSpans,\n' +
      '      acceptedActivations,\n' +
      '      graphNodes,\n' +
      '      graphEdges,\n' +
      '      physicsOperators,\n' +
      '      solverSteps: countRows(spec.solverGraph && spec.solverGraph.steps),\n' +
      '      visualEntities,\n' +
      '      visualProcesses,\n' +
      '      graphicsAtoms: graphicsAtomRows,\n' +
      '      mappings: countRows(graphicsAtoms.mappings),\n' +
      '      wgslOperators: countRows(graphicsAtoms.wgslOperators),\n' +
      '      assumptions,\n' +
      '      unsupported,\n' +
      '      receipts: {\n' +
      "        intentBrief: intentBrief.schema || universeBrief.schema || compactBrief.schema || '',\n" +
      "        universeGraph: spec.universeGraph && spec.universeGraph.schema || '',\n" +
      "        physicsIR: spec.physicsIR && spec.physicsIR.schema || '',\n" +
      "        solverGraph: spec.solverGraph && spec.solverGraph.schema || '',\n" +
      "        visualIR: visualIR.schema || '',\n" +
      "        graphicsAtoms: graphicsAtoms.schema || '',\n" +
      '      },\n' +
      '    };\n' +
      '  }\n' +
      '\n' +
      '  const api = Object.freeze({\n' +
      '    model,\n' +
      '    runtimeProgressApi,\n' +
      '    EXAMPLE_INTENTS,\n' +
      '    applyInteractionCommands,\n' +
      '    clamp,\n' +
      '    controlsForSpec,\n' +
      '    createRenderExecutionInput,\n' +
      '    createSimulationState,\n' +
      '    createIntentProofReceiptForSpec,\n' +
      '    createSemanticProofReceiptForSpec,\n' +
      '    createSimulationReproducibilityReceiptForSpec,\n' +
      '    createSafetyProofReceiptForSpec,\n' +
      '    createSpec,\n' +
      '    createSpecFromPrompt,\n' +
      '    deserializeSpec,\n' +
      '    applyWorldSpecEdit,\n' +
      '    normalizeSpec,\n' +
      '    readoutLabelsForSpec,\n' +
      '    readoutValues,\n' +
      '    remixSpec,\n' +
      '    recordWorldSpecEdit,\n' +
      '    serializeSpec,\n' +
      '    stateLabel,\n' +
      '    stepSimulation,\n' +
      '    worldModelSnapshot,\n' +
      '  });\n' +
      "  if (typeof module === 'object' && module.exports) module.exports = api;\n" +
      '  root.SimulattePromptControllerSupport = api;\n' +
      "})(typeof globalThis !== 'undefined' ? globalThis : window);\n" +
      '\n' +
      '(function attachSimulatteConstructionSearch(root, factory) {\n' +
      "  const contracts = typeof module === 'object' && module.exports\n" +
      "    ? require('../../pipeline/simulatte-phase-contracts.js') : root.SimulattePhaseContracts;\n" +
      '  const api = factory(contracts);\n' +
      "  if (typeof module === 'object' && module.exports) module.exports = api;\n" +
      '  root.SimulatteConstructionSearch = api;\n' +
      "})(typeof globalThis !== 'undefined' ? globalThis : window, function createConstructionSearchApi(contracts) {\n" +
      '  const DEFAULT_MAX_ATTEMPTS = 5;\n' +
      "  const FAILURE_STATUSES = new Set(['lost', 'failed', 'wrong-identity', 'not-proven']);\n" +
      '\n' +
      '  function createConstructionSearchState(options = {}) {\n' +
      '    return {\n' +
      "      schema: 'simulatte.constructionSearchState.v1',\n" +
      "      status: 'idle',\n" +
      '      buildSerial: Number(options.buildSerial || 0),\n' +
      '      maxAttempts: boundedInteger(options.maxAttempts, 1, 8, DEFAULT_MAX_ATTEMPTS),\n' +
      '      handledPacketKeys: [],\n' +
      '      rejectedGrammarIds: [],\n' +
      '      attempts: [],\n' +
      "      terminalReason: '',\n" +
      '    };\n' +
      '  }\n' +
      '\n' +
      '  function observeConstructionSceneProof(report = {}, spec = {}, state = null) {\n' +
      '    const search = state || createConstructionSearchState();\n' +
      "    if (report.final !== true) return constructionSearchDecision('wait', search, null);\n" +
      "    if (['accepted', 'failed', 'exhausted'].includes(search.status)) {\n" +
      '      return constructionSearchDecision(\n' +
      "        'ignore',\n" +
      '        search,\n' +
      '        null,\n' +
      '        `construction search is already ${search.status}`,\n' +
      '      );\n' +
      '    }\n' +
      '    const phase8 = report.phase8Output || null;\n' +
      '    const proof = phase8 && phase8.artifact && phase8.artifact.sceneProof || null;\n' +
      "    if (!proof) return constructionSearchDecision('ignore', search, null, 'missing Phase 8 scene proof');\n" +
      '    const packet = report.sceneRenderPacket || constructionScenePacket(spec);\n' +
      '    const packetKey = String(report.packetKey || constructionPacketIdentity(packet));\n' +
      '    if (packetKey && search.handledPacketKeys.includes(packetKey)) {\n' +
      "      return constructionSearchDecision('duplicate', search, null, 'scene packet already settled');\n" +
      '    }\n' +
      '    if (packetKey) search.handledPacketKeys.push(packetKey);\n' +
      '\n' +
      '    const ledger = phase8.artifact.compositionLedger || {};\n' +
      '    const failed = constructionFailedObligations(proof, ledger);\n' +
      '    const programRows = constructionProgramRows(packet);\n' +
      '    const attemptNumber = constructionAttemptNumber(programRows, search);\n' +
      '    const selectedGrammarIds = uniqueStrings(programRows.map((row) => row.grammarId));\n' +
      '    const retryPrograms = constructionRetryPrograms(failed, programRows);\n' +
      '    const retryGrammarIds = uniqueStrings(retryPrograms.map((row) => row.grammarId));\n' +
      '    const attempt = {\n' +
      "      schema: 'simulatte.constructionSearchAttempt.v2',\n" +
      '      evidence: contracts.immutableArtifact({ phase7Output: report.phase7Output || null, phase8Output: phase8 }),\n' +
      '      attempt: attemptNumber,\n' +
      '      packetKey,\n' +
      "      verdict: proof.verdict || 'not-proven',\n" +
      "      pixelAuditStatus: proof.evidence && proof.evidence.pixelAuditStatus || '',\n" +
      '      selectedGrammarIds,\n' +
      '      rejectedGrammarIds: search.rejectedGrammarIds.slice(),\n' +
      '      failedObligationIds: failed.map((row) => row.id),\n' +
      '      retryGrammarIds,\n' +
      "      status: proof.verdict === 'pass' ? 'accepted' : 'rejected',\n" +
      '    };\n' +
      '    search.attempts.push(attempt);\n' +
      '\n' +
      "    if (proof.verdict === 'pass') {\n" +
      "      search.status = 'accepted';\n" +
      "      search.terminalReason = 'all required render, morphology, and pixel obligations passed';\n" +
      "      return constructionSearchDecision('accept', search, attempt, search.terminalReason);\n" +
      '    }\n' +
      '    if (!retryGrammarIds.length) {\n' +
      "      search.status = 'failed';\n" +
      "      search.terminalReason = 'Phase 8 failed without an entity construction program that can be replaced';\n" +
      "      return constructionSearchDecision('stop', search, attempt, search.terminalReason);"... 162143 more characters
    
  code: 'ERR_ASSERTION'
  name: 'AssertionError'
  expected:
  actual: |-
    (function attachSimulattePromptControllerSupport(root) {
      const model = typeof module === 'object' && module.exports
        ? require('../../pipeline/phase-05-simulation/simulatte-physics-model.js')
        : root.SimulattePhysicsModel;
      const runtimeProgressApi = typeof module === 'object' && module.exports
        ? require('../runtime/runtime-progress.js')
        : root.SimulatteRuntimeProgress;
      if (!model || !runtimeProgressApi) {
        throw new Error('SimulattePromptControllerSupport requires physics model and runtime progress');
      }
      const {
        EXAMPLE_INTENTS,
        applyInteractionCommands,
        clamp,
        controlsForSpec,
        createRenderExecutionInput,
        createSimulationState,
        createIntentProofReceiptForSpec,
        createSemanticProofReceiptForSpec,
        createSimulationReproducibilityReceiptForSpec,
        createSafetyProofReceiptForSpec,
        createSpec,
        createSpecFromPrompt,
        deserializeSpec,
        applyWorldSpecEdit,
        normalizeSpec,
        readoutLabelsForSpec,
        readoutValues,
        remixSpec,
        recordWorldSpecEdit,
        serializeSpec,
        stateLabel,
        stepSimulation,
      } = model;
    
      function countRows(rows) {
        return Array.isArray(rows) ? rows.length : 0;
      }
    
      function worldModelSummary(prompt, sceneKind, counts) {
        const source = String(prompt || '').trim() || 'blank construction plane';
        const compact = source.length > 84 ? `${source.slice(0, 81).trim()}...` : source;
        const evidence = counts.graphNodes || counts.visualEntities || counts.graphicsAtomRows
          ? `${counts.graphNodes} nodes, ${counts.visualEntities} visual entities, ${counts.graphicsAtomRows} atoms`
          : 'awaiting compiled evidence';
        return `${compact} -> ${sceneKind || 'world'} | ${evidence}`;
      }
    
      function worldModelSnapshot(spec = {}) {
        const intentBrief = spec.intent && spec.intent.intentBrief || {};
        const universeBrief = spec.universeGraph && spec.universeGraph.intentBrief || {};
        const physicalReceipt = spec.physicalSpec && spec.physicalSpec.receipt || {};
        const receiptBrief = physicalReceipt.intentBrief || {};
        const renderReceipt = spec.renderIR && spec.renderIR.intentBriefReceipt || {};
        const compactBrief = renderReceipt.schema ? renderReceipt : receiptBrief;
        const visualIR = spec.renderProgram && spec.renderProgram.visualIR || {};
        const graphicsAtoms = visualIR.graphicsAtoms || {};
        const prompt = spec.renderIR && spec.renderIR.prompt ||
          spec.universeGraph && spec.universeGraph.prompt || spec.name || '';
        const sceneKind = visualIR.sceneKind ||
          spec.renderProgram && spec.renderProgram.rendererPlan && spec.renderProgram.rendererPlan.sceneKind ||
          spec.renderIR && spec.renderIR.sceneHint || spec.templateId || 'blank-world';
        const languageSpans = countRows(intentBrief.languageEvidence && intentBrief.languageEvidence.spans) ||
          countRows(universeBrief.languageEvidence && universeBrief.languageEvidence.spans) ||
          countRows(compactBrief.languageSpans);
        const acceptedActivations = countRows(intentBrief.groundedInterpretation && intentBrief.groundedInterpretation.acceptedActivations) ||
          countRows(universeBrief.groundedInterpretation && universeBrief.groundedInterpretation.acceptedActivations) ||
          countRows(compactBrief.acceptedActivations);
        const graphNodes = countRows(spec.universeGraph && spec.universeGraph.nodes);
        const graphEdges = countRows(spec.universeGraph && spec.universeGraph.edges);
        const physicsOperators = countRows(spec.physicsIR && spec.physicsIR.operators);
        const visualEntities = countRows(visualIR.entities);
        const visualProcesses = countRows(visualIR.processes);
        const graphicsAtomRows = [
          'mappings', 'geometry', 'fields', 'materials', 'processes', 'motion', 'camera', 'languageSignals',
        ].reduce((sum, key) => sum + countRows(graphicsAtoms[key]), 0);
        const assumptions = countRows(intentBrief.assumptions) || countRows(universeBrief.assumptions) ||
          Number(physicalReceipt.assumptionCount || 0);
        const unsupported = countRows(intentBrief.unsupported) + countRows(intentBrief.degradedTo) ||
          countRows(universeBrief.unsupported) + countRows(universeBrief.degradedTo) ||
          Number(physicalReceipt.unsupportedCount || 0) + Number(physicalReceipt.degradedCount || 0);
        return {
          schema: 'simulatte.visibleWorldModelReceipt.v1',
          template: spec.templateId || '',
          prompt,
          sceneKind,
          summary: worldModelSummary(prompt, sceneKind, { graphNodes, graphEdges, visualEntities, graphicsAtomRows }),
          languageSpans,
          acceptedActivations,
          graphNodes,
          graphEdges,
          physicsOperators,
          solverSteps: countRows(spec.solverGraph && spec.solverGraph.steps),
          visualEntities,
          visualProcesses,
          graphicsAtoms: graphicsAtomRows,
          mappings: countRows(graphicsAtoms.mappings),
          wgslOperators: countRows(graphicsAtoms.wgslOperators),
          assumptions,
          unsupported,
          receipts: {
            intentBrief: intentBrief.schema || universeBrief.schema || compactBrief.schema || '',
            universeGraph: spec.universeGraph && spec.universeGraph.schema || '',
            physicsIR: spec.physicsIR && spec.physicsIR.schema || '',
            solverGraph: spec.solverGraph && spec.solverGraph.schema || '',
            visualIR: visualIR.schema || '',
            graphicsAtoms: graphicsAtoms.schema || '',
          },
        };
      }
    
      const api = Object.freeze({
        model,
        runtimeProgressApi,
        EXAMPLE_INTENTS,
        applyInteractionCommands,
        clamp,
        controlsForSpec,
        createRenderExecutionInput,
        createSimulationState,
        createIntentProofReceiptForSpec,
        createSemanticProofReceiptForSpec,
        createSimulationReproducibilityReceiptForSpec,
        createSafetyProofReceiptForSpec,
        createSpec,
        createSpecFromPrompt,
        deserializeSpec,
        applyWorldSpecEdit,
        normalizeSpec,
        readoutLabelsForSpec,
        readoutValues,
        remixSpec,
        recordWorldSpecEdit,
        serializeSpec,
        stateLabel,
        stepSimulation,
        worldModelSnapshot,
      });
      if (typeof module === 'object' && module.exports) module.exports = api;
      root.SimulattePromptControllerSupport = api;
    })(typeof globalThis !== 'undefined' ? globalThis : window);
    
    (function attachSimulatteConstructionSearch(root, factory) {
      const contracts = typeof module === 'object' && module.exports
        ? require('../../pipeline/simulatte-phase-contracts.js') : root.SimulattePhaseContracts;
      const api = factory(contracts);
      if (typeof module === 'object' && module.exports) module.exports = api;
      root.SimulatteConstructionSearch = api;
    })(typeof globalThis !== 'undefined' ? globalThis : window, function createConstructionSearchApi(contracts) {
      const DEFAULT_MAX_ATTEMPTS = 5;
      const FAILURE_STATUSES = new Set(['lost', 'failed', 'wrong-identity', 'not-proven']);
    
      function createConstructionSearchState(options = {}) {
        return {
          schema: 'simulatte.constructionSearchState.v1',
          status: 'idle',
          buildSerial: Number(options.buildSerial || 0),
          maxAttempts: boundedInteger(options.maxAttempts, 1, 8, DEFAULT_MAX_ATTEMPTS),
          handledPacketKeys: [],
          rejectedGrammarIds: [],
          attempts: [],
          terminalReason: '',
        };
      }
    
      function observeConstructionSceneProof(report = {}, spec = {}, state = null) {
        const search = state || createConstructionSearchState();
        if (report.final !== true) return constructionSearchDecision('wait', search, null);
        if (['accepted', 'failed', 'exhausted'].includes(search.status)) {
          return constructionSearchDecision(
            'ignore',
            search,
            null,
            `construction search is already ${search.status}`,
          );
        }
        const phase8 = report.phase8Output || null;
        const proof = phase8 && phase8.artifact && phase8.artifact.sceneProof || null;
        if (!proof) return constructionSearchDecision('ignore', search, null, 'missing Phase 8 scene proof');
        const packet = report.sceneRenderPacket || constructionScenePacket(spec);
        const packetKey = String(report.packetKey || constructionPacketIdentity(packet));
        if (packetKey && search.handledPacketKeys.includes(packetKey)) {
          return constructionSearchDecision('duplicate', search, null, 'scene packet already settled');
        }
        if (packetKey) search.handledPacketKeys.push(packetKey);
    
        const ledger = phase8.artifact.compositionLedger || {};
        const failed = constructionFailedObligations(proof, ledger);
        const programRows = constructionProgramRows(packet);
        const attemptNumber = constructionAttemptNumber(programRows, search);
        const selectedGrammarIds = uniqueStrings(programRows.map((row) => row.grammarId));
        const retryPrograms = constructionRetryPrograms(failed, programRows);
        const retryGrammarIds = uniqueStrings(retryPrograms.map((row) => row.grammarId));
        const attempt = {
          schema: 'simulatte.constructionSearchAttempt.v2',
          evidence: contracts.immutableArtifact({ phase7Output: report.phase7Output || null, phase8Output: phase8 }),
          attempt: attemptNumber,
          packetKey,
          verdict: proof.verdict || 'not-proven',
          pixelAuditStatus: proof.evidence && proof.evidence.pixelAuditStatus || '',
          selectedGrammarIds,
          rejectedGrammarIds: search.rejectedGrammarIds.slice(),
          failedObligationIds: failed.map((row) => row.id),
          retryGrammarIds,
          status: proof.verdict === 'pass' ? 'accepted' : 'rejected',
        };
        search.attempts.push(attempt);
    
        if (proof.verdict === 'pass') {
          search.status = 'accepted';
          search.terminalReason = 'all required render, morphology, and pixel obligations passed';
          return constructionSearchDecision('accept', search, attempt, search.terminalReason);
        }
        if (!retryGrammarIds.length) {
          search.status = 'failed';
          search.terminalReason = 'Phase 8 failed without an entity construction program that can be replaced';
          return constructionSearchDecision('stop', search, attempt, search.terminalReason);
        }
    
        const rejectedGrammarIds = uniqueStrings([
          ...search.rejectedGrammarIds,
          ...retryGrammarIds,
        ]).slice(0, 64);
        if (search.attempts.length >= search.maxAttempts) {
          search.status = 'exhausted';
          search.rejectedGrammarIds = rejectedGrammarIds;
          search.terminalReason = 'bounded construction search reached its attempt limit';
          return constructionSearchDecision('stop', search, attempt, search.terminalReason);
        }
        if (!constructionAlternativeExists(retryPrograms, rejectedGrammarIds)) {
          search.status = 'exhausted';
          search.rejectedGrammarIds = rejectedGrammarIds;
          search.terminalReason = 'every evidence-backed construction candidate for the failed entities was rejected';
          return constructionSearchDecision('stop', search, attempt, search.terminalReason);
        }
    
        search.status = 'retrying';
        search.rejectedGrammarIds = rejectedGrammarIds;
        search.terminalReason = '';
        const nextApproach = {
          schema: 'simulatte.constructionApproach.v2',
          id: 'prompt-obligation-coverage',
          seed: constructionApproachSeed(programRows) + 1,
          attempt: attemptNumber + 1,
          rejectedGrammarIds: rejectedGrammarIds.slice(),
          failedObligationIds: failed.map((row) => row.id).slice(0, 32),
        };
        return constructionSearchDecision('retry', search, attempt, '', nextApproach);
      }
    
      function constructionSearchDecision(action, state, attempt, reason = '', nextApproach = null) {
        return {
          schema: 'simulatte.constructionSearchDecision.v1',
          action,
          reason,
          attempt,
          nextApproach,
          state,
        };
      }
    
      function constructionFailedObligations(proof = {}, ledger = {}) {
        const settledById = new Map((proof.settledObligations || []).map((row) => [row.obligationId, row]));
        return (ledger.obligations || []).filter((row) => {
          const id = String(row.obligationId || row.id || '');
          const settled = settledById.get(id);
          const status = settled && settled.status || row.status || '';
          return row.required === true && FAILURE_STATUSES.has(String(status));
        }).map((row) => ({
          ...row,
          id: String(row.obligationId || row.id || ''),
          settledStatus: settledById.get(String(row.obligationId || row.id || ''))?.status || row.status || '',
        }));
      }
    
      function constructionProgramRows(packet = {}) {
        return (packet.entities || []).map((entity) => {
          const program = entity && entity.geometry && entity.geometry.program || {};
          const receipt = program.constructionSelectionReceipt || {};
          return {
            entityId: entity.id || '',
            sourceEntityId: entity.cardinalityReceipt && entity.cardinalityReceipt.sourceEntityId || entity.id || '',
            identity: entity.identity && entity.identity.type || program.identityType || '',
            grammarId: program.grammarId || '',
            attempt: Number(receipt.attempt || 0),
            seed: Number(receipt.seed || 0),
            candidates: (receipt.candidates || []).map((row) => row.grammarId).filter(Boolean),
          };
        }).filter((row) => row.grammarId);
      }
    
      function constructionRetryPrograms(failures = [], programs = []) {
        const matched = [];
        for (const failure of failures) {
          if (failure.constraintKind === 'environment' || failure.kind === 'environment') continue;
          const selected = String(failure.selectedGrammarId || '');
          const targetId = String(failure.targetEntityId || '');
          const targetIdentity = normalizeIdentity(
            failure.targetIdentity || failure.target || constructionIdentityFromObligationId(failure.id)
          );
          const rows = programs.filter((row) => (
            selected && row.grammarId === selected ||
            targetId && (row.entityId === targetId || row.sourceEntityId === targetId) ||
            targetIdentity && normalizeIdentity(row.identity) === targetIdentity
          ));
          matched.push(...rows);
        }
        return uniqueProgramRows(matched);
      }
    
      function constructionAlternativeExists(programs = [], rejectedGrammarIds = []) {
        const rejected = new Set(rejectedGrammarIds);
        return programs.some((program) => program.candidates.some((id) => !rejected.has(id)));
      }
    
      function constructionAttemptNumber(programs = [], state = {}) {
        const values = programs.map((row) => row.attempt).filter(Number.isFinite);
        return values.length ? Math.max(...values) : Math.max(0, (state.attempts || []).length);
      }
    
      function constructionApproachSeed(programs = []) {
        const values = programs.map((row) => row.seed).filter(Number.isFinite);
        return values.length ? Math.max(...values) : 0;
      }
    
      async function createConstructionRetryRequest(inputSpec, inputDecision, inputReport) {
        const { spec, decision, report } = contracts.immutableArtifact({
          spec: inputSpec, decision: inputDecision, report: inputReport,
        });
        const approach = decision.nextApproach;
        const search = decision.state;
        const binding = report.phase7Output?.artifact?.renderExecution?.worldProofBinding?.worldSpec;
        if (report.final !== true || binding?.contentHash !== spec.contentHash ||
            binding.revision !== spec.authorship.revision) {
          throw new Error('Construction retry failure does not bind the accepted WorldSpec');
        }
        if (decision.schema !== 'simulatte.constructionSearchDecision.v1' || decision.action !== 'retry' ||
            search?.status !== 'retrying' || !Number.isInteger(search.maxAttempts) || search.maxAttempts < 1 ||
            search.maxAttempts > 8 || !search.attempts.length || search.attempts.length >= search.maxAttempts ||
            contracts.canonicalJson(search.attempts.at(-1)) !== contracts.canonicalJson(decision.attempt)) {
          throw new Error('Construction retry requires a retained decision within its attempt budget');
        }
        const failed = constructionFailedObligations(report.phase8Output.artifact.sceneProof,
          report.phase8Output.artifact.compositionLedger).map(row => row.id).slice(0, 32);
        if (!approach || approach.schema !== 'simulatte.constructionApproach.v2' ||
            approach.id !== 'prompt-obligation-coverage' || !Number.isSafeInteger(approach.seed) || approach.seed < 0 ||
            approach.attempt !== decision.attempt.attempt + 1 || approach.attempt < 1 ||
            !failed.length || contracts.canonicalJson(failed) !== contracts.canonicalJson(approach.failedObligationIds) ||
            contracts.canonicalJson(search.rejectedGrammarIds) !== contracts.canonicalJson(approach.rejectedGrammarIds) ||
            report.phase8Output.artifact.sceneProof.verdict === 'pass') {
          throw new Error('Construction retry policy contradicts its retained failure');
        }
        if (contracts.canonicalJson(report.sceneRenderPacket) !== contracts.canonicalJson(constructionScenePacket(spec)) ||
            contracts.canonicalJson(decision.attempt.evidence) !== contracts.canonicalJson({
              phase7Output: report.phase7Output, phase8Output: report.phase8Output,
            })) throw new Error('Construction retry evidence differs from its retained attempt or source packet');
        const previousSearch = { ...search, status: 'idle', terminalReason: '',
          attempts: search.attempts.slice(0, -1),
          handledPacketKeys: search.handledPacketKeys.filter(key => key !== decision.attempt.packetKey),
          rejectedGrammarIds: decision.attempt.rejectedGrammarIds,
        };
        const expected = observeConstructionSceneProof(report, spec, previousSearch);
        if (contracts.canonicalJson(expected) !== contracts.canonicalJson(decision)) {
          throw new Error('Construction retry decision cannot be reproduced from its failure');
        }
        contracts.assertPhaseEnvelope(spec.phaseArtifacts.phase6, 6, 'Construction retry source');
        contracts.assertPhaseEnvelope(report.phase7Output, 7, 'Construction retry render evidence');
        contracts.assertPhaseEnvelope(report.phase8Output, 8, 'Construction retry failure evidence');
        return contracts.createRequestEnvelope({
          request: { kind: 'prompt', text: spec.source.prompt },
          configuration: { ...spec.source.compilerConfig, constructionApproach: approach, compilerLane: 'pipeline-worker' },
          authoredInputs: [],
          retryPolicy: {
            id: 'construction-search-v1', attempt: approach.attempt, maxAttempts: search.maxAttempts,
            priorAttemptCount: search.attempts.length,
            previousWorldSpecDigest: await contracts.artifactDigest(spec),
            previousPhase6Digest: await contracts.artifactDigest(spec.phaseArtifacts.phase6),
            renderEvidenceDigest: await contracts.artifactDigest(report.phase7Output),
            failureEvidenceDigest: await contracts.artifactDigest(report.phase8Output),
            decisionDigest: await contracts.artifactDigest(decision),
            rejectedGrammarIds: approach.rejectedGrammarIds, failedObligationIds: approach.failedObligationIds,
            acceptedEdits: spec.authorship.patches.length ? 'require-reconciliation' : 'none',
          },
        });
      }
    
      function constructionScenePacket(spec = {}) {
        return spec.phaseArtifacts && spec.phaseArtifacts.phase6 && spec.phaseArtifacts.phase6.artifact &&
          spec.phaseArtifacts.phase6.artifact.visualCompile &&
          spec.phaseArtifacts.phase6.artifact.visualCompile.sceneRenderPacket || null;
      }
    
      function constructionPacketIdentity(packet = {}) {
        return (packet.entities || []).map((row) => [
          row.id,
          row.geometry && row.geometry.program && row.geometry.program.grammarId,
        ].filter(Boolean).join(':')).join('|');
      }
    
      function syncConstructionSearchDataset(canvas, decision = {}) {
        if (!canvas || !canvas.dataset) return;
        const state = decision.state || {};
        canvas.dataset.constructionSearchSchema = state.schema || '';
        canvas.dataset.constructionSearchStatus = state.status || '';
        canvas.dataset.constructionSearchAttemptCount = String((state.attempts || []).length);
        canvas.dataset.constructionSearchRejectedGrammarIds = (state.rejectedGrammarIds || []).join(',');
        canvas.dataset.constructionSearchDecision = decision.action || '';
        const attempt = decision.attempt ? Object.fromEntries(Object.entries(decision.attempt).filter(([key]) => key !== 'evidence')) : null;
        canvas.dataset.constructionSearchReceipt = JSON.stringify({
          action: decision.action || '',
          reason: decision.reason || '',
          attempt,
          nextApproach: decision.nextApproach || null,
        }).slice(0, 4000);
      }
    
      function uniqueProgramRows(rows = []) {
        const seen = new Set();
        return rows.filter((row) => {
          const key = `${row.sourceEntityId}:${row.grammarId}`;
          if (seen.has(key)) return false;
          seen.add(key);
          return true;
        });
      }
    
      function uniqueStrings(values = []) {
        return Array.from(new Set(values.map((value) => String(value || '').trim()).filter(Boolean)));
      }
    
      function normalizeIdentity(value = '') {
        const text = String(value || '').toLowerCase().replace(/[^a-z0-9]+/g, '-').replace(/^-|-$/g, '');
        return text.length > 3 && text.endsWith('s') && !/(?:ss|us|is)$/.test(text) ? text.slice(0, -1) : text;
      }
    
      function constructionIdentityFromObligationId(value = '') {
        const parts = String(value || '').split(':');
        if (parts[0] === 'entity' || parts[0] === 'object') return parts[1] || '';
        return '';
      }
    
      function boundedInteger(value, min, max, fallback) {
        const parsed = Number(value);
        return Number.isInteger(parsed) ? Math.max(min, Math.min(max, parsed)) : fallback;
      }
    
      return Object.freeze({
        DEFAULT_MAX_ATTEMPTS,
        createConstructionSearchState,
        observeConstructionSceneProof,
        constructionFailedObligations,
        constructionProgramRows,
        constructionRetryPrograms,
        constructionAlternativeExists,
        createConstructionRetryRequest,
        syncConstructionSearchDataset,
      });
    });
    
    (function attachSimulattePromptControllerRuntime(root, factory) {
      const api = factory();
      if (typeof module === 'object' && module.exports) module.exports = api;
      root.SimulattePromptControllerRuntime = api;
    })(typeof globalThis !== 'undefined' ? globalThis : window, function createPromptControllerRuntime() {
        function createFpsMeter(node, canvas) {
            let lastNow = 0;
            let frameCount = 0;
            let elapsedMs = 0;
            let lastVisible = false;
    
            function publish(fps, visible) {
              if (canvas && canvas.dataset) {
                canvas.dataset.fps = visible ? String(fps) : '0';
              }
              if (!node) return;
              if (!visible) {
                if (lastVisible) node.textContent = 'FPS --';
                node.dataset.perf = 'idle';
                lastVisible = false;
                return;
              }
              lastVisible = true;
              node.textContent = `${fps} FPS`;
              node.dataset.perf = fps < 24 ? 'low' : fps < 45 ? 'warn' : 'ok';
            }
    
            return {
              sample(now, visible) {
                if (!visible) {
                  lastNow = now;
                  frameCount = 0;
                  elapsedMs = 0;
                  publish(0, false);
                  return;
                }
                if (!lastNow) {
                  lastNow = now;
                  return;
                }
                const delta = Math.max(0, Math.min(1000, now - lastNow));
                lastNow = now;
                frameCount += 1;
                elapsedMs += delta;
                if (elapsedMs < 500) return;
                const fps = Math.round((frameCount * 1000) / Math.max(1, elapsedMs));
                publish(fps, true);
                frameCount = 0;
                elapsedMs = 0;
              },
            };
          }
    
        function createIntentWorkerClient(root, onProgress = null) {
            const view = root && root.defaultView;
            if (!view || typeof view.Worker !== 'function') return null;
            let worker = null;
            let failed = false;
            let nextId = 0;
            let queue = Promise.resolve();
            let generation = 0;
            const pending = new Map();
            const config = intentWorkerConfig(view);
    
            function rejectAll(error) {
              failed = true;
              generation += 1;
              if (worker) worker.terminate();
              worker = null;
              pending.forEach((entry) => entry.reject(error));
              pending.clear();
            }
    
            function abortedError(message = 'Intent worker request superseded') {
              const error = new Error(message);
              error.name = 'AbortError';
              error.code = 'SIMULATTE_INTENT_ABORTED';
              return error;
            }
    
            function ensureWorker() {
              if (worker) return worker;
              if (failed) throw new Error('Intent worker unavailable');
              const url = new URL('./app/workers/simulatte-intent-worker.js', documentBaseUrl(view));
              appendBuildVersion(url, view);
              try {
                worker = new view.Worker(url, { name: 'simulatte-intent-worker' });
              } catch (error) {
                failed = true;
                throw error;
              }
              const activeWorker = worker;
              worker.addEventListener('message', (event) => {
                if (worker !== activeWorker) return;
                const data = event && event.data || {};
                const entry = pending.get(data.id);
                if (data.type === 'simulatte:intent-worker:progress') {
                  if (entry && typeof entry.onProgress === 'function') entry.onProgress(data.event || {});
                  return;
                }
                if (data.type === 'simulatte:intent-worker:preview') {
                  if (entry && typeof entry.onPreview === 'function') entry.onPreview(data.preview || {});
                  return;
                }
                if (data.type !== 'simulatte:intent-worker:result' || !entry) return;
                pending.delete(data.id);
                if (data.ok) entry.resolve(data.result);
                else entry.reject(new Error(data.error || 'Intent worker failed'));
              });
              worker.addEventListener('error', (event) => {
                if (worker !== activeWorker) return;
                rejectAll(new Error(event.message || 'Intent worker failed'));
              });
              worker.addEventListener('messageerror', () => {
                if (worker !== activeWorker) return;
                rejectAll(new Error('Intent worker message clone failed'));
              });
              return worker;
            }
    
            function request(type, payload = {}, options = {}) {
              const requestGeneration = generation;
              const run = () => {
                if (requestGeneration !== generation) return Promise.reject(abortedError());
                try {
                  ensureWorker();
                } catch (error) {
                  return Promise.reject(error);
                }
                const id = nextId + 1;
                nextId = id;
                return new Promise((resolve, reject) => {
                  pending.set(id, {
                    resolve,
                    reject,
                    onProgress: options.onProgress,
                    onPreview: options.onPreview,
                  });
                  try {
                    worker.postMessage({
                      type,
                      id,
                      config,
                      ...payload,
                    });
                  } catch (error) {
                    pending.delete(id);
                    reject(error);
                  }
                });
              };
              const next = queue.then(run, run);
              queue = next.then(() => undefined, () => undefined);
              return next;
            }
    
            return {
              backend: 'intent-worker',
              cancel(message) {
                generation += 1;
                const error = abortedError(message);
                pending.forEach((entry) => entry.reject(error));
                pending.clear();
                if (worker) worker.terminate();
                worker = null;
                queue = Promise.resolve();
              },
              loadModel() {
                return request('simulatte:intent-worker:load', {}, {
                  onProgress,
                  onPreview: null,
                });
              },
              rankPrompt(prompt, _primitives, options = {}) {
                return request('simulatte:intent-worker:rank', {
                  prompt,
                  options: cloneIntentWorkerOptions(options),
                }, {
                  onProgress: options.onProgress,
                  onPreview: options.onPreview,
                });
              },
            };
          }
    
        function intentWorkerConfig(view) {
            const absolute = (value) => versionedLocalUrl(value, view);
            return {
              manifestUrl: absolute('../data/simulatte-embedder/manifest.json'),
              spanLevelEmbedding: cloneWorkerValue(urlParam(view, 'spanLevelEmbedding') || ''),
              traceEmbeddings: intentTraceEnabled(view),
            };
          }
    
        function cloneIntentWorkerOptions(options = {}) {
            const out = {};
            for (const key of [
              'max',
              'nowIso',
              'spanLevelEmbedding',
              'traceEmbeddings',
              'queryPlan',
              'sceneLanguageGraph',
              'classificationTierId',
            ]) {
              if (options[key] !== undefined) out[key] = cloneWorkerValue(options[key]);
            }
            return out;
          }
    
        function cloneWorkerValue(value) {
            if (value == null || value === '') return value;
            if (typeof value !== 'object') return value;
            try {
              return JSON.parse(JSON.stringify(value));
            } catch (_err) {
              return undefined;
            }
          }
    
        function urlParam(view, name) {
            try {
              return new URLSearchParams(view.location && view.location.search || '').get(name) || '';
            } catch (_err) {
              return '';
            }
          }
    
        function unregisterLegacyModelCacheWorker(view) {
            const serviceWorker = view && view.navigator && view.navigator.serviceWorker;
            if (!serviceWorker || typeof serviceWorker.getRegistrations !== 'function') return;
            serviceWorker.getRegistrations()
              .then((registrations) => {
                registrations.forEach((registration) => {
                  const scriptUrls = [
                    registration.active && registration.active.scriptURL,
                    registration.waiting && registration.waiting.scriptURL,
                    registration.installing && registration.installing.scriptURL,
                  ].filter(Boolean);
                  if (scriptUrls.some((url) => /\/simulatte-model-cache-sw\.js(?:[?#].*)?$/.test(String(url)))) {
                    registration.unregister().catch(() => {});
                  }
                });
              })
              .catch(() => {});
          }
    
        function intentTraceEnabled(view) {
            return ['embeddingTrace', 'embeddingTiming', 'intentTrace', 'modelTrace']
              .some((name) => truthyParam(urlParam(view, name)));
          }
    
        function truthyParam(value) {
            return /^(1|true|on|yes|debug|trace)$/i.test(String(value || '').trim());
          }
    
        function appBuildVersion(view) {
            const doc = view && view.document;
            const meta = doc && doc.querySelector && doc.querySelector('meta[name="simulatte-build"]');
            return meta ? String(meta.getAttribute('content') || '').trim() : '';
          }
    
        function appendBuildVersion(url, view) {
            const build = appBuildVersion(view);
            if (!build || !url || url.origin !== view.location.origin) return url;
            url.searchParams.set('v', build);
            return url;
          }
    
        function versionedLocalUrl(value, view) {
          const url = new URL(value, documentBaseUrl(view));
          appendBuildVersion(url, view);
          return url.toString();
        }
    
        function documentBaseUrl(view) {
          return (view && view.document && view.document.baseURI) || view.location.href;
        }
    
      function createCompilerDispatch({ pipelineCompiler, publishRuntime, waitForLoadingPaint, createSpecFromPrompt, phaseExecutor }) {
        if (phaseExecutor) return phaseExecutor.compile;
            async function compilePromptSpec(prompt, options, event = {}) {
              const workerDetail = pipelineCompiler ? 'pipeline worker' : 'main-thread fallback';
              const onPhaseProgress = (progressEvent = {}) => publishRuntime({
                ...progressEvent,
                backend: event.backend,
                canvasLoading: event.canvasLoading,
              });
              publishRuntime({
                state: 'active',
                stage: 'pipeline-dispatch',
                taskPercent: 0,
                progressScope: 'task',
                percent: event.percent || 31,
                message: 'Starting compiler',
                backend: event.backend,
                detail: event.detail || workerDetail,
                canvasLoading: event.canvasLoading,
              });
              await waitForLoadingPaint();
              if (pipelineCompiler) {
                try {
                  return await pipelineCompiler.compile(prompt, {
                    ...options,
                    compilerLane: 'pipeline-worker',
                  }, onPhaseProgress);
                } catch (error) {
                  if (error && error.code === 'SIMULATTE_PIPELINE_ABORTED') throw error;
                  if (!error || error.code !== 'SIMULATTE_PIPELINE_WORKER_UNAVAILABLE') throw error;
                  if (typeof console !== 'undefined' && console.warn) {
                    console.warn('[simulatte.pipeline] worker compile fell back to main thread', error);
                  }
                  publishRuntime({
                    state: 'active',
                    stage: 'pipeline-dispatch',
                    taskPercent: 0,
                    progressScope: 'task',
                    percent: event.percent || 31,
                    message: 'Restarting compiler on main thread',
                    backend: event.backend,
                    detail: error && error.message ? error.message : String(error || ''),
                    canvasLoading: event.canvasLoading,
                  });
                  await waitForLoadingPaint();
                }
              }
              return createSpecFromPrompt(prompt, {
                ...options,
                compilerLane: 'main-thread',
                onPhaseProgress,
              });
            }
        return compilePromptSpec;
      }
    
      return Object.freeze({
        createCompilerDispatch,
        createFpsMeter,
        createIntentWorkerClient,
        intentWorkerConfig,
        cloneIntentWorkerOptions,
        cloneWorkerValue,
        urlParam,
        unregisterLegacyModelCacheWorker,
        intentTraceEnabled,
        truthyParam,
        appBuildVersion,
        appendBuildVersion,
        versionedLocalUrl,
        documentBaseUrl,
      });
    });
    
    (function attachSimulattePromptControllerWorkers(root) {
      const support = typeof module === 'object' && module.exports
        ? require('./prompt-controller-dependencies.js')
        : root.SimulattePromptControllerSupport;
      const construction = typeof module === 'object' && module.exports
        ? require('./prompt-controller-construction-search.js')
        : root.SimulatteConstructionSearch;
      const runtime = typeof module === 'object' && module.exports
        ? require('./prompt-controller-runtime.js')
        : root.SimulattePromptControllerRuntime;
      if (!support || !construction || !runtime) {
        throw new Error('SimulattePromptControllerWorkers requires controller support, construction search, and runtime URL helpers');
      }
      const {
        model,
        EXAMPLE_INTENTS,
        controlsForSpec,
        readoutLabelsForSpec,
        readoutValues,
        recordWorldSpecEdit,
        stateLabel,
        worldModelSnapshot,
      } = support;
      const { createConstructionSearchState } = construction;
      const phaseContracts = typeof module === 'object' && module.exports
        ? require('../../pipeline/simulatte-phase-contracts.js') : root.SimulattePhaseContracts;
      const phases = phaseContracts.phases;
      const { appendBuildVersion } = runtime;
    
        function createPipelineCompiler(root) {
            const view = root && root.defaultView;
            if (!view || typeof view.Worker !== 'function') return null;
            let worker = null;
            let failed = false;
            let nextId = 0;
            const pending = new Map();
    
            function rejectAll(error) {
              failed = true;
              if (worker) worker.terminate();
              worker = null;
              pending.forEach((entry) => entry.reject(error));
              pending.clear();
            }
    
            function pipelineWorkerError(message, code) {
              const error = new Error(message);
              error.code = code;
              return error;
            }
    
            function ensureWorker() {
              if (worker) return worker;
              if (failed) throw pipelineWorkerError('Pipeline worker unavailable', 'SIMULATTE_PIPELINE_WORKER_UNAVAILABLE');
              const baseUrl = (view.document && view.document.baseURI) || view.location.href;
              const url = new URL('./app/workers/simulatte-pipeline-worker.js', baseUrl);
              appendBuildVersion(url, view);
              try {
                worker = new view.Worker(url);
              } catch (error) {
                failed = true;
                throw pipelineWorkerError(error && error.message || 'Pipeline worker unavailable', 'SIMULATTE_PIPELINE_WORKER_UNAVAILABLE');
              }
              const activeWorker = worker;
              worker.addEventListener('message', (event) => {
                if (worker !== activeWorker) return;
                const data = event && event.data || {};
                const entry = pending.get(data.id);
                if (!entry) return;
                if (data.type === 'simulatte:pipeline-worker:progress') {
                  if (entry.onProgress) entry.onProgress(data.event || {});
                  return;
                }
                if (data.type !== 'simulatte:pipeline-worker:result') return;
                pending.delete(data.id);
                if (data.ok) {
                  entry.resolve(entry.resultKey === 'output' ? data.output : data.spec);
                } else {
                  entry.reject(pipelineWorkerError(data.error || 'Pipeline worker compile failed', 'SIMULATTE_PIPELINE_COMPILE_FAILED'));
                }
              });
              worker.addEventListener('error', (event) => {
                if (worker !== activeWorker) return;
                rejectAll(pipelineWorkerError(event.message || 'Pipeline worker failed', 'SIMULATTE_PIPELINE_WORKER_UNAVAILABLE'));
              });
              worker.addEventListener('messageerror', () => {
                if (worker !== activeWorker) return;
                rejectAll(pipelineWorkerError('Pipeline worker message clone failed', 'SIMULATTE_PIPELINE_WORKER_UNAVAILABLE'));
              });
              return worker;
            }
    
            function cancel(message = 'Pipeline worker request superseded') {
                if (!worker && !pending.size) return;
                const error = pipelineWorkerError(message, 'SIMULATTE_PIPELINE_ABORTED');
                error.name = 'AbortError';
                pending.forEach((entry) => entry.reject(error));
                pending.clear();
                if (worker) worker.terminate();
                worker = null;
              }
    
            function request(type, payload, resultKey, onProgress = null, signal = null) {
                if (signal?.aborted) return Promise.reject(Object.assign(new Error('Pipeline phase cancelled'), {
                  name: 'AbortError', code: 'SIMULATTE_PIPELINE_ABORTED' }));
                try {
                  ensureWorker();
                } catch (error) {
                  return Promise.reject(error);
                }
                const id = nextId + 1;
                nextId = id;
                return new Promise((resolve, reject) => {
                  const abort = () => cancel('Pipeline phase cancelled');
                  const finish = callback => value => {
                    signal?.removeEventListener('abort', abort);
                    callback(value);
                  };
                  pending.set(id, {
                    resolve: finish(resolve),
                    reject: finish(reject),
                    resultKey,
                    onProgress: typeof onProgress === 'function' ? onProgress : null,
                  });
                  signal?.addEventListener('abort', abort, { once: true });
                  try {
                    worker.postMessage({
                      type,
                      id,
                      ...payload,
                    });
                  } catch (error) {
                    const entry = pending.get(id);
                    pending.delete(id);
                    entry.reject(pipelineWorkerError(error && error.message || 'Pipeline worker request could not be sent', 'SIMULATTE_PIPELINE_WORKER_UNAVAILABLE'));
                  }
                });
              }
    
            return {
              cancel,
              compile(prompt, options, onProgress = null) {
                return request('simulatte:pipeline-worker:compile', { prompt, options }, 'spec', onProgress);
              },
              runPhase(phase, call, resources = {}, { signal, onProgress, sourceMode = 'prompt' } = {}) {
                try {
                  if (!Number.isInteger(phase) || phase < 1 || phase > 8 || phase === 7) {
                    throw new Error('Pipeline worker supports phases 1–6 and 8; Phase 7 requires the graphics owner');
                  }
                  if (!['prompt', 'authored'].includes(sourceMode)) throw new Error('Unsupported phase source mode');
                  const payload = phaseContracts.immutableArtifact({ phase, call, resources, sourceMode });
                  return request('simulatte:pipeline-worker:phase', payload, 'output', onProgress, signal);
                } catch (error) {
                  return Promise.reject(error);
                }
              },
            };
          }
    
        function worldModelReceiptElements(root, previewNode) {
            return {
              node: root.getElementById('world-model-panel'),
              status: root.getElementById('world-model-status'),
              summary: root.getElementById('world-model-summary'),
              chips: root.getElementById('world-model-chips'),
              preview: previewNode || root.getElementById('spec-preview'),
            };
          }
    
        function createTrainingRunState() {
            return {
              schema: 'simulatte.trainingRunState.v1',
              runId: '',
              prompt: '',
              params: {},
              serial: 0,
              startedAt: '',
              phase: null,
              artifacts: {},
              constructionSearch: createConstructionSearchState(),
            };
          }
    
        function beginTrainingRun(run, prompt, params, serial) {
            if (!run) return;
            run.runId = `${Date.now().toString(36)}-${Math.max(0, Number(serial || 0))}`;
            run.prompt = String(prompt || '');
            run.params = compactObject(params || {}, 12);
            run.serial = Number(serial || 0);
            run.startedAt = new Date().toISOString();
            run.artifacts = {};
            run.specHash = '';
            run.sceneProofReport = null;
            run.retrievalPreview = null;
            run.constructionSearch = createConstructionSearchState({ buildSerial: serial });
    
          }
    
        function syncTrainingRuntime(run, runtime, event = {}) {
            if (!run || !runtime) return;
            run.phase = {
              step: runtime.phase && runtime.phase.step || 0,
              id: runtime.phase && runtime.phase.id || '',
              label: runtime.phase && runtime.phase.label || '',
              stage: runtime.stage || '',
              state: runtime.state || '',
              percent: Number(runtime.progress || 0),
              overallPercent: Number(runtime.overallProgress || 0),
              progressBasis: runtime.progressBasis || '',
              taskKey: runtime.taskKey || '',
              taskElapsedMs: numericMetric(runtime.taskElapsedMs),
              taskRemainingMs: numericMetric(runtime.taskRemainingMs),
              line: runtime.line || '',
              backend: event.backend || '',
              timing: compactObject({
                timestamp: event.timestamp || '',
                durationMs: numericMetric(event.durationMs),
                elapsedMs: numericMetric(event.elapsedMs),
                timing: event.timing || '',
                traceId: event.traceId || '',
                rankId: event.rankId || 0,
                reuse: event.reuse === true,
                providerReady: event.providerReady === true,
              }, 12),
              model: compactObject({
                id: event.modelId || '',
                baseUrl: event.modelBaseUrl || '',
                artifactMode: event.artifactMode || '',
                sourceSizeBytes: numericMetric(event.sourceSizeBytes),
                cachePrefetch: event.cachePrefetch === true,
                cacheSkipReason: event.cacheSkipReason || '',
              }, 12),
              resource: compactObject({
                kind: event.resourceKind || '',
                url: event.resourceUrl || '',
                file: event.file || '',
                fileKind: event.fileKind || '',
                status: event.status || 0,
                byteLength: numericMetric(event.byteLength),
                completedBytes: numericMetric(event.completedBytes),
                totalBytes: numericMetric(event.totalBytes),
                cacheMode: event.cacheMode || '',
              }, 14),
              embeddings: compactObject({
                promptChars: numericMetric(event.promptChars),
                embeddingDim: numericMetric(event.embeddingDim),
                candidateCount: numericMetric(event.candidateCount),
                rankBackend: event.rankBackend || '',
                spanCount: numericMetric(event.spanCount),
                embeddedSpanCount: numericMetric(event.embeddedSpanCount),
                cachedSpanCount: numericMetric(event.cachedSpanCount),
                cacheHitCount: numericMetric(event.cacheHitCount),
                cacheMissCount: numericMetric(event.cacheMissCount),
                batchEmbedding: event.batchEmbedding === true,
              }, 16),
              promptRuntime: compactObject(event.promptRuntimeReceipt || null, 24),
              loaderReceipt: compactObject(runtime.loaderReceipt || null, 32),
            };
    
          }
    
        function syncTrainingPreviewArtifacts(run, preview = {}) {
            if (run) run.retrievalPreview = compactObject(preview, 16);
          }
    
        function syncTrainingRankArtifacts(run, result = {}) {
            if (run) run.retrievalPreview = compactObject(result, 24);
          }
    
        function syncTrainingSpecArtifacts(run, spec = {}) {
            if (!run) return;
            if (run.specHash !== spec.contentHash) {
              run.specHash = spec.contentHash;
              run.sceneProofReport = null;
              run.artifacts = {};
            }
            const envelopes = { ...(spec.phaseArtifacts || {}) };
            const report = run.sceneProofReport;
            const binding = report?.phase7Output?.artifact?.renderExecution?.worldProofBinding;
            if (binding?.worldSpec?.contentHash === spec.contentHash) {
              envelopes.phase7 = report.phase7Output;
              envelopes.phase8 = report.phase8Output;
            }
            for (const phase of phases) {
              const output = envelopes[`phase${phase.phase}`];
              if (!output) continue;
              if (run.artifacts[`1->${phase.phase}`]?.output === output) continue;
              storeTrainingArtifact(run, phase.phase, phase.id, phase.label, {
                input: phase.phase === 1 ? null : envelopes[`phase${phase.phase - 1}`] || null,
                output,
              });
            }
          }
    
        function trainingSnapshot(run, spec = {}, state = {}, canvas = null) {
            syncTrainingSpecArtifacts(run, spec, state, canvas);
            return {
              schema: 'simulatte.trainingSnapshot.v1',
              runId: run.runId || '',
              prompt: run.prompt || '',
              phase: run.phase || null,
              currentSpec: compactObject({
                id: spec.id,
                name: spec.name,
                templateId: spec.templateId,
                sceneKind: spec.renderProgram && spec.renderProgram.rendererPlan &&
                  spec.renderProgram.rendererPlan.sceneKind,
              }, 12),
              constructionSearch: compactObject(run.constructionSearch || createConstructionSearchState(), 64),
              artifacts: structuredClone(run.artifacts),
            };
          }
    
        function storeTrainingArtifact(run, step, id, label, pair = {}) {
            if (!run || !step) return;
            run.artifacts[`1->${step}`] = {
              schema: 'simulatte.trainingPhaseArtifact.v1',
              phaseFrom: 1,
              phaseTo: step,
              phaseId: id,
              phaseLabel: label,
              input: pair.input || null,
              inputCapture: pair.input ? 'previous-phase-envelope' : 'not-retained',
              output: pair.output || null,
              summary: artifactSummary(step, label, pair.output || {}),
            };
          }
    
        function phaseOutput(run, phaseId) {
            return run && run.artifacts && run.artifacts[phaseId]
              ? run.artifacts[phaseId].output
              : {};
          }
    
        function artifactSummary(step, label, output) {
            const text = JSON.stringify(compactObject(output, 10));
            const compact = text.length > 180 ? `${text.slice(0, 177)}...` : text;
            return `${step}: ${label} ${compact}`;
          }
    
        function compactObject(value, maxKeys = 16) {
            if (!value || typeof value !== 'object') return value;
            if (Array.isArray(value)) return value.slice(0, maxKeys).map((row) => compactObject(row, 8));
            return Object.fromEntries(Object.entries(value).slice(0, maxKeys).map(([key, row]) => {
              if (typeof row === 'string') return [key, row.slice(0, 360)];
              if (Array.isArray(row)) return [key, row.slice(0, maxKeys).map((item) => compactObject(item, 8))];
              if (row && typeof row === 'object') return [key, compactObject(row, 8)];
              return [key, row];
            }));
          }
    
        function numericMetric(value) {
            const parsed = Number(value);
            return Number.isFinite(parsed) ? parsed : 0;
          }
    
        function compactCountObject(value) {
            if (!value || typeof value !== 'object') return { rows: 0 };
            return compactObject({
              rows: rowCount(value.rows || value.matches || value.spans || value),
              ids: idRows(value.rows || value.matches || value.spans, 10),
            }, 8);
          }
    
        function rowCount(rows) {
            return Array.isArray(rows) ? rows.length : rows && typeof rows === 'object' ? Object.keys(rows).length : 0;
          }
    
        function idRows(rows, limit = 8) {
            return (Array.isArray(rows) ? rows : []).slice(0, limit).map((row) => (
              row && (row.id || row.primitiveId || row.cardId || row.conceptId || row.entityId || row.name || row.kind) || ''
            )).filter(Boolean);
          }
    
        function typeRows(rows, limit = 8) {
            return (Array.isArray(rows) ? rows : []).slice(0, limit).map((row) => (
              row && (row.type || row.operatorType || row.kind || row.id) || ''
            )).filter(Boolean);
          }
    
        function graphicsAtomCounts(spec = {}) {
            const atoms = spec.renderProgram && spec.renderProgram.visualIR &&
              spec.renderProgram.visualIR.graphicsAtoms || {};
            return compactObject({
              mappings: rowCount(atoms.mappings),
              geometry: rowCount(atoms.geometry),
              materials: rowCount(atoms.materials),
              processes: rowCount(atoms.processes),
              wgslOperators: rowCount(atoms.wgslOperators),
            }, 8);
          }
    
        function visualAcceptanceCounts(spec = {}) {
            const ledger = spec.renderProgram && spec.renderProgram.rendererPlan &&
              spec.renderProgram.rendererPlan.visualObjectLedger ||
              spec.renderProgram && spec.renderProgram.provenance &&
              spec.renderProgram.provenance.visualObjectLedger ||
              {};
            return compactObject({
              accepted: numericMetric(ledger.acceptedCount),
              rejected: numericMetric(ledger.rejectedCount),
              acceptedIds: ledger.acceptedIds || [],
              rejectedIds: ledger.rejectedIds || [],
            }, 12);
          }
    
        function visualIRRowCounts(spec = {}) {
            const visual = spec.renderProgram && spec.renderProgram.visualIR || {};
            const rowSets = ['entities', 'materials', 'fields', 'processes', 'geometry', 'motion', 'renderInstances'];
            const counts = {};
            for (const key of rowSets) counts[key] = rowCount(visual[key]);
            counts.accepted = rowSets.reduce((sum, key) => {
              const rows = Array.isArray(visual[key]) ? visual[key] : [];
              return sum + rows.filter((row) => row && row.status !== 'rejected').length;
            }, 0);
            counts.rejected = rowCount(visual.rejectedRows);
            counts.sourceLinked = rowSets.reduce((sum, key) => {
              const rows = Array.isArray(visual[key]) ? visual[key] : [];
              return sum + rows.filter((row) => row && (row.sourceGraphId || row.sourceObject || row.entityId)).length;
            }, 0);
            return compactObject(counts, 12);
          }
    
        function visualRenderInstanceCounts(spec = {}) {
            const rows = spec.renderProgram && spec.renderProgram.visualIR &&
              spec.renderProgram.visualIR.renderInstances || [];
            return compactObject({
              total: rowCount(rows),
              accepted: rows.filter((row) => row && row.status !== 'rejected').length,
              sourceLinked: rows.filter((row) => row && (row.sourceGraphId || row.sourceIds && row.sourceIds.length)).length,
              layerSlots: uniqueStrings(rows.map((row) => row && row.layerSlot).filter(Boolean)).slice(0, 12),
            }, 12);
          }
    
        function visualRejectedRows(spec = {}) {
            const rows = spec.renderProgram && spec.renderProgram.visualIR &&
              spec.renderProgram.visualIR.rejectedRows || [];
            return rows.slice(0, 12).map((row) => ({
              id: row && row.id || '',
              sourceKind: row && row.sourceKind || '',
              reason: row && row.reason || '',
            }));
          }
    
        function uniqueStrings(values) {
            return Array.from(new Set((values || []).map((value) => String(value || '')).filter(Boolean)));
          }
    
        function semanticRenderCoverage(spec = {}) {
            const promptObjects = (spec.objects || []).filter(isPromptGroundedObject);
            const renderedObjects = spec.renderProgram && Array.isArray(spec.renderProgram.objects)
              ? spec.renderProgram.objects
              : [];
            const renderedTokens = new Set(renderedObjects.flatMap(renderCoverageTokens));
            const promptRows = promptObjects.map((object) => {
              const tokens = renderCoverageTokens(object);
              const covered = tokens.some((token) => renderedTokens.has(token));
              return {
                id: object.id || '',
                phrase: object.phrase || object.role || '',
                source: object.source || '',
                covered,
              };
            });
            const missing = promptRows.filter((row) => !row.covered);
            return {
              status: missing.length ? 'semantic-miss' : 'covered',
              promptObjects: promptRows.length,
              renderedObjects: renderedObjects.length,
              missing: missing.map((row) => row.phrase || row.id).slice(0, 8),
            };
          }
    
        function isPromptGroundedObject(object) {
            const source = String(object && object.source || '');
            return /^embedding-guided-synth|open-semantic-rag|semantic-surface-grounder|prompt-explicit|doppler-residual/.test(source) ||
              Boolean(object && object.phrase && source && source !== 'catalog');
          }
    
        function renderCoverageTokens(object) {
            return [
              object && object.id,
              object && object.phrase,
              object && object.role,
              object && object.semanticRef,
              object && object.physicalRef,
            ]
              .filter(Boolean)
              .flatMap((value) => String(value).toLowerCase().split(/[^a-z0-9]+/))
              .filter((value) => value && !/^(open|surface|generated|entity|prompt|derived|generic|primitive)$/.test(value));
          }
    
        function waitForLoadingPaint() {
            if (typeof requestAnimationFrame !== 'function') return Promise.resolve();
            return new Promise((resolve) => {
              requestAnimationFrame(() => {
                setTimeout(resolve, 0);
              });
            });
          }
    
        function renderControls(controlStack, spec) {
            if (!controlStack) return;
            controlStack.innerHTML = '';
            for (const [key, label, min, max, step] of controlsForSpec(spec)) {
              const wrapper = document.createElement('label');
              wrapper.className = 'physics-control';
              wrapper.setAttribute('for', `control-${key}`);
              const title = document.createElement('span');
              title.textContent = label;
              const input = document.createElement('input');
              input.id = `control-${key}`;
              input.type = 'range';
              input.min = String(min);
              input.max = String(max);
              input.step = String(step);
              input.value = String(spec.params[key]);
              input.dataset.paramKey = key;
              wrapper.append(title, input);
              controlStack.appendChild(wrapper);
            }
          }
    
        function readSpecFromUi(spec, controlStack, nameInput) {
            const params = { ...spec.params };
            if (controlStack) {
              controlStack.querySelectorAll('[data-param-key]').forEach((input) => {
                params[input.dataset.paramKey] = Number(input.value);
              });
            }
            const name = nameInput && nameInput.value ? nameInput.value : spec.name;
            if (name === spec.name && sameParamValues(params, spec.params)) return spec;
            return recordWorldSpecEdit(spec, {
              ...spec,
              name,
              params,
            }, { rationale: 'Adjusted WorldSpec controls in Create' });
          }
    
        function sameParamValues(next = {}, prev = {}) {
            const keys = new Set([...Object.keys(next || {}), ...Object.keys(prev || {})]);
            for (const key of keys) {
              if (Number(next[key]) !== Number(prev[key])) return false;
            }
            return true;
          }
    
        function syncTemplateButtons(buttons, templateId) {
            buttons.forEach((button) => {
              const active = button.dataset.templateId === templateId;
              button.setAttribute('aria-pressed', active ? 'true' : 'false');
              button.classList.toggle('is-active', active);
            });
          }
    
        function syncShuffleButton(button, spec) {
            if (!button) return;
            const prompt = spec.renderIR && spec.renderIR.prompt ||
              spec.universeGraph && spec.universeGraph.prompt ||
              '';
            const match = EXAMPLE_INTENTS.find((example) => example.prompt === prompt);
            button.dataset.exampleId = match ? match.id : '';
            button.title = match ? match.prompt : `${EXAMPLE_INTENTS.length} example prompts`;
            button.classList.toggle('is-active', Boolean(match));
            button.setAttribute('aria-pressed', match ? 'true' : 'false');
          }
    
        function pickShuffleExample(currentPrompt = '') {
            const normalized = String(currentPrompt || '').trim().toLowerCase();
            const pool = EXAMPLE_INTENTS.filter((example) => String(example.prompt || '').toLowerCase() !== normalized);
            const candidates = pool.length ? pool : EXAMPLE_INTENTS;
            if (!candidates.length) return null;
            const index = Math.floor(Math.random() * candidates.length);
            return candidates[index] || candidates[0];
          }
    
        function readPromptParams(input, fallback = {}) {
            return parseParamJson(input && input.dataset ? input.dataset.exampleParams : '', fallback);
          }
    
        function parseParamJson(raw, fallback = {}) {
            if (!raw) return { ...fallback };
            try {
              const parsed = JSON.parse(raw);
              return parsed && typeof parsed === 'object' ? parsed : { ...fallback };
            } catch (_err) {
              return { ...fallback };
            }
          }
    
        function syncComponentStack(node, spec) {
            if (!node) return;
            node.innerHTML = '';
            if (spec.templateId === 'blank-world') {
              const empty = document.createElement('span');
              empty.className = 'component-chip is-empty';
              empty.textContent = 'empty plane';
              node.appendChild(empty);
              return;
            }
            if (spec.compositionGraph && spec.renderProgram) {
              const graph = spec.compositionGraph;
              const program = spec.renderProgram;
              const planChips = [
                'classifier composition',
                `${graph.nodes.length} primitives`,
                `${graph.relations.length} links`,
                `${graph.operators.length} operators`,
                `${program.fields.length} fields`,
              ];
              for (const label of planChips) {
                const chip = document.createElement('span');
                chip.className = 'component-chip is-domain';
                chip.textContent = label;
                node.appendChild(chip);
              }
              for (const object of graph.nodes.slice(0, 8)) {
                const chip = document.createElement('span');
                chip.className = `component-chip is-${object.type || 'part'}`;
                chip.textContent = object.primitiveId.replace(/-/g, ' ');
                node.appendChild(chip);
              }
              return;
            }
            const components = spec.objects.map((object) => ({
              id: object.id,
              type: object.type,
              role: object.role,
              params: {},
            }));
            const domains = spec.modules;
            const contract = spec.contract || null;
            const topLevelIds = contract && contract.topLevel || [];
            const topLevelItems = topLevelIds
              .map((id) => components.find((component) => component.id === id))
              .filter(Boolean);
            const childItems = components.filter((component) => !topLevelIds.includes(component.id));
            const componentItems = [...topLevelItems, ...childItems].slice(0, 12);
            if (!componentItems.length) {
              const empty = document.createElement('span');
              empty.className = 'component-chip is-empty';
              empty.textContent = 'empty plane';
              node.appendChild(empty);
              return;
            }
            const focus = contract && contract.layerFocus ? [contract.layerFocus] : [];
            const layout = contract && contract.layout ? [contract.layout.grammar] : [];
            for (const domain of [...focus, ...layout, ...domains].slice(0, 6)) {
              const chip = document.createElement('span');
              chip.className = 'component-chip is-domain';
              chip.textContent = domain;
              node.appendChild(chip);
            }
            for (const component of componentItems) {
              const chip = document.createElement('span');
              const topLevel = topLevelIds.includes(component.id) ? ' is-top-level' : '';
              chip.className = `component-chip is-${component.type || 'part'}${topLevel}`;
              chip.textContent = component.id.replace(/-/g, ' ');
              node.appendChild(chip);
            }
          }
    
        function syncReadoutLabels(readouts, spec) {
            const labels = readoutLabelsForSpec(spec);
            readouts.forEach((readout, index) => {
              if (readout.label) readout.label.textContent = labels[index] || '-';
            });
          }
    
        function syncReadouts(readouts, stateReadout, state, spec) {
            const values = readoutValues(state, spec);
            const labels = readoutLabelsForSpec(spec);
            readouts.forEach((readout, index) => {
              const key = labels[index];
              if (readout.value) readout.value.textContent = values[key] || '0';
            });
            if (stateReadout) stateReadout.textContent = stateLabel(state, spec);
          }
    
        function syncSpecPreview(node, spec) {
            if (!node) return;
            const worldModel = worldModelSnapshot(spec);
            node.textContent = JSON.stringify({
              schema: spec.schema,
              id: spec.id || '',
              templateId: spec.templateId || '',
              template: spec.templateId,
              name: spec.name,
              worldModel,
              intent: spec.intent ? {
                schema: spec.intent.schema,
                intentBrief: compactObject(spec.intent.intentBrief || null, 16),
              } : null,
              intentReceipt: spec.physicalSpec && spec.physicalSpec.receipt
                ? compactObject(spec.physicalSpec.receipt.intentBrief || null, 16)
                : null,
              semanticRetrievalReceipt: spec.universeGraph
                ? compactObject(spec.universeGraph.intentBrief || null, 16)
                : null,
              contract: spec.contract ? {
                layerFocus: spec.contract.layerFocus,
                topLevel: spec.contract.topLevel,
                layout: spec.contract.layout,
                interactions: spec.contract.interactions.map((rule) => rule.id),
                readouts: spec.contract.readouts,
                graph: spec.contract.graph ? {
                  schema: spec.contract.graph.schema,
                  nodes: spec.contract.graph.nodes.length,
                  edges: spec.contract.graph.edges.length,
                  operators: spec.contract.graph.operators.map((operator) => operator.id),
                  conservation: spec.contract.graph.conservation.map((rule) => rule.id),
                  temporal: spec.contract.graph.temporal.map((event) => event.id),
                  validation: spec.contract.graph.validation,
                  explanation: spec.contract.graph.explanation,
                } : null,
              } : null,
              compositionGraph: spec.compositionGraph ? {
                schema: spec.compositionGraph.schema,
                nodes: spec.compositionGraph.nodes.length,
                relations: spec.compositionGraph.relations.length,
                operators: spec.compositionGraph.operators.map((operator) => operator.id),
                priors: spec.compositionGraph.priors.slice(0, 10).map((prior) => prior.primitiveId),
              } : null,
              promptParse: spec.promptParse ? {
                schema: spec.promptParse.schema,
                spans: spec.promptParse.spans.length,
                clauses: spec.promptParse.clauses.length,
              } : null,
              universeGraph: spec.universeGraph ? {
                schema: spec.universeGraph.schema,
                nodes: spec.universeGraph.nodes.length,
                edges: spec.universeGraph.edges.length,
                unresolved: spec.universeGraph.unresolved,
              } : null,
              physicsIR: spec.physicsIR ? {
                schema: spec.physicsIR.schema,
                domains: spec.physicsIR.domains.map((domain) => `${domain.kind}:${domain.entityId}`),
                fields: spec.physicsIR.stateFields.map((field) => field.id),
                operators: spec.physicsIR.operators.map((operator) => operator.type),
                couplings: spec.physicsIR.couplings,
              } : null,
              validationReceipt: compactObject(spec.validationReceipt || null, 20),
              solverGraph: spec.solverGraph ? {
                schema: spec.solverGraph.schema,
                channels: Object.keys(spec.solverGraph.channels || {}),
                steps: spec.solverGraph.steps.map((step) => `${step.stage}:${step.operatorType}`),
                warnings: spec.solverGraph.warnings,
              } : null,
              renderIR: spec.renderIR ? {
                schema: spec.renderIR.schema,
                sceneHint: spec.renderIR.sceneHint,
                objects: spec.renderIR.objects.map((object) => ({
                  id: object.physicalRef,
                  glyph: object.glyph,
                  bindings: object.stateBindings,
                })),
              } : null,
              renderProgram: spec.renderProgram ? {
                schema: spec.renderProgram.schema,
                rendererPlan: renderProgramPreviewPlan(spec.renderProgram.rendererPlan),
                visualIR: renderProgramPreviewVisualIR(spec.renderProgram.visualIR),
                objects: spec.renderProgram.objects.length,
                relations: spec.renderProgram.relations.length,
                fields: spec.renderProgram.fields.map((field) => field.kind),
                solver: spec.renderProgram.solverPlan ? spec.renderProgram.solverPlan.families : [],
                visualRegimes: spec.renderProgram.provenance.visualRegimes || [],
                signature: spec.renderProgram.provenance.signature,
              } : null,
              physicalSpec: spec.physicalSpec ? {
                schema: spec.physicalSpec.schema,
                sourceGraph: spec.physicalSpec.sourceGraph,
                stateTextures: spec.physicalSpec.stateTextures,
                renderPasses: spec.physicalSpec.renderPasses,
                quality: spec.physicalSpec.quality,
                receipt: compactObject(spec.physicalSpec.receipt, 20),
              } : null,
              params: Object.fromEntries(Object.entries(spec.params).slice(0, 8)),
              remixOf: spec.remixOf || null,
            }, null, 2);
          }
    
        function renderProgramPreviewPlan(plan = null) {
            if (!plan) return null;
            const genome = plan.visualGenome || {};
            return {
              schema: plan.schema || '',
              renderer: plan.renderer || '',
              sceneKind: plan.sceneKind || '',
              dominantRegime: plan.dominantRegime || '',
              passOrder: (plan.passOrder || []).slice(0, 12),
              visualIdentity: compactObject(plan.visualIdentity || {}, 16),
              visualGenome: {
                id: genome.id || '',
                sceneKind: genome.sceneKind || '',
                visualDialect: genome.visualDialect || '',
                compositionTopology: genome.compositionTopology || '',
                cameraArchetype: genome.cameraArchetype || '',
                scaleTier: genome.scaleTier || '',
                motifs: (genome.motifs || []).slice(0, 12),
                evidence: compactObject(genome.evidence || {}, 12),
              },
            };
          }
    
        function renderProgramPreviewVisualIR(visualIR = null) {
            if (!visualIR) return null;
            const packet = visualIR.sceneRenderPacket || {};
            return {
              schema: visualIR.schema || '',
              sceneKind: visualIR.sceneKind || '',
              scale: visualIR.scale || '',
              camera: compactObject(visualIR.camera || {}, 12),
              lighting: compactObject(visualIR.lighting || {}, 12),
              entities: rowCount(visualIR.entities),
              materials: rowCount(visualIR.materials),
              fields: rowCount(visualIR.fields),
              processes: rowCount(visualIR.processes),
              geometry: rowCount(visualIR.geometry),
              motion: rowCount(visualIR.motion),
              renderInstances: rowCount(visualIR.renderInstances),
              packet: {
                schema: packet.schema || '',
                topology: packet.compositionTopology || '',
                cameraArchetype: packet.camera && packet.camera.archetype || '',
                scaleTier: packet.camera && packet.camera.scaleTier || '',
                entities: rowCount(packet.entities),
                fields: rowCount(packet.fields),
                effects: rowCount(packet.effects),
              },
            };
          }
    
        const api = Object.freeze({
          createPipelineCompiler,
          worldModelReceiptElements,
          createTrainingRunState,
          beginTrainingRun,
          syncTrainingRuntime,
          syncTrainingPreviewArtifacts,
          syncTrainingRankArtifacts,
          syncTrainingSpecArtifacts,
          trainingSnapshot,
          waitForLoadingPaint,
          renderControls,
          readSpecFromUi,
          syncShuffleButton,
          pickShuffleExample,
          readPromptParams,
          syncComponentStack,
          syncReadoutLabels,
          syncReadouts,
          syncSpecPreview,
        });
    
      if (typeof module === 'object' && module.exports) module.exports = api;
      root.SimulattePromptControllerWorkers = api;
    })(typeof globalThis !== 'undefined' ? globalThis : window);
    
    (function attachSimulattePromptControllerTraining(root) {
      const support = typeof module === 'object' && module.exports
        ? require('./prompt-controller-dependencies.js')
        : root.SimulattePromptControllerSupport;
      if (!support) throw new Error('SimulattePromptControllerTraining requires controller support');
      const { worldModelSnapshot } = support;
    
        function graphDebugEnabled() {
            const view = typeof globalThis !== 'undefined' ? globalThis : null;
            return Boolean(view && view.__SIMULATTE_GRAPH_DEBUG__ === true);
          }
    
        function logGraphDebug(spec) {
            if (!graphDebugEnabled() || typeof console === 'undefined' || !spec || typeof spec !== 'object') return;
            if (!spec.compositionGraph && !spec.renderProgram && !spec.physicalSpec) return;
            const graph = spec.compositionGraph || null;
            const renderProgram = spec.renderProgram || null;
            const receipt = spec.physicalSpec && spec.physicalSpec.receipt || null;
            const rendererPlan = renderProgram && renderProgram.rendererPlan || null;
            const prompt = renderProgram && renderProgram.intentText || spec.renderIR && spec.renderIR.prompt || spec.name || 'simulation';
            const scene = rendererPlan && rendererPlan.sceneKind || 'unplanned';
            const graphId = spec.id || graph && graph.graphId || 'simulation';
            const label = `[simulatte.graph] ${scene} ${graphId}`;
            const group = typeof console.groupCollapsed === 'function' ? console.groupCollapsed.bind(console) : console.log.bind(console);
            const groupEnd = typeof console.groupEnd === 'function' ? console.groupEnd.bind(console) : () => {};
            group(label);
            console.log('compiledIntentText', String(prompt || '').slice(0, 1200));
            console.log('intentReceipt', spec.physicalSpec && spec.physicalSpec.receipt && spec.physicalSpec.receipt.intentBrief || null);
            console.log('semanticRetrievalReceipt', spec.universeGraph && spec.universeGraph.intentBrief || null);
            console.log('promptParse', spec.promptParse || null);
            console.log('universeGraph', spec.universeGraph || null);
            console.log('semanticGraph', spec.universeGraph && spec.universeGraph.semanticGraph || null);
            console.log('affordanceGraph', spec.universeGraph && spec.universeGraph.affordanceGraph || null);
            console.log('primitiveMapping', spec.universeGraph && spec.universeGraph.primitiveMapping || null);
            console.log('physicsIR', spec.physicsIR || null);
            console.log('validationReceipt', spec.validationReceipt || null);
            console.log('solverGraph', spec.solverGraph || null);
            console.log('renderIR', spec.renderIR || null);
            console.log('compositionGraph', graph);
            console.log('renderProgram', renderProgram);
            console.log('physicalSpec', spec.physicalSpec || null);
            console.log('receipt', receipt);
            if (graph && typeof console.table === 'function') {
              console.table((graph.nodes || []).map((node) => ({
                id: node.id,
                primitive: node.primitiveId,
                type: node.type,
                layer: node.layer,
                regime: node.visualRegime,
                material: node.material,
                source: node.source,
              })));
              console.table((graph.relations || []).map((relation) => ({
                from: relation.from,
                to: relation.to,
                type: relation.type || relation.relation || '',
                operator: relation.operator || '',
              })));
              console.table((graph.operators || []).map((operator) => ({
                id: operator.id,
                kind: operator.kind || operator.type || '',
                inputs: Array.isArray(operator.inputs) ? operator.inputs.join(', ') : '',
                outputs: Array.isArray(operator.outputs) ? operator.outputs.join(', ') : '',
              })));
            }
            if (rendererPlan) {
              console.log('rendererPlan', rendererPlan);
            }
            groupEnd();
          }
    
        function syncWorldModelReceipt(elements, spec) {
            if (!elements || !elements.node) return;
            const worldModel = worldModelSnapshot(spec);
            elements.node.dataset.sceneKind = worldModel.sceneKind || '';
            elements.node.dataset.templateId = worldModel.template || '';
            if (elements.status) elements.status.textContent = worldModel.sceneKind || worldModel.template || 'blank';
            if (elements.summary) elements.summary.textContent = worldModel.summary;
            if (elements.chips) {
              elements.chips.innerHTML = '';
              [
                ['spans', worldModel.languageSpans],
                ['accepted', worldModel.acceptedActivations],
                ['graph', `${worldModel.graphNodes}/${worldModel.graphEdges}`],
                ['physics', worldModel.physicsOperators],
                ['visual', `${worldModel.visualEntities}/${worldModel.visualProcesses}`],
                ['atoms', worldModel.graphicsAtoms],
                ['assumed', worldModel.assumptions],
                ['unsupported', worldModel.unsupported],
                ['wgsl', worldModel.wgslOperators],
              ].forEach(([label, value]) => {
                const chip = elements.node.ownerDocument.createElement('span');
                chip.className = 'world-model-chip';
                const labelNode = elements.node.ownerDocument.createElement('span');
                labelNode.textContent = label;
                const valueNode = elements.node.ownerDocument.createElement('strong');
                valueNode.textContent = String(value);
                chip.append(labelNode, valueNode);
                elements.chips.appendChild(chip);
              });
            }
          }
    
        const api = Object.freeze({
          logGraphDebug,
          syncWorldModelReceipt,
        });
    
      if (typeof module === 'object' && module.exports) module.exports = api;
      root.SimulattePromptControllerTraining = api;
    })(typeof globalThis !== 'undefined' ? globalThis : window);
    
    (function attachCreatePhaseDispatch(root, factory) {
      const contracts = typeof module === 'object' && module.exports
        ? require('../../pipeline/simulatte-phase-contracts.js') : root.SimulattePhaseContracts;
      const runner = typeof module === 'object' && module.exports
        ? require('../runtime/phase-runner.js') : root.SimulattePhaseRunner;
      const construction = typeof module === 'object' && module.exports
        ? require('./prompt-controller-construction-search.js') : root.SimulatteConstructionSearch;
      const api = factory(contracts, runner, construction);
      if (typeof module === 'object' && module.exports) module.exports = api;
      root.SimulatteCreatePhaseDispatch = api;
    })(typeof globalThis !== 'undefined' ? globalThis : window, function createDispatchApi(contracts, runner, construction) {
      if (!contracts || !runner) throw new Error('Create dispatch requires the phase contracts and runner');
      const STAGES = ['manifest', 'language', 'retrieval', 'grounded-intent', 'simulation', 'visual', 'render', 'scene-proof'];
      function aborted(message = 'Create execution superseded') {
        return Object.assign(new Error(message), { name: 'AbortError', code: 'SIMULATTE_PIPELINE_ABORTED' });
      }
      const bytes = value => new TextEncoder().encode(contracts.canonicalJson(value)).byteLength;
    
      function awaitCancellable(work, signal) {
        return new Promise((resolve, reject) => {
          const abort = () => reject(signal.reason || aborted());
          if (signal.aborted) return abort();
          signal.addEventListener('abort', abort, { once: true });
          Promise.resolve().then(() => {
            if (signal.aborted) throw signal.reason || aborted();
            return work();
          }).then(resolve, reject).finally(() => signal.removeEventListener('abort', abort));
        });
      }
    
      function create({ model, worker, renderer, configuration, reconcileProgram, requiresReconciliation = () => false,
        invocationForProgram, publishRuntime = () => {} }) {
        if (!model || typeof invocationForProgram !== 'function') {
          throw new Error('Create phase dispatch requires compiler and invocation owner');
        }
        const resolvedConfiguration = Promise.resolve(configuration);
        resolvedConfiguration.catch(() => {});
        let generation = 0;
        let active = null;
        let latest = null;
        let disposed = false;
        function cancel(message) {
          generation += 1;
          active?.abort(aborted(message));
          active = null;
        }
    
        async function compile(prompt, options, event = {}, authoredInput = null, retryInput = null) {
          if (disposed) throw aborted('Create execution disposed');
          cancel();
          const revision = generation;
          const controller = new AbortController();
          active = controller;
          let configurationInput;
          const assertCurrent = () => {
            if (disposed || revision !== generation || controller.signal.aborted) throw controller.signal.reason || aborted();
          };
          const attempts = [];
          let config;
          let program = null;
          const retain = (status, error = null) => {
            const record = contracts.immutableArtifact({ schema: 'simulatte.createPageExecution.v1', revision,
              status, producer: config?.producer || null, policy: config?.policy || null, attempts,
              worldSpecContentHash: program?.contentHash || '',
              error: error ? { code: error.code || 'SIMULATTE_PHASE_INVALID', message: error.message } : null });
            if (revision === generation || latest?.revision === revision) latest = record;
            return record;
          };
          retain('running');
          try {
            const retry = retryInput ? contracts.immutableArtifact(retryInput) : null;
            const retryRequest = retry ? await construction.createConstructionRetryRequest(retry.spec, retry.decision, retry.report) : null;
            assertCurrent();
            configurationInput = retryRequest?.configuration || contracts.immutableArtifact({ ...options, compilerLane: 'pipeline-worker' });
            config = contracts.immutableArtifact(await awaitCancellable(() => resolvedConfiguration, controller.signal));
            assertCurrent();
            if (!worker?.runPhase || !renderer?.renderPhase) throw new Error('Create requires a compiler worker and WebGPU renderer');
            contracts.validateProducer(config.producer);
            runner.validatePolicy(config.policy);
            for (const key of ['workerResidentBytes', 'rendererResidentBytes']) {
              if (!Number.isSafeInteger(config[key]) || config[key] < 0) throw new Error(`Invalid declared ${key}`);
            }
            const optionsDigest = await contracts.artifactDigest(configurationInput);
            assertCurrent();
            const descriptor = (id, residentBytes, capabilities) => ({ id, residentBytes,
              contentDigest: config.producer.buildDigest, capabilities });
            const baseResources = {
              'compiler-options': { descriptor: { id: 'compiler-options', kind: 'artifact', contentDigest: optionsDigest,
                residentBytes: bytes(configurationInput), capabilities: ['declared-compiler-options'] }, handle: configurationInput },
              'pipeline-worker': { descriptor: descriptor('pipeline-worker', config.workerResidentBytes, ['phase-execution']), handle: worker },
              renderer: { descriptor: descriptor('renderer', config.rendererResidentBytes, ['declared-frame']), handle: renderer },
            };
    
            async function execute(request, source = null) {
              const outputs = [];
              let replacement = null;
              const attempt = { request, sourceMode: source ? 'authored' : 'prompt', status: 'running', outputs, error: null };
              attempts.push(attempt);
              const instance = runner.create({ phases: runner.localPhaseAdapters(model, {
                workerResourceId: 'pipeline-worker', sourceMode: attempt.sourceMode,
              }), policy: config.policy, producer: { ...config.producer, requestRevision: revision },
              onPublish(output) { assertCurrent(); outputs.push(output); },
              });
              try {
                const result = await instance.run(request, { signal: controller.signal,
                  resources: { ...baseResources, ...source?.resources },
                  invocationForPhase: async (phase, previous, signal) => {
                    assertCurrent();
                    publishRuntime({ ...event, state: 'active', blocking: true, stage: STAGES[phase - 1], phaseStep: phase,
                      percent: Math.round((phase - 1) * 100 / 8), message: contracts.PHASE_LABELS[phase - 1] });
                    if (phase !== 7) return {};
                    program = source && !source.recompile ? source.worldSpec : model.projectWorldSpec(Object.fromEntries(outputs.map(output => [`phase${output.phase}`, output])));
                    if (!source && (retryRequest?.retryPolicy.acceptedEdits === 'require-reconciliation' || requiresReconciliation(program))) {
                      replacement = program;
                      throw Object.assign(new Error('Reconciliation is required before drawing this candidate'), { code: 'SIMULATTE_AUTHORED_RESTART' });
                    }
                    assertCurrent();
                    return invocationForProgram(program, previous, signal, Boolean(source && !source.recompile));
                  },
                });
                assertCurrent();
                attempt.status = 'completed';
                return { outputs: result, replacement: null };
              } catch (error) {
                attempt.status = replacement ? 'awaiting-reconciliation' : controller.signal.aborted ? 'cancelled' : 'failed';
                attempt.error = { code: error.code || 'SIMULATTE_PHASE_INVALID', message: error.message };
                if (replacement && error.code === 'SIMULATTE_AUTHORED_RESTART') return { outputs, replacement };
                throw error;
              } finally { instance.dispose(); }
            }
    
            const initialSource = authoredInput ? await model.createAuthoredPhaseResources(authoredInput.worldSpec,
              configurationInput, { recompile: authoredInput.recompile }) : null;
            assertCurrent();
            let result = await execute(initialSource?.request || retryRequest || contracts.createRequestEnvelope({ request: { kind: 'prompt', text: String(prompt) },
              configuration: configurationInput, authoredInputs: [], retryPolicy: null }), initialSource);
            assertCurrent();
            if (result.replacement) {
              if (typeof reconcileProgram !== 'function') throw new Error('Required reconciliation has no decision owner');
              retain('awaiting-reconciliation');
              const accepted = await awaitCancellable(() => reconcileProgram(result.replacement, controller.signal, retry?.spec || null), controller.signal);
              assertCurrent();
              if (!accepted) throw aborted('WorldSpec reconciliation cancelled');
              const source = await model.createAuthoredPhaseResources(accepted, configurationInput, { recompile: true });
              assertCurrent();
              result = await execute({ ...source.request, retryPolicy: { id: 'authored-reconciliation-v1', attempt: 1,
                previousPhase6Digest: await contracts.artifactDigest(result.outputs[5]),
                ...(retryRequest ? { constructionRetry: retryRequest.retryPolicy } : {}) } }, source);
            }
            assertCurrent();
            retain('completed');
            return program;
          } catch (error) {
            retain(controller.signal.aborted || error.code === 'SIMULATTE_PIPELINE_ABORTED' ? 'cancelled' : 'failed', error);
            throw error;
          } finally { if (active === controller) active = null; }
        }
    
        return Object.freeze({ compile, cancel, getLatest: () => latest,
          retryConstruction(spec, decision, report) {
            return compile(spec.source.prompt, {}, {}, null, { spec, decision, report });
          },
          executeProgram(worldSpec, { recompile = false } = {}) {
            return compile(worldSpec.source.prompt, { deterministicRuntime: true }, {}, { worldSpec, recompile });
          },
          dispose() { disposed = true; cancel('Create execution disposed'); } });
      }
      async function loadConfiguration(documentRoot) {
        const buildDigest = documentRoot.querySelector('meta[name="simulatte-runtime-source"]')?.content;
        contracts.validateProducer({ id: 'create-page-source-closure', buildDigest });
        const response = await documentRoot.defaultView.fetch(new URL('../data/create-phase-run-policy.json', documentRoot.baseURI));
        if (!response.ok) throw new Error(`Create execution policy unavailable: HTTP ${response.status}`);
        const config = await response.json();
        if (config.schema !== 'simulatte.createPageExecutionPolicy.v1') throw new Error('Create execution policy schema mismatch');
        return contracts.immutableArtifact({ ...config, producer: { id: 'create-page-source-closure', buildDigest } });
      }
      return Object.freeze({ create, loadConfiguration });
    });
    
    (function attachSimulattePromptModelSelection(root, factory) {
      const consent = typeof module === 'object' && module.exports
        ? require('../../../neural-model-consent.js')
        : root.SimulatteNeuralModelConsent;
      const selection = typeof module === 'object' && module.exports
        ? require('../../../model-selection.js')
        : root.SimulatteModelSelection;
      if (!consent || !selection) throw new Error('Prompt model selection requires consent and selection dependencies');
      const api = factory(consent, selection);
      root.SimulattePromptModelSelection = api;
      if (typeof module === 'object' && module.exports) module.exports = api;
    })(typeof globalThis !== 'undefined' ? globalThis : window, function createPromptModelSelectionApi(consentApi, selectionApi) {
      async function create(root) {
        const neuralNote = root.getElementById('blank-neural-model-note');
        const consentGate = await consentApi.createGate({
          root,
          lockUrl: '../data/simulatte-embedder/model-runtime-lock.json',
          toggle: root.getElementById('blank-neural-models'),
          dialog: root.getElementById('neural-model-dialog'),
          surface: 'blank',
          status(enabled, bundle) {
            if (!neuralNote) return;
            neuralNote.textContent = enabled
              ? `Model consent granted; ${bundle.totalSize} available locally`
              : 'No neural model consent';
          },
        });
        return selectionApi.createController({
          root,
          container: root.getElementById('model-selection-controls'),
          configUrl: '../data/pipeline-model-selection.json',
          modelRuntimeLockUrl: '../data/simulatte-embedder/model-runtime-lock.json',
          surfaceId: 'blank',
          consentGate,
        });
      }
    
      function classificationTierId(controller) {
        return controller.selectedRuntimeRef('bounded-classification').id;
      }
    
      return Object.freeze({ create, classificationTierId });
    });
    
    (function attachSimulatteWorldSpecEditor(root) {
      const editorUi = typeof module === 'object' && module.exports
        ? require('../../../shared/design/program-editor.js') : root.SimulatteProgramEditor;
      if (!editorUi) throw new Error('program_editor_dependency_missing');
      const inputSource = typeof module === 'object' && module.exports
        ? require('../../../shared/contracts/input-source.js') : root.SimulatteInputSource;
      if (!inputSource) throw new Error('world_spec_input_source_missing');
      const { safeFilePart } = editorUi;
      function connect(documentRoot, options = {}) {
        const editor = documentRoot.getElementById('world-spec-editor');
        const rationale = documentRoot.getElementById('world-spec-edit-rationale');
        const status = documentRoot.getElementById('world-spec-editor-status');
        const applyButton = documentRoot.getElementById('apply-world-spec');
        const resetButton = documentRoot.getElementById('reset-world-spec-edit');
        const exportButton = documentRoot.getElementById('export-lab');
        const exportImprovementButton = documentRoot.getElementById('export-improvement-record');
        const importButton = documentRoot.getElementById('import-lab');
        const fileInput = documentRoot.getElementById('world-spec-import-file');
        const improvementStatus = documentRoot.getElementById('world-improvement-record-status');
        const disclosure = editor && editor.closest ? editor.closest('details') : null;
        if (!editor || !status || !applyButton || !resetButton || !exportButton ||
            !exportImprovementButton || !importButton || !fileInput || !improvementStatus) {
          throw new Error('WorldSpec editor controls are incomplete');
        }
        if (typeof options.getSpec !== 'function' || typeof options.serialize !== 'function' ||
          typeof options.apply !== 'function' || typeof options.import !== 'function' ||
          typeof options.getImprovementRecord !== 'function' ||
          typeof options.serializeImprovementRecord !== 'function') {
          throw new Error('WorldSpec editor requires spec, import, and improvement-record functions');
        }
        const draft = editorUi.createDraft({ editor, apply: applyButton, status });
        let pendingSpec = null;
        let activeOperation = null;
        let activeFile = null;
    
        function cancel() {
          activeOperation?.abort(Object.assign(new Error('WorldSpec operation superseded'), { name: 'AbortError' }));
          if (activeFile && fileInput.files?.[0] === activeFile) fileInput.value = '';
          if (activeOperation) applyButton.disabled = !draft.isDirty();
          activeOperation = null;
          activeFile = null;
        }
    
        function begin() {
          cancel();
          activeOperation = new AbortController();
          return activeOperation;
        }
    
        const isCurrent = operation => activeOperation === operation && !operation.signal.aborted;
    
        function setStatus(message, state = 'ready') {
          editorUi.setStatus(status, message, state);
        }
    
        function sync(spec = options.getSpec(), syncOptions = {}) {
          if (spec && spec !== pendingSpec && syncOptions.signal !== activeOperation?.signal) cancel();
          if (!spec || (draft.isDirty() && syncOptions.force !== true)) return false;
          pendingSpec = spec;
          if (disclosure && !disclosure.open && syncOptions.force !== true) {
            const revision = Number(spec.authorship && spec.authorship.revision || 0);
            setStatus(`${spec.contentHash || 'unhashed'} · revision ${revision}`);
            return false;
          }
          draft.setValue(options.serialize(spec));
          const revision = Number(spec.authorship && spec.authorship.revision || 0);
          setStatus(`${spec.contentHash || 'unhashed'} · revision ${revision}`);
          return true;
        }
    
        function markDirty() {
          cancel();
          draft.markDirty('Unapplied edit');
        }
    
        function reportError(error) {
          const message = error && error.message ? error.message : String(error || 'WorldSpec edit failed');
          setStatus(message, 'error');
          if (typeof options.onError === 'function') options.onError(error);
        }
    
        async function applyEditorValue(reason = '') {
          const operation = begin();
          try {
            setStatus('Validating and recompiling', 'active');
            applyButton.disabled = true;
            const next = await options.apply(editor.value, reason || rationale && rationale.value || 'User edited WorldSpec in Create', operation.signal);
            if (!isCurrent(operation)) return null;
            sync(next, { force: true, signal: operation.signal });
            if (rationale) rationale.value = '';
            return next;
          } catch (error) {
            if (isCurrent(operation)) reportError(error);
            return null;
          } finally {
            if (isCurrent(operation)) {
              activeOperation = null;
              applyButton.disabled = !draft.isDirty();
            }
          }
        }
    
        async function exportCurrentSpec() {
          try {
            const spec = options.getSpec();
            const payload = (options.serializeExport || options.serialize)(spec);
            await exportPayload(payload, `${safeFilePart(spec.id || spec.name || 'world')}.world.json`);
            setStatus(`Exported ${spec.contentHash || spec.id}`, 'ready');
          } catch (error) {
            reportError(error);
          }
        }
    
        async function exportImprovementRecord() {
          try {
            const record = options.getImprovementRecord();
            if (!record) throw new Error('No successful correction record is available');
            const payload = options.serializeImprovementRecord(record);
            await exportPayload(payload, `${safeFilePart(record.failureBoundary.worldSpec.id)}.improvement.json`);
            improvementStatus.textContent = `Exported ${record.contentHash}`;
            improvementStatus.dataset.state = 'ready';
          } catch (error) {
            improvementStatus.textContent = error && error.message ? error.message : String(error || 'Improvement export failed');
            improvementStatus.dataset.state = 'error';
          }
        }
    
        async function exportPayload(payload, fileName) {
          return editorUi.downloadJson(documentRoot, fileName, payload);
        }
    
        function syncImprovement(record = options.getImprovementRecord()) {
          exportImprovementButton.disabled = !record;
          improvementStatus.textContent = record
            ? `${record.contentHash} · ${record.corpusDisposition}`
            : 'Complete a failed-obligation edit and exact replay to create a record';
          improvementStatus.dataset.state = record ? 'ready' : 'idle';
          return Boolean(record);
        }
    
        async function importSelectedFile() {
          const file = fileInput.files && fileInput.files[0];
          if (!file) return;
          const operation = begin();
          activeFile = file;
          try {
            const input = await inputSource.readFile(file, { signal: operation.signal });
            if (!isCurrent(operation)) return;
            if (!['worldSpec', 'legacySpec'].includes(input.kind)) throw new Error('Import expects a WorldSpec. Open the workbench to prepare CSV or JSON data.');
            editor.value = JSON.stringify(input.spec);
            draft.markDirty('Importing WorldSpec');
            const next = await options.import(editor.value, file.name || 'WorldSpec file', operation.signal);
            if (!isCurrent(operation)) return;
            sync(next, { force: true, signal: operation.signal });
          } catch (error) {
            if (isCurrent(operation)) reportError(error);
          } finally {
            if (isCurrent(operation)) {
              activeOperation = null;
              activeFile = null;
              fileInput.value = '';
            }
          }
        }
    
        editor.addEventListener('input', markDirty);
        applyButton.addEventListener('click', () => applyEditorValue());
        resetButton.addEventListener('click', () => { cancel(); sync(options.getSpec(), { force: true }); });
        exportButton.addEventListener('click', exportCurrentSpec);
        exportImprovementButton.addEventListener('click', exportImprovementRecord);
        importButton.addEventListener('click', () => fileInput.click());
        fileInput.addEventListener('change', importSelectedFile);
        disclosure?.addEventListener('toggle', () => {
          if (disclosure.open && !draft.isDirty()) sync(pendingSpec || options.getSpec(), { force: true });
        });
        sync(options.getSpec());
        syncImprovement();
    
        return Object.freeze({
          sync,
          cancel,
          syncImprovement,
          apply: applyEditorValue,
          isDirty: draft.isDirty,
        });
      }
    
      const api = Object.freeze({ connect, safeFilePart });
      if (typeof module === 'object' && module.exports) module.exports = api;
      root.SimulatteWorldSpecEditor = api;
    })(typeof globalThis !== 'undefined' ? globalThis : window);
    
    (function attachSimulatteWorldSpecReconciliationController(root, factory) {
      const reconciliation = typeof module === 'object' && module.exports
        ? require('../../../shared/contracts/world-spec-reconciliation.js')
        : root.SimulatteWorldSpecReconciliation;
      if (!reconciliation) {
        throw new Error('WorldSpec reconciliation controller requires the reconciliation contract');
      }
      const api = factory(reconciliation);
      if (typeof module === 'object' && module.exports) module.exports = api;
      root.SimulatteWorldSpecReconciliationController = api;
    })(typeof globalThis !== 'undefined' ? globalThis : window, function createControllerApi(reconciliation) {
      function connect(documentRoot, options = {}) {
        const dialog = documentRoot.getElementById('world-spec-reconciliation-dialog');
        const summary = documentRoot.getElementById('world-spec-reconciliation-summary');
        const conflict = documentRoot.getElementById('world-spec-reconciliation-conflicts');
        const fields = documentRoot.getElementById('world-spec-reconciliation-fields');
        const preserveButton = documentRoot.getElementById('preserve-world-spec-overrides');
        const freshButton = documentRoot.getElementById('accept-recompiled-world-spec');
        const cancelButton = documentRoot.getElementById('cancel-world-spec-reconciliation');
        if (!dialog || !summary || !conflict || !fields || !preserveButton || !freshButton || !cancelButton) {
          throw new Error('WorldSpec reconciliation controls are incomplete');
        }
        let pending = null;
        let latestReceipt = null;
        let latestAuthoredResult = null;
        const publishRuntime = typeof options.publishRuntime === 'function'
          ? options.publishRuntime
          : () => {};
    
        function resolve(authoredSpec, compiledSpec) {
          if (!reconciliation.needsReconciliation(authoredSpec)) {
            return Promise.resolve(Object.freeze({ worldSpec: compiledSpec, receipt: null }));
          }
          abort('superseded');
          const plan = reconciliation.createPlan(authoredSpec, compiledSpec);
          renderPlan(plan);
          publishRuntime({
            state: 'active',
            blocking: true,
            stage: 'reconciliation',
            percent: 96,
            message: 'Accepted edits require a decision',
            detail: `${plan.acceptedPatchIds.length} edits, ${plan.conflictCount} compiler conflicts`,
            canvasLoading: false,
          });
          if (typeof options.onPending === 'function') options.onPending(plan);
          return new Promise((resolvePromise) => {
            pending = { authoredSpec, compiledSpec, plan, resolve: resolvePromise };
            dialog.dataset.state = 'pending';
            dialog.dataset.planId = plan.id;
            if (typeof dialog.showModal === 'function') dialog.showModal();
            else dialog.setAttribute('open', '');
          });
        }
    
        function renderPlan(plan) {
          const patchWord = plan.acceptedPatchIds.length === 1 ? 'edit' : 'edits';
          summary.textContent = `${plan.acceptedPatchIds.length} accepted ${patchWord} would be replaced by this compilation.`;
          conflict.textContent = plan.unavailableCount
            ? `${plan.unavailableCount} affected field${plan.unavailableCount === 1 ? '' : 's'} no longer exists. Keeping every edit is unavailable.`
            : plan.conflictCount
              ? `${plan.conflictCount} field${plan.conflictCount === 1 ? '' : 's'} also changed in the new compilation.`
              : 'The new compilation can retain every accepted edit.';
          conflict.dataset.state = plan.unavailableCount ? 'error' : plan.conflictCount ? 'conflict' : 'ready';
          preserveButton.disabled = !plan.preserveAllowed;
          fields.replaceChildren(...plan.effectiveOverrides.map((row) => {
            const item = documentRoot.createElement('li');
            const path = documentRoot.createElement('code');
            path.textContent = row.targetPath;
            const state = documentRoot.createElement('span');
            state.textContent = statusLabel(row.status);
            item.append(path, state);
            return item;
          }));
        }
    
        function decide(decision) {
          if (!pending) return null;
          const active = pending;
          try {
            const accepted = reconciliation.applyDecision(
              active.authoredSpec,
              active.compiledSpec,
              decision,
              { planId: active.plan.id, decidedBy: String(options.decidedBy || 'local-user') }
            );
            const result = prepareReconciledExecution(accepted, options.compileWorldSpec);
            latestAuthoredResult = result;
            latestReceipt = result.receipt;
            dialog.dataset.receipt = JSON.stringify(result.receipt);
            finish(active, result, decision);
            publishRuntime({
              state: 'active',
              blocking: false,
              stage: 'reconciliation-settled',
              percent: 97,
              message: decision === 'preserve-overrides'
                ? 'Accepted edits preserved'
                : 'Fresh compilation accepted',
              canvasLoading: false,
            });
            if (typeof options.onDecision === 'function') options.onDecision(result.receipt);
            return result;
          } catch (error) {
            conflict.textContent = error && error.message ? error.message : String(error || 'Reconciliation failed');
            conflict.dataset.state = 'error';
            publishRuntime({
              state: 'error',
              blocking: true,
              stage: 'reconciliation-error',
              percent: 100,
              message: 'WorldSpec reconciliation failed',
              detail: conflict.textContent,
              canvasLoading: false,
            });
            if (typeof options.onError === 'function') options.onError(error);
            return null;
          }
        }
    
        function abort(reason = 'cancelled') {
          if (!pending) return false;
          const active = pending;
          finish(active, null, reason);
          publishRuntime({
            state: 'ready',
            blocking: false,
            stage: 'reconciliation-cancelled',
            percent: 100,
            message: 'Current edited world retained',
            canvasLoading: false,
          });
          if (typeof options.onCancel === 'function') options.onCancel(reason);
          return true;
        }
    
        function finish(active, result, state) {
          if (pending !== active) return;
          pending = null;
          dialog.dataset.state = state;
          if (dialog.open && typeof dialog.close === 'function') dialog.close();
          else dialog.removeAttribute('open');
          active.resolve(result);
        }
    
        preserveButton.addEventListener('click', () => decide('preserve-overrides'));
        freshButton.addEventListener('click', () => decide('accept-recompiled'));
        cancelButton.addEventListener('click', () => abort('cancelled'));
        dialog.addEventListener('cancel', (event) => {
          event.preventDefault();
          abort('cancelled');
        });
    
        return Object.freeze({
          resolve,
          abort,
          getPlan: () => pending && pending.plan || null,
          getLatestReceipt: () => latestReceipt,
          bindExecution(worldSpec) {
            const record = worldSpec?.authorship?.reconciliations?.at(-1);
            if (!latestAuthoredResult || record?.id !== latestReceipt?.id) return null;
            const result = prepareReconciledExecution(latestAuthoredResult, () => worldSpec);
            latestReceipt = Object.freeze({ ...result.receipt, resultWorldSpecContentHash: worldSpec.contentHash });
            dialog.dataset.receipt = JSON.stringify(latestReceipt);
            return latestReceipt;
          },
        });
      }
    
      function statusLabel(status) {
        return Object.freeze({
          'unchanged-baseline': 'compiler unchanged',
          'already-applied': 'already matches',
          'compiler-conflict': 'compiler also changed',
          unavailable: 'field unavailable',
        })[status] || String(status || 'unknown');
      }
    
      function prepareReconciledExecution(result, compileWorldSpec) {
        if (result.receipt.decision !== 'preserve-overrides' || typeof compileWorldSpec !== 'function') return result;
        const worldSpec = compileWorldSpec(result.worldSpec);
        if (!worldSpec || typeof worldSpec.then === 'function' || !worldSpec.contentHash || !worldSpec.phaseArtifacts?.phase6) {
          throw new Error('Preserved WorldSpec requires synchronous compiled execution artifacts');
        }
        return Object.freeze({ worldSpec, receipt: Object.freeze({ ...result.receipt,
          authoredResultWorldSpecContentHash: result.worldSpec.contentHash,
          resultWorldSpecContentHash: worldSpec.contentHash,
        }) });
      }
    
      return Object.freeze({ connect, statusLabel, prepareReconciledExecution, needsReconciliation: reconciliation.needsReconciliation });
    });
    
    (function attachSimulattePromptCompilerProof(root, factory) {
      const worldProof = typeof module === 'object' && module.exports
        ? require('../../../shared/contracts/world-proof.js')
        : root.SimulatteWorldProof;
      if (!worldProof) throw new Error('SimulattePromptCompilerProof requires the WorldProof contract');
      const api = factory(worldProof);
      if (typeof module === 'object' && module.exports) module.exports = api;
      root.SimulattePromptCompilerProof = api;
    })(typeof globalThis !== 'undefined' ? globalThis : window, function createPromptCompilerProofApi(worldProof) {
      function create(root, dependencies = {}) {
        const createPipelineCompiler = dependencies.createPipelineCompiler;
        const createSpecFromPrompt = dependencies.createSpecFromPrompt;
        if (typeof createPipelineCompiler !== 'function' || typeof createSpecFromPrompt !== 'function') {
          throw new Error('Compiler proof requires worker and main-thread compiler factories');
        }
        let generation = 0;
        let activeKey = '';
        let activePromise = null;
        let activeCompiler = null;
        let latestReceipt = null;
    
        function required(spec = {}) {
          return Boolean(
            spec.determinism && Array.isArray(spec.determinism.requiredClasses) &&
            spec.determinism.requiredClasses.includes('compiler-deterministic')
          );
        }
    
        function receiptFor(spec = {}) {
          return latestReceipt &&
            latestReceipt.authoredWorldSpecContentHash === String(spec.contentHash || '') &&
            latestReceipt.authoredWorldSpecRevision === Number(spec.authorship && spec.authorship.revision || 0)
            ? latestReceipt
            : null;
        }
    
        function cancelActive(message) {
          if (activeCompiler && typeof activeCompiler.cancel === 'function') {
            activeCompiler.cancel(message);
          }
          activeCompiler = null;
        }
    
        function invalidate() {
          generation += 1;
          cancelActive('Compiler proof superseded by a different WorldSpec');
          activeKey = '';
          activePromise = null;
          latestReceipt = null;
        }
    
        function verify(spec = {}, binding = null) {
          if (!required(spec)) return Promise.resolve(null);
          const key = [
            spec.contentHash || '',
            spec.authorship && spec.authorship.revision || 0,
            binding && binding.replayIdentity && binding.replayIdentity.buildId || '',
          ].join(':');
          const cached = receiptFor(spec);
          if (cached && cached.buildId === String(binding && binding.replayIdentity && binding.replayIdentity.buildId || '')) {
            return Promise.resolve(cached);
          }
          if (activePromise && activeKey === key) return activePromise;
          if (activePromise) invalidate();
          const token = generation;
          activeKey = key;
          activePromise = compileAndCompare(spec, binding, token).finally(() => {
            if (token !== generation) return;
            activeKey = '';
            activePromise = null;
          });
          return activePromise;
        }
    
        async function compileAndCompare(spec, binding, token) {
          const prompt = String(spec.source && spec.source.prompt || '');
          const compilerConfig = cloneCompilerConfig(spec.source && spec.source.compilerConfig || {});
          let recompiledSpec = null;
          let failure = null;
          let compiler = null;
          try {
            if (compilerConfig.compilerLane === 'pipeline-worker') {
              compiler = createPipelineCompiler(root);
              if (!compiler) throw compilerError(
                'Independent pipeline worker is unavailable',
                'SIMULATTE_COMPILER_PROOF_WORKER_UNAVAILABLE'
              );
              activeCompiler = compiler;
              recompiledSpec = await compiler.compile(prompt, compilerConfig);
            } else if (compilerConfig.compilerLane === 'main-thread') {
              recompiledSpec = await Promise.resolve().then(() => (
                createSpecFromPrompt(prompt, compilerConfig)
              ));
            } else {
              throw compilerError(
                `Unsupported compiler proof lane ${compilerConfig.compilerLane || 'missing'}`,
                'SIMULATTE_COMPILER_PROOF_LANE_UNSUPPORTED'
              );
            }
          } catch (error) {
            failure = error;
          } finally {
            if (compiler && typeof compiler.cancel === 'function') {
              compiler.cancel('Independent compiler proof completed');
            }
            if (activeCompiler === compiler) activeCompiler = null;
          }
          const receipt = worldProof.createCompilerDeterminismReceipt({
            binding,
            recompiledSpec,
            independentExecution: true,
            error: failure,
          });
          if (token === generation) latestReceipt = receipt;
          return token === generation ? receipt : null;
        }
    
        return Object.freeze({
          required,
          receiptFor,
          verify,
          invalidate,
        });
      }
    
      function cloneCompilerConfig(value) {
        return JSON.parse(JSON.stringify(value || {}));
      }
    
      function compilerError(message, code) {
        const error = new Error(message);
        error.code = code;
        return error;
      }
    
      return Object.freeze({ create });
    });
    
    (function attachPromptProofSession(root, factory) {
      const construction = typeof module === 'object' && module.exports ? require('./prompt-controller-construction-search.js') : root.SimulatteConstructionSearch;
      const api = factory(construction);
      if (typeof module === 'object' && module.exports) module.exports = api;
      root.SimulattePromptProofSession = api;
    })(typeof globalThis !== 'undefined' ? globalThis : window, function createProofSessionModule(construction) {
      if (!construction) throw new Error('prompt_proof_session_construction_missing');
      const { createConstructionSearchState, observeConstructionSceneProof, syncConstructionSearchDataset } = construction;
      function create({ root, canvas, compilerProof, worldImprovementSession, trainingRun, runView,
        getSpec, getBuildSerial, getSimulationReceipt, refreshRender, retryConstruction, setSpec, publishRuntime, onImprovement }) {
        const worldProofPreview = root.getElementById('world-proof-preview');
        const replayWorldSpecButton = root.getElementById('replay-world-spec');
        let generation = 0;
        let requestedCompilerProofKey = '';
        let constructionRetryPending = false;
        let retryController = null;
        let latestReplayBaseline = null;
        let pendingReplayBaseline = null;
        let improvementReportDiagnostics = null;
        const improvementReportDiagnosticHistory = [];
      function observe(report) {
        const spec = getSpec();
        const buildSerial = getBuildSerial();
        const token = generation;
              const phase8Artifact = report && report.phase8Output && report.phase8Output.artifact || {};
              const renderExecution = report && report.phase7Output && report.phase7Output.artifact &&
                report.phase7Output.artifact.renderExecution || {};
              const worldProofApi = root.defaultView && root.defaultView.SimulatteWorldProof;
              const binding = renderExecution.worldProofBinding || null;
              const reportMatchesSpec = Boolean(
                binding && binding.worldSpec && binding.worldSpec.contentHash === spec.contentHash
              );
              if (!reportMatchesSpec) return;
              trainingRun.sceneProofReport = report;
              runView?.recordSceneProof(report);
              improvementReportDiagnostics = {
                schema: 'simulatte.worldImprovementReportDiagnostic.v1',
                final: report && report.final === true,
                reportMatchesSpec,
                activeWorldSpecContentHash: String(spec && spec.contentHash || ''),
                reportWorldSpecContentHash: String(binding && binding.worldSpec && binding.worldSpec.contentHash || ''),
                sceneProofVerdict: String(phase8Artifact.sceneProof && phase8Artifact.sceneProof.verdict || ''),
                worldProofVerdict: String(phase8Artifact.worldProof && phase8Artifact.worldProof.verdict || ''),
                replayStatus: String(phase8Artifact.worldProof && phase8Artifact.worldProof.proofClasses &&
                  phase8Artifact.worldProof.proofClasses.replay &&
                  phase8Artifact.worldProof.proofClasses.replay.status || ''),
              };
              improvementReportDiagnosticHistory.push(improvementReportDiagnostics);
              if (improvementReportDiagnosticHistory.length > 16) {
                improvementReportDiagnosticHistory.shift();
              }
              if (reportMatchesSpec) {
                try {
                  const improvementRecord = worldImprovementSession.observeProof(spec, report);
                  if (improvementRecord) onImprovement(improvementRecord);
                } catch (error) {
                  improvementReportDiagnostics.sessionError = error && error.message
                    ? error.message
                    : String(error || 'improvement session rejected report');
                }
              }
              if (report && report.final === true && phase8Artifact.worldProof && worldProofApi &&
                  typeof worldProofApi.createReplayBaseline === 'function' && reportMatchesSpec) {
                const compilerDeterminismReceipt = compilerProof.receiptFor(spec);
                if (compilerProof.required(spec) && !compilerDeterminismReceipt) {
                  const proofKey = `${spec.contentHash}:${binding.replayIdentity && binding.replayIdentity.buildId || ''}`;
                  if (requestedCompilerProofKey !== proofKey) {
                    requestedCompilerProofKey = proofKey;
                    compilerProof.verify(spec, binding).then((receipt) => {
                      if (!receipt || token !== generation || binding.worldSpec.contentHash !== getSpec()?.contentHash) return;
                      requestedCompilerProofKey = '';
                      refreshRender();
                    }).catch((error) => {
                      if (token !== generation) return;
                      requestedCompilerProofKey = '';
                      publishRuntime({
                        state: 'error',
                        blocking: false,
                        stage: 'compiler-proof',
                        percent: 100,
                        message: 'Compiler determinism proof failed',
                        detail: error && error.message ? error.message : String(error || ''),
                        canvasLoading: false,
                      });
                    });
                  }
                } else {
                  latestReplayBaseline = worldProofApi.createReplayBaseline({
                    binding,
                    sceneProof: phase8Artifact.sceneProof,
                    intentReceipt: phase8Artifact.worldProof.evidence &&
                      phase8Artifact.worldProof.evidence.intentReceipt || null,
                    semanticReceipt: phase8Artifact.worldProof.evidence &&
                      phase8Artifact.worldProof.evidence.semanticReceipt || null,
                    simulationReceipt: renderExecution.simulationReceipt,
                    interactionProofReceipt: phase8Artifact.sceneProof.interactionProof,
                    safetyReceipt: phase8Artifact.worldProof.evidence &&
                      phase8Artifact.worldProof.evidence.safetyReceipt || null,
                    compilerDeterminismReceipt,
                    simulationReproducibilityReceipt: getSimulationReceipt(),
                    deviceClass: renderExecution.optimization && renderExecution.optimization.deviceClass || '',
                  });
                  pendingReplayBaseline = null;
                  if (replayWorldSpecButton) replayWorldSpecButton.disabled = false;
                }
              }
              if (worldProofPreview) {
                worldProofPreview.textContent = JSON.stringify(
                  report && report.phase8Output && report.phase8Output.artifact &&
                    report.phase8Output.artifact.worldProof || {},
                  null,
                  2
                );
              }
              if (!report || report.final !== true || !trainingRun.runId || !trainingRun.prompt) return;
              if (constructionRetryPending) return;
              const search = trainingRun.constructionSearch || createConstructionSearchState({ buildSerial });
              trainingRun.constructionSearch = search;
              const decision = observeConstructionSceneProof(report, spec, search);
              syncConstructionSearchDataset(canvas, decision);
              if (decision.action === 'duplicate' || decision.action === 'wait' || decision.action === 'ignore') return;
              if (decision.action === 'accept') {
                publishRuntime({
                  state: 'ready',
                  blocking: false,
                  stage: 'construction-proof',
                  percent: 100,
                  message: 'Scene obligations proven',
                  detail: `${search.attempts.length} construction attempt${search.attempts.length === 1 ? '' : 's'} receipted`,
                  canvasLoading: false,
                });
                return;
              }
              if (decision.action !== 'retry' || constructionRetryPending) {
                publishRuntime({
                  state: phase8Artifact.sceneProof?.verdict === 'fail' ? 'failed' : 'not-proven',
                  blocking: false,
                  stage: 'construction-proof',
                  percent: 100,
                  message: 'Scene obligations not proven',
                  detail: decision.reason || search.terminalReason || 'construction search stopped',
                  canvasLoading: false,
                });
                return;
              }
              constructionRetryPending = true;
              const controller = new AbortController();
              retryController = controller;
              const retrySerial = buildSerial;
              publishRuntime({
                state: 'active',
                allowAfterReady: true,
                blocking: false,
                stage: 'construction-search',
                taskPercent: 0,
                progressScope: 'task',
                percent: 99,
                message: `Trying construction ${decision.nextApproach.attempt + 1}`,
                detail: `rejected ${decision.nextApproach.rejectedGrammarIds.join(', ')}`,
                canvasLoading: false,
              });
              Promise.resolve().then(async () => {
                if (token !== generation || retrySerial !== getBuildSerial() || trainingRun.serial !== retrySerial) return;
                if (typeof retryConstruction !== 'function') throw new Error('Construction retry requires the forward phase dispatcher');
                const result = await retryConstruction(spec, decision, report, controller.signal);
                if (token !== generation || retrySerial !== getBuildSerial() || trainingRun.serial !== retrySerial) return;
                setSpec(result.program, { visible: true, phaseRun: result.phaseRun });
                publishRuntime({
                  state: 'active',
                  allowAfterReady: true,
                  blocking: false,
                  stage: 'construction-search',
                  percent: 100,
                  message: 'Construction candidate rendered',
                  detail: `attempt ${decision.nextApproach.attempt + 1} awaiting screenshot proof`,
                  canvasLoading: false,
                });
              }).catch((error) => {
                if (token !== generation || retrySerial !== getBuildSerial()) return;
                search.status = 'failed';
                search.terminalReason = error && error.message ? error.message : String(error || 'construction retry failed');
                syncConstructionSearchDataset(canvas, {
                  ...decision,
                  action: 'error',
                  reason: search.terminalReason,
                });
                publishRuntime({
                  state: 'error',
                  blocking: false,
                  stage: 'construction-search',
                  percent: 100,
                  message: 'Construction search failed',
                  detail: search.terminalReason,
                  canvasLoading: false,
                });
              }).finally(() => {
                if (retryController === controller) retryController = null;
                if (token === generation) constructionRetryPending = false;
              });
      }
    
        function invalidate() {
          generation += 1;
          retryController?.abort();
          retryController = null;
          compilerProof.invalidate();
          requestedCompilerProofKey = '';
          constructionRetryPending = false;
          latestReplayBaseline = null;
          pendingReplayBaseline = null;
          if (replayWorldSpecButton) replayWorldSpecButton.disabled = true;
        }
        function beginReplay() {
          if (!latestReplayBaseline) return false;
          pendingReplayBaseline = latestReplayBaseline;
          return true;
        }
        return Object.freeze({
          observe, invalidate, beginReplay,
          pendingBaseline: () => pendingReplayBaseline,
          diagnostics: () => ({
            report: improvementReportDiagnostics && { ...improvementReportDiagnostics },
            reportHistory: improvementReportDiagnosticHistory.map((entry) => ({ ...entry })),
          }),
        });
      }
      return Object.freeze({ create });
    });
    
    (function attachSimulatteWorldImprovementSession(root, factory) {
      const recordContract = typeof module === 'object' && module.exports
        ? require('../../../shared/contracts/world-improvement-record.js')
        : root.SimulatteWorldImprovementRecord;
      if (!recordContract) {
        throw new Error('SimulatteWorldImprovementSession requires the improvement record contract');
      }
      const api = factory(recordContract);
      if (typeof module === 'object' && module.exports) module.exports = api;
      root.SimulatteWorldImprovementSession = api;
    })(typeof globalThis !== 'undefined' ? globalThis : window, function createWorldImprovementSessionApi(
      recordContract
    ) {
      function create(options = {}) {
        let failureBoundaries = [];
        let currentRecord = null;
        let activePrompt = '';
        let diagnostics = diagnostic('idle');
        const diagnosticHistory = [diagnostics];
        const records = [];
    
        function recordDiagnostic(status, spec = null, proof = null, error = null) {
          diagnostics = diagnostic(status, spec, proof, failureBoundaries, error);
          diagnosticHistory.push(diagnostics);
          if (diagnosticHistory.length > 64) diagnosticHistory.shift();
        }
    
        function observeSpec(spec) {
          const prompt = sourcePrompt(spec);
          if (!prompt) return null;
          if (activePrompt && prompt !== activePrompt) {
            failureBoundaries = [];
            currentRecord = null;
            recordDiagnostic('prompt-changed', spec);
          }
          activePrompt = prompt;
          recordDiagnostic('spec-observed', spec);
          return currentRecord;
        }
    
        function observeProof(spec, report) {
          observeSpec(spec);
          const proof = report && report.phase8Output && report.phase8Output.artifact &&
            report.phase8Output.artifact.worldProof;
          const sceneProof = report && report.phase8Output && report.phase8Output.artifact &&
            report.phase8Output.artifact.sceneProof;
          if (!spec || !proof || !sceneProof || report.final !== true) return currentRecord;
          if (repairableFailure(proof, sceneProof)) {
            const nextKey = `${spec.contentHash}:${proof.contentHash}`;
            if (!failureBoundaries.some((entry) => entry.key === nextKey)) {
              let boundary;
              try {
                boundary = recordContract.captureFailureBoundary(spec, report, {
                  nowIso: proof.createdAt,
                });
              } catch (error) {
                recordDiagnostic('failure-rejected', spec, proof, error);
                throw error;
              }
              failureBoundaries.push({ key: nextKey, boundary });
              currentRecord = null;
            }
            recordDiagnostic('failure-captured', spec, proof);
            return null;
          }
          if (!successfulReplay(proof, sceneProof)) {
            recordDiagnostic('replay-not-passing', spec, proof);
            return currentRecord;
          }
          const failureBoundary = matchingFailureBoundary(spec, failureBoundaries);
          if (!failureBoundary) {
            recordDiagnostic('failure-lineage-not-matched', spec, proof);
            return currentRecord;
          }
          let next;
          try {
            next = recordContract.createWorldImprovementRecord({
              failureBoundary,
              successfulSpec: spec,
              successfulReport: report,
              nowIso: proof.createdAt,
            });
          } catch (error) {
            recordDiagnostic('record-rejected', spec, proof, error);
            throw error;
          }
          currentRecord = next;
          records.push(next);
          failureBoundaries = [];
          recordDiagnostic('record-created', spec, proof);
          if (typeof options.onRecord === 'function') options.onRecord(next);
          return next;
        }
    
        function reset() {
          failureBoundaries = [];
          currentRecord = null;
          activePrompt = '';
          recordDiagnostic('reset');
        }
    
        return Object.freeze({
          observeSpec,
          observeProof,
          reset,
          getFailureBoundary: () => failureBoundaries.length
            ? failureBoundaries[failureBoundaries.length - 1].boundary
            : null,
          getCurrentRecord: () => currentRecord,
          getRecords: () => records.slice(),
          getDiagnostics: () => ({
            ...diagnostics,
            history: diagnosticHistory.map((entry) => ({ ...entry })),
          }),
        });
      }
    
      function diagnostic(status, spec = null, proof = null, entries = [], error = null) {
        return {
          schema: 'simulatte.worldImprovementSessionDiagnostic.v1',
          status,
          worldSpecContentHash: String(spec && spec.contentHash || ''),
          worldSpecRevision: Number(spec && spec.authorship && spec.authorship.revision || 0),
          sourcePrompt: sourcePrompt(spec),
          worldProofContentHash: String(proof && proof.contentHash || ''),
          worldProofVerdict: String(proof && proof.verdict || ''),
          replayStatus: String(proof && proof.proofClasses && proof.proofClasses.replay &&
            proof.proofClasses.replay.status || ''),
          retainedFailureCount: entries.length,
          retainedFailureContentHashes: entries.map((entry) => entry.boundary.worldSpec.contentHash),
          error: error && error.message ? error.message : '',
        };
      }
    
      function matchingFailureBoundary(spec, entries = []) {
        const prompt = sourcePrompt(spec);
        const revision = Number(spec && spec.authorship && spec.authorship.revision || 0);
        const successPatches = spec && spec.authorship && Array.isArray(spec.authorship.patches)
          ? spec.authorship.patches
          : [];
        for (let index = entries.length - 1; index >= 0; index -= 1) {
          const boundary = entries[index].boundary;
          if (boundary.brief.prompt !== prompt || revision <= boundary.worldSpec.revision) continue;
          const boundaryPatches = boundary.worldSpec.program.authorship.patches || [];
          const boundaryPatchIds = new Set(boundaryPatches.map((row) => row.id));
          const appendedPatches = successPatches.filter((row) => !boundaryPatchIds.has(row.id));
          const preservesPatchHistory = boundaryPatches.every((row, patchIndex) => (
            successPatches[patchIndex] && successPatches[patchIndex].id === row.id
          ));
          const bindsRevisionZeroBaseline = boundary.worldSpec.revision !== 0 || appendedPatches.some((row) => (
            row.compilerBaselineContentHash === boundary.worldSpec.contentHash
          ));
          if (preservesPatchHistory && appendedPatches.length && bindsRevisionZeroBaseline) return boundary;
        }
        return null;
      }
    
      function sourcePrompt(spec) {
        return String(spec && spec.source && spec.source.prompt || '');
      }
    
      function repairableFailure(proof, sceneProof) {
        return sceneProof.verdict === 'fail' || (proof.criticalFailures || [])
          .some((row) => ['fail', 'unsupported'].includes(row.status));
      }
    
      function successfulReplay(proof, sceneProof) {
        return sceneProof.verdict === 'pass' && proof.verdict === 'pass' &&
          proof.proofClasses && proof.proofClasses.replay &&
          proof.proofClasses.replay.status === 'pass';
      }
    
      return Object.freeze({
        create,
        matchingFailureBoundary,
        repairableFailure,
        successfulReplay,
        serializeRecord: recordContract.serializeWorldImprovementRecord,
      });
    });
    
    (function attachSimulattePromptControllerLab(root) {
      const support = typeof module === 'object' && module.exports
        ? require('./prompt-controller-dependencies.js')
        : root.SimulattePromptControllerSupport;
      const workers = typeof module === 'object' && module.exports
        ? require('./prompt-controller-workers.js')
        : root.SimulattePromptControllerWorkers;
      const training = typeof module === 'object' && module.exports
        ? require('./prompt-controller-training.js')
        : root.SimulattePromptControllerTraining;
      const construction = typeof module === 'object' && module.exports
        ? require('./prompt-controller-construction-search.js')
        : root.SimulatteConstructionSearch;
      const runtime = typeof module === 'object' && module.exports
        ? require('./prompt-controller-runtime.js')
        : root.SimulattePromptControllerRuntime;
      const phaseDispatchApi = typeof module === 'object' && module.exports
        ? require('./prompt-controller-phase-dispatch.js') : root.SimulatteCreatePhaseDispatch;
      const promptModelSelection = typeof module === 'object' && module.exports
        ? require('./prompt-model-selection.js')
        : root.SimulattePromptModelSelection;
      const runViewModelApi = typeof module === 'object' && module.exports
        ? require('../runtime/run-view-model.js')
        : root.SimulatteRunViewModel;
      const worldSpecEditorApi = typeof module === 'object' && module.exports
        ? require('./world-spec-editor.js')
        : root.SimulatteWorldSpecEditor;
      const reconciliationControllerApi = typeof module === 'object' && module.exports
        ? require('./world-spec-reconciliation-controller.js')
        : root.SimulatteWorldSpecReconciliationController;
      const compilerProofApi = typeof module === 'object' && module.exports
        ? require('./prompt-controller-compiler-proof.js')
        : root.SimulattePromptCompilerProof;
      const proofSessionApi = typeof module === 'object' && module.exports
        ? require('./prompt-proof-session.js') : root.SimulattePromptProofSession;
      const worldImprovementSessionApi = typeof module === 'object' && module.exports
        ? require('./world-improvement-session.js')
        : root.SimulatteWorldImprovementSession;
      if (!phaseDispatchApi || !proofSessionApi || !support || !workers || !training || !construction || !runtime || !promptModelSelection || !runViewModelApi || !worldSpecEditorApi || !reconciliationControllerApi || !compilerProofApi || !worldImprovementSessionApi) {
        throw new Error('SimulattePromptControllerLab requires support, workers, training, construction search, runtime, model selection, run view model, WorldSpec editing and reconciliation, compiler proof, and improvement records');
      }
      const {
        model, runtimeProgressApi, EXAMPLE_INTENTS, applyInteractionCommands, clamp, createRenderExecutionInput,
        createSimulationState, createIntentProofReceiptForSpec, createSemanticProofReceiptForSpec,
        createSimulationReproducibilityReceiptForSpec,
        createSafetyProofReceiptForSpec,
        createSpec, createSpecFromPrompt, deserializeSpec,
        applyWorldSpecEdit, normalizeSpec, remixSpec, serializeSpec,
      } = support;
      const {
        createPipelineCompiler, worldModelReceiptElements, createTrainingRunState,
        beginTrainingRun, syncTrainingRuntime, syncTrainingPreviewArtifacts,
        syncTrainingRankArtifacts, syncTrainingSpecArtifacts, trainingSnapshot,
        waitForLoadingPaint, renderControls, readSpecFromUi, syncShuffleButton,
        pickShuffleExample, readPromptParams, syncComponentStack, syncReadoutLabels,
        syncReadouts, syncSpecPreview,
      } = workers;
      const { createFpsMeter, createIntentWorkerClient, intentWorkerConfig, cloneIntentWorkerOptions, cloneWorkerValue, urlParam, unregisterLegacyModelCacheWorker, intentTraceEnabled, truthyParam, appBuildVersion, appendBuildVersion, versionedLocalUrl } = runtime;
      const { logGraphDebug, syncWorldModelReceipt } = training;
      const { createConstructionSearchState } = construction;
        function createBrowserLab(root = document) {
            const canvas = root.getElementById('physics-canvas');
            if (!canvas) return null;
            let handleSceneProofReport = null;
            const webGpuRenderer = root.defaultView && root.defaultView.SimulatteWebGpuRenderer && canvas
              ? root.defaultView.SimulatteWebGpuRenderer.create(canvas, {
                maxDpr: 1.5,
                onSceneProof: (report) => {
                  if (handleSceneProofReport) handleSceneProofReport(report);
                },
              })
              : null;
            let simulationVisible = false;
            const loadingCanvas = root.getElementById('loading-canvas');
            const loadingCanvasController = root.defaultView && root.defaultView.SimulatteLoadingCanvas
              ? root.defaultView.SimulatteLoadingCanvas.createController(loadingCanvas, { maxDpr: 1.25 })
              : null;
            const controlStack = root.getElementById('control-stack');
            const nameInput = root.getElementById('simulation-name');
            const promptInput = root.getElementById('build-prompt');
            const specPreview = root.getElementById('spec-preview');
            const replayWorldSpecButton = root.getElementById('replay-world-spec');
            const worldModelReceipt = worldModelReceiptElements(root, specPreview);
            const componentStack = root.getElementById('component-stack');
            const shuffleButton = root.getElementById('shuffle-prompt');
            const readouts = Array.from({ length: 6 }, (_, index) => ({
              label: root.getElementById(`readout-${index + 1}-label`),
              value: root.getElementById(`readout-${index + 1}`),
            }));
            const stateReadout = root.getElementById('lab-state');
            const modelSelectionReady = promptModelSelection.create(root);
            const fpsMeter = createFpsMeter(root.getElementById('fps-readout'), canvas);
            const trainingRun = createTrainingRunState();
            const runtimeProgress = runtimeProgressApi.connect(root, {
              loadingCanvas: loadingCanvasController,
              runButton: root.getElementById('build-lab'),
            });
            const runView = runViewModelApi.connect(root, runtimeProgress);
            runtimeProgress.subscribe((runtime, event) => syncTrainingRuntime(trainingRun, runtime, event), {
              replay: false,
            });
            function publishRuntime(event = {}) {
              return runtimeProgress.publish({
                runId: trainingRun.runId || '',
                ...event,
              });
            }
            unregisterLegacyModelCacheWorker(root.defaultView);
            if (!webGpuRenderer && stateReadout) {
              stateReadout.textContent = 'WebGPU required';
            }
            const intentWorker = createIntentWorkerClient(root, (event) => publishRuntime(event));
            let mainThreadEmbedder = null;
            const createMainThreadEmbedder = () => {
              if (mainThreadEmbedder) return mainThreadEmbedder;
              const api = root.defaultView && root.defaultView.SimulatteIntentEmbedder;
              if (!api || typeof api.create !== 'function') return null;
              mainThreadEmbedder = api.create({
                catalog: model,
                onProgress: (event) => publishRuntime(event),
                traceEmbeddings: intentTraceEnabled(root.defaultView),
              });
              return mainThreadEmbedder;
            };
            const embedder = intentWorker || createMainThreadEmbedder();
            const initialParams = promptInput
              ? readPromptParams(promptInput, EXAMPLE_INTENTS[0].params)
              : EXAMPLE_INTENTS[0].params;
            let spec = createSpec('blank-world', { params: initialParams });
            let state = createSimulationState(spec);
            let playbackClock = model.createSimulationPlaybackClock(spec);
            let renderExecutionInput = null;
            let last = performance.now();
            let paused = false;
            let buildSerial = 0;
            let compileSerial = 0;
            const pendingInteractionCommands = [];
            let activePromptRuntimeReceipt = null;
            let classificationPolicyPromise = null;
            let worldSpecEditor = null;
            let worldSpecReconciliation = null;
            let intentProofReceipt = null;
            let semanticProofReceipt = null;
            let simulationReproducibilityReceipt = null;
            let safetyProofReceipt = null;
            const worldImprovementSession = worldImprovementSessionApi.create();
            const pipelineCompiler = createPipelineCompiler(root);
            const phaseCompiler = phaseDispatchApi.create({ model, worker: pipelineCompiler, renderer: webGpuRenderer,
              configuration: phaseDispatchApi.loadConfiguration(root), publishRuntime,
              requiresReconciliation: () => reconciliationControllerApi.needsReconciliation(spec),
              reconcileProgram: async (candidate, signal, authoredSource) => {
                const abort = () => worldSpecReconciliation.abort('superseded');
                signal.addEventListener('abort', abort, { once: true });
                try {
                  const result = await worldSpecReconciliation.resolve(authoredSource || spec, candidate);
                  return result?.worldSpec || null;
                } finally { signal.removeEventListener('abort', abort); }
              },
              invocationForProgram: async (program, previous, signal, authored) => {
                await webGpuRenderer.session.ready;
                if (signal.aborted) throw signal.reason;
                setSimulationCanvasVisible(true);
                await webGpuRenderer.session.resize();
                if (signal.aborted) throw signal.reason;
                const initialState = model.stepSimulation(createSimulationState(program), program,
                  program.source.compilerConfig.simulationProof.stepSeconds);
                const proofOptions = { buildId: appBuildVersion(root.defaultView), runtimeId: 'simulatte.blank.browser.webgpu.v1' };
                return model.createRenderInvocation(program, initialState, { index: 1, simulationTime: initialState.t },
                  { width: canvas.width, height: canvas.height }, { ...proofOptions,
                    intentReceipt: createIntentProofReceiptForSpec(program, proofOptions),
                    semanticReceipt: createSemanticProofReceiptForSpec(program, proofOptions),
                    simulationReproducibilityReceipt: createSimulationReproducibilityReceiptForSpec(program, proofOptions),
                    safetyReceipt: createSafetyProofReceiptForSpec(program, proofOptions),
                    ...(authored ? { phase6Output: previous } : {}),
                  });
              },
            });
            const compilePromptSpec = runtime.createCompilerDispatch({
              pipelineCompiler, publishRuntime, waitForLoadingPaint, createSpecFromPrompt, phaseExecutor: phaseCompiler,
            });
            const compilerProof = compilerProofApi.create(root, {
              createPipelineCompiler,
              createSpecFromPrompt,
            });
            const worldInteractionApi = root.defaultView && root.defaultView.SimulatteWorldInteractionRuntime;
            const worldInteraction = worldInteractionApi && typeof worldInteractionApi.connect === 'function'
              ? worldInteractionApi.connect(canvas, {
                renderer: webGpuRenderer,
                getProgram: () => {
                  const visualCompile = spec && spec.phaseArtifacts && spec.phaseArtifacts.phase6 &&
                    spec.phaseArtifacts.phase6.artifact &&
                    spec.phaseArtifacts.phase6.artifact.visualCompile;
                  return visualCompile && visualCompile.interactionProgram ||
                    visualCompile && visualCompile.sceneRenderPacket &&
                    visualCompile.sceneRenderPacket.interactionProgram ||
                    null;
                },
                enqueueCommand: (command) => {
                  pendingInteractionCommands.push(command);
                  if (pendingInteractionCommands.length > 128) pendingInteractionCommands.shift();
                },
              })
              : null;
    
            function ensureClassificationPolicy() {
              if (classificationPolicyPromise) return classificationPolicyPromise;
              const policyEmbedder = createMainThreadEmbedder();
              if (!policyEmbedder || typeof policyEmbedder.loadClassificationPolicy !== 'function') {
                return Promise.reject(new Error('Classification policy loader unavailable'));
              }
              classificationPolicyPromise = policyEmbedder.loadClassificationPolicy().catch((error) => {
                classificationPolicyPromise = null;
                throw error;
              });
              return classificationPolicyPromise;
            }
    
            const proofSession = proofSessionApi.create({
              root, canvas, compilerProof, worldImprovementSession, trainingRun, runView,
              getSpec: () => spec, getBuildSerial: () => buildSerial,
              getSimulationReceipt: () => simulationReproducibilityReceipt,
              onImprovement: (record) => worldSpecEditor?.syncImprovement(record),
              retryConstruction: async (source, decision, report, signal) => {
                if (signal.aborted) throw signal.reason;
                const abort = () => phaseCompiler.cancel('Construction retry superseded');
                signal.addEventListener('abort', abort, { once: true });
                try {
                  const program = await phaseCompiler.retryConstruction(source, decision, report);
                  return { program, phaseRun: phaseCompiler.getLatest() };
                } finally { signal.removeEventListener('abort', abort); }
              },
              setSpec: (next, options) => setSpec(next, options),
              publishRuntime,
              refreshRender() {
                renderExecutionInput = null;
                const input = refreshRenderExecutionInput();
                if (input && webGpuRenderer?.session.status().state === 'ready') webGpuRenderer.session.setScene(input);
              },
            });
            handleSceneProofReport = proofSession.observe;
    
            const refreshRenderExecutionInput = () => {
              const phase6Output = spec && spec.phaseArtifacts && spec.phaseArtifacts.phase6 || null;
              if (!phase6Output) {
                renderExecutionInput = null;
                return null;
              }
              renderExecutionInput = createRenderExecutionInput(spec, state, canvas, {
                buildId: appBuildVersion(root.defaultView),
                runtimeId: 'simulatte.blank.browser.webgpu.v1',
                replayBaseline: proofSession.pendingBaseline(),
                intentReceipt: intentProofReceipt,
                semanticReceipt: semanticProofReceipt,
                compilerDeterminismReceipt: compilerProof.receiptFor(spec),
                simulationReproducibilityReceipt,
                safetyReceipt: safetyProofReceipt,
              });
              return renderExecutionInput;
            };
    
            const previewDisclosure = specPreview && specPreview.closest
              ? specPreview.closest('details')
              : null;
            if (previewDisclosure) {
              previewDisclosure.addEventListener('toggle', () => {
                if (!previewDisclosure.open) return;
                syncSpecPreview(specPreview, spec);
              });
            }
    
            setSimulationCanvasVisible(false);
    
            const setSpec = (nextSpec, options = {}) => {
              const visible = options.visible === true || simulationVisible;
              const nextProgram = normalizeSpec(nextSpec);
              const managedFrame = options.phaseRun?.worldSpecContentHash === nextProgram.contentHash
                ? options.phaseRun.attempts.at(-1)?.outputs[6]?.artifact?.renderExecution : null;
              const proofOptions = {
                buildId: appBuildVersion(root.defaultView),
                runtimeId: 'simulatte.blank.browser.webgpu.v1',
              };
              const receiptForSpec = (key, create) => {
                if (!managedFrame) return create(nextProgram, proofOptions);
                const receipt = managedFrame[key];
                if (key === 'safetyReceipt' && nextProgram.safety.status === 'not-declared' && receipt === null) return null;
                if (receipt?.worldSpecContentHash !== nextProgram.contentHash || receipt.worldSpecRevision !== nextProgram.authorship.revision) {
                  throw new Error(`Managed ${key} does not bind the published WorldSpec`);
                }
                return receipt;
              };
              const preparedProofs = {
                intent: receiptForSpec('intentReceipt', createIntentProofReceiptForSpec),
                semantic: receiptForSpec('semanticReceipt', createSemanticProofReceiptForSpec),
                simulation: receiptForSpec('simulationReproducibilityReceipt', createSimulationReproducibilityReceiptForSpec),
                safety: receiptForSpec('safetyReceipt', createSafetyProofReceiptForSpec),
              };
              spec = nextProgram;
              worldImprovementSession.observeSpec(spec);
              proofSession.invalidate();
              pendingInteractionCommands.length = 0;
              worldInteraction?.reset();
              runView?.recordSpec(spec);
              state = createSimulationState(spec);
              if (managedFrame) {
                const captured = managedFrame.frameInvocation?.simulationSnapshot?.state;
                if (captured) state = JSON.parse(JSON.stringify(captured));
              }
              playbackClock = model.createSimulationPlaybackClock(spec);
              intentProofReceipt = preparedProofs.intent;
              semanticProofReceipt = preparedProofs.semantic;
              simulationReproducibilityReceipt = preparedProofs.simulation;
              safetyProofReceipt = preparedProofs.safety;
              renderExecutionInput = null;
              if (nameInput) nameInput.value = spec.name;
              renderControls(controlStack, spec);
              syncComponentStack(componentStack, spec);
              syncShuffleButton(shuffleButton, spec);
              syncReadoutLabels(readouts, spec);
              syncWorldModelReceipt(worldModelReceipt, spec);
              syncSpecPreview(specPreview, spec);
              worldSpecEditor?.sync(spec, { signal: options.editorSignal });
              logGraphDebug(spec);
              if (visible && webGpuRenderer) {
                const nextRenderExecutionInput = refreshRenderExecutionInput();
                if (nextRenderExecutionInput && webGpuRenderer.session.status().state === 'ready') webGpuRenderer.session.setScene(nextRenderExecutionInput);
              }
              if (visible) {
                setSimulationCanvasVisible(true);
                syncTrainingSpecArtifacts(trainingRun, spec, state, canvas);
              }
              last = performance.now();
            };
    
            replayWorldSpecButton?.addEventListener('click', () => {
              if (!webGpuRenderer || !proofSession.beginReplay()) return;
              const receipts = state && state.interaction && Array.isArray(state.interaction.receipts)
                ? state.interaction.receipts : [];
              const replayCommands = receipts
                .filter((row) => row.status === 'applied')
                .map((row, index) => ({
                  schema: 'simulatte.interactionCommand.v1',
                  sequence: index + 1,
                  actionId: row.actionId,
                  targetId: row.targetId,
                  source: 'world-spec-replay',
                  bindingId: row.bindingId || '',
                  point: Array.isArray(row.point) ? row.point.slice(0, 2) : [0.5, 0.5],
                  delta: Array.isArray(row.delta) ? row.delta.slice(0, 2) : [0, 0],
                  value: 0,
                }));
              state = createSimulationState(spec);
              playbackClock = model.createSimulationPlaybackClock(spec);
              pendingInteractionCommands.length = 0;
              pendingInteractionCommands.push(...replayCommands);
              worldInteraction?.reset();
              renderExecutionInput = null;
              const nextRenderExecutionInput = refreshRenderExecutionInput();
              if (nextRenderExecutionInput && webGpuRenderer.session.status().state === 'ready') webGpuRenderer.session.setScene(nextRenderExecutionInput);
              replayWorldSpecButton.disabled = true;
              publishRuntime({
                state: 'active',
                blocking: false,
                stage: 'replay',
                taskPercent: 0,
                progressScope: 'task',
                percent: 99,
                message: 'Replaying exact WorldSpec',
                detail: spec.contentHash,
                canvasLoading: false,
              });
            });
    
            worldSpecReconciliation = reconciliationControllerApi.connect(root, {
              publishRuntime,
            });
    
            async function executeEditorProgram(payload, rationale, signal, recompile) {
              const serial = ++buildSerial;
              worldSpecReconciliation.abort('superseded by authored input');
              const cancel = () => phaseCompiler.cancel('WorldSpec operation superseded');
              signal.addEventListener('abort', cancel, { once: true });
              try {
                if (signal.aborted) throw signal.reason;
                const authored = recompile ? model.recordWorldSpecEdit(spec, payload, { rationale }) : deserializeSpec(payload);
                const next = await phaseCompiler.executeProgram(authored, { recompile });
                if (signal.aborted || serial !== buildSerial) throw signal.reason || Object.assign(new Error('WorldSpec operation superseded'), { name: 'AbortError' });
                setSpec(next, { visible: true, phaseRun: phaseCompiler.getLatest(), editorSignal: signal });
                return next;
              } finally { signal.removeEventListener('abort', cancel); }
            }
    
            worldSpecEditor = worldSpecEditorApi.connect(root, {
              getSpec: () => spec,
              getImprovementRecord: () => worldImprovementSession.getCurrentRecord(),
              serialize: serializeSpec,
              serializeExport: (accepted) => serializeSpec(accepted, { retainPhaseSources: true }),
              serializeImprovementRecord: worldImprovementSessionApi.serializeRecord,
              apply: (payload, rationale, signal) => executeEditorProgram(payload, rationale, signal, true),
              import: (payload, rationale, signal) => executeEditorProgram(payload, rationale, signal, false),
              onError: () => { if (stateReadout) stateReadout.textContent = 'WorldSpec edit failed'; },
            });
    
            async function reconcileCompiledSpec(nextSpec, serial, token = null) {
              const result = await worldSpecReconciliation.resolve(spec, nextSpec);
              if (serial !== buildSerial || (token !== null && token !== compileSerial)) return null;
              return result && result.worldSpec || null;
            }
    
            function setSimulationCanvasVisible(visible) {
              simulationVisible = Boolean(visible);
              canvas.dataset.sceneVisible = simulationVisible ? 'true' : 'false';
              const stage = canvas.closest ? canvas.closest('.physics-stage') : null;
              if (stage) stage.dataset.sceneVisible = simulationVisible ? 'true' : 'false';
            }
    
            const buildFromPrompt = async (paramsOverride = null) => {
              const prompt = promptInput ? promptInput.value : '';
              const params = paramsOverride || readPromptParams(promptInput, {});
              const serial = buildSerial + 1;
              buildSerial = serial;
              worldSpecReconciliation.abort('superseded');
              if (embedder && typeof embedder.cancel === 'function') embedder.cancel();
              if (pipelineCompiler && typeof pipelineCompiler.cancel === 'function') pipelineCompiler.cancel();
              phaseCompiler.cancel();
              worldSpecEditor.cancel();
              proofSession.invalidate();
              if (!String(prompt || '').trim()) {
                beginTrainingRun(trainingRun, prompt, params, serial);
                publishRuntime({
                  state: 'ready',
                  stage: 'blank',
                  percent: 100,
                  message: 'Ready',
                  canvasLoading: false,
                });
                setSimulationCanvasVisible(false);
                const nextSpec = await reconcileCompiledSpec(createSpec('blank-world', { params }), serial);
                if (!nextSpec) return;
                setSpec(nextSpec, { visible: false });
                return;
              }
              let modelSelection;
              try {
                modelSelection = await modelSelectionReady;
              } catch (error) {
                reportIntentFailure(serial, error.message);
                return;
              }
              if (await modelSelection.ensureConsent() !== true) {
                reportIntentFailure(serial, 'Selected model requires local model consent');
                return;
              }
              beginTrainingRun(trainingRun, prompt, params, serial);
              const retrievalRef = modelSelection.selectedRuntimeRef('open-vocabulary-retrieval');
              if (retrievalRef.kind === 'embedding') {
                publishRuntime({
                  state: 'active',
                  stage: 'manifest',
                  percent: 1,
                  message: 'Loading embeddings',
                  canvasLoading: true,
                });
                resolveWithEmbedding(prompt, params, serial, true, modelSelection);
              } else {
                resolveDeterministically(prompt, params, serial, true, modelSelection);
              }
            };
    
            if (shuffleButton) {
              shuffleButton.addEventListener('click', () => {
                const example = pickShuffleExample(promptInput ? promptInput.value : '');
                if (promptInput && example) {
                  promptInput.value = example.prompt;
                  promptInput.dataset.exampleParams = JSON.stringify(example.params || {});
                }
                if (example) {
                  shuffleButton.dataset.exampleId = example.id;
                  shuffleButton.title = example.prompt;
                  buildFromPrompt(example.params || {});
                }
              });
            }
            if (promptInput) {
              promptInput.addEventListener('input', () => {
                delete promptInput.dataset.exampleParams;
              });
            }
            root.getElementById('build-lab')?.addEventListener('click', () => buildFromPrompt());
            root.getElementById('reset-lab')?.addEventListener('click', () => setSpec(spec));
            root.getElementById('pause-lab')?.addEventListener('click', () => {
              paused = !paused;
              root.getElementById('pause-lab').textContent = paused ? 'Resume' : 'Pause';
            });
            root.getElementById('remix-lab')?.addEventListener('click', () => setSpec(remixSpec(readSpecFromUi(spec, controlStack, nameInput))));
            async function resolveWithEmbedding(prompt, params, serial, showCanvasLoader = false, modelSelection) {
              if (!String(prompt || '').trim()) return;
              if (!embedder) {
                reportIntentFailure(serial, 'Intent model unavailable');
                return;
              }
              if (stateReadout) stateReadout.textContent = 'loading intent';
              publishRuntime({
                state: 'active',
                stage: 'start',
                percent: 1,
                message: 'Loading embeddings',
                canvasLoading: showCanvasLoader,
              });
              try {
                await waitForLoadingPaint();
                if (serial !== buildSerial) return;
                const applyIntentResult = async (result) => {
                  if (serial !== buildSerial || !result) return false;
                  syncTrainingRankArtifacts(trainingRun, result);
                  const token = compileSerial + 1;
                  compileSerial = token;
                  const nextSpec = await compilePromptSpec(prompt, {
                    params,
                    retrievalSourcePromptHash: result.sourcePromptHash,
                    embeddingPriors: result.priors,
                    embeddingModel: result.model,
                    embeddingBackend: result.backend,
                    promptRuntimeReceipt: result.promptRuntimeReceipt || null,
                    intentRerank: result.rerank,
                    semanticRag: result.semanticRag,
                    dopplerIntent: result.dopplerIntent,
                    cardMatches: result.cardMatches,
                    universeMatches: result.universeMatches,
                    spanRetrieval: result.spanRetrieval,
                    slotRetrieval: result.slotRetrieval,
                    boundedClassification: result.boundedClassification || null,
                    classificationTierId: selectedClassificationTierId(modelSelection),
                    modelSelection: modelSelection.receipt(),
                    retrievalPhase: result.retrievalPhase || 'span-refined',
                    evidenceRows: result.evidenceRows,
                  }, {
                    stage: 'language',
                    percent: 31,
                    message: 'Parsing language',
                    backend: result.backend,
                    canvasLoading: showCanvasLoader,
                  });
                  if (serial !== buildSerial || token !== compileSerial) return false;
                  worldSpecReconciliation.bindExecution(nextSpec);
                  setSpec(nextSpec, { visible: true, phaseRun: phaseCompiler.getLatest() });
                  publishRuntime({
                    state: 'active',
                    stage: 'render',
                    percent: 98,
                    message: 'Rendering scene',
                    backend: result.backend,
                    canvasLoading: showCanvasLoader,
                  });
                  return true;
                };
                const promptRuntimeReceipt = await ensurePromptRuntimeReceipt(serial);
                if (serial !== buildSerial) return;
                const retrievalQueryPlan = retrievalQueryPlanForPrompt(prompt, params, promptRuntimeReceipt);
                publishRuntime({
                  state: 'active',
                  stage: 'scene-query-plan',
                  percent: 5,
                  message: 'Planning scene retrieval slots',
                  querySlotCount: retrievalQueryPlan.queryPlan &&
                    retrievalQueryPlan.queryPlan.summary &&
                    retrievalQueryPlan.queryPlan.summary.slotCount || 0,
                  canvasLoading: showCanvasLoader,
                });
                const result = await embedder.rankPrompt(prompt, model.PHYSICAL_PRIMITIVES, {
                  max: 36,
                  queryPlan: retrievalQueryPlan.queryPlan,
                  sceneLanguageGraph: retrievalQueryPlan.sceneLanguageGraph,
                  promptRuntimeReceipt,
                  classificationTierId: selectedClassificationTierId(modelSelection),
                  onProgress: (event) => publishRuntime({
                    ...event,
                    canvasLoading: showCanvasLoader,
                  }),
                  onPreview: (preview) => {
                    syncTrainingPreviewArtifacts(trainingRun, preview);
                    publishRuntime({
                      state: 'active',
                      stage: 'span-retrieval',
                      percent: 87,
                      message: 'Compiling intent',
                      backend: preview && preview.backend,
                      canvasLoading: showCanvasLoader,
                    });
                  },
                });
                if (serial !== buildSerial) return;
                const applied = await applyIntentResult(result);
                if (!applied) return;
                publishRuntime({
                  state: 'ready',
                  stage: 'ready',
                  percent: 100,
                  message: 'Ready',
                  backend: result.backend,
                });
              } catch (err) {
                if (serial === buildSerial) {
                  const diagnostic = err && err.message ? err.message : String(err || 'intent model failed');
                  console.error('[simulatte.intent] model-backed intent failed', err);
                  reportIntentFailure(serial, diagnostic);
                }
              }
            }
    
            async function resolveDeterministically(prompt, params, serial, showCanvasLoader = false, modelSelection) {
              if (!String(prompt || '').trim()) return;
              if (stateReadout) stateReadout.textContent = 'compiling intent';
              publishRuntime({
                state: 'active',
                stage: 'deterministic-start',
                percent: 4,
                message: 'Reading language',
                backend: 'deterministic-local',
                canvasLoading: showCanvasLoader,
              });
              try {
                await waitForLoadingPaint();
                if (serial !== buildSerial) return;
                const token = compileSerial + 1;
                compileSerial = token;
                const classification = await ensureClassificationPolicy();
                if (serial !== buildSerial || token !== compileSerial) return;
                const nextSpec = await compilePromptSpec(prompt, {
                  params,
                  deterministicRuntime: true,
                  retrievalPhase: 'deterministic-local',
                  classificationTierPolicy: classification.policy,
                  classificationCalibration: classification.calibration,
                  classificationTierId: selectedClassificationTierId(modelSelection),
                  modelSelection: modelSelection.receipt(),
                }, {
                  stage: 'language',
                  percent: 18,
                  message: 'Parsing language',
                  backend: 'deterministic-local',
                  canvasLoading: showCanvasLoader,
                });
                if (serial !== buildSerial || token !== compileSerial) return;
                worldSpecReconciliation.bindExecution(nextSpec);
                setSpec(nextSpec, { visible: true, phaseRun: phaseCompiler.getLatest() });
                publishRuntime({
                  state: 'ready',
                  stage: 'ready',
                  percent: 100,
                  message: 'Deterministic ready',
                  detail: 'Lexical retrieval and typed rules',
                  backend: 'deterministic-local',
                  modelId: 'simulatte-deterministic-language-runtime-v1',
                  providerReady: false,
                  noFallback: true,
                  canvasLoading: false,
                });
              } catch (error) {
                if (serial !== buildSerial) return;
                const diagnostic = error && error.message ? error.message : String(error || 'deterministic compiler failed');
                console.error('[simulatte.intent] deterministic intent failed', error);
                publishRuntime({
                  state: 'error',
                  stage: 'error',
                  percent: 0,
                  message: 'Deterministic compiler failed',
                  detail: diagnostic,
                  backend: 'deterministic-local',
                  canvasLoading: false,
                });
              }
            }
    
            async function ensurePromptRuntimeReceipt(serial) {
              if (
                activePromptRuntimeReceipt &&
                activePromptRuntimeReceipt.providerReady === true &&
                activePromptRuntimeReceipt.noFallback === true &&
                (activePromptRuntimeReceipt.rerankerRequired !== true || activePromptRuntimeReceipt.rerankerReady === true)
              ) {
                return activePromptRuntimeReceipt;
              }
              const loadedRuntime = await embedder.loadModel();
              if (serial !== buildSerial) return null;
              activePromptRuntimeReceipt = loadedRuntime && loadedRuntime.promptRuntimeReceipt || null;
              return activePromptRuntimeReceipt;
            }
    
            function selectedClassificationTierId(modelSelection) {
              return promptModelSelection.classificationTierId(modelSelection);
            }
    
            function retrievalQueryPlanForPrompt(prompt, params = {}, promptRuntimeReceipt = null) {
              if (
                !model ||
                typeof model.runPhase1RuntimeGate !== 'function' ||
                typeof model.runPhase2LanguageGraph !== 'function'
              ) {
                return { queryPlan: null, sceneLanguageGraph: null };
              }
              try {
                const phase1 = model.runPhase1RuntimeGate(prompt, {
                  params,
                  promptRuntimeReceipt,
                });
                const phase2 = model.runPhase2LanguageGraph(phase1);
                const artifact = phase2 && phase2.artifact || {};
                return {
                  queryPlan: artifact.queryPlan || null,
                  sceneLanguageGraph: artifact.sceneLanguageGraph || null,
                };
              } catch (error) {
                if (typeof console !== 'undefined' && console.warn) {
                  console.warn('[simulatte.intent] retrieval query plan unavailable', error);
                }
                return { queryPlan: null, sceneLanguageGraph: null };
              }
            }
    
            function reportIntentFailure(serial, diagnostic = '') {
              if (serial !== buildSerial) return;
              publishRuntime({
                state: 'error',
                stage: 'error',
                percent: 0,
                message: 'Intent model failed',
                detail: diagnostic,
              });
              if (stateReadout) stateReadout.textContent = 'intent model failed';
            }
    
            function tick(now) {
              if (webGpuRenderer?.disposed) return;
              const dt = Math.max(0, (now - last) / 1000);
              last = now;
              if (runtimeProgress.isBusy()) {
                fpsMeter.sample(now, false);
                requestAnimationFrame(tick);
                return;
              }
              const previousSpec = spec;
              spec = readSpecFromUi(spec, controlStack, nameInput);
              if (spec !== previousSpec) {
                playbackClock = model.createSimulationPlaybackClock(spec);
                renderExecutionInput = null;
                worldSpecEditor?.sync(spec);
                if (previewDisclosure && previewDisclosure.open) syncSpecPreview(specPreview, spec);
              }
              if (pendingInteractionCommands.length && typeof applyInteractionCommands === 'function') {
                const commands = pendingInteractionCommands.splice(0, pendingInteractionCommands.length);
                state = applyInteractionCommands(state, spec.interactionIR, commands);
              }
              if (!paused && canvas.dataset.auditFreezeFrame !== 'true') {
                state = playbackClock.advance(state, spec, dt);
              }
              if (simulationVisible && webGpuRenderer) {
                const input = renderExecutionInput || refreshRenderExecutionInput();
                if (input) {
                  input.simulationState = state;
                  input.canvas = canvas;
                  if (webGpuRenderer.session.status().state === 'ready') webGpuRenderer.session.render({ scene: input, timeMs: now });
                }
              }
              fpsMeter.sample(now, simulationVisible && webGpuRenderer);
              syncReadouts(readouts, stateReadout, state, spec);
              requestAnimationFrame(tick);
            }
    
            setSpec(spec, { visible: false });
            root.defaultView?.addEventListener('pagehide', () => {
              phaseCompiler.dispose();
              worldSpecEditor.cancel();
              pipelineCompiler?.cancel();
              worldSpecReconciliation.abort('page closed');
              webGpuRenderer?.session.dispose();
            }, { once: true });
            root.getElementById('model-selection-controls')?.addEventListener('model-selection-change', () => {
              if (runtimeProgress.isBusy()) return;
              publishRuntime({
                state: 'ready',
                stage: 'model-selection-ready',
                percent: 100,
                message: 'Model selection ready',
                detail: 'Selection applies to the next run',
                canvasLoading: false,
              });
            });
            modelSelectionReady.then((selection) => {
              const neural = selection.selectedRuntimeRef('open-vocabulary-retrieval').kind === 'embedding';
              publishRuntime({
                state: 'ready',
                stage: neural ? 'model-ready' : 'deterministic-ready',
                percent: 100,
                message: 'Ready',
                detail: neural ? 'Qwen retrieval selected for the next run' : 'Lexical retrieval and typed rules',
                canvasLoading: false,
              });
            }).catch((error) => reportIntentFailure(buildSerial, error.message));
            requestAnimationFrame(tick);
            return {
              getSpec: () => spec,
              getPipelineRun: phaseCompiler.getLatest,
              getState: () => state,
              getTrainingSnapshot: () => ({
                ...trainingSnapshot(trainingRun, spec, state, canvas),
                improvementRecord: worldImprovementSession.getCurrentRecord(),
              }),
              getImprovementRecord: () => worldImprovementSession.getCurrentRecord(),
              getImprovementRecords: () => worldImprovementSession.getRecords(),
              getImprovementDiagnostics: () => ({
                session: worldImprovementSession.getDiagnostics(),
                ...proofSession.diagnostics(),
              }),
              setSpec,
            };
          }
    
        const api = Object.freeze({
          createBrowserLab,
        });
    
      if (typeof module === 'object' && module.exports) module.exports = api;
      root.SimulattePromptControllerLab = api;
    })(typeof globalThis !== 'undefined' ? globalThis : window);
    
    (function attachSimulattePhysicsRenderer(root) {
      const lab = typeof module === 'object' && module.exports
        ? require('./prompt-controller-lab-controller.js')
        : root.SimulattePromptControllerLab;
      if (!lab || typeof lab.createBrowserLab !== 'function') {
        throw new Error('SimulattePhysicsRenderer requires the prompt controller lab');
      }
      function start() {
        if (typeof document === 'undefined') return null;
        return lab.createBrowserLab(document);
      }
      const api = Object.freeze({ createBrowserLab: lab.createBrowserLab, start });
      if (typeof module === 'object' && module.exports) module.exports = api;
      root.SimulattePhysicsRenderer = api;
    })(typeof globalThis !== 'undefined' ? globalThis : window);
    
  operator: 'match'
  stack: |-
    TestContext.<anonymous> (/home/clocksmith/deco/simulatte/tests/js-shape-suite.cjs:990:10)
    Test.runInAsyncScope (node:async_hooks:214:14)
    Test.run (node:internal/test_runner/test:1047:25)
    Test.processPendingSubtests (node:internal/test_runner/test:744:18)
    Test.postRun (node:internal/test_runner/test:1173:19)
    Test.run (node:internal/test_runner/test:1101:12)
    async startSubtestAfterBootstrap (node:internal/test_runner/harness:296:3)
  ...
# Subtest: visual audit auto-judges prompt fidelity and motion with a rubric
ok 3 - visual audit auto-judges prompt fidelity and motion with a rubric
  ---
  duration_ms: 8.17367
  type: 'test'
  ...
# Subtest: prompt dock minimizes to corners without drag placement
ok 4 - prompt dock minimizes to corners without drag placement
  ---
  duration_ms: 7.120544
  type: 'test'
  ...
# Subtest: browser product exposes compiled world model receipts
ok 5 - browser product exposes compiled world model receipts
  ---
  duration_ms: 5.913084
  type: 'test'
  ...
# Subtest: composition renderer diversity lives in compiled graph and WebGPU operators
ok 6 - composition renderer diversity lives in compiled graph and WebGPU operators
  ---
  duration_ms: 29.71719
  type: 'test'
  ...
# Subtest: phase 8 renders compiled scene packets without semantic inference
ok 7 - phase 8 renders compiled scene packets without semantic inference
  ---
  duration_ms: 14.32418
  type: 'test'
  ...
# Subtest: WebGPU scene ids and object-part contracts cover emitted visual artifacts
ok 8 - WebGPU scene ids and object-part contracts cover emitted visual artifacts
  ---
  duration_ms: 4.894416
  type: 'test'
  ...
# Subtest: physics graph debug data is explicit and does not log every compiled world
ok 9 - physics graph debug data is explicit and does not log every compiled world
  ---
  duration_ms: 6.729201
  type: 'test'
  ...
# Subtest: pipeline phases consume only neighboring compiled artifacts after intent grounding
ok 10 - pipeline phases consume only neighboring compiled artifacts after intent grounding
  ---
  duration_ms: 49.10289
  type: 'test'
  ...
# Subtest: composition shape inference does not classify catalog provenance as cats
ok 11 - composition shape inference does not classify catalog provenance as cats
  ---
  duration_ms: 1.835568
  type: 'test'
  ...
# Subtest: Phase 6 composition accepts semantic authority only from its Phase 5 render boundary
ok 12 - Phase 6 composition accepts semantic authority only from its Phase 5 render boundary
  ---
  duration_ms: 2.038011
  type: 'test'
  ...
# Subtest: pipeline phases load Phase 3 retrieval boundary checks before retrieval work
ok 13 - pipeline phases load Phase 3 retrieval boundary checks before retrieval work
  ---
  duration_ms: 0.222202
  type: 'test'
  ...
1..13
# tests 13
# suites 0
# pass 12
# fail 1
# cancelled 0
# skipped 0
# todo 0
# duration_ms 525.905891
TEST-RUN files=10/21 tests=74 passed=8 failed=2
