
> check:fast
> npm run catscan:check && npm run folder-contracts:ci && npm run check:source-size && npm run check:runtime-entrypoint && npm run check:world-entrypoint && npm run check:artifacts && npm run check:pipeline-map && node tools/run-test-files.mjs --fail-fast tests/data-workbench.test.cjs tests/browser-harness.test.cjs tests/browser-memory-receipt.test.cjs tests/catscan.test.cjs tests/causal-phase-diagnosis.test.cjs tests/compile-human-reviews.test.cjs tests/governing-metric.test.cjs tests/gpu-supercluster.test.cjs tests/phase-module-registry.test.cjs tests/profile-program.test.cjs tests/profile-world-spec.test.cjs tests/shared-domain-contracts.test.cjs tests/world-spec-reconciliation.test.cjs tests/world-spec-reconciliation-controller.test.cjs tests/world-spec.test.cjs tests/world-proof.test.cjs tests/world-runtime-loader.test.cjs tests/js-shape-architecture.test.cjs tests/js-shape-model-data.test.cjs tests/js-shape-runtime-progress.test.cjs tests/js-shape-browser-render.test.cjs


> catscan:check
> node tools/check-catscan.mjs

CATSCAN valid: 39 recursive component charters and synchronized index.

> folder-contracts:ci
> node tools/check-folder-contracts.mjs --contract docs/simulatte/folder-contract.json --schema docs/simulatte/folder-contract.schema.json --repository-root . --allow-unavailable-external-sources

Folder contract valid: simulatte; 850 directories, 70 nodes, 57 affected nodes.
{
  "changedFiles": 37,
  "commands": [
    "git diff --check",
    "node --test tests/asteroid-defense.test.cjs",
    "node --test tests/autonomy.test.cjs",
    "node --test tests/cable-trader.test.cjs",
    "node --test tests/folder-contracts.test.cjs",
    "node --test tests/gpu-supercluster.test.cjs",
    "node --test tests/multirate-coordinator.test.cjs tests/simulation-residency-manager.test.cjs tests/plugin-compositor-runtime.test.cjs tests/tier-run-controller.test.cjs",
    "node --test tests/navigation-lifecycle.test.cjs tests/plugin-compositor-runtime.test.cjs",
    "node --test tests/neighborhood-bulk-pool.test.cjs",
    "node --test tests/nyc-real-estate.test.cjs",
    "node --test tests/plugin-platform.test.cjs",
    "node --test tests/plugin-platform.test.cjs tests/tier-application-loader.test.cjs",
    "node --test tests/sun-walker-visual-storytelling.test.cjs",
    "node --test tests/world-tile-manager.test.cjs tests/recursive-spatial-residency.test.cjs tests/recursive-world-webgpu-renderer.test.cjs tests/recursive-world-proof.test.cjs",
    "npm run audit:simulatte:browser -- --check",
    "npm run audit:simulatte:evidence",
    "npm run audit:simulatte:reviews",
    "npm run check:artifacts",
    "npm run check:blank",
    "npm run check:deploy",
    "npm run check:fast",
    "npm run check:hosting",
    "npm run check:model-candidates",
    "npm run check:model-lock",
    "npm run check:model-populations",
    "npm run check:runtime-entrypoint",
    "npm run check:simulatte",
    "npm run check:simulatte:evidence",
    "npm run check:simulatte:reviews",
    "npm run check:world",
    "npm run check:world-entrypoint",
    "npm run folder-contracts:check",
    "npm run plugins:check",
    "npm run qualify:recursive-reference",
    "npm run samer:simulatte:check",
    "npm run simulatte:tiers:check",
    "npm run validate:universe",
    "npm run validate:visual-cards",
    "npm test"
  ],
  "browserJourneys": [
    "/city/cable-trader-pickup-v1",
    "/city/neighborhood-bulk-pool-v1",
    "/city/nyc-development-atlas-v1",
    "/city/sun-walker-v1",
    "/country/food-recall-us-v1",
    "/country/grid-resilience-us-v1",
    "/datacenter/gpu-supercluster-v1",
    "/recursive-reference.html",
    "/solar-system/asteroid-defense-v1",
    "/solar-system/orbital-transfer-planner-v1",
    "/star-chart/interstellar-relay-network-v1",
    "/world/maritime-trade-global-v1",
    "/world/subsea-network-global-v1"
  ]
}

> check:source-size
> node tools/check-source-size.mjs

SOURCE-SIZE warning 979 public/blank/pipeline/phase-06-visual/simulatte-composition-graph-render-ir-binding.js
SOURCE-SIZE warning 978 public/blank/pipeline/phase-05-simulation/simulatte-physics-model-phase-retrieval.js
SOURCE-SIZE warning 953 public/shared/plugins/nyc-real-estate/forecast-model.js
SOURCE-SIZE warning 952 public/blank/pipeline/phase-03-retrieval/simulatte-intent-embedder-slot-retrieval.js
SOURCE-SIZE warning 950 public/blank/pipeline/phase-06-visual/simulatte-composition-graph-scene-packet.js
SOURCE-SIZE warning 946 public/blank/pipeline/phase-04-grounded-intent/simulatte-universe-grounder.js
SOURCE-SIZE warning 938 public/blank/pipeline/phase-06-visual/simulatte-object-geometry-grammars.js
SOURCE-SIZE warning 930 public/simulatte/language/simulatte-universe-parser.js
SOURCE-SIZE warning 929 public/blank/pipeline/phase-05-simulation/simulatte-physics-ir-builder.js
SOURCE-SIZE warning 928 public/blank/pipeline/phase-06-visual/simulatte-composition-graph-selection-layout.js
SOURCE-SIZE warning 923 public/blank/pipeline/phase-06-visual/simulatte-composition-graph-programs.js
SOURCE-SIZE warning 923 public/shared/core/simulation/multirate-coordinator.js
SOURCE-SIZE warning 919 public/shared/plugins/neighborhood-bulk-pool/pool-solver.js
SOURCE-SIZE warning 917 public/blank/pipeline/phase-04-grounded-intent/simulatte-universe-grounder-graph.js
SOURCE-SIZE warning 917 public/simulatte/app/webgpu-renderer.js
SOURCE-SIZE warning 913 public/simulatte/app/multi-tier-visualizer.js
SOURCE-SIZE warning 912 public/blank/pipeline/phase-05-simulation/simulatte-physics-model-phase-runtime-language.js
SOURCE-SIZE warning 910 public/shared/plugins/nyc-real-estate/v4-contribution.js
SOURCE-SIZE warning 905 public/blank/pipeline/phase-03-retrieval/simulatte-intent-embedder-manifest-cache.js
SOURCE-SIZE warning 900 public/blank/pipeline/phase-07-render/simulatte-webgpu-renderer-packets.js
SOURCE-SIZE warning 890 public/shared/contracts/world-spec.js
SOURCE-SIZE warning 877 public/blank/pipeline/phase-03-retrieval/simulatte-intent-embedder-rerank.js
SOURCE-SIZE warning 875 public/blank/pipeline/phase-06-visual/simulatte-composition-graph-materials.js
SOURCE-SIZE warning 870 public/blank/pipeline/phase-05-simulation/simulatte-physics-catalog-templates.js
SOURCE-SIZE warning 869 public/blank/pipeline/phase-07-render/simulatte-webgpu-renderer-renderer-class.js
SOURCE-SIZE warning 866 public/blank/pipeline/phase-03-retrieval/simulatte-semantic-rag-helpers.js
SOURCE-SIZE warning 865 public/blank/pipeline/phase-06-visual/simulatte-composition-graph-helpers.js
SOURCE-SIZE warning 860 public/blank/pipeline/phase-05-simulation/simulatte-physics-model-state-solvers.js
SOURCE-SIZE warning 860 public/blank/pipeline/phase-07-render/simulatte-render-proof.js
SOURCE-SIZE warning 857 public/blank/app/prompt/prompt-controller-workers.js
SOURCE-SIZE warning 854 public/simulatte/app/webgpu-geometry.js
SOURCE-SIZE warning 836 public/shared/plugins/sun-walker/sun-route-simulation.js
SOURCE-SIZE warning 832 public/simulatte/mission/mission-compiler.js
SOURCE-SIZE warning 826 public/blank/pipeline/phase-03-retrieval/simulatte-intent-embedder-span-retrieval.js
SOURCE-SIZE warning 825 public/simulatte/app/main.js
SOURCE-SIZE warning 824 public/blank/pipeline/phase-05-simulation/simulatte-solver-compiler.js
SOURCE-SIZE warning 803 public/shared/plugins/sun-walker/sun-exposure.js
SOURCE-SIZE warning 799 public/blank/pipeline/phase-06-visual/simulatte-composition-graph-visual-ir.js
SOURCE-SIZE warning 799 public/shared/plugins/interstellar-relay-network/index.js
SOURCE-SIZE warning 796 public/blank/app/loading/loading-canvas.js
SOURCE-SIZE warning 787 public/shared/plugins/neighborhood-bulk-pool/index.js
SOURCE-SIZE warning 785 public/blank/app/runtime/runtime-progress-support.js
SOURCE-SIZE warning 785 public/blank/pipeline/phase-05-simulation/simulatte-physics-model-spec-api.js
SOURCE-SIZE warning 785 public/blank/pipeline/phase-06-visual/simulatte-prompt-visual-contracts.js
SOURCE-SIZE warning 784 public/blank/pipeline/phase-03-retrieval/simulatte-semantic-rag-surface-cards.js
SOURCE-SIZE warning 769 public/shared/plugins/maritime-trade-global/index.js
SOURCE-SIZE warning 767 public/blank/pipeline/phase-04-grounded-intent/simulatte-graph-synthesis-helpers.js
SOURCE-SIZE warning 767 public/shared/contracts/world-proof-intent.js
SOURCE-SIZE warning 762 public/blank/pipeline/phase-06-visual/simulatte-visual-operator-compiler.js
SOURCE-SIZE warning 757 public/blank/app/prompt/prompt-controller-lab-controller.js
SOURCE-SIZE warning 757 public/blank/pipeline/phase-06-visual/simulatte-composition-graph-visual-genome.js
SOURCE-SIZE pass warnings=51 maximum=999

> check:runtime-entrypoint
> node tools/sync-runtime-script-entrypoint.mjs

runtime script entrypoint is synchronized

> check:world-entrypoint
> node tools/check-world-runtime-entrypoint.mjs

World runtime entrypoint is synchronized (13 eager scripts, 235 inventoried, 5 exclusive stages).

> check:artifacts
> node tools/sync-generated-artifact-inventory.mjs

Generated artifact inventory is synchronized (9 artifacts).

> check:pipeline-map
> node tools/check-pipeline-engineering-map.mjs

Pipeline engineering map resolved 16 jobs with owners, tests, validators, browser gates, and evidence.
START browser-harness.test.cjs
START browser-memory-receipt.test.cjs
PASSED browser-memory-receipt.test.cjs tests=2
START catscan.test.cjs
PASSED browser-harness.test.cjs tests=7
PASSED catscan.test.cjs tests=5
START causal-phase-diagnosis.test.cjs
START compile-human-reviews.test.cjs
PASSED compile-human-reviews.test.cjs tests=1
PASSED causal-phase-diagnosis.test.cjs tests=5
START data-workbench.test.cjs
START governing-metric.test.cjs
PASSED data-workbench.test.cjs tests=11
START gpu-supercluster.test.cjs
PASSED governing-metric.test.cjs tests=3
START js-shape-architecture.test.cjs
PASSED gpu-supercluster.test.cjs tests=18
START js-shape-browser-render.test.cjs
PASSED js-shape-architecture.test.cjs tests=8
FAILED js-shape-browser-render.test.cjs tests=13
START js-shape-model-data.test.cjs
CANCELLED js-shape-model-data.test.cjs tests=0

--- js-shape-browser-render.test.cjs (failed) ---
TAP version 13
# Subtest: physics renderer is a browser coordinator, not a legacy Canvas2D painter library
ok 1 - physics renderer is a browser coordinator, not a legacy Canvas2D painter library
  ---
  duration_ms: 5.113895
  type: 'test'
  ...
# Subtest: physics loading uses a phase-reactive canvas Snake game instead of a card mosaic
ok 2 - physics loading uses a phase-reactive canvas Snake game instead of a card mosaic
  ---
  duration_ms: 17.306706
  type: 'test'
  ...
# Subtest: visual audit auto-judges prompt fidelity and motion with a rubric
ok 3 - visual audit auto-judges prompt fidelity and motion with a rubric
  ---
  duration_ms: 5.551039
  type: 'test'
  ...
# Subtest: prompt dock minimizes to corners without drag placement
ok 4 - prompt dock minimizes to corners without drag placement
  ---
  duration_ms: 1.033182
  type: 'test'
  ...
# Subtest: browser product exposes compiled world model receipts
ok 5 - browser product exposes compiled world model receipts
  ---
  duration_ms: 1.860216
  type: 'test'
  ...
# Subtest: composition renderer diversity lives in compiled graph and WebGPU operators
ok 6 - composition renderer diversity lives in compiled graph and WebGPU operators
  ---
  duration_ms: 11.626434
  type: 'test'
  ...
# Subtest: phase 8 renders compiled scene packets without semantic inference
ok 7 - phase 8 renders compiled scene packets without semantic inference
  ---
  duration_ms: 5.346127
  type: 'test'
  ...
# Subtest: WebGPU scene ids and object-part contracts cover emitted visual artifacts
ok 8 - WebGPU scene ids and object-part contracts cover emitted visual artifacts
  ---
  duration_ms: 1.710794
  type: 'test'
  ...
# Subtest: physics graph debug data is explicit and does not log every compiled world
ok 9 - physics graph debug data is explicit and does not log every compiled world
  ---
  duration_ms: 1.45428
  type: 'test'
  ...
# Subtest: pipeline phases consume only neighboring compiled artifacts after intent grounding
not ok 10 - pipeline phases consume only neighboring compiled artifacts after intent grounding
  ---
  duration_ms: 12.023044
  type: 'test'
  location: '/home/clocksmith/deco/simulatte/tests/js-shape-suite.cjs:26:10'
  failureType: 'testCodeFailure'
  error: |-
    The input did not match the regular expression /renderExecutionInput source expected/. Input:
    
    '(function initSimulattePhysicsCatalogDependencies(root) {\n' +
      "  const moduleRegistry = typeof module === 'object' && module.exports\n" +
      "    ? require('../../app/runtime/phase-module-registry.js')\n" +
      '    : root.SimulattePhaseModuleRegistry;\n' +
      "  const scope = moduleRegistry.family('physicsCatalog');\n" +
      '  if (scope.initialized) return;\n' +
      '\n' +
      "  moduleRegistry.define('physicsCatalog', 'simulatte-physics-catalog-dependencies.js', {\n" +
      '    root,\n' +
      '    initialized: true,\n' +
      '  });\n' +
      "})(typeof globalThis !== 'undefined' ? globalThis : window);\n" +
      '\n' +
      '(function attachSimulattePhysicsCatalogconstants(root) {\n' +
      "  const scope = root.SimulattePhaseModuleRegistry.family('physicsCatalog');\n" +
      '\n' +
      '    const TAU = Math.PI * 2;\n' +
      '\n' +
      '    const FIELD_GRID = 52;\n' +
      '\n' +
      "    root.SimulattePhaseModuleRegistry.define('physicsCatalog', 'simulatte-physics-catalog-constants.js', {\n" +
      '      TAU,\n' +
      '      FIELD_GRID,\n' +
      '    });\n' +
      '\n' +
      "})(typeof globalThis !== 'undefined' ? globalThis : window);\n" +
      '\n' +
      '(function attachSimulattePhysicsCatalogtemplates(root) {\n' +
      "  const scope = root.SimulattePhaseModuleRegistry.family('physicsCatalog');\n" +
      '\n' +
      '    function visualSlotTargetsForAction(actionEntry = {}) {\n' +
      "        const bySemanticClass = scope.ACTION_VISUAL_SLOT_TARGETS[String(actionEntry.semanticClass || '')];\n" +
      '        if (bySemanticClass) return bySemanticClass;\n' +
      "        const target = String(actionEntry.id || '').replace(/^action:/, '') || String(actionEntry.label || '');\n" +
      '        return scope.ACTION_VISUAL_SLOT_TARGETS[target] || [];\n' +
      '      }\n' +
      '\n' +
      '    function toCatalogItem(layer, item) {\n' +
      '        const id = String(item.id);\n' +
      '        const label = item.label || labelize(id);\n' +
      '        const idTerms = id.split(/[-_]+/).filter((term) => term.length > 2);\n' +
      '        const domains = uniqueList([...(item.domains || []), layer, id, ...idTerms]);\n' +
      '        return {\n' +
      '          id,\n' +
      '          label,\n' +
      '          type: item.type || layer,\n' +
      '          layer,\n' +
      '          role: item.role || `${label} ${layer}`,\n' +
      '          domains,\n' +
      '          controls: item.controls || [],\n' +
      '          params: item.params || {},\n' +
      '          recipe: item.recipe || [],\n' +
      "          text: `${label} ${item.text || ''} ${domains.join(' ')} ${(item.recipe || []).join(' ')}`,\n" +
      '        };\n' +
      '      }\n' +
      '\n' +
      '    function uniqueCatalogItems(...groups) {\n' +
      '        const seen = new Set();\n' +
      '        const out = [];\n' +
      '        for (const group of groups) {\n' +
      '          for (const item of group) {\n' +
      '            if (seen.has(item.id)) continue;\n' +
      '            seen.add(item.id);\n' +
      '            out.push(item);\n' +
      '          }\n' +
      '        }\n' +
      '        return Object.freeze(out);\n' +
      '      }\n' +
      '\n' +
      '    function generatedMaterialPropertiesForId(id) {\n' +
      "        if (id === 'lava') return { density: 0.78, hardness: 0.12, heatCapacity: 0.74, opacity: 1, viscosity: 0.62, phasePoint: 0.9 };\n" +
      "        if (id === 'snow') return { density: 0.22, hardness: 0.06, heatCapacity: 0.7, moisture: 0.82, opacity: 0.72, phasePoint: 0.16 };\n" +
      "        if (id === 'mud') return { density: 0.62, hardness: 0.08, heatCapacity: 0.52, moisture: 0.92, opacity: 0.95, viscosity: 0.74 };\n" +
      "        if (id === 'battery-electrolyte') return { density: 0.56, heatCapacity: 0.62, conductivity: 0.76, moisture: 0.82, viscosity: 0.28 };\n" +
      "        if (id === 'semiconductor') return { density: 0.54, hardness: 0.58, conductivity: 0.48, opacity: 0.5, refractiveIndex: 1.68 };\n" +
      "        if (id === 'concrete-rebar') return { density: 0.84, hardness: 0.86, heatCapacity: 0.34, conductivity: 0.32, opacity: 1 };\n" +
      "        if (id === 'blood') return { density: 0.58, heatCapacity: 0.72, moisture: 0.94, opacity: 0.82, viscosity: 0.34 };\n" +
      "        if (id === 'tendon') return { density: 0.4, hardness: 0.18, heatCapacity: 0.46, moisture: 0.48, viscosity: 0.18 };\n" +
      "        if (id === 'cartilage') return { density: 0.36, hardness: 0.1, heatCapacity: 0.48, moisture: 0.72, viscosity: 0.34 };\n" +
      '        if (scope.METAL_MATERIAL_IDS.has(id)) {\n' +
      '          return { density: 0.82, hardness: 0.64, heatCapacity: 0.3, conductivity: 0.82, opacity: 1 };\n' +
      '        }\n' +
      '        if (scope.GAS_MATERIAL_IDS.has(id)) {\n' +
      '          return { density: 0.08, heatCapacity: 0.22, opacity: 0.05, viscosity: 0.05 };\n' +
      '        }\n' +
      '        if (scope.MINERAL_MATERIAL_IDS.has(id)) {\n' +
      '          return { density: 0.74, hardness: 0.82, heatCapacity: 0.32, opacity: 0.92, refractiveIndex: 1.38 };\n' +
      '        }\n' +
      '        if (scope.ORGANIC_MATERIAL_IDS.has(id)) {\n' +
      '          return { density: 0.36, hardness: 0.16, heatCapacity: 0.48, combustibility: 0.62, viscosity: 0.28 };\n' +
      '        }\n' +
      '        if (scope.POLYMER_MATERIAL_IDS.has(id)) {\n' +
      '          return { density: 0.3, hardness: 0.22, heatCapacity: 0.44, combustibility: 0.34, viscosity: 0.4 };\n' +
      '        }\n' +
      '        if (scope.BIO_MOLECULE_MATERIAL_IDS.has(id)) {\n' +
      '          return { density: 0.22, hardness: 0.04, heatCapacity: 0.52, moisture: 0.68, viscosity: 0.55 };\n' +
      '        }\n' +
      "        if (id === 'graphene') return { density: 0.36, hardness: 0.68, conductivity: 0.98, opacity: 0.24 };\n" +
      "        if (id === 'acid' || id === 'base') return { density: 0.5, heatCapacity: 0.74, conductivity: 0.58, moisture: 1, viscosity: 0.18 };\n" +
      "        if (id === 'salt') return { density: 0.64, hardness: 0.38, conductivity: 0.34, opacity: 0.78 };\n" +
      '        return {};\n' +
      '      }\n' +
      '\n' +
      '    function paramsForHandwrittenPrompt(index, prompt) {\n' +
      "        const text = String(prompt || '').toLowerCase();\n" +
      '        const value = (offset, min = 0.18, max = 0.92) => {\n' +
      '          const raw = ((index + 1) * 41 + offset * 29) % 100;\n' +
      '          return Number((min + (raw / 99) * (max - min)).toFixed(2));\n' +
      '        };\n' +
      '        const params = {\n' +
      '          energyInput: value(1),\n' +
      '          heatTransfer: value(2),\n' +
      '          pressure: value(3),\n' +
      '          flowRate: value(4),\n' +
      '          turbulence: value(5),\n' +
      '          viscosity: value(6),\n' +
      '          density: value(7),\n' +
      '          damping: value(8, 0.02, 0.18),\n' +
      '          surfaceTension: value(9),\n' +
      '          waveAmplitude: value(10),\n' +
      '          soundFrequency: value(11, 0.08, 1.2),\n' +
      '          magnetization: value(12),\n' +
      '          fieldStrength: value(13),\n' +
      '          irradiance: Math.round(240 + value(14) * 980),\n' +
      '          gravity: Number(value(15, -0.18, 0.32).toFixed(2)),\n' +
      '          queueBacklog: value(16),\n' +
      '          serviceRate: value(17),\n' +
      '          marketDemand: value(18),\n' +
      '          populationGrowth: value(19, 0.08, 1.18),\n' +
      '          lightIntensity: value(20),\n' +
      '          moisture: value(21),\n' +
      '          erosionRate: value(22),\n' +
      '          conductivity: value(23),\n' +
      '          refractiveIndex: Number((1.05 + value(24) * 0.82).toFixed(2)),\n' +
      '          hardness: value(25),\n' +
      '        };\n' +
      '        if (/cell|fung|root|algae|coral|bio|microb|plant|seed|animal|whale|wolf|moss|DNA|enzyme|neuron|lung|liver|kidney|tissue|virus|bacteria/i.test(text)) {\n' +
      '          Object.assign(params, { populationGrowth: 0.84, moisture: 0.74, diffusionA: 0.7 });\n' +
      '        }\n' +
      '        if (/star|orbit|asteroid|comet|planet|galactic|pulsar|black hole|cosmic|lunar|solar sail/i.test(text)) {\n' +
      '          Object.assign(params, { gravity: 0.24, irradiance: 980, fieldStrength: 0.58 });\n' +
      '        }\n' +
      '        if (/plasma|corona|tokamak|lightning|ion|gamma|xenon|magnet|ferrofluid|qubit/i.test(text)) {\n' +
      '          Object.assign(params, { magnetization: 0.82, fieldStrength: 0.84, conductivity: 0.76 });\n' +
      '        }\n' +
      '        if (/water|brine|river|ocean|flow|filter|pump|coolant|fluid|wave|geyser|storm|hurricane/i.test(text)) {\n' +
      '          Object.assign(params, { flowRate: 0.82, turbulence: 0.76, pressure: 0.72 });\n' +
      '        }\n' +
      '        if (/heat|fire|thermal|boil|melt|pyrolyze|burn|cool|frost|helium|ice|permafrost/i.test(text)) {\n' +
      '          Object.assign(params, { heatTransfer: 0.8, energyInput: 0.74, thermalFlux: 0.72 });\n' +
      '        }\n' +
      '        if (/queue|market|traffic|subway|supply|packet|ledger|receipt|route|network/i.test(text)) {\n' +
      '          Object.assign(params, { queueBacklog: 0.76, serviceRate: 0.46, networkLatency: 0.48 });\n' +
      '        }\n' +
      '        return Object.freeze(params);\n' +
      '      }\n' +
      '\n' +
      '    function clamp(value, min, max) {\n' +
      '        return Math.min(max, Math.max(min, value));\n' +
      '      }\n' +
      '\n' +
      '    function clamp01(value) {\n' +
      '        return clamp(value, 0, 1);\n' +
      '      }\n' +
      '\n' +
      '    function wrapAngle(angle) {\n' +
      '        const wrapped = angle % scope.TAU;\n' +
      '        return wrapped < 0 ? wrapped + scope.TAU : wrapped;\n' +
      '      }\n' +
      '\n' +
      '    function shortestAngle(from, to) {\n' +
      '        let delta = wrapAngle(to) - wrapAngle(from);\n' +
      '        if (delta > Math.PI) delta -= scope.TAU;\n' +
      '        if (delta < -Math.PI) delta += scope.TAU;\n' +
      '        return delta;\n' +
      '      }\n' +
      '\n' +
      '    function hashNoise(seed, index) {\n' +
      '        const x = Math.sin((seed + 1) * 12.9898 + (index + 1) * 78.233) * 43758.5453;\n' +
      '        return x - Math.floor(x);\n' +
      '      }\n' +
      '\n' +
      '    function slugify(value) {\n' +
      "        return String(value || 'simulation')\n" +
      '          .toLowerCase()\n' +
      "          .replace(/[^a-z0-9]+/g, '-')\n" +
      "          .replace(/^-+|-+$/g, '')\n" +
      "          .slice(0, 52) || 'simulation';\n" +
      '      }\n' +
      '\n' +
      '    function templateById(templateId) {\n' +
      '        return scope.TEMPLATE_LIBRARY.find((template) => template.id === templateId) || scope.TEMPLATE_LIBRARY[0];\n' +
      '      }\n' +
      '\n' +
      '    function normalizeControl(control) {\n' +
      '        if (Array.isArray(control)) return control;\n' +
      "        if (typeof control === 'string') return scope.CONTROL_LIBRARY[control] || [control, labelize(control), 0, 1, 0.01];\n" +
      '        if (control && control.key) {\n' +
      '          return [\n' +
      '            control.key,\n' +
      '            control.label || labelize(control.key),\n' +
      '            Number(control.min ?? 0),\n' +
      '            Number(control.max ?? 1),\n' +
      '            Number(control.step ?? 0.01),\n' +
      '          ];\n' +
      '        }\n' +
      "        return ['value', 'value', 0, 1, 0.01];\n" +
      '      }\n' +
      '\n' +
      '    function labelize(key) {\n' +
      "        return String(key || 'value')\n" +
      "          .replace(/([a-z])([A-Z])/g, '$1 $2')\n" +
      "          .replace(/[-_]+/g, ' ')\n" +
      '          .toLowerCase();\n' +
      '      }\n' +
      '\n' +
      '    function controlsForSpec(specOrTemplate) {\n' +
      '        return (specOrTemplate.controls || templateById(specOrTemplate.templateId || specOrTemplate.id).controls || [])\n' +
      '          .map(normalizeControl);\n' +
      '      }\n' +
      '\n' +
      '    function controlsByKey(specOrTemplate) {\n' +
      '        return Object.fromEntries(controlsForSpec(specOrTemplate).map((control) => [control[0], control]));\n' +
      '      }\n' +
      '\n' +
      '    function normalizeParams(tem'... 818969 more characters
    
  code: 'ERR_ASSERTION'
  name: 'AssertionError'
  expected:
  actual: |-
    (function initSimulattePhysicsCatalogDependencies(root) {
      const moduleRegistry = typeof module === 'object' && module.exports
        ? require('../../app/runtime/phase-module-registry.js')
        : root.SimulattePhaseModuleRegistry;
      const scope = moduleRegistry.family('physicsCatalog');
      if (scope.initialized) return;
    
      moduleRegistry.define('physicsCatalog', 'simulatte-physics-catalog-dependencies.js', {
        root,
        initialized: true,
      });
    })(typeof globalThis !== 'undefined' ? globalThis : window);
    
    (function attachSimulattePhysicsCatalogconstants(root) {
      const scope = root.SimulattePhaseModuleRegistry.family('physicsCatalog');
    
        const TAU = Math.PI * 2;
    
        const FIELD_GRID = 52;
    
        root.SimulattePhaseModuleRegistry.define('physicsCatalog', 'simulatte-physics-catalog-constants.js', {
          TAU,
          FIELD_GRID,
        });
    
    })(typeof globalThis !== 'undefined' ? globalThis : window);
    
    (function attachSimulattePhysicsCatalogtemplates(root) {
      const scope = root.SimulattePhaseModuleRegistry.family('physicsCatalog');
    
        function visualSlotTargetsForAction(actionEntry = {}) {
            const bySemanticClass = scope.ACTION_VISUAL_SLOT_TARGETS[String(actionEntry.semanticClass || '')];
            if (bySemanticClass) return bySemanticClass;
            const target = String(actionEntry.id || '').replace(/^action:/, '') || String(actionEntry.label || '');
            return scope.ACTION_VISUAL_SLOT_TARGETS[target] || [];
          }
    
        function toCatalogItem(layer, item) {
            const id = String(item.id);
            const label = item.label || labelize(id);
            const idTerms = id.split(/[-_]+/).filter((term) => term.length > 2);
            const domains = uniqueList([...(item.domains || []), layer, id, ...idTerms]);
            return {
              id,
              label,
              type: item.type || layer,
              layer,
              role: item.role || `${label} ${layer}`,
              domains,
              controls: item.controls || [],
              params: item.params || {},
              recipe: item.recipe || [],
              text: `${label} ${item.text || ''} ${domains.join(' ')} ${(item.recipe || []).join(' ')}`,
            };
          }
    
        function uniqueCatalogItems(...groups) {
            const seen = new Set();
            const out = [];
            for (const group of groups) {
              for (const item of group) {
                if (seen.has(item.id)) continue;
                seen.add(item.id);
                out.push(item);
              }
            }
            return Object.freeze(out);
          }
    
        function generatedMaterialPropertiesForId(id) {
            if (id === 'lava') return { density: 0.78, hardness: 0.12, heatCapacity: 0.74, opacity: 1, viscosity: 0.62, phasePoint: 0.9 };
            if (id === 'snow') return { density: 0.22, hardness: 0.06, heatCapacity: 0.7, moisture: 0.82, opacity: 0.72, phasePoint: 0.16 };
            if (id === 'mud') return { density: 0.62, hardness: 0.08, heatCapacity: 0.52, moisture: 0.92, opacity: 0.95, viscosity: 0.74 };
            if (id === 'battery-electrolyte') return { density: 0.56, heatCapacity: 0.62, conductivity: 0.76, moisture: 0.82, viscosity: 0.28 };
            if (id === 'semiconductor') return { density: 0.54, hardness: 0.58, conductivity: 0.48, opacity: 0.5, refractiveIndex: 1.68 };
            if (id === 'concrete-rebar') return { density: 0.84, hardness: 0.86, heatCapacity: 0.34, conductivity: 0.32, opacity: 1 };
            if (id === 'blood') return { density: 0.58, heatCapacity: 0.72, moisture: 0.94, opacity: 0.82, viscosity: 0.34 };
            if (id === 'tendon') return { density: 0.4, hardness: 0.18, heatCapacity: 0.46, moisture: 0.48, viscosity: 0.18 };
            if (id === 'cartilage') return { density: 0.36, hardness: 0.1, heatCapacity: 0.48, moisture: 0.72, viscosity: 0.34 };
            if (scope.METAL_MATERIAL_IDS.has(id)) {
              return { density: 0.82, hardness: 0.64, heatCapacity: 0.3, conductivity: 0.82, opacity: 1 };
            }
            if (scope.GAS_MATERIAL_IDS.has(id)) {
              return { density: 0.08, heatCapacity: 0.22, opacity: 0.05, viscosity: 0.05 };
            }
            if (scope.MINERAL_MATERIAL_IDS.has(id)) {
              return { density: 0.74, hardness: 0.82, heatCapacity: 0.32, opacity: 0.92, refractiveIndex: 1.38 };
            }
            if (scope.ORGANIC_MATERIAL_IDS.has(id)) {
              return { density: 0.36, hardness: 0.16, heatCapacity: 0.48, combustibility: 0.62, viscosity: 0.28 };
            }
            if (scope.POLYMER_MATERIAL_IDS.has(id)) {
              return { density: 0.3, hardness: 0.22, heatCapacity: 0.44, combustibility: 0.34, viscosity: 0.4 };
            }
            if (scope.BIO_MOLECULE_MATERIAL_IDS.has(id)) {
              return { density: 0.22, hardness: 0.04, heatCapacity: 0.52, moisture: 0.68, viscosity: 0.55 };
            }
            if (id === 'graphene') return { density: 0.36, hardness: 0.68, conductivity: 0.98, opacity: 0.24 };
            if (id === 'acid' || id === 'base') return { density: 0.5, heatCapacity: 0.74, conductivity: 0.58, moisture: 1, viscosity: 0.18 };
            if (id === 'salt') return { density: 0.64, hardness: 0.38, conductivity: 0.34, opacity: 0.78 };
            return {};
          }
    
        function paramsForHandwrittenPrompt(index, prompt) {
            const text = String(prompt || '').toLowerCase();
            const value = (offset, min = 0.18, max = 0.92) => {
              const raw = ((index + 1) * 41 + offset * 29) % 100;
              return Number((min + (raw / 99) * (max - min)).toFixed(2));
            };
            const params = {
              energyInput: value(1),
              heatTransfer: value(2),
              pressure: value(3),
              flowRate: value(4),
              turbulence: value(5),
              viscosity: value(6),
              density: value(7),
              damping: value(8, 0.02, 0.18),
              surfaceTension: value(9),
              waveAmplitude: value(10),
              soundFrequency: value(11, 0.08, 1.2),
              magnetization: value(12),
              fieldStrength: value(13),
              irradiance: Math.round(240 + value(14) * 980),
              gravity: Number(value(15, -0.18, 0.32).toFixed(2)),
              queueBacklog: value(16),
              serviceRate: value(17),
              marketDemand: value(18),
              populationGrowth: value(19, 0.08, 1.18),
              lightIntensity: value(20),
              moisture: value(21),
              erosionRate: value(22),
              conductivity: value(23),
              refractiveIndex: Number((1.05 + value(24) * 0.82).toFixed(2)),
              hardness: value(25),
            };
            if (/cell|fung|root|algae|coral|bio|microb|plant|seed|animal|whale|wolf|moss|DNA|enzyme|neuron|lung|liver|kidney|tissue|virus|bacteria/i.test(text)) {
              Object.assign(params, { populationGrowth: 0.84, moisture: 0.74, diffusionA: 0.7 });
            }
            if (/star|orbit|asteroid|comet|planet|galactic|pulsar|black hole|cosmic|lunar|solar sail/i.test(text)) {
              Object.assign(params, { gravity: 0.24, irradiance: 980, fieldStrength: 0.58 });
            }
            if (/plasma|corona|tokamak|lightning|ion|gamma|xenon|magnet|ferrofluid|qubit/i.test(text)) {
              Object.assign(params, { magnetization: 0.82, fieldStrength: 0.84, conductivity: 0.76 });
            }
            if (/water|brine|river|ocean|flow|filter|pump|coolant|fluid|wave|geyser|storm|hurricane/i.test(text)) {
              Object.assign(params, { flowRate: 0.82, turbulence: 0.76, pressure: 0.72 });
            }
            if (/heat|fire|thermal|boil|melt|pyrolyze|burn|cool|frost|helium|ice|permafrost/i.test(text)) {
              Object.assign(params, { heatTransfer: 0.8, energyInput: 0.74, thermalFlux: 0.72 });
            }
            if (/queue|market|traffic|subway|supply|packet|ledger|receipt|route|network/i.test(text)) {
              Object.assign(params, { queueBacklog: 0.76, serviceRate: 0.46, networkLatency: 0.48 });
            }
            return Object.freeze(params);
          }
    
        function clamp(value, min, max) {
            return Math.min(max, Math.max(min, value));
          }
    
        function clamp01(value) {
            return clamp(value, 0, 1);
          }
    
        function wrapAngle(angle) {
            const wrapped = angle % scope.TAU;
            return wrapped < 0 ? wrapped + scope.TAU : wrapped;
          }
    
        function shortestAngle(from, to) {
            let delta = wrapAngle(to) - wrapAngle(from);
            if (delta > Math.PI) delta -= scope.TAU;
            if (delta < -Math.PI) delta += scope.TAU;
            return delta;
          }
    
        function hashNoise(seed, index) {
            const x = Math.sin((seed + 1) * 12.9898 + (index + 1) * 78.233) * 43758.5453;
            return x - Math.floor(x);
          }
    
        function slugify(value) {
            return String(value || 'simulation')
              .toLowerCase()
              .replace(/[^a-z0-9]+/g, '-')
              .replace(/^-+|-+$/g, '')
              .slice(0, 52) || 'simulation';
          }
    
        function templateById(templateId) {
            return scope.TEMPLATE_LIBRARY.find((template) => template.id === templateId) || scope.TEMPLATE_LIBRARY[0];
          }
    
        function normalizeControl(control) {
            if (Array.isArray(control)) return control;
            if (typeof control === 'string') return scope.CONTROL_LIBRARY[control] || [control, labelize(control), 0, 1, 0.01];
            if (control && control.key) {
              return [
                control.key,
                control.label || labelize(control.key),
                Number(control.min ?? 0),
                Number(control.max ?? 1),
                Number(control.step ?? 0.01),
              ];
            }
            return ['value', 'value', 0, 1, 0.01];
          }
    
        function labelize(key) {
            return String(key || 'value')
              .replace(/([a-z])([A-Z])/g, '$1 $2')
              .replace(/[-_]+/g, ' ')
              .toLowerCase();
          }
    
        function controlsForSpec(specOrTemplate) {
            return (specOrTemplate.controls || templateById(specOrTemplate.templateId || specOrTemplate.id).controls || [])
              .map(normalizeControl);
          }
    
        function controlsByKey(specOrTemplate) {
            return Object.fromEntries(controlsForSpec(specOrTemplate).map((control) => [control[0], control]));
          }
    
        function normalizeParams(template, params, controls = controlsForSpec(template)) {
            const controlsMap = Object.fromEntries(controls.map((control) => [control[0], control]));
            const base = { ...template.params, ...(params || {}) };
            return Object.fromEntries(Object.entries(base).map(([key, value]) => {
              const control = controlsMap[key];
              if (!control) return [key, Number(value)];
              return [key, clamp(Number(value), Number(control[2]), Number(control[3]))];
            }));
          }
    
        function normalizeObjects(objects, fallback = []) {
            const source = Array.isArray(objects) && objects.length ? objects : fallback;
            return source.map((object, index) => ({
              id: slugify(object.id || object.name || `object-${index + 1}`),
              type: String(object.type || 'body'),
              role: String(object.role || object.name || 'physical object'),
              layer: object.layer || '',
              domains: uniqueList(object.domains || []),
              material: object.material || '',
              visualRegime: object.visualRegime || '',
              assembly: object.assembly || '',
              phrase: object.phrase || '',
              source: object.source || '',
              score: Number(object.score || 0),
              pinned: Boolean(object.pinned),
              primitiveProgram: object.primitiveProgram || null,
              geometry: object.geometry || null,
              ports: object.ports || null,
              slots: object.slots || [],
              synthesis: object.synthesis || null,
              state: object.state || null,
            }));
          }
    
        function uniqueList(values) {
            return Array.from(new Set((values || []).filter(Boolean).map((value) => String(value))));
          }
    
        function meaningfulTokens(text) {
            const raw = String(text || '')
              .toLowerCase()
              .split(/[^a-z0-9]+/)
              .filter((token) => token && token.length > 1 && !scope.SEMANTIC_STOPWORDS.has(token));
            const out = [];
            for (const token of raw) {
              const singular = token.length > 3 && token.endsWith('s') ? token.slice(0, -1) : token;
              out.push(singular);
              for (const synonym of scope.TOKEN_SYNONYMS[singular] || scope.TOKEN_SYNONYMS[token] || []) {
                out.push(synonym);
              }
            }
            return out;
          }
    
        function addVectorFeature(vector, key, weight) {
            vector.set(key, (vector.get(key) || 0) + weight);
          }
    
        function buildIntentVector(text) {
            const tokens = meaningfulTokens(text);
            const vector = new Map();
            for (const token of tokens) {
              addVectorFeature(vector, `w:${token}`, 1);
              const padded = `^${token}$`;
              for (const n of [3, 4]) {
                if (padded.length < n) continue;
                for (let i = 0; i <= padded.length - n; i += 1) {
                  addVectorFeature(vector, `g:${padded.slice(i, i + n)}`, 0.38);
                }
              }
            }
            for (let i = 0; i < tokens.length - 1; i += 1) {
              addVectorFeature(vector, `b:${tokens[i]}_${tokens[i + 1]}`, 0.72);
            }
            return vector;
          }
    
        function vectorScore(intentVector, candidateVector) {
            let dot = 0;
            let normA = 0;
            let normB = 0;
            for (const [key, weight] of intentVector) {
              normA += weight * weight;
              if (candidateVector.has(key)) dot += weight * candidateVector.get(key);
            }
            for (const weight of candidateVector.values()) {
              normB += weight * weight;
            }
            if (!normA || !normB) return 0;
            return dot / (Math.sqrt(normA) * Math.sqrt(normB));
          }
    
        function primitiveById(id) {
            return scope.PHYSICAL_PRIMITIVES.find((primitive) => primitive.id === id) || null;
          }
    
        function isRetrievablePrimitive(primitiveOrId) {
            const primitive = typeof primitiveOrId === 'string' ? primitiveById(primitiveOrId) : primitiveOrId;
            return Boolean(primitive) && primitive.isRetrievable !== false;
          }
    
        function layerForId(id, primitives = scope.LAYERED_PRIMITIVES) {
            const primitive = (primitives || []).find((item) => item.id === id);
            return primitive ? primitive.layer : null;
          }
    
        function lowerLayerFor(layerId) {
            const index = scope.LAYER_INDEX[layerId];
            if (!index || index <= 1) return null;
            const lower = scope.LAYER_STACK.find((layer) => layer.index === index - 1);
            return lower ? lower.id : null;
          }
    
        function validateLayerAdjacency(primitives = scope.LAYERED_PRIMITIVES) {
            const byId = new Map((primitives || []).map((primitive) => [primitive.id, primitive]));
            const errors = [];
            for (const primitive of primitives || []) {
              const expectedChildLayer = lowerLayerFor(primitive.layer);
              const recipe = primitive.recipe || [];
              if (!expectedChildLayer && recipe.length) {
                errors.push({
                  id: primitive.id,
                  layer: primitive.layer,
                  reason: 'base-layer-has-recipe',
                  expectedChildLayer: null,
                  childIds: recipe.slice(),
                });
                continue;
              }
              for (const childId of recipe) {
                const child = byId.get(childId);
                if (!child) {
                  errors.push({
                    id: primitive.id,
                    layer: primitive.layer,
                    childId,
                    reason: 'missing-child',
                    expectedChildLayer,
                  });
                  continue;
                }
                if (child.layer !== expectedChildLayer) {
                  errors.push({
                    id: primitive.id,
                    layer: primitive.layer,
                    childId,
                    childLayer: child.layer,
                    reason: 'non-adjacent-child',
                    expectedChildLayer,
                  });
                }
              }
            }
            return {
              schema: 'simulatte.layerAdjacency.v1',
              valid: errors.length === 0,
              layerStack: scope.LAYER_STACK.map((layer) => ({
                id: layer.id,
                index: layer.index,
                composes: layer.composes.slice(),
              })),
              compilerInputPlane: scope.COMPILER_INPUT_PLANE.id,
              checked: (primitives || []).length,
              errors,
            };
          }
    
        function primitiveText(primitive) {
            return `${primitive.id} ${primitive.type} ${primitive.role} ${primitive.domains.join(' ')} ${primitive.text || ''}`;
          }
    
        function materialPropertiesForId(id) {
            return {
              ...scope.MATERIAL_PROPERTY_DEFAULTS,
              ...generatedMaterialPropertiesForId(id),
              ...(scope.MATERIAL_PROFILES[id] || {}),
            };
          }
    
        function geometryForPrimitive(primitive) {
            if (!primitive) return scope.GEOMETRY_PROFILES.body;
            return {
              ...(scope.GEOMETRY_PROFILES[primitive.type] || scope.GEOMETRY_PROFILES.body),
              ...(scope.GEOMETRY_OVERRIDES[primitive.id] || {}),
            };
          }
    
        function portsForPrimitive(primitive) {
            if (!primitive) return { accepts: [], outputs: [] };
            const base = scope.PORT_PROFILES[primitive.type] || { accepts: [], outputs: [] };
            const override = scope.PORT_PROFILES[primitive.id] || {};
            return {
              accepts: uniqueList([...(base.accepts || []), ...(override.accepts || [])]),
              outputs: uniqueList([...(base.outputs || []), ...(override.outputs || [])]),
            };
          }
    
        function recipeSlotsForId(id) {
            return (scope.RECIPE_SLOT_LIBRARY[id] || []).map((slot) => ({
              slot: slot.slot,
              accepts: uniqueList(slot.accepts || []),
              required: Boolean(slot.required),
            }));
          }
    
        function primitiveTokenSet(primitives) {
            const tokens = new Set();
            for (const primitive of primitives || []) {
              tokens.add(primitive.id);
              tokens.add(primitive.layer);
              tokens.add(primitive.type);
              for (const domain of primitive.domains || []) tokens.add(domain);
            }
            return tokens;
          }
    
        function matchingInteractionRules(primitives) {
            const tokens = primitiveTokenSet(primitives);
            return scope.INTERACTION_RULES
              .filter((rule) => (rule.when || []).every((token) => tokens.has(token)))
              .map((rule) => ({
                id: rule.id,
                when: uniqueList(rule.when || []),
                effect: rule.effect,
                params: { ...(rule.params || {}) },
              }));
          }
    
        function unitsForParams(params = {}) {
            return Object.fromEntries(Object.keys(params).sort().map((key) => [
              key,
              scope.PARAM_UNIT_SCHEMA[key] || { dimension: 'dimensionless', unit: '1' },
            ]));
          }
    
        function conservationForPrimitives(primitives) {
            const tokens = primitiveTokenSet(primitives);
            return scope.CONSERVATION_RULES
              .filter((rule) => (rule.when || []).every((token) => tokens.has(token)))
              .map((rule) => ({
                id: rule.id,
                tracks: uniqueList(rule.tracks || []),
                suppliedBy: uniqueList(rule.suppliedBy || []),
                lostTo: uniqueList(rule.lostTo || []),
              }));
          }
    
        function operatorsForPrimitives(primitives) {
            const out = [];
            const seen = new Set();
            for (const primitive of primitives || []) {
              const keys = uniqueList([primitive.id, primitive.type, primitive.layer, ...(primitive.domains || [])]);
              for (const key of keys) {
                const operatorId = scope.OPERATOR_MATCHES[key];
                if (!operatorId || seen.has(operatorId)) continue;
                const operator = scope.OPERATOR_REGISTRY[operatorId];
                if (!operator) continue;
                seen.add(operatorId);
                out.push({
                  id: operatorId,
                  inputs: uniqueList(operator.inputs || []),
                  outputs: uniqueList(operator.outputs || []),
                  state: uniqueList(operator.state || []),
                  conserves: uniqueList(operator.conserves || []),
                });
              }
            }
            return out;
          }
    
        function stateForPrimitive(primitive, contract) {
            const material = contract && contract.materials ? contract.materials[primitive.id] : null;
            const ports = contract && contract.ports ? contract.ports[primitive.id] || { accepts: [], outputs: [] } : { accepts: [], outputs: [] };
            const domains = new Set([primitive.id, primitive.type, primitive.layer, ...(primitive.domains || [])]);
            const state = {
              temperature: material ? material.phasePoint || 0.5 : 0.5,
              moisture: material ? material.moisture || 0 : domains.has('water') ? 1 : 0,
              charge: domains.has('electricity') || domains.has('plasma') ? 0.32 : 0,
              pressure: domains.has('pressure') || ports.outputs.includes('pressure') ? 0.42 : 0,
              backlog: domains.has('queue') ? 0.34 : 0,
              fuel: material ? material.combustibility || 0 : domains.has('combustion') ? 0.45 : 0,
              mass: material ? material.density || 0.5 : primitive.type === 'body' ? 0.6 : 0.2,
              velocity: domains.has('fluid') || domains.has('motion') || primitive.type === 'body' ? 0.18 : 0,
              health: domains.has('biology') ? 0.72 : 1,
              inventory: domains.has('inventory') || domains.has('queue') || domains.has('market') ? 0.36 : 0,
            };
            return Object.fromEntries(Object.entries(state).map(([key, value]) => [key, Number(value.toFixed(4))]));
          }
    
        function graphNodeForPrimitive(primitive, contract, index) {
            return {
              id: primitive.id,
              nodeType: physicalNodeTypeForPrimitive(primitive),
              layer: primitive.layer || '',
              type: primitive.type,
              role: primitive.role,
              geometry: contract && contract.geometry ? contract.geometry[primitive.id] || geometryForPrimitive(primitive) : geometryForPrimitive(primitive),
              ports: contract && contract.ports ? contract.ports[primitive.id] || portsForPrimitive(primitive) : portsForPrimitive(primitive),
              material: contract && contract.materials ? contract.materials[primitive.id] || null : null,
              state: stateForPrimitive(primitive, contract),
              visualRegime: primitive.visualRegime || firstDomainRegime(primitive),
              solverRequirements: solverRequirementsForPrimitive(primitive),
              primitiveProgram: primitive.primitiveProgram || null,
              source: primitive.source || 'catalog',
              order: index,
            };
          }
    
        function physicalNodeTypeForPrimitive(primitive) {
            const text = primitiveText(primitive).toLowerCase();
            if (
              /^flame$|fire-front|thermal-source/.test(primitive.id) ||
              primitive.type === 'source' ||
              /source|lamp|sun|inlet|emitter|battery|generator/.test(text)
            ) return 'source';
            if (primitive.type === 'sink' || /sink|load|outlet|loss|drain/.test(text)) return 'sink';
            if (primitive.type === 'sensor' || /sensor|meter|readout|recorder|probe/.test(text)) return 'sensor';
            if (primitive.type === 'controller' || /controller|feedback|control|actuator/.test(text)) return 'controller';
            if (primitive.type === 'constraint' || /wall|boundary|constraint|barrier/.test(text)) return 'boundary';
            if (primitive.layer === 'material' || primitive.type === 'material') return 'materialField';
            if (primitive.layer === 'physics' || /diffusion|combustion|magnetism|optics|reaction|advection/.test(text)) return 'operator';
            if (primitive.type === 'body' || /wheel|rotor|mass|rigid|spring/.test(text)) return 'rigidBody';
            return 'domain';
          }
    
        function firstDomainRegime(primitive) {
            const text = primitiveText(primitive).toLowerCase();
            if (/fire|heat|thermal|combust|smoke|plasma/.test(text)) return 'thermal';
            if (/fluid|water|flow|river|air|wind/.test(text)) return 'fluid';
            if (/glass|light|lens|prism|mirror|optic/.test(text)) return 'optical';
            if (/magnet|magnetic|rotor|motor/.test(text)) return 'magnetic';
            if (/electric|charge|copper|silicon/.test(text)) return 'electrical';
            if (/sand|soil|rock|grain|terrain|erosion/.test(text)) return 'granular';
            if (/cell|bacteria|mycelium|biology|growth/.test(text)) return 'biological';
            if (/membrane|gel|foam|soft/.test(text)) return 'soft';
            if (/sound|acoustic|wave/.test(text)) return 'acoustic';
            if (/phase|melt|freeze|boil|ice|steam/.test(text)) return 'phase';
            if (/atom|molecule|ion|crystal|lattice/.test(text)) return 'atomic';
            if (/queue|network|traffic|market|logistics/.test(text)) return 'network';
            return '';
          }
    
        function solverRequirementsForPrimitive(primitive) {
            const regime = primitive.visualRegime || firstDomainRegime(primitive);
            const map = {
              fluid: ['velocity', 'density'],
              thermal: ['temperature', 'fuel', 'smoke'],
              optical: ['rayBatch', 'surfaceNormal', 'causticAccumulation'],
              magnetic: ['flux', 'force'],
              electrical: ['charge', 'potential'],
              granular: ['height', 'sediment'],
              biological: ['population', 'nutrient'],
              soft: ['tension', 'displacement'],
              acoustic: ['phase', 'amplitude'],
              phase: ['phase', 'latentHeat'],
              atomic: ['bond', 'charge'],
              network: ['backlog', 'throughput'],
            };
            return map[regime] || ['scalar'];
          }
    
        function graphEdgesForNodes(nodes, primitives) {
            const byId = new Map(nodes.map((node) => [node.id, node]));
            const edges = [];
            const addEdge = (from, to, channel, reason) => {
              if (!from || !to || from === to || edges.length >= 96) return;
              const id = `${from}->${to}:${channel}:${reason}`;
              if (edges.some((edge) => edge.id === id)) return;
              edges.push({ id, from, to, channel, type: edgeTypeForChannel(channel), reason });
            };
            for (const primitive of primitives || []) {
              for (const childId of primitive.recipe || []) {
                if (byId.has(primitive.id) && byId.has(childId)) {
                  addEdge(childId, primitive.id, 'recipe', 'slot');
                }
              }
            }
            for (const source of nodes) {
              for (const target of nodes) {
                if (source === target) continue;
                for (const output of source.ports.outputs || []) {
                  if ((target.ports.accepts || []).includes(output)) {
                    addEdge(source.id, target.id, output, 'port');
                  }
                }
              }
            }
            return edges;
          }
    
        function edgeTypeForChannel(channel) {
            const value = String(channel || '');
            if (/energy|heat|thermal/.test(value)) return 'transfersEnergy';
            if (/matter|material|fuel|sediment|flow/.test(value)) return 'transfersMass';
            if (/constraint|recipe|slot/.test(value)) return 'constrains';
            if (/light|spectrum/.test(value)) return 'refracts';
            if (/force|field|magnet|gravity/.test(value)) return 'constrains';
            if (/signal|trace|measure/.test(value)) return 'measures';
            if (/pressure|fluid|velocity/.test(value)) return 'advects';
            return 'couples';
          }
    
        function validateGraphIR(graph, primitives, promptText = '') {
            const ids = new Set((graph.nodes || []).map((node) => node.id));
            const tokens = primitiveTokenSet(primitives);
            const prompt = String(promptText || '').toLowerCase();
            const warnings = [];
            const repairs = [];
            const needs = (id, required, message, repair) => {
              if (!tokens.has(id)) return;
              if (required.some((item) => tokens.has(item))) return;
              warnings.push(message);
              repairs.push(repair);
            };
            needs('combustion', ['wood', 'fuel', 'biomass'], 'combustion needs a fuel-bearing material', 'add wood, fuel, or biomass');
            needs('combustion', ['air'], 'combustion needs an oxygen/air source', 'add air or wind field');
            if (prompt.includes('optic') || prompt.includes('lens') || prompt.includes('prism')) {
              needs('optics', ['light-source', 'sun-lamp'], 'optics needs a light input', 'add light source or sun lamp');
            }
            needs('queue', ['source-sink', 'market-demand', 'logistics-node'], 'queue needs arrivals or logistics context', 'add source/sink or logistics node');
            if (ids.has('rock') && tokens.has('queue') && !prompt.includes('logistics')) {
              warnings.push('rock cannot be served by a queue unless wrapped by logistics');
              repairs.push('add logistics-node or remove queue from raw rock material');
            }
            return {
              status: warnings.length ? 'repaired' : 'valid',
              warnings,
              repairs,
            };
          }
    
        function temporalEventsForPrimitives(primitives) {
            const tokens = primitiveTokenSet(primitives);
            return scope.TEMPORAL_GRAMMAR
              .filter((event) => (event.when || []).every((token) => tokens.has(token)))
              .map((event) => ({
                id: event.id,
                trigger: event.trigger,
                outputs: uniqueList(event.outputs || []),
              }));
          }
    
        function promptExplanation(promptText, primitives, contract, graph) {
            const topIdentity = contract.topLevel && contract.topLevel[0] || primitives[0] && primitives[0].id || 'world';
            const promptTerms = new Set(meaningfulTokens(promptText));
            const expanded = primitives
              .filter((primitive) => primitive.id !== topIdentity)
              .sort((a, b) => {
                const aScore = primitivePromptIdentityScore(a, promptTerms);
                const bScore = primitivePromptIdentityScore(b, promptTerms);
                return bScore - aScore || Number(b.score || 0) - Number(a.score || 0) || a.id.localeCompare(b.id);
              })
              .slice(0, 10)
              .map((primitive) => primitive.id);
            return {
              prompt: String(promptText || '').trim(),
              topIdentity,
              expanded,
              interactions: (contract.interactions || []).map((rule) => rule.id),
              operators: (graph.operators || []).map((operator) => operator.id),
              conservation: (graph.conservation || []).map((rule) => rule.id),
              validation: graph.validation,
            };
          }
    
        function primitivePromptIdentityScore(primitive, promptTerms) {
            if (!primitive || !promptTerms || !promptTerms.size) return 0;
            const idTerms = String(primitive.id || '').split(/[-_]+/).filter((term) => term.length > 2);
            const domainTerms = (primitive.domains || [])
              .flatMap((domain) => String(domain || '').split(/[-_]+/))
              .filter((term) => term.length > 2);
            const terms = uniqueList([...idTerms, ...domainTerms]);
            let score = terms.reduce((total, term) => total + (promptTerms.has(term) ? 1 : 0), 0);
            if (promptTerms.has(primitive.id)) score += 6;
            if (idTerms.length && idTerms.every((term) => promptTerms.has(term))) score += 4;
            if (primitive.source === 'open-semantic-rag') score -= 0.25;
            return score;
          }
    
        function compileGraphIR(primitives, promptText, contract, params = {}) {
            const nodes = (primitives || []).map((primitive, index) => graphNodeForPrimitive(primitive, contract, index));
            const graph = {
              schema: 'simulatte.physicalGraph.v1',
              units: unitsForParams(params),
              nodes,
              edges: graphEdgesForNodes(nodes, primitives),
              operators: operatorsForPrimitives(primitives),
              conservation: conservationForPrimitives(primitives),
              temporal: temporalEventsForPrimitives(primitives),
              coverage: coverageForPrompt(promptText, primitives, nodes),
              quality: null,
              validation: null,
              explanation: null,
            };
            graph.validation = validateGraphIR(graph, primitives, promptText);
            graph.explanation = promptExplanation(promptText, primitives, contract, graph);
            graph.quality = qualityForGraph(graph);
            return graph;
          }
    
        function coverageForPrompt(promptText, primitives, nodes) {
            const terms = uniqueList(meaningfulTokens(promptText));
            const rows = terms.map((term) => {
              const exact = (primitives || []).find((primitive) => {
                const text = primitiveText(primitive).toLowerCase();
                return primitive.id.includes(term) || text.split(/[^a-z0-9]+/).includes(term);
              });
              if (exact) return coverageRow(term, 'exactPrimitive', exact.id, 1);
              const open = (nodes || []).find((node) => node.source === 'open-semantic-rag' && String(node.role || '').includes(term));
              if (open) return coverageRow(term, 'openComponent', open.id, 0.82);
              const operator = (nodes || []).find((node) => (node.solverRequirements || []).some((item) => item.includes(term)));
              if (operator) return coverageRow(term, 'operatorState', operator.id, 0.68);
              return coverageRow(term, 'residual', '', 0);
            });
            return {
              schema: 'simulatte.promptCoverage.v1',
              terms: rows,
              residual: rows.filter((row) => row.kind === 'residual').map((row) => row.term),
            };
          }
    
        function coverageRow(term, kind, target, score) {
            return { term, kind, target, score: Number(score.toFixed(3)) };
          }
    
        function qualityForGraph(graph) {
            const total = graph.coverage && graph.coverage.terms.length || 0;
            const residual = graph.coverage && graph.coverage.residual.length || 0;
            const validationPenalty = graph.validation && graph.validation.status === 'repaired' ? 0.08 : 0;
            const coverage = total ? 1 - residual / total : 1;
            return {
              schema: 'simulatte.physicalQuality.v1',
              coverage: Number(coverage.toFixed(3)),
              residualTerms: graph.coverage ? graph.coverage.residual : [],
              score: Number(clamp(coverage - validationPenalty, 0, 1).toFixed(3)),
            };
          }
    
        function classifyPromptLayer(promptText, rankedPrimitives = []) {
            const prompt = String(promptText || '').toLowerCase();
            const says = (...terms) => terms.some((term) => prompt.includes(term));
            if (says('forest fire')) return 'composition';
            if (says('city', 'forest', 'coastline', 'warehouse', 'marketplace', 'lab bench', 'scene')) return 'scene';
            if (says('system', 'engine', 'reactor', 'grid', 'forest fire', 'erosion', 'bench')) return 'composition';
            if (says('component', 'motor', 'pump', 'valve', 'lens', 'mirror', 'magnet', 'sensor')) return 'component';
            if (says('material', 'element', 'water', 'wood', 'metal', 'glass', 'rock', 'sand')) return 'material';
            if (says('gravity', 'collision', 'diffusion', 'radiation', 'combustion', 'magnetism')) return 'physics';
            if (says('field', 'particle', 'graph', 'constraint', 'queue', 'ledger')) return 'math';
            const firstLayer = rankedPrimitives.find((primitive) => primitive.layer)?.layer;
            return firstLayer || 'composition';
          }
    
        function topLevelPrimitivesForLayer(primitives, layerFocus) {
            const ordered = primitives || [];
            const layerOrder = {
              scene: ['scene', 'composition', 'component'],
              composition: ['composition', 'scene', 'component'],
              component: ['component', 'composition'],
              material: ['material', 'component'],
              physics: ['physics', 'component'],
              math: ['math', 'physics'],
            }[layerFocus] || ['composition', 'scene', 'component'];
            const picked = [];
            for (const layer of layerOrder) {
              for (const primitive of ordered) {
                if (primitive.layer === layer && !picked.some((item) => item.id === primitive.id)) {
                  picked.push(primitive);
                }
                if (picked.length >= 4) return picked;
              }
            }
            return ordered.slice(0, 4);
          }
    
        function layoutForPrimitives(primitives) {
            const ids = new Set((primitives || []).map((primitive) => primitive.id));
            for (const id of ids) {
              if (scope.SCENE_LAYOUTS[id]) return { id, ...scope.SCENE_LAYOUTS[id] };
            }
            if (ids.has('forest-fire')) return { id: 'forest', ...scope.SCENE_LAYOUTS.forest };
            if (ids.has('river-erosion')) return { id: 'mountain-watershed', ...scope.SCENE_LAYOUTS['mountain-watershed'] };
            if (ids.has('optics-bench')) return { id: 'lab-bench', ...scope.SCENE_LAYOUTS['lab-bench'] };
            if (ids.has('power-grid') || ids.has('traffic-system')) return { id: 'city-grid', ...scope.SCENE_LAYOUTS['city-grid'] };
            return { id: 'freeform', grammar: 'radial assembly', zones: ['source', 'field', 'matter'], camera: 'plan' };
          }
    
        function readoutsForPrimitives(primitives) {
            const tokens = primitiveTokenSet(primitives);
            const rule = scope.CONTEXTUAL_READOUT_RULES.find((item) => (
              item.when.length && item.when.every((token) => tokens.has(token))
            )) || scope.CONTEXTUAL_READOUT_RULES.find((item) => item.id === 'generic');
            return [...rule.labels];
          }
    
        function contractForPrimitive(primitive) {
            if (!primitive) return null;
            const materialId = primitive.material || primitive.id;
            return {
              id: primitive.id,
              layer: primitive.layer || '',
              geometry: geometryForPrimitive(primitive),
              material: primitive.layer === 'material' || scope.MATERIAL_PROFILES[materialId] || primitive.material
                ? materialPropertiesForId(materialId)
                : null,
              ports: portsForPrimitive(primitive),
              slots: recipeSlotsForId(primitive.id),
            };
          }
    
        root.SimulattePhaseModuleRegistry.define('physicsCatalog', 'simulatte-physics-catalog-templates.js', {
          visualSlotTargetsForAction,
          toCatalogItem,
          uniqueCatalogItems,
          generatedMaterialPropertiesForId,
          paramsForHandwrittenPrompt,
          clamp,
          clamp01,
          wrapAngle,
          shortestAngle,
          hashNoise,
          slugify,
          templateById,
          normalizeControl,
          labelize,
          controlsForSpec,
          controlsByKey,
          normalizeParams,
          normalizeObjects,
          uniqueList,
          meaningfulTokens,
          addVectorFeature,
          buildIntentVector,
          vectorScore,
          primitiveById,
          isRetrievablePrimitive,
          layerForId,
          lowerLayerFor,
          validateLayerAdjacency,
          primitiveText,
          materialPropertiesForId,
          geometryForPrimitive,
          portsForPrimitive,
          recipeSlotsForId,
          primitiveTokenSet,
          matchingInteractionRules,
          unitsForParams,
          conservationForPrimitives,
          operatorsForPrimitives,
          stateForPrimitive,
          graphNodeForPrimitive,
          physicalNodeTypeForPrimitive,
          firstDomainRegime,
          solverRequirementsForPrimitive,
          graphEdgesForNodes,
          edgeTypeForChannel,
          validateGraphIR,
          temporalEventsForPrimitives,
          promptExplanation,
          primitivePromptIdentityScore,
          compileGraphIR,
          coverageForPrompt,
          coverageRow,
          qualityForGraph,
          classifyPromptLayer,
          topLevelPrimitivesForLayer,
          layoutForPrimitives,
          readoutsForPrimitives,
          contractForPrimitive,
        });
    
    })(typeof globalThis !== 'undefined' ? globalThis : window);
    
    (function attachSimulattePhysicsCatalogprimitivedata(root) {
      const scope = root.SimulattePhaseModuleRegistry.family('physicsCatalog');
    
        function contractSummaryForPrimitives(primitives, promptText = '') {
            const rows = primitives || [];
            const layerFocus = scope.classifyPromptLayer(promptText, rows);
            const topLevel = scope.topLevelPrimitivesForLayer(rows, layerFocus);
            const contracts = rows.map(scope.contractForPrimitive).filter(Boolean);
            const materials = Object.fromEntries(contracts
              .filter((contract) => contract.material)
              .map((contract) => [contract.id, contract.material]));
            const ports = Object.fromEntries(contracts.map((contract) => [contract.id, contract.ports]));
            const geometry = Object.fromEntries(contracts.map((contract) => [contract.id, contract.geometry]));
            const recipeSlots = Object.fromEntries(contracts
              .filter((contract) => contract.slots.length)
              .map((contract) => [contract.id, contract.slots]));
            const summary = {
              schema: 'simulatte.layerContract.v1',
              layerStack: scope.LAYER_STACK.map((layer) => ({
                id: layer.id,
                index: layer.index,
                composes: layer.composes.slice(),
                role: layer.role,
              })),
              compilerInputPlane: {
                id: scope.COMPILER_INPUT_PLANE.id,
                role: scope.COMPILER_INPUT_PLANE.role,
                targetLayers: scope.COMPILER_INPUT_PLANE.targetLayers.slice(),
              },
              adjacency: scope.validateLayerAdjacency(),
              layerFocus,
              topLevel: topLevel.map((primitive) => primitive.id),
              materials,
              interactions: scope.matchingInteractionRules(rows),
              ports,
              geometry,
              recipeSlots,
              layout: scope.layoutForPrimitives(rows),
              readouts: scope.readoutsForPrimitives(rows),
            };
            summary.graph = scope.compileGraphIR(rows, promptText, summary);
            return summary;
          }
    
        function explicitPrimitiveScore(prompt, primitive) {
            const text = ` ${String(prompt || '').toLowerCase()} `;
            const terms = scope.meaningfulTokens(scope.primitiveText(primitive));
            const promptTerms = new Set(scope.meaningfulTokens(prompt));
            const uniqueTerms = Array.from(new Set(terms)).filter((term) => term.length > 3);
            let hits = 0;
            for (const term of uniqueTerms) {
              if (text.includes(` ${term} `) || text.includes(term.replace(/-/g, ' '))) hits += 1;
            }
            let score = Math.min(0.32, hits * 0.045);
            const idTerms = primitive.id.split(/[-_]+/).filter((term) => term.length > 3);
            if (idTerms.some((term) => promptTerms.has(term))) score += 0.24;
            if ((primitive.domains || []).some((domain) => promptTerms.has(domain))) score += 0.18;
            return Math.min(0.62, score);
          }
    
        function rankPhysicalPrimitives(promptText = '', options = {}) {
            const prompt = String(promptText || '').trim();
            if (!prompt) return [];
            const max = Number.isFinite(options.max) ? options.max : 32;
              const intentVector = scope.buildIntentVector(prompt);
              const ranked = scope.PHYSICAL_PRIMITIVES
                .filter((primitive) => scope.isRetrievablePrimitive(primitive))
                .map((primitive) => {
                const candidateVector = scope.buildIntentVector(scope.primitiveText(primitive));
                const score = scope.vectorScore(intentVector, candidateVector) + explicitPrimitiveScore(prompt, primitive);
                return { ...primitive, score: Number(score.toFixed(4)) };
              })
              .sort((a, b) => b.score - a.score || a.id.localeCompare(b.id));
            const topScore = ranked[0] ? ranked[0].score : 0;
            if (topScore < 0.22) return [];
            const threshold = Math.max(0.075, topScore * 0.34);
            return ranked.filter((primitive) => primitive.score >= threshold).slice(0, max);
          }
    
        function withPrimitiveDependencies(rankedPrimitives, promptText = '') {
            const prompt = String(promptText || '').toLowerCase();
            const byId = new Map(scope.PHYSICAL_PRIMITIVES.map((primitive) => [primitive.id, primitive]));
            const rows = [];
            const rowsById = new Map();
            const seen = new Set();
            const ensure = (id, score = 0.18, depth = 0) => {
              const primitive = byId.get(id);
              if (!primitive) return;
              const existing = rowsById.get(id);
              if (existing) {
                existing.score = Math.max(existing.score, score);
                return;
              }
              seen.add(id);
              const row = { ...primitive, score };
              rows.push(row);
              rowsById.set(id, row);
              if (depth > 8) return;
              const nextScore = Math.max(0.08, Number((score * 0.86).toFixed(4)));
              for (const childId of primitive.recipe || []) {
                ensure(childId, nextScore, depth + 1);
              }
            };
            for (const primitive of rankedPrimitives) ensure(primitive.id, primitive.score);
            const has = (...ids) => ids.some((id) => seen.has(id));
            const says = (...terms) => terms.some((term) => prompt.includes(term));
            const fireRequested = has('flame', 'forest-fire', 'fire-front') ||
              says('fire', 'flame', 'burn', 'burning', 'combust', 'wildfire', 'smoke');
    
            if (says('perpetual', 'magnetic wheel', 'solar magnetic machine', 'generator')) {
              ensure('rotor-wheel', 0.84);
              ensure('stator-slider', 0.82);
              ensure('solar-panel', 0.78);
              ensure('motor-load', 0.7);
              ensure('bearing-friction', 0.64);
              for (const id of ['rotor-wheel', 'stator-slider', 'solar-panel', 'motor-load']) {
                const row = rowsById.get(id);
                if (row) {
                  row.pinned = true;
                  row.source = row.source || 'prompt-family';
                  row.phrase = row.phrase || 'solar magnetic machine';
                }
              }
            }
            if (has('flow-inlet', 'moving-fluid', 'wake-obstacle', 'turbulence-field', 'wind-field', 'pressure-vessel')) {
              ensure('flow-inlet', 0.72);
              ensure('moving-fluid', 0.7);
              ensure('flow-outlet', 0.5);
            }
            if (says('turbulent', 'turbulence', 'vortex', 'wake', 'swirl')) {
              ensure('turbulence-field', 0.72);
              ensure('wake-obstacle', 0.66);
              ensure('moving-fluid', 0.62);
            }
            if (has('reactant-a', 'reactant-b', 'catalyst-front')) {
              ensure('reactant-a', 0.7);
              ensure('reactant-b', 0.68);
              ensure('catalyst-front', 0.66);
              ensure('cooling-field', 0.52);
            }
            if (has('thermal-source') || says('hot', 'heat', 'cooling')) {
              ensure('thermal-source', 0.62);
              ensure('cooling-field', 0.52);
            }
            if (has('optical-prism', 'light-source')) {
              ensure('light-source', 0.68);
              ensure('optical-prism', 0.66);
            }
            if (has('acoustic-emitter', 'wave-source')) {
              ensure('acoustic-emitter', 0.68);
              ensure('wave-source', 0.62);
            }
            if (has('spring-constraint', 'collision-boundary', 'gravity-source')) {
              ensure('rigid-body', 0.56);
            }
            if (says('spring', 'elastic', 'collisions', 'collision')) {
              ensure('spring-constraint', 0.72);
              ensure('elasticity', 0.66);
              ensure('collision-boundary', 0.56);
              ensure('rigid-body', 0.52);
            }
            if (has('granular-bed')) {
              ensure('collision-boundary', 0.52);
              ensure('gravity-source', 0.46);
            }
            if (says('sand', 'granular', 'grain', 'grains', 'sediment')) {
              ensure('granular-bed', 0.68);
              ensure('sand', 0.58);
              ensure('collision-boundary', 0.52);
              ensure('gravity-source', 0.46);
            }
            if (has('buoyant-body')) {
              ensure('moving-fluid', 0.54);
              ensure('gravity-source', 0.42);
            }
            if (says('bubble', 'bubbles', 'float', 'floating', 'buoyant', 'buoyancy')) {
              ensure('buoyant-body', 0.7);
              ensure('moving-fluid', 0.54);
            }
            if (has('electric-field', 'plasma-arc')) {
              ensure('electric-field', 0.68);
              ensure('plasma-arc', 0.62);
              ensure('thermal-source', 0.5);
            }
            if (says('plasma', 'arc', 'discharge', 'lightning')) {
              ensure('plasma-arc', 0.76);
              ensure('electric-field', 0.62);
              ensure('thermal-source', 0.5);
            }
            if (has('sun-star')) {
              ensure('light-source', 0.62);
              ensure('thermal-source', 0.56);
              ensure('energy-ledger', 0.42);
            }
            if (has('fire-front', 'wood-fiber')) {
              ensure('fire-front', 0.68);
              ensure('thermal-source', 0.56);
              ensure('cooling-field', 0.36);
            }
            if (has('water-volume')) {
              ensure('moving-fluid', 0.62);
              ensure('flow-inlet', 0.44);
              ensure('buoyant-body', 0.42);
            }
            if (has('rock-mass', 'ceramic-shell', 'crystal-lattice')) {
              ensure('rock-mass', 0.54);
              ensure('terrain-heightfield', 0.42);
              ensure('collision-boundary', 0.38);
            }
            if (has('metal-conductor')) {
              ensure('electric-field', 0.52);
              ensure('thermal-source', 0.34);
            }
            if (has('magnetic-core')) {
              ensure('electric-field', 0.48);
              ensure('metal-conductor', 0.42);
            }
            if (has('glass-pane')) {
              ensure('light-source', 0.5);
              ensure('optical-prism', 0.48);
            }
            if (has('atom-core', 'electron-cloud', 'ion-pair', 'molecular-bond')) {
              ensure('atom-core', 0.58);
              ensure('electron-cloud', 0.52);
              ensure('molecular-bond', 0.48);
              ensure('ion-pair', 0.42);
            }
            if (has('feedback-controller', 'sensor-array', 'delay-buffer')) {
              ensure('sensor-array', 0.66);
              ensure('feedback-controller', 0.64);
              ensure('delay-buffer', 0.48);
            }
            if (has('queue-server', 'logistics-node', 'network-link')) {
              ensure('queue-server', 0.62);
              ensure('network-link', 0.56);
              ensure('logistics-node', 0.54);
            }
            if (says('logistics', 'logistics node', 'warehouse', 'inventory', 'supply chain', 'transport')) {
              ensure('logistics-node', 0.74);
              ensure('network-link', 0.58);
              ensure('queue-server', 0.52);
            }
            if (has('terrain-heightfield', 'erosion-channel')) {
              ensure('terrain-heightfield', 0.64);
              ensure('erosion-channel', 0.58);
              ensure('flow-inlet', 0.44);
            }
            if (says('erosion', 'erode', 'river erosion', 'terrain erosion')) {
              ensure('erosion-channel', 0.76);
              ensure('terrain-heightfield', 0.64);
              ensure('flow-inlet', 0.44);
            }
            if (has('phase-change-material')) {
              ensure('thermal-source', 0.56);
              ensure('cooling-field', 0.44);
            }
            if (has('brine', 'mercury', 'copper', 'silicon', 'carbon')) {
              ensure('electric-field', 0.58);
              ensure('thermal-source', 0.42);
              ensure('crystal-lattice', 0.34);
            }
            if (has('gel', 'foam', 'membrane')) {
              ensure('cohesive-cluster', 0.56);
              ensure('adhesion-film', 0.44);
              ensure('wave-source', 0.36);
            }
            if (has('leaf', 'mycelium', 'protein', 'bacteria')) {
              ensure('population-field', 0.62);
              ensure('diffusion', 0.44);
              ensure('growth-decay', 0.42);
            }
            if (has('phase-change') || says('phase change', 'melt', 'freeze', 'boil', 'steam')) {
              ensure('phase-change-material', 0.7);
              ensure('thermal-source', 0.56);
              ensure('cooling-field', 0.44);
            }
            if (has('adhesion-film', 'cohesive-cluster')) {
              ensure('adhesion-film', 0.54);
              ensure('cohesive-cluster', 0.52);
            }
            if (has('population-field', 'infection-front')) {
              ensure('population-field', 0.62);
              ensure('infection-front', 0.56);
              ensure('reactant-a', 0.34);
            }
            if (says('infection front', 'infection', 'disease', 'epidemic', 'contagion')) {
              ensure('infection-front', 0.76);
              ensure('population-field', 0.62);
              ensure('diffusion', 0.42);
            }
            if (has('market-demand', 'logistics-node')) {
              ensure('market-demand', 0.58);
              ensure('queue-server', 0.42);
            }
            if (has('noise-field')) {
              ensure('noise-field', 0.52);
              ensure('sensor-array', 0.42);
            }
            if (says('data recorder', 'recorder', 'trace', 'audit', 'receipt')) {
              ensure('data-recorder', 0.74);
              ensure('noise-field', 0.56);
              ensure('sensor-array', 0.5);
            }
            if (has('sun-lamp', 'radiation')) {
              ensure('light-source', 0.56);
              ensure('heat-transfer', 0.48);
            }
            if (fireRequested && has('flame', 'combustion', 'fire-plasma', 'forest-fire')) {
              ensure('flame', 0.64);
              ensure('combustion', 0.58);
              ensure('heat-transfer', 0.5);
              ensure('smoke', 0.44);
            }
            if (has('river', 'river-erosion', 'water')) {
              ensure('water', 0.58);
              ensure('fluid-advection', 0.52);
              ensure('erosion', 0.44);
            }
            if (has('glass', 'lens', 'mirror', 'prism', 'optics-bench')) {
              ensure('optics', 0.58);
              ensure('glass', 0.5);
              ensure('light-source', 0.44);
            }
            if (has('magnet', 'magnetic-motor', 'magnetized-metal')) {
              ensure('magnetism', 0.58);
              ensure('magnetized-metal', 0.52);
              ensure('electromagnetism', 0.42);
            }
            if (!rows.some((primitive) => primitive.type === 'body' || primitive.type === 'material')) {
              ensure('rigid-body', 0.42);
            }
            ensure('energy-ledger', 0.34);
            return rows
              .sort((a, b) => b.score - a.score || a.id.localeCompare(b.id))
              .slice(0, 40);
          }
    
        root.SimulattePhaseModuleRegistry.define('physicsCatalog', 'simulatte-physics-catalog-primitive-data.js', {
          contractSummaryForPrimitives,
          explicitPrimitiveScore,
          rankPhysicalPrimitives,
          withPrimitiveDependencies,
        });
    
    })(typeof globalThis !== 'undefined' ? globalThis : window);
    
    (function attachSimulattePhysicsCatalogmaterials(root) {
      const scope = root.SimulattePhaseModuleRegistry.family('physicsCatalog');
    
        const PROCEDURAL_VISUAL_BASE = Object.freeze({
            schema: 'simulatte.proceduralVisualBase.v1',
            markFamilies: Object.freeze(['rectilinear', 'ring', 'triad', 'zigzag', 'lens', 'cross', 'spline', 'spoke', 'solid-cell']),
            textureFamilies: Object.freeze(['strata', 'section', 'radial', 'contour', 'network', 'specimen', 'woven', 'grain', 'ribs']),
            layoutFamilies: Object.freeze(['lane-field', 'cutaway', 'orbit', 'topographic', 'route-map', 'island-chain', 'stack', 'swarm']),
            paletteFamilies: Object.freeze(['thermal', 'optical', 'mineral', 'biological', 'electric', 'civic', 'aqueous', 'metallic']),
            tokenOrders: Object.freeze([1, 2, 3]),
            addressableVariants: 4294967296,
          });
    
        const SEMANTIC_VISUAL_ATLAS = Object.freeze({
            schema: 'simulatte.semanticVisualAtlas.v1',
            archetypeFamilies: Object.freeze([
              'architecture', 'hydrology', 'optics', 'electromagnetism', 'biology', 'granular',
              'acoustics', 'mechanics', 'civic', 'thermal', 'geology', 'aerospace', 'marine',
              'electronics', 'chemistry', 'weather', 'astronomy', 'agriculture', 'transport',
              'manufacturing', 'medical', 'ecology', 'energy', 'instrumentation',
            ]),
            materialFamilies: Object.freeze([
              'transparent', 'metal', 'mineral', 'biological', 'fluid', 'thermal', 'granular',
              'polymer', 'ceramic', 'electric', 'organic', 'concrete', 'ice', 'plasma',
              'textile', 'foam', 'gel', 'wood', 'soil', 'gas',
            ]),
            processFamilies: Object.freeze([
              'burn', 'flow', 'growth', 'fracture', 'queue', 'focus', 'levitate', 'crystallize',
              'leak', 'pump', 'erode', 'orbit', 'melt', 'collide', 'sort', 'resonate',
              'charge', 'rotate', 'diffuse', 'compress', 'mix', 'cool', 'heat', 'measure',
            ]),
            layerFamilies: Object.freeze([
              'environment-silhouette', 'material-shader', 'process-overlay', 'relationship-map',
              'motion-trail', 'damage-mask', 'instrument-readout', 'field-lines',
            ]),
            addressableVariants: 281474976710656,
          });
    
        const TEMPLATE_LIBRARY = Object.freeze([
            {
              id: 'magnetic-wheel',
              name: 'Solar Magnetic Wheel',
              kind: 'newtonian-electromagnetic',
              description: 'Powered stator slider, rotor magnets, motor load, friction, and energy accounting.',
              modules: ['mechanics', 'electromagnetism', 'solar', 'control', 'energy-ledger'],
              objects: [
                { id: 'rotor-wheel', type: 'body', role: 'rotating wheel with alternating magnetic poles' },
                { id: 'stator-slider', type: 'actuator', role: 'solar-powered moving magnetic slider' },
                { id: 'solar-panel', type: 'source', role: 'bounded energy input' },
                { id: 'motor-load', type: 'sink', role: 'useful output load' },
              ],
              readouts: ['rpm', 'torque', 'solar', 'load', 'actuator', 'balance'],
              params: {
                irradiance: 780,
                panelArea: 0.42,
                panelEfficiency: 0.24,
                magneticStrength: 0.62,
                sliderPhase: 0.18,
                sliderAmplitude: 0.42,
                loadTorque: 0.16,
                friction: 0.045,
                wheelInertia: 0.72,
                actuatorEfficiency: 0.54,
              },
              controls: [
                ['irradiance', 'sun irradiance', 0, 1200, 10],
                ['magneticStrength', 'magnetic strength', 0, 1.5, 0.01],
                ['sliderPhase', 'slider phase', -0.5, 0.5, 0.01],
                ['sliderAmplitude', 'solar slider travel', 0, 1.1, 0.01],
                ['loadTorque', 'motor load', 0, 0.8, 0.01],
                ['friction', 'bearing friction', 0, 0.16, 0.002],
              ],
            },
            {
              id: 'fluid-vortex',
              name: 'Fluid Vortex Tank',
              kind: 'fluid-particles',
              description: 'A particle fluid tank with inlet flow, viscosity, obstacle wake, turbulence, and drag loss.',
              modules: ['mechanics', 'fluid', 'turbulence', 'obstacle', 'energy-ledger'],
              objects: [
                { id: 'inlet', type: 'source', role: 'flow input' },
                { id: 'fluid-particles', type: 'material', role: 'moving particle fluid' },
                { id: 'wake-obstacle', type: 'constraint', role: 'obstacle producing pressure and wake' },
              ],
              readouts: ['flow', 'pressure', 'vorticity', 'mixing', 'drag', 'age'],
              params: {
                inletFlow: 0.62,
                viscosity: 0.18,
                vortexStrength: 0.74,
                obstacleRadius: 0.16,
                turbulence: 0.22,
                gravity: 0.05,
              },
              controls: [
                ['inletFlow', 'inlet flow', 0, 1.4, 0.01],
                ['viscosity', 'viscosity', 0.01, 0.65, 0.01],
                ['vortexStrength', 'vortex strength', 0, 1.6, 0.01],
                ['obstacleRadius', 'obstacle radius', 0.04, 0.28, 0.01],
                ['turbulence', 'turbulence', 0, 0.85, 0.01],
                ['gravity', 'gravity bias', -0.4, 0.4, 0.01],
              ],
            },
            {
              id: 'reaction-diffusion',
              name: 'Reaction Diffusion Chemistry',
              kind: 'chemical-field',
              description: 'Gray-Scott-style reaction front with feed, kill, diffusion, catalyst, heat, and cooling.',
              modules: ['chemistry', 'diffusion', 'thermal', 'field', 'energy-ledger'],
              objects: [
                { id: 'reactant-a', type: 'material', role: 'feedstock field' },
                { id: 'reactant-b', type: 'material', role: 'reaction product field' },
                { id: 'catalyst-front', type: 'field', role: 'catalyzed reaction front' },
              ],
              readouts: ['conversion', 'heat', 'front', 'mass b', 'entropy', 'time'],
              params: {
                feedRate: 0.037,
                killRate: 0.061,
                diffusionA: 0.92,
                diffusionB: 0.48,
                catalyst: 0.64,
                cooling: 0.22,
              },
              controls: [
                ['feedRate', 'feed rate', 0.005, 0.08, 0.001],
                ['killRate', 'kill rate', 0.03, 0.09, 0.001],
                ['diffusionA', 'diffusion a', 0.2, 1.4, 0.01],
                ['diffusionB', 'diffusion b', 0.1, 0.9, 0.01],
                ['catalyst', 'catalyst', 0, 1.2, 0.01],
                ['cooling', 'cooling', 0, 0.8, 0.01],
              ],
            },
            {
              id: 'custom-world',
              name: 'Generated Physics World',
              kind: 'modular-physics',
              description: 'A composed world assembled from prompt-selected modules, objects, forces, materials, sources, and sinks.',
              modules: ['mechanics', 'field', 'energy-ledger'],
              objects: [
                { id: 'body-a', type: 'body', role: 'movable physical object' },
                { id: 'field-a', type: 'field', role: 'force field affecting motion' },
              ],
              readouts: ['energy', 'motion', 'field', 'matter', 'heat', 'stability'],
              params: {
                energyInput: 0.62,
                fieldStrength: 0.48,
                driveTiming: 0.5,
                flowRate: 0.2,
                viscosity: 0.18,
                reactionRate: 0.28,
                heatTransfer: 0.24,
                gravity: 0.06,
                damping: 0.08,
                complexity: 0.5,
                springConstant: 0.44,
                restitution: 0.72,
                thermalFlux: 0.24,
                refractiveIndex: 1.42,
                lightIntensity: 0.56,
                soundFrequency: 0.42,
                waveAmplitude: 0.32,
                buoyancy: 0.28,
                density: 0.54,
                granularFriction: 0.38,
                charge: 0.42,
                electricField: 0.34,
                plasmaTemperature: 0.28,
                windSpeed: 0.24,
                membraneTension: 0.48,
                pressure: 0.36,
                controlGain: 0.46,
                signalNoise: 0.18,
                signalDelay: 0.22,
                queueBacklog: 0.34,
                serviceRate: 0.58,
                networkLatency: 0.26,
                terrainSlope: 0.28,
                erosionRate: 0.22,
                populationGrowth: 0.32,
                infectionRate: 0.18,
                adhesion: 0.24,
                cohesion: 0.36,
                phaseThreshold: 0.52,
                latentHeat: 0.34,
                marketDemand: 0.42,
                priceElasticity: 0.38,
                hardness: 0.52,
                conductivity: 0.34,
                combustibility: 0.24,
                moisture: 0.28,
                opacity: 0.46,
                magnetization: 0.42,
                atomicMass: 32,
                bondStrength: 0.52,
                ionization: 0.18,
                albedo: 0.34,
              },
              controls: [
                ['energyInput', 'energy input', 0, 1.5, 0.01],
                ['fieldStrength', 'field strength', 0, 1.6, 0.01],
                ['driveTiming', 'drive timing', 0, 1, 0.01],
                ['flowRate', 'flow rate', 0, 1.4, 0.01],
                ['viscosity', 'viscosity', 0.01, 0.65, 0.01],
                ['reactionRate', 'reaction rate', 0, 1.2, 0.01],
                ['heatTransfer', 'heat transfer', 0, 1.2, 0.01],
                ['gravity', 'gravity', -0.5, 0.5, 0.01],
                ['damping', 'damping', 0, 0.35, 0.005],
                ['complexity', 'world complexity', 0, 1, 0.01],
                ['controlGain', 'control gain', 0, 1.5, 0.01],
                ['signalNoise', 'signal noise', 0, 1, 0.01],
                ['queueBacklog', 'queue backlog', 0, 1, 0.01],
                ['terrainSlope', 'terrain slope', -1, 1, 0.01],
                ['populationGrowth', 'population growth', 0, 1.4, 0.01],
              ],
            },
            {
              id: 'blank-world',
              name: 'Blank Construction Plane',
              kind: 'blank-construction',
              description: 'An empty simulation plane with no modules or objects until the builder prompt creates them.',
              modules: [],
              objects: [],
              readouts: ['modules', 'objects', 'forces', 'sources', 'sinks', 'canvas'],
              params: {
                guideDensity: 0.42,
                canvasScale: 0.62,
              },
              controls: [
                ['guideDensity', 'guide density', 0, 1, 0.01],
                ['canvasScale', 'canvas scale', 0.2, 1, 0.01],
              ],
            },
          ]);
    
        const CONTROL_LIBRARY = Object.freeze({
            irradiance: ['irradiance', 'sun irradiance', 0, 1200, 10],
            magneticStrength: ['magneticStrength', 'magnetic strength', 0, 1.5, 0.01],
            sliderPhase: ['sliderPhase', 'slider phase', -0.5, 0.5, 0.01],
            sliderAmplitude: ['sliderAmplitude', 'solar slider travel', 0, 1.1, 0.01],
            loadTorque: ['loadTorque', 'motor load', 0, 0.8, 0.01],
            friction: ['friction', 'bearing friction', 0, 0.16, 0.002],
            wheelInertia: ['wheelInertia', 'wheel inertia', 0.08, 1.8, 0.01],
            energyInput: ['energyInput', 'energy input', 0, 1.5, 0.01],
            fieldStrength: ['fieldStrength', 'field strength', 0, 1.6, 0.01],
            driveTiming: ['driveTiming', 'drive timing', 0, 1, 0.01],
            flowRate: ['flowRate', 'flow rate', 0, 1.4, 0.01],
            inletFlow: ['inletFlow', 'inlet flow', 0, 1.4, 0.01],
            viscosity: ['viscosity', 'viscosity', 0.01, 0.65, 0.01],
            vortexStrength: ['vortexStrength', 'vortex strength', 0, 1.6, 0.01],
            obstacleRadius: ['obstacleRadius', 'obstacle radius', 0.04, 0.28, 0.01],
            turbulence: ['turbulence', 'turbulence', 0, 0.85, 0.01],
            reactionRate: ['reactionRate', 'reaction rate', 0, 1.2, 0.01],
            feedRate: ['feedRate', 'feed rate', 0.005, 0.08, 0.001],
            killRate: ['killRate', 'kill rate', 0.03, 0.09, 0.001],
            diffusionA: ['diffusionA', 'diffusion a', 0.2, 1.4, 0.01],
            diffusionB: ['diffusionB', 'diffusion b', 0.1, 0.9, 0.01],
            catalyst: ['catalyst', 'catalyst', 0, 1.2, 0.01],
            cooling: ['cooling', 'cooling', 0, 0.8, 0.01],
            heatTransfer: ['heatTransfer', 'heat transfer', 0, 1.2, 0.01],
            gravity: ['gravity', 'gravity', -0.5, 0.5, 0.01],
            damping: ['damping', 'damping', 0, 0.35, 0.005],
            complexity: ['complexity', 'world complexity', 0, 1, 0.01],
            springConstant: ['springConstant', 'spring constant', 0, 1.6, 0.01],
            restitution: ['restitution', 'collision restitution', 0, 1, 0.01],
            thermalFlux: ['thermalFlux', 'thermal flux', 0, 1.4, 0.01],
            refractiveIndex: ['refractiveIndex', 'refractive index', 1, 2.2, 0.01],
            lightIntensity: ['lightIntensity', 'light intensity', 0, 1.5, 0.01],
            soundFrequency: ['soundFrequency', 'sound frequency', 0.05, 1.4, 0.01],
            waveAmplitude: ['waveAmplitude', 'wave amplitude', 0, 1.2, 0.01],
            buoyancy: ['buoyancy', 'buoyancy', -0.4, 1.2, 0.01],
            density: ['density', 'material density', 0.05, 1.5, 0.01],
            granularFriction: ['granularFriction', 'granular friction', 0, 1, 0.01],
            charge: ['charge', 'charge', -1.2, 1.2, 0.01],
            electricField: ['electricField', 'electric field', 0, 1.5, 0.01],
            plasmaTemperature: ['plasmaTemperature', 'plasma temperature', 0, 1.5, 0.01],
            windSpeed: ['windSpeed', 'wind speed', -1.2, 1.2, 0.01],
            membraneTension: ['membraneTension', 'membrane tension', 0, 1.5, 0.01],
            pressure: ['pressure', 'pressure', 0, 1.5, 0.01],
            controlGain: ['controlGain', 'control gain', 0, 1.5, 0.01],
            signalNoise: ['signalNoise', 'signal noise', 0, 1, 0.01],
            signalDelay: ['signalDelay', 'signal delay', 0, 1, 0.01],
            queueBacklog: ['queueBacklog', 'queue backlog', 0, 1, 0.01],
            serviceRate: ['serviceRate', 'service rate', 0.05, 1.5, 0.01],
            networkLatency: ['networkLatency', 'network latency', 0, 1.5, 0.01],
            terrainSlope: ['terrainSlope', 'terrain slope', -1, 1, 0.01],
            erosionRate: ['erosionRate', 'erosion rate', 0, 1, 0.01],
            populationGrowth: ['populationGrowth', 'population growth', 0, 1.4, 0.01],
            infectionRate: ['infectionRate', 'infection rate', 0, 1.2, 0.01],
            adhesion: ['adhesion', 'adhesion', 0, 1.2, 0.01],
            cohesion: ['cohesion', 'cohesion', 0, 1.2, 0.01],
            phaseThreshold: ['phaseThreshold', 'phase threshold', 0, 1, 0.01],
            latentHeat: ['latentHeat', 'latent heat', 0, 1.4, 0.01],
            marketDemand: ['marketDemand', 'market demand', 0, 1.5, 0.01],
            priceElasticity: ['priceElasticity', 'price elasticity', 0, 1.2, 0.01],
            hardness: ['hardness', 'hardness', 0, 1.5, 0.01],
            conductivity: ['conductivity', 'conductivity', 0, 1.5, 0.01],
            combustibility: ['combustibility', 'combustibility', 0, 1.2, 0.01],
            moisture: ['moisture', 'moisture', 0, 1, 0.01],
            opacity: ['opacity', 'opacity', 0, 1, 0.01],
            magnetization: ['magnetization', 'magnetization', 0, 1.5, 0.01],
            atomicMass: ['atomicMass', 'atomic mass', 1, 240, 1],
            bondStrength: ['bondStrength', 'bond strength', 0, 1.5, 0.01],
            ionization: ['ionization', 'ionization', 0, 1.5, 0.01],
            albedo: ['albedo', 'albedo', 0, 1, 0.01],
            guideDensity: ['guideDensity', 'guide density', 0, 1, 0.01],
            canvasScale: ['canvasScale', 'canvas scale', 0.2, 1, 0.01],
          });
    
        const TOKEN_SYNONYMS = Object.freeze({
            air: ['fluid', 'gas'],
            antenna: ['signal', 'electromagnetic'],
            audio: ['sound', 'acoustic'],
            battery: ['electric', 'electrochemical'],
            beam: ['light', 'optics'],
            biological: ['biology', 'population'],
            blood: ['fluid', 'biology'],
            bounce: ['collision', 'restitution'],
            bridge: ['structure', 'load'],
            bubbles: ['buoyancy', 'fluid'],
            burn: ['fire', 'thermal'],
            camera: ['image', 'sensor'],
            carbon: ['atomic', 'material'],
            ceramic: ['mineral', 'solid'],
            city: ['queue', 'network', 'logistics'],
            climate: ['terrain', 'erosion', 'thermal'],
            controller: ['control', 'feedback'],
            copper: ['metal', 'conductor'],
            crystal: ['lattice', 'mineral'],
            current: ['electric', 'field'],
            delay: ['latency', 'buffer'],
            demand: ['market', 'economics'],
            disease: ['infection', 'biology'],
            drone: ['flight', 'aerodynamics'],
            ecology: ['biology', 'population'],
            economy: ['market', 'economics'],
            electron: ['atomic', 'charge'],
            electrolyte: ['battery', 'ion'],
            feedback: ['control', 'sensor'],
            flight: ['aerodynamics', 'control'],
            fire: ['flame', 'thermal'],
            flame: ['fire', 'thermal'],
            gas: ['fluid', 'pressure'],
            glass: ['silica', 'optics'],
            generator: ['motor', 'load'],
            gold: ['metal', 'conductor'],
            granular: ['sand', 'particle'],
            heart: ['pump', 'biology'],
            heat: ['thermal'],
            infection: ['biology', 'front'],
            internet: ['network', 'latency'],
            iron: ['metal', 'magnetic'],
            ion: ['atomic', 'plasma'],
            laser: ['light', 'optics'],
            lens: ['optics', 'refraction'],
            lattice: ['crystal', 'atomic'],
            logistics: ['queue', 'network'],
            magnet: ['magnetic', 'electromagnetism'],
            magnets: ['magnet', 'magnetic'],
            material: ['matter'],
            market: ['economics', 'demand'],
            metal: ['conductor', 'solid'],
            melt: ['phase', 'thermal'],
            mineral: ['rock', 'crystal'],
            molecule: ['chemistry', 'reaction'],
            motor: ['rotor', 'load'],
            microphone: ['sound', 'sensor'],
            network: ['graph', 'latency'],
            noise: ['signal', 'sensor'],
            optics: ['light', 'refraction'],
            particle: ['material'],
            predator: ['biology', 'population'],
            pressure: ['fluid', 'gas'],
            prism: ['optics', 'refraction'],
            queue: ['backlog', 'service'],
            rocket: ['thrust', 'combustion'],
            rock: ['stone', 'mineral'],
            sand: ['granular', 'particle'],
            sensor: ['signal', 'control'],
            service: ['queue', 'backlog'],
            silica: ['glass', 'mineral'],
            silver: ['metal', 'conductor'],
            smoke: ['fluid', 'gas'],
            solar: ['sun', 'energy'],
            sound: ['acoustic', 'wave'],
            speaker: ['sound', 'actuator'],
            spring: ['elastic'],
            steel: ['metal', 'magnetic'],
            stone: ['rock', 'mineral'],
            steam: ['thermal', 'fluid'],
            structure: ['beam', 'load'],
            sun: ['solar', 'energy', 'radiation'],
            supply: ['logistics', 'market'],
            terrain: ['heightfield', 'erosion'],
            water: ['fluid', 'liquid'],
            waves: ['wave'],
            wind: ['air', 'fluid'],
            wood: ['organic', 'combustible'],
          });
    
        const SEMANTIC_STOPWORDS = new Set([
            'a', 'an', 'and', 'are', 'as', 'be', 'build', 'but', 'by', 'create', 'do', 'for', 'from',
            'have', 'in', 'into', 'is', 'it', 'make', 'of', 'on', 'or', 'simulate', 'simulation',
            'another', 'that', 'the', 'this', 'to', 'use', 'uses', 'with', 'world',
            'above', 'across', 'after', 'against', 'along', 'around', 'before', 'behind',
            'below', 'beneath', 'beside', 'between', 'during', 'near', 'off', 'onto',
            'at', 'cannot', 'generic', 'inside', 'never', 'no', 'none', 'not', 'outside',
            'study', 'through', 'under', 'while', 'within', 'without',
          ]);
    
        const SWIMMING_VISUAL_SLOT_TARGETS = Object.freeze([
            'species-distinct-silhouettes',
            'swimming-pose',
            'wake-ripples',
            'partial-submersion',
          ]);
    
        const ACTION_VISUAL_SLOT_TARGETS = Object.freeze({
            'locomotion-in-fluid': SWIMMING_VISUAL_SLOT_TARGETS,
            swimming: SWIMMING_VISUAL_SLOT_TARGETS,
          });
    
        root.SimulattePhaseModuleRegistry.define('physicsCatalog', 'simulatte-physics-catalog-materials.js', {
          PROCEDURAL_VISUAL_BASE,
          SEMANTIC_VISUAL_ATLAS,
          TEMPLATE_LIBRARY,
          CONTROL_LIBRARY,
          TOKEN_SYNONYMS,
          SEMANTIC_STOPWORDS,
          SWIMMING_VISUAL_SLOT_TARGETS,
          ACTION_VISUAL_SLOT_TARGETS,
        });
    
    })(typeof globalThis !== 'undefined' ? globalThis : window);
    
    (function attachSimulattePhysicsCataloggraphdata(root) {
      const scope = root.SimulattePhaseModuleRegistry.family('physicsCatalog');
    
        const BASE_CATALOG_ITEMS = Object.freeze([
            {
              id: 'energy-ledger',
              type: 'ledger',
              role: 'conservation accounting for inputs, stored energy, useful output, and loss',
              domains: ['energy-ledger'],
              controls: ['energyInput', 'damping'],
              params: { energyInput: 0.62, damping: 0.08 },
              text: 'energy ledger conservation input output loss accounting efficiency power work joule',
              isRetrievable: false,
            },
            {
              id: 'rigid-body',
              type: 'body',
              role: 'movable mass with inertia, momentum, and damping',
              domains: ['mechanics'],
              controls: ['energyInput', 'damping', 'density'],
              params: { energyInput: 0.54, damping: 0.08, density: 0.62 },
              text: 'body mass rigid object inertia velocity acceleration newtonian mechanics momentum',
            },
            {
              id: 'rotor-wheel',
              type: 'body',
              role: 'rotating wheel with alternating magnetic poles',
              domains: ['mechanics', 'rotational-mechanics', 'electromagnetism'],
              controls: ['magneticStrength', 'wheelInertia', 'damping'],
              params: { magneticStrength: 0.62, damping: 0.045 },
              text: 'rotor wheel flywheel magnetic poles spin axle motor perpetual generator torque',
            },
            {
              id: 'stator-slider',
              type: 'actuator',
              role: 'moving magnetic slider with controllable phase and travel',
              domains: ['electromagnetism', 'control'],
              controls: ['sliderAmplitude', 'sliderPhase', 'driveTiming', 'magneticStrength'],
              params: { sliderAmplitude: 0.42, sliderPhase: 0.18, driveTiming: 0.48, magneticStrength: 0.62 },
              text: 'stator slider moving magnet magnetic actuator phase travel timing commutation',
            },
            {
              id: 'solar-panel',
              type: 'source',
              role: 'bounded solar energy input',
              domains: ['solar', 'energy-ledger'],
              controls: ['irradiance', 'energyInput'],
              params: { irradiance: 780, energyInput: 0.78 },
              text: 'solar panel sunlight sun irradiance photovoltaic bounded energy source',
            },
            {
              id: 'motor-load',
              type: 'sink',
              role: 'useful motor or generator load',
              domains: ['mechanics', 'energy-ledger'],
              controls: ['loadTorque', 'friction'],
              params: { loadTorque: 0.16, friction: 0.045 },
              text: 'motor generator load output torque work useful power sink',
            },
            {
              id: 'bearing-friction',
              type: 'loss',
              role: 'mechanical friction and bearing loss',
              domains: ['mechanics', 'energy-ledger'],
              controls: ['friction', 'damping'],
              params: { friction: 0.045, damping: 0.08 },
              text: 'friction damping bearing drag loss resistance heat',
            },
            {
              id: 'gravity-source',
              type: 'field',
              role: 'gravity or acceleration field',
              domains: ['gravity', 'mechanics'],
              controls: ['gravity', 'fieldStrength'],
              params: { gravity: 0.18, fieldStrength: 0.42 },
              text: 'gravity orbit falling acceleration pendulum weight attraction well',
            },
            {
              id: 'spring-constraint',
              type: 'constraint',
              role: 'elastic spring restoring force',
              domains: ['elasticity', 'mechanics'],
              controls: ['springConstant', 'damping'],
              params: { springConstant: 0.72, damping: 0.055 },
              text: 'spring elastic oscillator pendulum restoring force hooke tension bounce',
            },
            {
              id: 'collision-boundary',
              type: 'constraint',
              role: 'solid boundary with collision restitution',
              domains: ['collision', 'mechanics'],
              controls: ['restitution', 'damping'],
              params: { restitution: 0.72, damping: 0.045 },
              text: 'collision bounce wall boundary restitution contact rigid impact',
            },
            {
              id: 'flow-inlet',
              type: 'source',
              role: 'fluid or gas inlet',
              domains: ['fluid', 'advection'],
              controls: ['inletFlow', 'flowRate', 'pressure'],
              params: { inletFlow: 0.62, flowRate: 0.45, pressure: 0.36 },
              text: 'fluid water air gas inlet stream flow pressure smoke pipe',
            },
            {
              id: 'flow-outlet',
              type: 'sink',
              role: 'fluid or gas outlet',
              domains: ['fluid', 'advection'],
              controls: ['flowRate', 'pressure'],
              params: { flowRate: 0.45, pressure: 0.28 },
              text: 'outlet drain exhaust flow exit pressure sink',
            },
            {
              id: 'moving-fluid',
              type: 'material',
              role: 'advected particle fluid',
              domains: ['fluid', 'advection'],
              controls: ['viscosity', 'density', 'flowRate'],
              params: { viscosity: 0.18, density: 0.48, flowRate: 0.45 },
              text: 'fluid particles water air smoke liquid gas viscosity material advection',
            },
            {
              id: 'wake-obstacle',
              type: 'constraint',
              role: 'obstacle producing pressure and wake',
              domains: ['fluid', 'turbulence'],
              controls: ['obstacleRadius', 'vortexStrength', 'pressure'],
              params: { obstacleRadius: 0.16, vortexStrength: 0.54, pressure: 0.48 },
              text: 'obstacle baffle wake vortex pressure drag turbulence eddy',
            },
            {
              id: 'turbulence-field',
              type: 'field',
              role: 'unsteady flow perturbation',
              domains: ['fluid', 'turbulence'],
              controls: ['turbulence', 'vortexStrength', 'windSpeed'],
              params: { turbulence: 0.32, vortexStrength: 0.7, windSpeed: 0.22 },
              text: 'turbulence swirl vortex storm chaos wind eddy unstable flow',
            },
            {
              id: 'reactant-a',
              type: 'material',
              role: 'feedstock chemical field',
              domains: ['chemistry', 'diffusion'],
              controls: ['feedRate', 'diffusionA', 'reactionRate'],
              params: { feedRate: 0.037, diffusionA: 0.92, reactionRate: 0.34 },
              text: 'chemical chemistry reactant feedstock molecule reagent diffusion gray scott',
            },
            {
              id: 'reactant-b',
              type: 'material',
              role: 'reaction product field',
              domains: ['chemistry', 'diffusion'],
              controls: ['killRate', 'diffusionB', 'reactionRate'],
              params: { killRate: 0.061, diffusionB: 0.48, reactionRate: 0.34 },
              text: 'product reaction molecule decay kill diffusion compound chemistry',
            },
            {
              id: 'catalyst-front',
              type: 'field',
              role: 'catalyzed reaction and heat front',
              domains: ['chemistry', 'thermal'],
              controls: ['catalyst', 'reactionRate', 'heatTransfer'],
              params: { catalyst: 0.64, reactionRate: 0.42, heatTransfer: 0.32 },
              text: 'catalyst reaction front chemistry heat molecular crystal grow pattern',
            },
            {
              id: 'cooling-field',
              type: 'sink',
              role: 'thermal loss and cooling path',
              domains: ['thermal', 'energy-ledger'],
              controls: ['cooling', 'heatTransfer'],
              params: { cooling: 0.22, heatTransfer: 0.24 },
              text: 'cooling cold heat sink thermal loss radiator temperature',
            },
            {
              id: 'thermal-source',
              type: 'source',
              role: 'heat source driving Brownian motion and transfer',
              domains: ['thermal', 'mechanics'],
              controls: ['thermalFlux', 'heatTransfer'],
              params: { thermalFlux: 0.48, heatTransfer: 0.46 },
              text: 'heat thermal source hot temperature conduction convection brownian',
            },
            {
              id: 'optical-prism',
              type: 'field',
              role: 'refractive prism that splits light paths',
              domains: ['optics', 'field'],
              controls: ['refractiveIndex', 'lightIntensity'],
              params: { refractiveIndex: 1.42, lightIntensity: 0.66 },
              text: 'prism optics light laser refraction rainbow caustic lens beam split',
            },
            {
              id: 'light-source',
              type: 'source',
              role: 'directed light beam input',
              domains: ['optics', 'energy-ledger'],
              controls: ['lightIntensity', 'energyInput'],
              params: { lightIntensity: 0.66, energyInput: 0.42 },
              text: 'light laser beam photon ray source optics sunlight',
            },
            {
              id: 'acoustic-emitter',
              type: 'source',
              role: 'sound pressure wave emitter',
              domains: ['acoustics', 'wave'],
              controls: ['soundFrequency', 'waveAmplitude', 'pressure'],
              params: { soundFrequency: 0.42, waveAmplitude: 0.36, pressure: 0.42 },
              text: 'sound acoustic audio pressure wave speaker resonance standing tone',
            },
            {
              id: 'wave-source',
              type: 'field',
              role: 'surface or membrane wave driver',
              domains: ['wave', 'mechanics'],
              controls: ['waveAmplitude', 'soundFrequency', 'membraneTension'],
              params: { waveAmplitude: 0.42, soundFrequency: 0.34, membraneTension: 0.48 },
              text: 'wave ripple surface membrane oscillation sine resonance water string',
            },
            {
              id: 'buoyant-body',
              type: 'body',
              role: 'body with density and buoyant lift',
              domains: ['buoyancy', 'fluid', 'mechanics'],
              controls: ['buoyancy', 'density', 'gravity'],
              params: { buoyancy: 0.42, density: 0.42, gravity: 0.08 },
              text: 'buoyancy float bubble balloon boat density lift water air submerged',
            },
            {
              id: 'granular-bed',
              type: 'material',
              role: 'granular material with frictional pile behavior',
              domains: ['granular', 'collision'],
              controls: ['granularFriction', 'gravity', 'density'],
              params: { granularFriction: 0.48, gravity: 0.18, density: 0.76 },
              text: 'sand granular powder grains pile avalanche friction material particle',
            },
            {
              id: 'electric-field',
              type: 'field',
              role: 'electric force field acting on charged particles',
              domains: ['electricity', 'field'],
              controls: ['electricField', 'charge', 'fieldStrength'],
              params: { electricField: 0.42, charge: 0.38, fieldStrength: 0.52 },
              text: 'electric field charge electron voltage current ion electromagnetic force',
            },
            {
              id: 'plasma-arc',
              type: 'material',
              role: 'ionized plasma arc with heat and field coupling',
              domains: ['plasma', 'electricity', 'thermal'],
              controls: ['plasmaTemperature', 'electricField', 'thermalFlux'],
              params: { plasmaTemperature: 0.52, electricField: 0.62, thermalFlux: 0.44 },
              text: 'plasma arc ion glow discharge lightning electric heat magnetic',
            },
            {
              id: 'wind-field',
              type: 'field',
              role: 'moving air field with drag and lift',
              domains: ['fluid', 'advection'],
              controls: ['windSpeed', 'turbulence', 'flowRate'],
              params: { windSpeed: 0.36, turbulence: 0.24, flowRate: 0.34 },
              text: 'wind air airflow lift drag breeze gust smoke vortex',
            },
            {
              id: 'pressure-vessel',
              type: 'constraint',
              role: 'pressurized chamber boundary',
              domains: ['pressure', 'fluid'],
              controls: ['pressure', 'restitution', 'density'],
              params: { pressure: 0.62, restitution: 0.7, density: 0.58 },
              text: 'pressure vessel chamber tank gas compressed container boundary',
            },
            {
              id: 'sun-star',
              type: 'source',
              role: 'radiating star with light, heat, and solar flux',
              domains: ['solar', 'radiation', 'thermal', 'optics'],
              controls: ['irradiance', 'lightIntensity', 'thermalFlux', 'albedo'],
              params: { irradiance: 980, lightIntensity: 0.82, thermalFlux: 0.58, albedo: 0.22 },
              text: 'sun star solar sunlight radiation light heat stellar photosphere daylight',
            },
            {
              id: 'fire-front',
              type: 'source',
              role: 'combustion front that turns fuel into heat, light, and smoke',
              domains: ['fire', 'thermal', 'chemistry', 'fluid'],
              controls: ['combustibility', 'thermalFlux', 'reactionRate', 'moisture'],
              params: { combustibility: 0.62, thermalFlux: 0.72, reactionRate: 0.58, moisture: 0.16 },
              text: 'fire flame combustion burning fuel smoke heat light ignition ember blaze',
            },
            {
              id: 'water-volume',
              type: 'material',
              role: 'liquid water mass with flow, buoyancy, and thermal capacity',
              domains: ['water', 'fluid', 'liquid', 'thermal'],
              controls: ['viscosity', 'density', 'buoyancy', 'heatTransfer', 'moisture'],
              params: { viscosity: 0.12, density: 0.68, buoyancy: 0.5, heatTransfer: 0.46, moisture: 0.9 },
              text: 'water liquid ocean river lake droplet fluid wet moisture surface tension',
            },
            {
              id: 'rock-mass',
              type: 'material',
              role: 'hard mineral rock with mass, terrain, fracture, and erosion response',
              domains: ['rock', 'mineral', 'solid', 'terrain'],
              controls: ['hardness', 'density', 'erosionRate', 'restitution'],
              params: { hardness: 0.86, density: 0.92, erosionRate: 0.08, restitution: 0.24 },
              text: 'rock stone mineral boulder basalt granite hard solid terrain fracture',
            },
            {
              id: 'wood-fiber',
              type: 'material',
              role: 'organic wood fiber with moisture, grain, stiffness, and combustion',
              domains: ['wood', 'organic', 'solid', 'fire'],
              controls: ['combustibility', 'moisture', 'hardness', 'bondStrength'],
              params: { combustibility: 0.68, moisture: 0.34, hardness: 0.42, bondStrength: 0.46 },
              text: 'wood timber tree fiber cellulose organic grain combustible fuel',
            },
            {
              id: 'metal-conductor',
              type: 'material',
              role: 'metal conductor with density, heat flow, and electric current',
              domains: ['metal', 'solid', 'electricity', 'thermal'],
              controls: ['conductivity', 'density', 'hardness', 'heatTransfer'],
              params: { conductivity: 0.84, density: 0.94, hardness: 0.72, heatTransfer: 0.68 },
              text: 'metal conductor copper silver gold steel iron current heat dense malleable',
            },
            {
              id: 'magnetic-core',
              type: 'material',
              role: 'magnetic material core with magnetization and field coupling',
              domains: ['magnetic', 'electromagnetism', 'metal', 'field'],
              controls: ['magnetization', 'magneticStrength', 'conductivity', 'fieldStrength'],
              params: { magnetization: 0.72, magneticStrength: 0.72, conductivity: 0.42, fieldStrength: 0.58 },
              text: 'magnet magnetic ferromagnetic iron steel core poles field lodestone',
            },
            {
              id: 'glass-pane',
              type: 'material',
              role: 'transparent glass that refracts, reflects, and transmits light',
              domains: ['glass', 'optics', 'solid', 'mineral'],
              controls: ['refractiveIndex', 'opacity', 'hardness', 'lightIntensity'],
              params: { refractiveIndex: 1.52, opacity: 0.14, hardness: 0.56, lightIntensity: 0.5 },
              text: 'glass silica transparent pane lens window optics refraction reflection brittle',
            },
            {
              id: 'ceramic-shell',
              type: 'material',
              role: 'brittle ceramic mineral shell with heat resistance and hardness',
              domains: ['ceramic', 'mineral', 'solid', 'thermal'],
              controls: ['hardness', 'heatTransfer', 'density', 'restitution'],
              params: { hardness: 0.82, heatTransfer: 0.18, density: 0.66, restitution: 0.18 },
              text: 'ceramic clay porcelain mineral brittle insulator heat resistant shell',
            },
            {
              id: 'crystal-lattice',
              type: 'material',
              role: 'ordered crystal lattice with bonds, symmetry, and optical response',
              domains: ['crystal', 'lattice', 'mineral', 'optics'],
              controls: ['bondStrength', 'refractiveIndex', 'hardness', 'density'],
              params: { bondStrength: 0.74, refractiveIndex: 1.62, hardness: 0.78, density: 0.58 },
              text: 'crystal lattice quartz salt diamond ordered mineral symmetry facet',
            },
            {
              id: 'atom-core',
              type: 'material',
              role: 'atomic nucleus and shell proxy for mass, charge, and bonding',
              domains: ['atomic', 'matter', 'chemistry'],
              controls: ['atomicMass', 'charge', 'bondStrength', 'density'],
              params: { atomicMass: 28, charge: 0.08, bondStrength: 0.42, density: 0.36 },
              text: 'atom atomic nucleus proton neutron shell element matter particle mass',
            },
            {
              id: 'electron-cloud',
              type: 'field',
              role: 'mobile electron cloud that carries charge and conductivity',
              domains: ['atomic', 'electricity', 'field'],
              controls: ['charge', 'conductivity', 'electricField', 'ionization'],
              params: { charge: -0.72, conductivity: 0.72, electricField: 0.46, ionization: 0.24 },
              text: 'electron cloud orbital charge current electricity valence carrier field',
            },
            {
              id: 'ion-pair',
              type: 'material',
              role: 'charged ion pair with attraction, repulsion, and plasma coupling',
              domains: ['atomic', 'plasma', 'chemistry', 'electricity'],
              controls: ['ionization', 'charge', 'electricField', 'bondStrength'],
              params: { ionization: 0.58, charge: 0.48, electricField: 0.44, bondStrength: 0.34 },
              text: 'ion ionic charged cation anion plasma electrolyte attraction repulsion',
            },
            {
              id: 'molecular-bond',
              type: 'constraint',
              role: 'chemical bond constraint between atoms or molecules',
              domains: ['atomic', 'chemistry', 'cohesion'],
              controls: ['bondStrength', 'cohesion', 'thermalFlux', 'reactionRate'],
              params: { bondStrength: 0.66, cohesion: 0.48, thermalFlux: 0.18, reactionRate: 0.28 },
              text: 'molecule molecular bond covalent ionic chemical atom chain compound',
            },
            {
              id: 'feedback-controller',
              type: 'controller',
              role: 'closed-loop controller that steers fields toward a target',
              domains: ['control', 'signal'],
              controls: ['controlGain', 'signalDelay', 'damping'],
              params: { controlGain: 0.58, signalDelay: 0.18, damping: 0.07 },
              text: 'feedback controller pid control gain loop target servo regulator stability',
            },
            {
              id: 'sensor-array',
              type: 'sensor',
              role: 'distributed sensors that measure state with noise',
              domains: ['signal', 'measurement'],
              controls: ['signalNoise', 'signalDelay', 'fieldStrength'],
              params: { signalNoise: 0.18, signalDelay: 0.16, fieldStrength: 0.34 },
              text: 'sensor array measurement signal observation telemetry noisy data monitor probe',
            },
            {
              id: 'delay-buffer',
              type: 'constraint',
              role: 'lagged memory buffer that delays action and flow',
              domains: ['control', 'network'],
              controls: ['signalDelay', 'networkLatency', 'damping'],
              params: { signalDelay: 0.36, networkLatency: 0.22, damping: 0.09 },
              text: 'delay latency lag buffer memory pipeline postponed action feedback queue',
            },
            {
              id: 'queue-server',
              type: 'process',
              role: 'arrival queue with service capacity and backlog pressure',
              domains: ['queue', 'operations'],
              controls: ['queueBacklog', 'serviceRate', 'marketDemand'],
              params: { queueBacklog: 0.42, serviceRate: 0.58, marketDemand: 0.32 },
              text: 'queue backlog server service arrival wait line congestion operations bottleneck',
            },
            {
              id: 'network-link',
              type: 'field',
              role: 'network edge with latency, packet flow, and capacity loss',
              domains: ['network', 'signal'],
              controls: ['networkLatency', 'signalNoise', 'serviceRate'],
              params: { networkLatency: 0.32, signalNoise: 0.16, serviceRate: 0.52 },
              text: 'network graph link packet latency bandwidth relay internet distributed node',
            },
            {
              id: 'terrain-heightfield',
              type: 'material',
              role: 'heightfield terrain that redirects flow and motion',
              domains: ['terrain', 'geometry'],
              controls: ['terrainSlope', 'density', 'gravity'],
              params: { terrainSlope: 0.28, density: 0.62, gravity: 0.08 },
              text: 'terrain heightfield landscape slope mountain valley ground surface elevation',
            },
            {
              id: 'erosion-channel',
              type: 'process',
              role: 'flow-carved erosion channel that transports material',
              domains: ['terrain', 'erosion', 'fluid'],
              controls: ['erosionRate', 'flowRate', 'terrainSlope'],
              params: { erosionRate: 0.28, flowRate: 0.42, terrainSlope: 0.22 },
              text: 'erosion river channel sediment carve drainage water terrain flow',
            },
            {
              id: 'phase-change-material',
              type: 'material',
              role: 'material that melts, freezes, or boils around a threshold',
              domains: ['phase-change', 'thermal'],
              controls: ['phaseThreshold', 'latentHeat', 'thermalFlux'],
              params: { phaseThreshold: 0.52, latentHeat: 0.48, thermalFlux: 0.36 },
              text: 'phase change melt freeze boil evaporate ice steam latent heat threshold material',
            },
            {
              id: 'adhesion-film',
              type: 'constraint',
              role: 'surface adhesion layer that sticks bodies to boundaries',
              domains: ['surface', 'mechanics'],
              controls: ['adhesion', 'cohesion', 'damping'],
              params: { adhesion: 0.34, cohesion: 0.24, damping: 0.1 },
              text: 'adhesion sticky surface contact glue friction wetting boundary',
            },
            {
              id: 'cohesive-cluster',
              type: 'field',
              role: 'cohesive attraction that clusters nearby particles',
              domains: ['cohesion', 'material'],
              controls: ['cohesion', 'density', 'fieldStrength'],
              params: { cohesion: 0.44, density: 0.58, fieldStrength: 0.38 },
              text: 'cohesion cluster aggregate flock swarm attraction material droplets',
            },
            {
              id: 'population-field',
              type: 'actor',
              role: 'growing population density affected by resources and pressure',
              domains: ['biology', 'population'],
              controls: ['populationGrowth', 'density', 'energyInput'],
              params: { populationGrowth: 0.36, density: 0.48, energyInput: 0.52 },
              text: 'population biology ecosystem growth agents people cells colony species resource',
            },
            {
              id: 'infection-front',
              type: 'field',
              role: 'spreading front over a population or contact graph',
              domains: ['biology', 'diffusion'],
              controls: ['infectionRate', 'diffusionB', 'signalDelay'],
              params: { infectionRate: 0.24, diffusionB: 0.46, signalDelay: 0.18 },
              text: 'infection disease epidemic contagion spread front biology diffusion contact',
            },
            {
              id: 'market-demand',
              type: 'source',
              role: 'demand pressure that pulls resources through a system',
              domains: ['economics', 'market'],
              controls: ['marketDemand', 'priceElasticity', 'serviceRate'],
              params: { marketDemand: 0.52, priceElasticity: 0.38, serviceRate: 0.5 },
              text: 'market demand price economics consumer supply trade scarcity incentive',
            },
            {
              id: 'logistics-node',
              type: 'process',
              role: 'warehouse or hub that routes inventory between flows',
              domains: ['logistics', 'queue', 'network'],
              controls: ['queueBacklog', 'serviceRate', 'networkLatency'],
              params: { queueBacklog: 0.36, serviceRate: 0.62, networkLatency: 0.24 },
              text: 'logistics warehouse inventory supply chain route hub transport port delivery',
            },
            {
              id: 'noise-field',
              type: 'field',
              role: 'stochastic disturbance field that perturbs measurements and motion',
              domains: ['noise', 'signal'],
              controls: ['signalNoise', 'turbulence', 'fieldStrength'],
              params: { signalNoise: 0.28, turbulence: 0.18, fieldStrength: 0.22 },
              text: 'noise stochastic random disturbance uncertainty jitter sensor signal measurement',
            },
            {
              id: 'data-recorder',
              type: 'ledger',
              role: 'trace recorder for state history, events, and audit output',
              domains: ['data', 'energy-ledger'],
              controls: ['signalNoise', 'serviceRate'],
              params: { signalNoise: 0.08, serviceRate: 0.72 },
              text: 'data recorder trace audit history event log telemetry receipt measurement',
            },
          ]);
    
        const LAYER_STACK = Object.freeze([
            { id: 'math', index: 1, composes: [], role: 'numeric containers, topology, operators, and invariants' },
            { id: 'physics', index: 2, composes: ['math'], role: 'physical operators over math forms' },
            { id: 'material', index: 3, composes: ['physics'], role: 'matter profiles over physical operators' },
            { id: 'component', index: 4, composes: ['material'], role: 'usable parts made from materials' },
            { id: 'composition', index: 5, composes: ['component'], role: 'systems assembled from parts' },
            { id: 'scene', index: 6, composes: ['composition'], role: 'world frames assembled from systems' },
          ]);
    
        const LAYER_INDEX = Object.freeze(Object.fromEntries(
            LAYER_STACK.map((layer) => [layer.id, layer.index])
          ));
    
        const COMPILER_INPUT_PLANE = Object.freeze({
            id: 'compiler',
            role: 'natural language, embeddings, semantic retrieval, and local model hints select and fill layers without becoming a layer',
            inputs: ['prompt', 'seed', 'embedding-priors', 'doppler-hints', 'semantic-rag'],
            emits: ['target-layer', 'ranked-primitives', 'slot-fills', 'physical-graph-deltas'],
            targetLayers: LAYER_STACK.map((layer) => layer.id),
          });
    
        const MATH_PRIMITIVE_LIBRARY = Object.freeze([
            { id: 'scalar', type: 'field', text: 'single numeric degree value parameter coordinate' },
            { id: 'vector', type: 'field', text: 'ordered numeric tuple direction magnitude basis coordinate' },
            { id: 'matrix-tensor', type: 'field', text: 'matrix tensor transform jacobian covariance multilinear array' },
            { id: 'scalar-field', type: 'field', text: 'scalar field sampled numeric value over domain' },
            { id: 'vector-field', type: 'field', text: 'vector field sampled tuple over domain' },
            { id: 'grid-lattice', type: 'field', text: 'grid lattice raster cells indices neighbors stencil' },
            { id: 'grid-heightfield', type: 'field', text: 'heightfield raster scalar samples surface elevation grid' },
            { id: 'particle-set', type: 'field', text: 'particle set points agents samples ids attributes' },
            { id: 'graph-network', type: 'field', text: 'graph network nodes edges links routing topology' },
            { id: 'curve-path', type: 'field', text: 'curve path polyline spline ordered samples arc length' },
            { id: 'surface-boundary', type: 'constraint', text: 'surface boundary domain edge interface normal' },
            { id: 'signed-distance-field', type: 'field', text: 'signed distance field implicit surface distance normal' },
            { id: 'distribution-noise', type: 'field', text: 'distribution noise random sample stochastic uncertainty seed' },
            { id: 'threshold', type: 'constraint', text: 'threshold comparator crossing gate activation cutoff' },
            { id: 'constraint', type: 'constraint', text: 'constraint relation invariant boundary limit equation' },
            { id: 'source-sink', type: 'source', text: 'source sink boundary condition input output port reservoir' },
            { id: 'oscillator', type: 'field', text: 'oscillator periodic basis sine phase cycle waveform' },
            { id: 'delay', type: 'constraint', text: 'delay lag buffer memory latency feedback state' },
            { id: 'queue', type: 'process', text: 'queue ordered buffer arrivals departures service discipline' },
            { id: 'conservation-ledger', type: 'ledger', text: 'conservation ledger invariant balance accounting quantity' },
            { id: 'unit-dimension', type: 'ledger', text: 'unit dimension base exponent measure conversion schema' },
            { id: 'time-step', type: 'constraint', text: 'time step integrator tick delta stability schedule' },
            { id: 'kernel', type: 'field', text: 'kernel stencil neighborhood weighting filter convolution' },
            { id: 'gradient', type: 'field', text: 'gradient differential operator local slope derivative' },
            { id: 'divergence', type: 'field', text: 'divergence differential operator outward rate field' },
            { id: 'curl', type: 'field', text: 'curl differential operator circulation rotation field' },
            { id: 'laplacian', type: 'field', text: 'laplacian differential operator curvature second derivative' },
            { id: 'interpolation', type: 'field', text: 'interpolation resampling lerp spline blend lookup' },
            { id: 'sampling', type: 'field', text: 'sampling discretization probe rasterization monte carlo' },
            { id: 'coordinate-frame', type: 'field', text: 'coordinate frame origin axes basis orientation transform' },
            { id: 'affine-transform', type: 'field', text: 'affine transform translate rotate scale shear homogeneous map' },
            { id: 'quaternion', type: 'field', text: 'quaternion orientation rotation algebra normalized tuple' },
            { id: 'simplex-mesh', type: 'field', text: 'simplex mesh triangles tetrahedra indexed topology cells' },
            { id: 'polygon-mesh', type: 'field', text: 'polygon mesh vertices faces uv normals topology' },
            { id: 'voxel-grid', type: 'field', text: 'voxel grid discrete volume cells occupancy samples' },
            { id: 'sparse-grid', type: 'field', text: 'sparse grid hashed cells active tiles hierarchy' },
            { id: 'adaptive-tree', type: 'field', text: 'adaptive tree subdivision quadtree octree hierarchy' },
            { id: 'neighbor-list', type: 'field', text: 'neighbor list local pairs adjacency proximity lookup' },
            { id: 'adjacency-matrix', type: 'field', text: 'adjacency matrix graph connectivity relation table' },
            { id: 'incidence-matrix', type: 'field', text: 'incidence matrix graph node edge relation table' },
            { id: 'constraint-graph', type: 'constraint', text: 'constraint graph equations dependencies limits joints' },
            { id: 'event-queue', type: 'process', text: 'event queue scheduled transitions ordering triggers' },
            { id: 'ring-buffer', type: 'process', text: 'ring buffer cyclic samples streaming history window' },
            { id: 'state-vector', type: 'field', text: 'state vector packed variables phase coordinates' },
            { id: 'state-machine', type: 'process', text: 'state machine finite modes transitions guards' },
            { id: 'markov-chain', type: 'process', text: 'markov chain stochastic states transitions probabilities' },
            { id: 'random-walk', type: 'process', text: 'random walk stochastic path brownian steps diffusion basis' },
            { id: 'basis-function', type: 'field', text: 'basis function projection interpolation polynomial spline' },
            { id: 'spectral-basis', type: 'field', text: 'spectral basis frequency modes harmonics transform' },
            { id: 'level-set', type: 'field', text: 'level set implicit contour crossing interface' },
            { id: 'interval-bound', type: 'constraint', text: 'interval bound min max clamp domain range' },
            { id: 'distance-metric', type: 'field', text: 'distance metric norm geodesic nearest measure' },
            { id: 'potential-field', type: 'field', text: 'potential field abstract scalar basin attractor landscape' },
            { id: 'image-raster', type: 'field', text: 'image raster pixels channels camera texture segmentation map' },
            { id: 'signed-angle-field', type: 'field', text: 'signed angle orientation heading wrap phase bearing' },
            { id: 'flow-map', type: 'field', text: 'flow map deformation transport trajectories forward backward advection' },
            { id: 'contact-pair-table', type: 'constraint', text: 'contact pair table collision candidates broadphase manifolds' },
            { id: 'relation-table', type: 'field', text: 'relation table entity attributes categorical links semantic slots' },
            { id: 'material-property-vector', type: 'field', text: 'material property vector typed attributes coefficients profile' },
            { id: 'time-series', type: 'field', text: 'time series sampled signal trend history temporal measurements' },
            { id: 'multichannel-field', type: 'field', text: 'multichannel field stacked variables coupled state raster tensor' },
            { id: 'control-graph', type: 'process', text: 'control graph feedback loops sensors actuators gains stability' },
            { id: 'constraint-jacobian', type: 'constraint', text: 'constraint jacobian solver matrix derivatives joints contacts' },
          ].map((item) => scope.toCatalogItem('math', item)));
    
        const PHYSICS_PRIMITIVE_LIBRARY = Object.freeze([
            { id: 'rigid-body', type: 'body', controls: ['density'], recipe: ['vector', 'matrix-tensor', 'constraint', 'time-step'], text: 'rigid body inertia rotation contact momentum' },
            { id: 'soft-body', type: 'body', controls: ['membraneTension'], recipe: ['particle-set', 'grid-lattice', 'constraint', 'time-step'], text: 'soft body deformation elasticity mesh continuum' },
            { id: 'gravity', type: 'field', controls: ['gravity'], recipe: ['vector-field', 'gradient', 'unit-dimension'], text: 'gravity weight orbit acceleration well' },
            { id: 'collision', type: 'constraint', controls: ['restitution'], recipe: ['surface-boundary', 'constraint', 'time-step'], text: 'collision impact contact restitution bounce' },
            { id: 'friction', type: 'loss', controls: ['friction'], recipe: ['vector', 'constraint', 'kernel'], text: 'friction drag resistance damping loss' },
            { id: 'elasticity', type: 'constraint', controls: ['springConstant'], recipe: ['constraint', 'oscillator', 'gradient'], text: 'elasticity spring stretch compression restoring force' },
            { id: 'pressure', type: 'field', controls: ['pressure'], recipe: ['scalar-field', 'gradient', 'unit-dimension'], text: 'pressure compression gas liquid vessel' },
            { id: 'buoyancy', type: 'field', controls: ['buoyancy'], recipe: ['scalar-field', 'vector-field', 'gradient'], text: 'buoyancy float lift density displacement' },
            { id: 'fluid-advection', type: 'field', controls: ['flowRate'], recipe: ['vector-field', 'particle-set', 'time-step'], text: 'fluid advection flow transport velocity stream' },
            { id: 'diffusion', type: 'field', controls: ['diffusionA', 'diffusionB'], recipe: ['scalar-field', 'laplacian', 'time-step'], text: 'diffusion spread gradient concentration mixing' },
            { id: 'heat-transfer', type: 'field', controls: ['heatTransfer'], recipe: ['scalar-field', 'laplacian', 'unit-dimension'], text: 'heat transfer conduction convection temperature' },
            { id: 'radiation', type: 'source', controls: ['irradiance'], recipe: ['vector-field', 'sampling', 'source-sink'], text: 'radiation sunlight emission photons energy' },
            { id: 'combustion', type: 'process', controls: ['combustibility'], recipe: ['threshold', 'scalar-field', 'conservation-ledger'], text: 'combustion burning fuel oxygen flame heat smoke' },
            { id: 'phase-change', type: 'process', controls: ['phaseThreshold'], recipe: ['threshold', 'scalar-field', 'unit-dimension'], text: 'phase change melt freeze boil vaporize condense' },
            { id: 'optics', type: 'field', controls: ['refractiveIndex'], recipe: ['vector-field', 'surface-boundary', 'sampling'], text: 'optics light reflection refraction lens prism' },
            { id: 'electromagnetism', type: 'field', controls: ['electricField'], recipe: ['vector-field', 'curl', 'divergence'], text: 'electromagnetism charge current voltage field' },
            { id: 'magnetism', type: 'field', controls: ['magnetization'], recipe: ['vector-field', 'curl', 'gradient'], text: 'magnetism poles magnetic field attraction repulsion' },
            { id: 'chemical-reaction', type: 'process', controls: ['reactionRate'], recipe: ['scalar-field', 'kernel', 'time-step'], text: 'chemical reaction reactants products catalyst rate' },
            { id: 'erosion', type: 'process', controls: ['erosionRate'], recipe: ['grid-heightfield', 'vector-field', 'gradient'], text: 'erosion sediment carve river terrain weathering' },
            { id: 'growth-decay', type: 'process', controls: ['populationGrowth'], recipe: ['scalar-field', 'graph-network', 'time-step'], text: 'growth decay population biomass infection exponential' },
            { id: 'contact-manifold', type: 'constraint', controls: ['restitution'], recipe: ['surface-boundary', 'constraint', 'neighbor-list', 'time-step'], text: 'contact manifold normals penetration pairs restitution' },
            { id: 'impulse-response', type: 'process', controls: ['restitution'], recipe: ['vector', 'matrix-tensor', 'constraint', 'time-step'], text: 'impulse response impact momentum correction collision solve' },
            { id: 'joint-constraint', type: 'constraint', controls: ['friction'], recipe: ['constraint-graph', 'matrix-tensor', 'time-step'], text: 'joint constraint hinge slider revolute prismatic articulation' },
            { id: 'angular-dynamics', type: 'field', controls: ['wheelInertia'], recipe: ['vector', 'quaternion', 'matrix-tensor', 'time-step'], text: 'angular dynamics spin torque orientation inertia rotation' },
            { id: 'fracture-mechanics', type: 'process', controls: ['hardness'], recipe: ['surface-boundary', 'threshold', 'gradient', 'event-queue'], text: 'fracture crack shatter tear shear brittle stress' },
            { id: 'plastic-deformation', type: 'process', controls: ['hardness'], recipe: ['matrix-tensor', 'gradient', 'threshold', 'constraint'], text: 'plastic deformation bend yield dent permanent strain' },
            { id: 'granular-contact', type: 'constraint', controls: ['granularFriction'], recipe: ['particle-set', 'neighbor-list', 'constraint'], text: 'granular contact grains pile avalanche packing' },
            { id: 'viscous-flow', type: 'field', controls: ['viscosity'], recipe: ['vector-field', 'laplacian', 'time-step'], text: 'viscous flow shear drag laminar resistance liquid' },
            { id: 'turbulence', type: 'field', controls: ['turbulence'], recipe: ['vector-field', 'curl', 'spectral-basis', 'time-step'], text: 'turbulence eddies vortices cascade chaotic flow' },
            { id: 'surface-tension', type: 'constraint', controls: ['cohesion'], recipe: ['surface-boundary', 'gradient', 'constraint'], text: 'surface tension droplets meniscus cohesion interface' },
            { id: 'capillary-action', type: 'field', controls: ['adhesion'], recipe: ['curve-path', 'surface-boundary', 'gradient'], text: 'capillary action wick porous tube wetting' },
            { id: 'wave-propagation', type: 'field', controls: ['waveAmplitude'], recipe: ['scalar-field', 'oscillator', 'laplacian', 'time-step'], text: 'wave propagation ripple oscillation standing traveling' },
            { id: 'acoustic-propagation', type: 'field', controls: ['soundFrequency'], recipe: ['scalar-field', 'oscillator', 'laplacian', 'time-step'], text: 'acoustic sound propagation compression vibration resonance' },
            { id: 'radiative-transfer', type: 'source', controls: ['irradiance'], recipe: ['vector-field', 'sampling', 'source-sink'], text: 'radiative transfer emission absorption scattering light' },
            { id: 'charge-transport', type: 'field', controls: ['electricField'], recipe: ['graph-network', 'vector-field', 'conservation-ledger'], text: 'charge transport current drift conductor ion flow' },
            { id: 'electrolysis', type: 'process', controls: ['reactionRate'], recipe: ['threshold', 'graph-network', 'conservation-ledger'], text: 'electrolysis electrode electrolyte gas separation reaction' },
            { id: 'ionization', type: 'process', controls: ['ionization'], recipe: ['threshold', 'scalar-field', 'source-sink'], text: 'ionization plasma electron ion excitation discharge' },
            { id: 'bonding', type: 'constraint', controls: ['bondStrength'], recipe: ['constraint-graph', 'distance-metric', 'threshold'], text: 'bonding covalent ionic metallic molecular cohesion' },
            { id: 'cohesion', type: 'constraint', controls: ['cohesion'], recipe: ['particle-set', 'neighbor-list', 'kernel'], text: 'cohesion aggregation clumping attraction clusters droplets' },
            { id: 'adsorption', type: 'process', controls: ['adhesion'], recipe: ['surface-boundary', 'threshold', 'sampling'], text: 'adsorption surface attachment coating absorption sticking' },
            { id: 'catalysis', type: 'process', controls: ['catalyst'], recipe: ['kernel', 'graph-network', 'time-step'], text: 'catalysis reaction acceleration enzyme surface pathway' },
            { id: 'nucleation', type: 'process', controls: ['phaseThreshold'], recipe: ['distribution-noise', 'threshold', 'particle-set'], text: 'nucleation seed crystal bubble droplet phase origin' },
            { id: 'crystallization', type: 'process', controls: ['bondStrength'], recipe: ['grid-lattice', 'constraint-graph', 'time-step'], text: 'crystallization lattice ordered solid mineral growth' },
            { id: 'osmosis', type: 'field', controls: ['diffusionA'], recipe: ['surface-boundary', 'scalar-field', 'gradient'], text: 'osmosis membrane selective solvent concentration flow' },
            { id: 'orbital-dynamics', type: 'field', controls: ['gravity'], recipe: ['curve-path', 'vector', 'time-step'], text: 'orbital dynamics orbit ellipse gravity trajectory period' },
            { id: 'aerodynamics', type: 'field', controls: ['windSpeed', 'pressure'], recipe: ['vector-field', 'surface-boundary', 'gradient', 'time-step'], text: 'aerodynamics lift drag wing airfoil pressure flow flight' },
            { id: 'porous-flow', type: 'field', controls: ['flowRate', 'pressure'], recipe: ['sparse-grid', 'scalar-field', 'gradient', 'time-step'], text: 'porous flow seepage filtration permeability soil aquifer sponge' },
            { id: 'thermoelectric-effect', type: 'process', controls: ['thermalFlux', 'conductivity'], recipe: ['scalar-field', 'graph-network', 'conservation-ledger'], text: 'thermoelectric seebeck peltier heat current gradient voltage' },
            { id: 'photochemistry', type: 'process', controls: ['lightIntensity', 'reactionRate'], recipe: ['sampling', 'scalar-field', 'threshold', 'time-step'], text: 'photochemistry light activated reaction pigment photosynthesis ultraviolet catalyst' },
            { id: 'electrostatic-discharge', type: 'process', controls: ['charge', 'electricField'], recipe: ['threshold', 'vector-field', 'event-queue'], text: 'electrostatic discharge spark lightning breakdown arc charge transfer' },
            { id: 'wave-interference', type: 'field', controls: ['waveAmplitude', 'soundFrequency'], recipe: ['spectral-basis', 'oscillator', 'scalar-field', 'time-step'], text: 'wave interference standing waves diffraction phase beat cancellation' },
            { id: 'predator-prey', type: 'process', controls: ['populationGrowth'], recipe: ['graph-network', 'markov-chain', 'time-step'], text: 'predator prey ecology population pursuit resource oscillation' },
            { id: 'sediment-transport', type: 'process', controls: ['erosionRate', 'flowRate'], recipe: ['grid-heightfield', 'particle-set', 'vector-field', 'time-step'], text: 'sediment transport bedload suspended grains river delta deposition' },
            { id: 'fluid-pressure-solve', type: 'field', controls: ['pressure', 'flowRate'], recipe: ['vector-field', 'scalar-field', 'constraint-jacobian', 'time-step'], text: 'fluid pressure solve incompressible projection divergence free flow' },
            { id: 'vortex-shedding', type: 'field', controls: ['windSpeed', 'turbulence'], recipe: ['vector-field', 'curl', 'surface-boundary', 'time-series'], text: 'vortex shedding wake oscillation bluff body turbulence' },
            { id: 'combustion-spread', type: 'process', controls: ['combustibility', 'thermalFlux'], recipe: ['scalar-field', 'threshold', 'event-queue', 'time-step'], text: 'combustion spread fire front ignition fuel heat propagation' },
            { id: 'radiation-pressure', type: 'field', controls: ['irradiance', 'pressure'], recipe: ['vector-field', 'sampling', 'conservation-ledger'], text: 'radiation pressure photon momentum sail light force' },
            { id: 'evaporation-condensation', type: 'process', controls: ['phaseThreshold', 'latentHeat'], recipe: ['threshold', 'scalar-field', 'conservation-ledger', 'time-step'], text: 'evaporation condensation humidity vapor droplets latent heat cycle' },
            { id: 'electrochemical-potential', type: 'field', controls: ['electricField', 'conductivity'], recipe: ['graph-network', 'scalar-field', 'conservation-ledger'], text: 'electrochemical potential ions battery voltage electrolyte redox gradient' },
            { id: 'elastic-wave', type: 'field', controls: ['springConstant', 'waveAmplitude'], recipe: ['scalar-field', 'oscillator', 'constraint-jacobian', 'time-step'], text: 'elastic wave stress vibration seismic solid propagation' },
            { id: 'magnetohydrodynamics', type: 'field', controls: ['magnetization', 'conductivity'], recipe: ['vector-field', 'curl', 'conservation-ledger', 'time-step'], text: 'magnetohydrodynamics conducting fluid plasma magnetic flow' },
            { id: 'active-matter', type: 'process', controls: ['energyInput', 'populationGrowth'], recipe: ['particle-set', 'random-walk', 'vector-field', 'time-step'], text: 'active matter self propelled cells swarms flocking motility' },
            { id: 'resource-flow', type: 'process', controls: ['serviceRate', 'networkLatency'], recipe: ['graph-network', 'queue', 'conservation-ledger', 'time-step'], text: 'resource flow network supply demand inventory service routing' },
            { id: 'structural-buckling', type: 'constraint', controls: ['pressure', 'hardness'], recipe: ['constraint-graph', 'threshold', 'curve-path', 'time-step'], text: 'structural buckling column beam load instability collapse' },
            { id: 'diffusion-reaction-front', type: 'process', controls: ['reactionRate', 'diffusionA'], recipe: ['multichannel-field', 'laplacian', 'threshold', 'time-step'], text: 'diffusion reaction front pattern activator inhibitor chemical wave' },
          ].map((item) => scope.toCatalogItem('physics', item)));
    
        root.SimulattePhaseModuleRegistry.define('physicsCatalog', 'simulatte-physics-catalog-graph-data.js', {
          BASE_CATALOG_ITEMS,
          LAYER_STACK,
          LAYER_INDEX,
          COMPILER_INPUT_PLANE,
          MATH_PRIMITIVE_LIBRARY,
          PHYSICS_PRIMITIVE_LIBRARY,
        });
    
    })(typeof globalThis !== 'undefined' ? globalThis : window);
    
    (function attachSimulattePhysicsCatalogexamples(root) {
      const scope = root.SimulattePhaseModuleRegistry.family('physicsCatalog');
    
        const MATERIAL_PRIMITIVE_LIBRARY = Object.freeze([
            { id: 'water', type: 'material', controls: ['viscosity', 'moisture'], recipe: ['pressure', 'fluid-advection', 'phase-change'], text: 'water liquid wet river lake droplet' },
            { id: 'air', type: 'material', controls: ['pressure', 'windSpeed'], recipe: ['pressure', 'fluid-advection', 'diffusion'], text: 'air gas atmosphere wind pressure' },
            { id: 'steam', type: 'material', controls: ['thermalFlux', 'pressure'], recipe: ['pressure', 'heat-transfer', 'phase-change'], text: 'steam vapor hot gas phase change' },
            { id: 'smoke', type: 'material', controls: ['turbulence', 'signalNoise'], recipe: ['fluid-advection', 'diffusion'], text: 'smoke particles plume fire advection' },
            { id: 'fire-plasma', type: 'material', controls: ['plasmaTemperature'], recipe: ['combustion', 'heat-transfer', 'radiation'], text: 'fire plasma ionized hot flame glow' },
            { id: 'ice', type: 'material', controls: ['phaseThreshold', 'hardness'], recipe: ['phase-change', 'friction', 'collision'], text: 'ice frozen water solid cold slippery' },
            { id: 'oil', type: 'material', controls: ['viscosity'], recipe: ['fluid-advection', 'friction', 'combustion'], text: 'oil viscous liquid fuel slick' },
            { id: 'sand', type: 'material', controls: ['granularFriction'], recipe: ['friction', 'collision', 'erosion'], text: 'sand grains granular pile sediment' },
            { id: 'soil', type: 'material', controls: ['moisture', 'erosionRate'], recipe: ['erosion', 'diffusion', 'growth-decay'], text: 'soil dirt earth porous organic' },
            { id: 'clay', type: 'material', controls: ['adhesion', 'moisture'], recipe: ['friction', 'pressure', 'phase-change'], text: 'clay sticky ceramic wet plasticity' },
            { id: 'rock', type: 'material', controls: ['hardness'], recipe: ['collision', 'pressure', 'erosion'], text: 'rock stone mineral boulder solid' },
            { id: 'metal', type: 'material', controls: ['conductivity', 'hardness'], recipe: ['heat-transfer', 'electromagnetism', 'collision'], text: 'metal conductor iron copper steel dense' },
            { id: 'magnetized-metal', type: 'material', controls: ['magnetization'], recipe: ['magnetism', 'electromagnetism', 'collision'], text: 'magnetized metal ferromagnetic poles field' },
            { id: 'glass', type: 'material', controls: ['refractiveIndex', 'opacity'], recipe: ['optics', 'collision', 'heat-transfer'], text: 'glass transparent silica lens brittle' },
            { id: 'wood', type: 'material', controls: ['combustibility', 'moisture'], recipe: ['combustion', 'heat-transfer', 'growth-decay'], text: 'wood timber fiber organic fuel' },
            { id: 'rubber', type: 'material', controls: ['elasticity', 'damping'], recipe: ['elasticity', 'friction', 'heat-transfer'], text: 'rubber elastic soft high friction' },
            { id: 'fabric', type: 'material', controls: ['membraneTension'], recipe: ['soft-body', 'diffusion', 'combustion'], text: 'fabric cloth weave soft body' },
            { id: 'concrete', type: 'material', controls: ['hardness', 'density'], recipe: ['collision', 'pressure', 'heat-transfer'], text: 'concrete stone aggregate structural wall' },
            { id: 'plastic', type: 'material', controls: ['hardness', 'combustibility'], recipe: ['collision', 'heat-transfer', 'combustion'], text: 'plastic polymer lightweight solid' },
            { id: 'fuel', type: 'material', controls: ['combustibility'], recipe: ['combustion', 'heat-transfer', 'chemical-reaction'], text: 'fuel gasoline biomass combustible energy' },
            { id: 'biomass', type: 'material', controls: ['populationGrowth', 'moisture'], recipe: ['growth-decay', 'combustion', 'diffusion'], text: 'biomass plant organic growth fuel' },
            { id: 'brine', type: 'material', controls: ['conductivity', 'viscosity'], recipe: ['fluid-advection', 'electromagnetism', 'diffusion'], text: 'brine salt water electrolyte conductive liquid' },
            { id: 'mercury', type: 'material', controls: ['density', 'conductivity'], recipe: ['fluid-advection', 'electromagnetism', 'optics'], text: 'mercury liquid metal dense conductive reflective' },
            { id: 'copper', type: 'material', controls: ['conductivity', 'heatTransfer'], recipe: ['electromagnetism', 'heat-transfer', 'collision'], text: 'copper conductor metal wire heat current' },
            { id: 'silicon', type: 'material', controls: ['conductivity', 'refractiveIndex'], recipe: ['electromagnetism', 'optics', 'radiation'], text: 'silicon semiconductor crystal photovoltaic glassy' },
            { id: 'carbon', type: 'material', controls: ['conductivity', 'bondStrength'], recipe: ['chemical-reaction', 'electromagnetism', 'collision'], text: 'carbon graphite diamond organic lattice bond' },
            { id: 'gel', type: 'material', controls: ['viscosity', 'cohesion'], recipe: ['soft-body', 'diffusion', 'pressure'], text: 'gel hydrogel soft wet polymer membrane' },
            { id: 'foam', type: 'material', controls: ['density', 'buoyancy'], recipe: ['soft-body', 'buoyancy', 'diffusion'], text: 'foam bubbles light porous fluid surface' },
            { id: 'membrane', type: 'material', controls: ['membraneTension', 'diffusionA'], recipe: ['soft-body', 'diffusion', 'elasticity'], text: 'membrane film skin permeable elastic boundary' },
            { id: 'leaf', type: 'material', controls: ['albedo', 'moisture'], recipe: ['growth-decay', 'radiation', 'diffusion'], text: 'leaf plant photosynthesis biomass transpiration surface' },
            { id: 'mycelium', type: 'material', controls: ['populationGrowth', 'cohesion'], recipe: ['growth-decay', 'diffusion', 'elasticity'], text: 'mycelium fungal branching biological network hyphae' },
            { id: 'protein', type: 'material', controls: ['bondStrength', 'phaseThreshold'], recipe: ['chemical-reaction', 'soft-body', 'phase-change'], text: 'protein folded molecule biological soft matter' },
            { id: 'bacteria', type: 'material', controls: ['populationGrowth', 'infectionRate'], recipe: ['growth-decay', 'diffusion', 'chemical-reaction'], text: 'bacteria microbes colony growth diffusion biology' },
            { id: 'hydrogen', type: 'material', controls: ['pressure'], recipe: ['pressure', 'diffusion', 'combustion'], text: 'hydrogen light gas molecule fuel star plasma' },
            { id: 'oxygen', type: 'material', controls: ['pressure'], recipe: ['pressure', 'diffusion', 'combustion'], text: 'oxygen gas oxidizer respiration combustion molecule' },
            { id: 'nitrogen', type: 'material', controls: ['pressure'], recipe: ['pressure', 'diffusion', 'fluid-advection'], text: 'nitrogen inert gas atmosphere molecule' },
            { id: 'helium', type: 'material', controls: ['pressure'], recipe: ['pressure', 'diffusion', 'buoyancy'], text: 'helium noble gas light buoyant balloon' },
            { id: 'carbon-dioxide', type: 'material', controls: ['pressure'], recipe: ['pressure', 'diffusion', 'radiative-transfer'], text: 'carbon dioxide gas greenhouse dissolved bubble' },
            { id: 'methane', type: 'material', controls: ['combustibility'], recipe: ['combustion', 'pressure', 'chemical-reaction'], text: 'methane gas fuel hydrocarbon molecule' },
            { id: 'ammonia', type: 'material', controls: ['reactionRate'], recipe: ['chemical-reaction', 'diffusion', 'pressure'], text: 'ammonia reactive gas nitrogen compound' },
            { id: 'ethanol', type: 'material', controls: ['viscosity', 'combustibility'], recipe: ['combustion', 'fluid-advection', 'chemical-reaction'], text: 'ethanol alcohol liquid fuel solvent' },
            { id: 'gasoline', type: 'material', controls: ['combustibility', 'viscosity'], recipe: ['combustion', 'fluid-advection', 'chemical-reaction'], text: 'gasoline hydrocarbon fuel volatile liquid' },
            { id: 'diesel', type: 'material', controls: ['combustibility', 'viscosity'], recipe: ['combustion', 'fluid-advection', 'heat-transfer'], text: 'diesel heavy fuel oil combustion liquid' },
            { id: 'salt', type: 'material', controls: ['conductivity'], recipe: ['bonding', 'diffusion', 'electromagnetism'], text: 'salt ionic crystal dissolved electrolyte' },
            { id: 'sugar', type: 'material', controls: ['bondStrength'], recipe: ['bonding', 'diffusion', 'chemical-reaction'], text: 'sugar crystal molecule dissolving organic' },
            { id: 'acid', type: 'material', controls: ['reactionRate'], recipe: ['chemical-reaction', 'diffusion', 'electrolysis'], text: 'acid corrosive solution ion reaction' },
            { id: 'base', type: 'material', controls: ['reactionRate'], recipe: ['chemical-reaction', 'diffusion', 'electrolysis'], text: 'base alkaline solution ion reaction' },
            { id: 'dna', type: 'material', controls: ['bondStrength'], recipe: ['bonding', 'chemical-reaction', 'diffusion'], text: 'dna strand genetic polymer helix nucleotide' },
            { id: 'rna', type: 'material', controls: ['bondStrength'], recipe: ['bonding', 'chemical-reaction', 'diffusion'], text: 'rna strand genetic polymer folding nucleotide' },
            { id: 'lipid', type: 'material', controls: ['membraneTension'], recipe: ['surface-tension', 'soft-body', 'diffusion'], text: 'lipid membrane vesicle bilayer fat molecule' },
            { id: 'enzyme', type: 'material', controls: ['catalyst'], recipe: ['catalysis', 'chemical-reaction', 'bonding'], text: 'enzyme catalyst protein reaction pathway' },
            { id: 'cellulose', type: 'material', controls: ['bondStrength'], recipe: ['bonding', 'soft-body', 'combustion'], text: 'cellulose plant fiber polymer wood paper' },
            { id: 'starch', type: 'material', controls: ['bondStrength'], recipe: ['bonding', 'diffusion', 'chemical-reaction'], text: 'starch organic polymer granule food' },
            { id: 'ceramic', type: 'material', controls: ['hardness'], recipe: ['collision', 'heat-transfer', 'fracture-mechanics'], text: 'ceramic fired clay brittle insulating solid' },
            { id: 'porcelain', type: 'material', controls: ['hardness'], recipe: ['collision', 'heat-transfer', 'fracture-mechanics'], text: 'porcelain ceramic glassy brittle white' },
            { id: 'quartz', type: 'material', controls: ['refractiveIndex'], recipe: ['optics', 'collision', 'crystallization'], text: 'quartz silica crystal transparent mineral' },
            { id: 'granite', type: 'material', controls: ['hardness'], recipe: ['collision', 'fracture-mechanics', 'heat-transfer'], text: 'granite igneous rock mineral grains' },
            { id: 'basalt', type: 'material', controls: ['hardness'], recipe: ['collision', 'heat-transfer', 'phase-change'], text: 'basalt volcanic rock dark mineral' },
            { id: 'limestone', type: 'material', controls: ['hardness'], recipe: ['collision', 'chemical-reaction', 'erosion'], text: 'limestone carbonate rock erosion acid' },
            { id: 'marble', type: 'material', controls: ['hardness'], recipe: ['collision', 'fracture-mechanics', 'optics'], text: 'marble crystalline stone polished mineral' },
            { id: 'obsidian', type: 'material', controls: ['hardness'], recipe: ['collision', 'fracture-mechanics', 'optics'], text: 'obsidian volcanic glass brittle black' },
            { id: 'asphalt', type: 'material', controls: ['viscosity'], recipe: ['viscous-flow', 'collision', 'heat-transfer'], text: 'asphalt tar aggregate road viscous solid' },
            { id: 'paper', type: 'material', controls: ['combustibility'], recipe: ['soft-body', 'combustion', 'capillary-action'], text: 'paper cellulose sheet porous absorbent' },
            { id: 'cardboard', type: 'material', controls: ['combustibility'], recipe: ['soft-body', 'combustion', 'collision'], text: 'cardboard layered paper corrugated packaging' },
            { id: 'wax', type: 'material', controls: ['phaseThreshold'], recipe: ['phase-change', 'combustion', 'heat-transfer'], text: 'wax soft melt candle hydrophobic' },
            { id: 'leather', type: 'material', controls: ['elasticity'], recipe: ['soft-body', 'friction', 'heat-transfer'], text: 'leather hide flexible organic sheet' },
            { id: 'cotton', type: 'material', controls: ['membraneTension'], recipe: ['soft-body', 'capillary-action', 'combustion'], text: 'cotton fiber fabric absorbent cellulose' },
            { id: 'wool', type: 'material', controls: ['membraneTension'], recipe: ['soft-body', 'friction', 'heat-transfer'], text: 'wool fiber fabric insulation animal' },
            { id: 'nylon', type: 'material', controls: ['elasticity'], recipe: ['soft-body', 'elasticity', 'friction'], text: 'nylon polymer fiber strong fabric' },
            { id: 'polyethylene', type: 'material', controls: ['hardness'], recipe: ['collision', 'heat-transfer', 'chemical-reaction'], text: 'polyethylene plastic polymer flexible sheet' },
            { id: 'resin', type: 'material', controls: ['viscosity'], recipe: ['viscous-flow', 'chemical-reaction', 'phase-change'], text: 'resin sticky polymer curing liquid' },
            { id: 'epoxy', type: 'material', controls: ['bondStrength'], recipe: ['bonding', 'chemical-reaction', 'fracture-mechanics'], text: 'epoxy adhesive cured polymer bond' },
            { id: 'gold', type: 'material', controls: ['conductivity'], recipe: ['electromagnetism', 'heat-transfer', 'collision'], text: 'gold noble metal conductor dense soft' },
            { id: 'silver', type: 'material', controls: ['conductivity'], recipe: ['electromagnetism', 'heat-transfer', 'optics'], text: 'silver reflective conductor noble metal' },
            { id: 'aluminum', type: 'material', controls: ['conductivity'], recipe: ['electromagnetism', 'heat-transfer', 'collision'], text: 'aluminum light metal conductor frame' },
            { id: 'iron', type: 'material', controls: ['magnetization'], recipe: ['magnetism', 'electromagnetism', 'collision'], text: 'iron ferromagnetic metal dense structural' },
            { id: 'titanium', type: 'material', controls: ['hardness'], recipe: ['collision', 'heat-transfer', 'fracture-mechanics'], text: 'titanium strong light metal aerospace' },
            { id: 'nickel', type: 'material', controls: ['magnetization'], recipe: ['magnetism', 'electromagnetism', 'heat-transfer'], text: 'nickel metal magnetic alloy conductor' },
            { id: 'zinc', type: 'material', controls: ['conductivity'], recipe: ['electromagnetism', 'chemical-reaction', 'collision'], text: 'zinc metal coating battery reactive' },
            { id: 'lead', type: 'material', controls: ['density'], recipe: ['collision', 'radiation', 'heat-transfer'], text: 'lead dense soft metal shielding' },
            { id: 'tin', type: 'material', controls: ['phaseThreshold'], recipe: ['phase-change', 'electromagnetism', 'collision'], text: 'tin soft metal solder coating' },
            { id: 'platinum', type: 'material', controls: ['catalyst'], recipe: ['catalysis', 'electromagnetism', 'heat-transfer'], text: 'platinum noble metal catalyst conductor' },
            { id: 'brass', type: 'material', controls: ['conductivity'], recipe: ['electromagnetism', 'heat-transfer', 'collision'], text: 'brass copper zinc alloy metal' },
            { id: 'bronze', type: 'material', controls: ['hardness'], recipe: ['collision', 'heat-transfer', 'electromagnetism'], text: 'bronze copper tin alloy bearing' },
            { id: 'steel', type: 'material', controls: ['hardness'], recipe: ['collision', 'heat-transfer', 'electromagnetism'], text: 'steel iron carbon alloy structural conductor' },
            { id: 'stainless-steel', type: 'material', controls: ['hardness'], recipe: ['collision', 'heat-transfer', 'electromagnetism'], text: 'stainless steel corrosion resistant alloy' },
            { id: 'graphene', type: 'material', controls: ['conductivity'], recipe: ['electromagnetism', 'bonding', 'heat-transfer'], text: 'graphene carbon sheet conductor lattice' },
            { id: 'diamond', type: 'material', controls: ['hardness'], recipe: ['bonding', 'collision', 'optics'], text: 'diamond carbon crystal hard transparent' },
            { id: 'lava', type: 'material', controls: ['thermalFlux', 'viscosity'], recipe: ['phase-change', 'viscous-flow', 'heat-transfer'], text: 'lava molten rock magma viscous hot basalt flow' },
            { id: 'snow', type: 'material', controls: ['phaseThreshold', 'granularFriction'], recipe: ['phase-change', 'granular-contact', 'friction'], text: 'snow ice crystals powder cold melt pack avalanche' },
            { id: 'mud', type: 'material', controls: ['viscosity', 'moisture'], recipe: ['porous-flow', 'erosion', 'viscous-flow'], text: 'mud wet soil slurry clay water sediment sticky' },
            { id: 'algae', type: 'material', controls: ['populationGrowth', 'lightIntensity'], recipe: ['growth-decay', 'photochemistry', 'diffusion'], text: 'algae photosynthetic biomass bloom aquatic green cells' },
            { id: 'bone', type: 'material', controls: ['hardness', 'density'], recipe: ['collision', 'fracture-mechanics', 'bonding'], text: 'bone rigid biological mineral skeleton porous calcium' },
            { id: 'muscle', type: 'material', controls: ['membraneTension', 'energyInput'], recipe: ['soft-body', 'chemical-reaction', 'elasticity'], text: 'muscle tissue actuator fiber contraction biological motion' },
            { id: 'coral', type: 'material', controls: ['hardness', 'populationGrowth'], recipe: ['growth-decay', 'crystallization', 'porous-flow'], text: 'coral reef calcium carbonate porous colony marine skeleton' },
            { id: 'skin', type: 'material', controls: ['membraneTension', 'moisture'], recipe: ['soft-body', 'diffusion', 'surface-tension'], text: 'skin membrane tissue elastic boundary biological surface' },
            { id: 'aerogel', type: 'material', controls: ['density', 'heatTransfer'], recipe: ['porous-flow', 'heat-transfer', 'diffusion'], text: 'aerogel ultralight porous insulation foam silica' },
            { id: 'superconductor', type: 'material', controls: ['conductivity', 'magnetization'], recipe: ['electromagnetism', 'magnetism', 'heat-transfer'], text: 'superconductor zero resistance magnetic levitation cryogenic conductor' },
            { id: 'blood', type: 'material', controls: ['viscosity', 'pressure'], recipe: ['fluid-advection', 'diffusion', 'chemical-reaction'], text: 'blood biological fluid plasma cells circulation oxygen transport' },
            { id: 'plankton', type: 'material', controls: ['populationGrowth', 'lightIntensity'], recipe: ['growth-decay', 'photochemistry', 'active-matter'], text: 'plankton microscopic aquatic biomass drifting photosynthetic population' },
            { id: 'fungus', type: 'material', controls: ['populationGrowth', 'moisture'], recipe: ['growth-decay', 'diffusion', 'active-matter'], text: 'fungus mycelium spores growth decomposition organic network' },
            { id: 'seed', type: 'material', controls: ['moisture', 'populationGrowth'], recipe: ['growth-decay', 'capillary-action', 'diffusion'], text: 'seed dormancy germination shell nutrient plant origin' },
            { id: 'root-tissue', type: 'material', controls: ['moisture', 'membraneTension'], recipe: ['capillary-action', 'osmosis', 'growth-decay'], text: 'root tissue plant uptake water capillary biological fiber' },
            { id: 'fat', type: 'material', controls: ['phaseThreshold', 'heatTransfer'], recipe: ['phase-change', 'soft-body', 'chemical-reaction'], text: 'fat lipid soft tissue insulation energy storage' },
            { id: 'tendon', type: 'material', controls: ['membraneTension', 'springConstant'], recipe: ['elasticity', 'soft-body', 'bonding'], text: 'tendon collagen elastic cord biological force transfer' },
            { id: 'cartilage', type: 'material', controls: ['membraneTension', 'friction'], recipe: ['soft-body', 'friction', 'pressure'], text: 'cartilage compliant joint cushion biological low friction' },
            { id: 'neuron', type: 'material', controls: ['electricField', 'signalDelay'], recipe: ['charge-transport', 'diffusion', 'active-matter'], text: 'neuron excitable cell axon signal ion membrane' },
            { id: 'battery-electrolyte', type: 'material', controls: ['conductivity', 'reactionRate'], recipe: ['electrochemical-potential', 'charge-transport', 'chemical-reaction'], text: 'battery electrolyte ions redox voltage conductive liquid' },
            { id: 'semiconductor', type: 'material', controls: ['conductivity', 'lightIntensity'], recipe: ['electromagnetism', 'radiation', 'charge-transport'], text: 'semiconductor doped crystal diode transistor photovoltaic carrier' },
            { id: 'concrete-rebar', type: 'material', controls: ['hardness', 'density'], recipe: ['collision', 'fracture-mechanics', 'structural-buckling'], text: 'reinforced concrete rebar composite structural compression tension' },
            { id: 'paint', type: 'material', controls: ['viscosity', 'opacity'], recipe: ['adsorption', 'viscous-flow', 'diffusion'], text: 'paint coating pigment film wet drying surface' },
            { id: 'ink', type: 'material', controls: ['viscosity', 'opacity'], recipe: ['diffusion', 'capillary-action', 'adsorption'], text: 'ink dye pigment liquid capillary staining print' },
            { id: 'dust', type: 'material', controls: ['density', 'turbulence'], recipe: ['granular-contact', 'fluid-advection', 'diffusion'], text: 'dust fine particles aerosol powder settled airborne' },
            { id: 'ash', type: 'material', controls: ['granularFriction', 'opacity'], recipe: ['combustion', 'granular-contact', 'diffusion'], text: 'ash combustion residue powder soot mineral particles' },
          ].map((item) => scope.toCatalogItem('material', item)));
    
        const PRIMITIVE_LIBRARY = scope.uniqueCatalogItems(
            scope.MATH_PRIMITIVE_LIBRARY,
            scope.PHYSICS_PRIMITIVE_LIBRARY,
            MATERIAL_PRIMITIVE_LIBRARY
          );
    
        const COMPONENT_LIBRARY = Object.freeze([
            { id: 'sun-lamp', recipe: ['glass', 'metal', 'silicon'], text: 'sun lamp radiative light heat source' },
            { id: 'flame', recipe: ['fire-plasma', 'smoke', 'air', 'wood', 'fuel'], text: 'flame combustion heat light smoke flow' },
            { id: 'river', recipe: ['water', 'soil', 'rock', 'sand'], text: 'river flowing water channel erosion' },
            { id: 'lake', recipe: ['water', 'rock', 'sand'], text: 'lake still water reservoir buoyancy' },
            { id: 'cloud', recipe: ['air', 'water', 'steam'], text: 'cloud vapor droplets air flow' },
            { id: 'wind-field-component', recipe: ['air', 'smoke', 'foam'], text: 'wind field moving air vector flow' },
            { id: 'rock-wall', recipe: ['rock', 'concrete'], text: 'rock wall hard boundary collision' },
            { id: 'terrain-patch', recipe: ['soil', 'rock', 'sand', 'clay'], text: 'terrain patch heightfield soil rock' },
            { id: 'pipe', recipe: ['metal', 'plastic', 'rubber'], text: 'pipe boundary pressure fluid transport' },
            { id: 'pump', recipe: ['metal', 'rubber', 'water', 'copper'], text: 'pump source pressure flow' },
            { id: 'valve', recipe: ['metal', 'rubber', 'plastic'], text: 'valve threshold flow control' },
            { id: 'fan', recipe: ['metal', 'plastic', 'air', 'copper'], text: 'fan air flow rotor motor' },
            { id: 'motor', recipe: ['metal', 'copper', 'magnetized-metal'], text: 'motor electromagnetic rotation load' },
            { id: 'generator', recipe: ['metal', 'copper', 'magnetized-metal'], text: 'generator magnetic rotation output' },
            { id: 'battery', recipe: ['metal', 'copper', 'carbon', 'brine'], text: 'battery stored energy chemical source' },
            { id: 'heater', recipe: ['metal', 'copper', 'concrete'], text: 'heater thermal source' },
            { id: 'cooler', recipe: ['metal', 'water', 'copper'], text: 'cooler thermal sink radiator' },
            { id: 'lens', recipe: ['glass'], text: 'lens glass refraction focus light' },
            { id: 'mirror', recipe: ['glass', 'metal'], text: 'mirror reflective metal light' },
            { id: 'prism', recipe: ['glass'], text: 'prism glass spectrum refraction' },
            { id: 'magnet', recipe: ['magnetized-metal', 'metal'], text: 'magnet poles field attraction' },
            { id: 'wheel', recipe: ['metal', 'rubber'], text: 'wheel rotating rigid body axle' },
            { id: 'gear', recipe: ['metal', 'plastic'], text: 'gear teeth rotation constraint' },
            { id: 'sensor', recipe: ['silicon', 'glass', 'metal'], text: 'sensor measurement signal noise' },
            { id: 'controller', recipe: ['silicon', 'copper', 'plastic'], text: 'controller feedback delay threshold' },
            { id: 'atomic-sample', recipe: ['hydrogen', 'oxygen', 'carbon', 'silicon'], text: 'atomic sample element proxy charge bond mass' },
            { id: 'molecular-chain', recipe: ['protein', 'dna', 'rna', 'polyethylene'], text: 'molecular chain polymer folding bonding strand' },
            { id: 'crystal-slab', recipe: ['quartz', 'diamond', 'salt', 'silicon'], text: 'crystal slab lattice facets fracture optics' },
            { id: 'electrolyte-cell', recipe: ['brine', 'salt', 'acid', 'base', 'copper'], text: 'electrolyte cell ions electrodes charge transport' },
            { id: 'gas-volume', recipe: ['air', 'oxygen', 'nitrogen', 'helium', 'carbon-dioxide'], text: 'gas volume pressure diffusion buoyancy plume' },
            { id: 'liquid-droplet', recipe: ['water', 'oil', 'ethanol', 'mercury'], text: 'liquid droplet surface tension viscosity wetting' },
            { id: 'powder-bed', recipe: ['sand', 'salt', 'sugar', 'clay'], text: 'powder bed grains packing granular contact' },
            { id: 'polymer-sheet', recipe: ['plastic', 'nylon', 'polyethylene', 'rubber'], text: 'polymer sheet flexible membrane elasticity' },
            { id: 'biological-cell', recipe: ['membrane', 'lipid', 'protein', 'dna', 'water'], text: 'biological cell membrane protein dna diffusion' },
            { id: 'membrane-vesicle', recipe: ['lipid', 'membrane', 'water', 'protein'], text: 'membrane vesicle bilayer pressure diffusion' },
            { id: 'soil-column', recipe: ['soil', 'sand', 'clay', 'water'], text: 'soil column porous water capillary erosion' },
            { id: 'metal-beam', recipe: ['steel', 'iron', 'aluminum', 'stainless-steel'], text: 'metal beam structural load heat conductor' },
            { id: 'glass-pane', recipe: ['glass', 'quartz', 'silicon'], text: 'glass pane transparent brittle optical surface' },
            { id: 'ceramic-tile', recipe: ['ceramic', 'porcelain', 'clay'], text: 'ceramic tile brittle hard heat surface' },
            { id: 'adhesive-joint', recipe: ['epoxy', 'resin', 'wax', 'plastic'], text: 'adhesive joint bonded polymer curing interface' },
            { id: 'animal-body', recipe: ['bone', 'muscle', 'skin', 'water'], text: 'animal body skeleton muscle tissue motion biology' },
            { id: 'vehicle-chassis', recipe: ['steel', 'rubber', 'glass', 'plastic'], text: 'vehicle chassis wheels body suspension traffic mass' },
            { id: 'wing', recipe: ['aluminum', 'fabric', 'carbon', 'plastic'], text: 'wing airfoil lift drag aerodynamic surface' },
            { id: 'propeller', recipe: ['aluminum', 'plastic', 'carbon'], text: 'propeller rotor blade thrust airflow torque' },
            { id: 'electrode', recipe: ['copper', 'graphene', 'platinum', 'brine'], text: 'electrode conductive plate ion current electrochemistry' },
            { id: 'solar-cell', recipe: ['silicon', 'glass', 'copper'], text: 'solar cell photovoltaic light current source' },
            { id: 'porous-filter', recipe: ['aerogel', 'foam', 'membrane', 'carbon'], text: 'porous filter membrane permeability separation flow' },
            { id: 'root-network', recipe: ['wood', 'leaf', 'mycelium', 'soil'], text: 'root network plant water uptake branching growth' },
            { id: 'heart-pump', recipe: ['muscle', 'blood', 'membrane', 'cartilage'], text: 'heart pump pulsatile chamber valves blood pressure circulation' },
            { id: 'lung-sac', recipe: ['skin', 'air', 'blood', 'membrane'], text: 'lung sac alveoli gas exchange pressure diffusion breathing' },
            { id: 'nerve-bundle', recipe: ['neuron', 'fat', 'membrane', 'water'], text: 'nerve bundle axons electrical signal delay biological control' },
            { id: 'heat-exchanger', recipe: ['copper', 'water', 'air', 'metal'], text: 'heat exchanger fins pipes thermal transfer cooling loop' },
            { id: 'turbine', recipe: ['steel', 'air', 'water', 'copper'], text: 'turbine blades rotating fluid energy generator shaft' },
            { id: 'rocket-nozzle', recipe: ['titanium', 'ceramic', 'fuel', 'fire-plasma'], text: 'rocket nozzle exhaust combustion thrust pressure expansion' },
            { id: 'gearbox', recipe: ['steel', 'oil', 'rubber', 'copper'], text: 'gearbox gears transmission torque friction lubrication ratio' },
            { id: 'bridge-span', recipe: ['concrete-rebar', 'steel', 'asphalt', 'rock'], text: 'bridge span structural beam load support buckling vibration' },
            { id: 'camera', recipe: ['glass', 'silicon', 'plastic', 'copper'], text: 'camera lens image sensor raster optical capture' },
            { id: 'microphone', recipe: ['membrane', 'copper', 'magnetized-metal', 'plastic'], text: 'microphone diaphragm sound pressure signal transducer' },
            { id: 'speaker', recipe: ['magnetized-metal', 'copper', 'membrane', 'plastic'], text: 'speaker coil magnet diaphragm acoustic vibration output' },
            { id: 'antenna', recipe: ['copper', 'aluminum', 'silicon', 'plastic'], text: 'antenna electromagnetic signal radiation reception network' },
          ].map((item) => scope.toCatalogItem('component', { ...item, type: 'component' })));
    
        const COMPOSITION_LIBRARY = Object.freeze([
            { id: 'forest-fire', recipe: ['flame', 'wind-field-component', 'river', 'rock-wall'], text: 'forest fire wood flame smoke wind spread' },
            { id: 'river-erosion', recipe: ['river', 'terrain-patch', 'rock-wall'], text: 'river erosion terrain sediment watershed' },
            { id: 'steam-engine', recipe: ['heater', 'pipe', 'pump', 'wheel', 'cooler'], text: 'steam engine heat water pressure wheel' },
            { id: 'wind-tunnel', recipe: ['fan', 'sensor', 'rock-wall'], text: 'wind tunnel air fan drag sensor' },
            { id: 'optics-bench', recipe: ['sun-lamp', 'lens', 'mirror', 'prism', 'sensor'], text: 'optics bench light lens mirror prism' },
            { id: 'magnetic-motor', recipe: ['magnet', 'wheel', 'motor', 'controller', 'sensor'], text: 'magnetic motor rotor magnet controller' },
            { id: 'chemical-reactor', recipe: ['heater', 'cooler', 'sensor', 'pipe', 'valve'], text: 'chemical reactor reaction heat flow control' },
            { id: 'greenhouse', recipe: ['sun-lamp', 'lens', 'river', 'sensor', 'pipe'], text: 'greenhouse glass solar heat growth' },
            { id: 'weather-cell', recipe: ['cloud', 'wind-field-component', 'sensor'], text: 'weather cell air water pressure cloud' },
            { id: 'supply-chain', recipe: ['controller', 'sensor', 'pipe', 'valve'], text: 'supply chain queue network inventory flow' },
            { id: 'infection-spread', recipe: ['sensor', 'controller', 'pipe', 'valve'], text: 'infection spread population graph delay' },
            { id: 'traffic-system', recipe: ['controller', 'sensor', 'fan', 'valve'], text: 'traffic system network queues signals' },
            { id: 'market-queue', recipe: ['controller', 'sensor', 'battery'], text: 'market queue demand service backlog' },
            { id: 'power-grid', recipe: ['generator', 'battery', 'controller', 'sensor'], text: 'power grid network source load stability' },
            { id: 'materials-lab', recipe: ['atomic-sample', 'crystal-slab', 'liquid-droplet', 'gas-volume'], text: 'materials lab samples phases fields measurements' },
            { id: 'molecular-bench', recipe: ['molecular-chain', 'membrane-vesicle', 'biological-cell', 'sensor'], text: 'molecular bench polymers membranes cells reactions' },
            { id: 'electrolysis-demo', recipe: ['electrolyte-cell', 'battery', 'sensor', 'gas-volume'], text: 'electrolysis demo electrolyte gas electrodes current' },
            { id: 'crystal-growth', recipe: ['crystal-slab', 'liquid-droplet', 'heater', 'cooler'], text: 'crystal growth nucleation cooling lattice sample' },
            { id: 'polymer-line', recipe: ['polymer-sheet', 'adhesive-joint', 'heater', 'sensor'], text: 'polymer line curing sheet adhesive heat' },
            { id: 'soil-hydrology', recipe: ['soil-column', 'liquid-droplet', 'pipe', 'sensor'], text: 'soil hydrology infiltration capillary erosion' },
            { id: 'aerosol-chamber', recipe: ['gas-volume', 'liquid-droplet', 'fan', 'sensor'], text: 'aerosol chamber droplets gas flow measurement' },
            { id: 'drone-flight', recipe: ['propeller', 'wing', 'battery', 'sensor', 'controller'], text: 'drone flight propeller lift control battery sensor' },
            { id: 'vehicle-traffic', recipe: ['vehicle-chassis', 'wheel', 'sensor', 'controller'], text: 'vehicle traffic chassis wheel signal queue motion' },
            { id: 'reef-ecosystem', recipe: ['biological-cell', 'root-network', 'gas-volume', 'liquid-droplet'], text: 'reef ecosystem coral algae water gas growth flow' },
            { id: 'filtration-column', recipe: ['porous-filter', 'pump', 'valve', 'sensor'], text: 'filtration column porous media pressure separation flow' },
            { id: 'bio-limb', recipe: ['animal-body', 'sensor', 'controller', 'adhesive-joint'], text: 'biomechanical limb muscle skeleton feedback motion' },
            { id: 'circulatory-loop', recipe: ['heart-pump', 'pipe', 'sensor', 'valve'], text: 'circulatory loop heart blood pressure vessels feedback' },
            { id: 'ventilation-loop', recipe: ['lung-sac', 'fan', 'sensor', 'valve'], text: 'ventilation loop breathing airflow pressure gas exchange' },
            { id: 'bridge-load-test', recipe: ['bridge-span', 'sensor', 'controller', 'metal-beam'], text: 'bridge load test structural vibration stress buckling' },
            { id: 'rocket-ascent', recipe: ['rocket-nozzle', 'controller', 'sensor', 'battery'], text: 'rocket ascent thrust combustion guidance acceleration trajectory' },
            { id: 'sensor-network', recipe: ['camera', 'microphone', 'antenna', 'controller'], text: 'sensor network camera microphone antenna fusion latency' },
            { id: 'heat-exchanger-loop', recipe: ['heat-exchanger', 'pump', 'valve', 'sensor'], text: 'heat exchanger loop coolant flow thermal control' },
            { id: 'audio-feedback-room', recipe: ['microphone', 'speaker', 'controller', 'sensor'], text: 'audio feedback room acoustic resonance signal loop' },
            { id: 'battery-circuit', recipe: ['electrode', 'battery', 'antenna', 'sensor'], text: 'battery circuit electrochemical current signal load' },
          ].map((item) => scope.toCatalogItem('composition', { ...item, type: 'composition' })));
    
        const SCENE_LIBRARY = Object.freeze([
            { id: 'lab-bench', recipe: ['optics-bench', 'chemical-reactor'], text: 'lab bench instruments glass reactor optics' },
            { id: 'desert-solar-field', recipe: ['power-grid', 'greenhouse'], text: 'desert solar field radiation sand grid' },
            { id: 'mountain-watershed', recipe: ['river-erosion', 'weather-cell'], text: 'mountain watershed river erosion valley' },
            { id: 'factory-floor', recipe: ['magnetic-motor', 'steam-engine', 'chemical-reactor'], text: 'factory floor machines pipes control' },
            { id: 'city-grid', recipe: ['traffic-system', 'power-grid', 'market-queue'], text: 'city grid traffic power market' },
            { id: 'forest', recipe: ['forest-fire', 'weather-cell'], text: 'forest biomass wood fire water air' },
            { id: 'coastline-storm', recipe: ['weather-cell', 'river-erosion'], text: 'coastline storm wind water pressure' },
            { id: 'reactor-room', recipe: ['chemical-reactor', 'power-grid'], text: 'reactor room heat chemistry control' },
            { id: 'warehouse', recipe: ['supply-chain', 'market-queue'], text: 'warehouse logistics queue inventory' },
            { id: 'transit-map', recipe: ['traffic-system', 'supply-chain'], text: 'transit map routes queues network' },
            { id: 'marketplace', recipe: ['market-queue', 'supply-chain'], text: 'marketplace demand supply queue' },
            { id: 'biological-colony', recipe: ['infection-spread', 'greenhouse'], text: 'biological colony growth diffusion infection' },
            { id: 'materials-studio', recipe: ['materials-lab', 'crystal-growth'], text: 'materials studio samples crystals phases instruments' },
            { id: 'molecular-studio', recipe: ['molecular-bench', 'polymer-line'], text: 'molecular studio polymers membranes cells reactions' },
            { id: 'wet-lab', recipe: ['electrolysis-demo', 'molecular-bench'], text: 'wet lab electrolyte cell biology reaction measurement' },
            { id: 'geology-table', recipe: ['soil-hydrology', 'crystal-growth'], text: 'geology table soil minerals water crystals' },
            { id: 'atmosphere-chamber', recipe: ['aerosol-chamber', 'weather-cell'], text: 'atmosphere chamber gas droplets wind sensors' },
            { id: 'drone-arena', recipe: ['drone-flight', 'vehicle-traffic'], text: 'drone arena flight traffic sensors control' },
            { id: 'reef-tank', recipe: ['reef-ecosystem', 'filtration-column'], text: 'reef tank coral algae water filtration ecosystem' },
            { id: 'mobility-lab', recipe: ['vehicle-traffic', 'power-grid'], text: 'mobility lab vehicles charging traffic grid' },
            { id: 'clinic-room', recipe: ['circulatory-loop', 'ventilation-loop'], text: 'clinic room physiology heart lung monitors fluids' },
            { id: 'launch-pad', recipe: ['rocket-ascent', 'weather-cell'], text: 'launch pad rocket thrust plume weather ascent' },
            { id: 'bridge-site', recipe: ['bridge-load-test', 'traffic-system'], text: 'bridge site structural traffic load sensors' },
            { id: 'acoustic-room', recipe: ['audio-feedback-room', 'sensor-network'], text: 'acoustic room sound reflection microphone speaker feedback' },
            { id: 'electronics-bench', recipe: ['battery-circuit', 'sensor-network'], text: 'electronics bench battery circuit antenna sensors signals' },
            { id: 'ecology-pond', recipe: ['reef-ecosystem', 'soil-hydrology'], text: 'ecology pond plankton algae water soil nutrients' },
          ].map((item) => scope.toCatalogItem('scene', { ...item, type: 'scene' })));
    
        const MATERIAL_PROPERTY_SCHEMA = Object.freeze([
            ['density', 0.5],
            ['hardness', 0.2],
            ['heatCapacity', 0.45],
            ['conductivity', 0.2],
            ['combustibility', 0],
            ['moisture', 0.1],
            ['opacity', 0.5],
            ['refractiveIndex', 1],
            ['magnetization', 0],
            ['viscosity', 0.2],
            ['phasePoint', 0.5],
          ]);
    
        const MATERIAL_PROPERTY_DEFAULTS = Object.freeze(Object.fromEntries(MATERIAL_PROPERTY_SCHEMA));
    
        const MATERIAL_PROFILES = Object.freeze({
            water: { density: 0.62, heatCapacity: 0.92, moisture: 1, viscosity: 0.16, phasePoint: 0.5 },
            air: { density: 0.08, heatCapacity: 0.18, opacity: 0.04, viscosity: 0.04 },
            steam: { density: 0.12, heatCapacity: 0.72, moisture: 0.48, opacity: 0.18, phasePoint: 0.74 },
            smoke: { density: 0.16, heatCapacity: 0.26, opacity: 0.72, viscosity: 0.18 },
            'fire-plasma': { density: 0.08, conductivity: 0.82, opacity: 0.42, phasePoint: 0.92 },
            ice: { density: 0.58, hardness: 0.5, heatCapacity: 0.68, moisture: 0.82, phasePoint: 0.2 },
            oil: { density: 0.46, heatCapacity: 0.46, combustibility: 0.74, viscosity: 0.58 },
            sand: { density: 0.72, hardness: 0.44, heatCapacity: 0.36, opacity: 0.9, viscosity: 0.02 },
            soil: { density: 0.58, hardness: 0.22, heatCapacity: 0.42, moisture: 0.36, opacity: 0.95 },
            clay: { density: 0.62, hardness: 0.28, moisture: 0.48, opacity: 0.95, viscosity: 0.72 },
            rock: { density: 0.86, hardness: 0.88, heatCapacity: 0.32, opacity: 1 },
            metal: { density: 0.92, hardness: 0.72, heatCapacity: 0.3, conductivity: 0.9, opacity: 1 },
            'magnetized-metal': { density: 0.92, hardness: 0.74, conductivity: 0.72, magnetization: 0.92, opacity: 1 },
            glass: { density: 0.54, hardness: 0.56, conductivity: 0.08, opacity: 0.08, refractiveIndex: 1.52 },
            wood: { density: 0.42, hardness: 0.36, heatCapacity: 0.34, combustibility: 0.76, moisture: 0.28 },
            rubber: { density: 0.34, hardness: 0.18, heatCapacity: 0.44, combustibility: 0.24, viscosity: 0.44 },
            fabric: { density: 0.2, hardness: 0.04, combustibility: 0.58, moisture: 0.28, opacity: 0.72 },
            concrete: { density: 0.78, hardness: 0.78, heatCapacity: 0.34, opacity: 1 },
            plastic: { density: 0.28, hardness: 0.26, heatCapacity: 0.42, combustibility: 0.36, opacity: 0.62 },
            fuel: { density: 0.44, heatCapacity: 0.28, combustibility: 0.94, viscosity: 0.22 },
            biomass: { density: 0.34, heatCapacity: 0.5, combustibility: 0.66, moisture: 0.44, opacity: 0.86 },
            brine: { density: 0.68, heatCapacity: 0.86, conductivity: 0.62, moisture: 1, viscosity: 0.22 },
            mercury: { density: 1, hardness: 0.08, conductivity: 0.78, opacity: 1, viscosity: 0.16 },
            copper: { density: 0.9, hardness: 0.58, heatCapacity: 0.28, conductivity: 0.96, opacity: 1 },
            silicon: { density: 0.52, hardness: 0.62, conductivity: 0.34, opacity: 0.52, refractiveIndex: 1.74 },
            carbon: { density: 0.62, hardness: 0.74, heatCapacity: 0.4, conductivity: 0.48, opacity: 1 },
            gel: { density: 0.4, hardness: 0.05, heatCapacity: 0.76, moisture: 0.84, viscosity: 0.82 },
            foam: { density: 0.08, hardness: 0.02, heatCapacity: 0.28, opacity: 0.36, viscosity: 0.28 },
            membrane: { density: 0.18, hardness: 0.08, heatCapacity: 0.44, moisture: 0.4, opacity: 0.5 },
            leaf: { density: 0.16, heatCapacity: 0.52, combustibility: 0.42, moisture: 0.62, opacity: 0.72 },
            mycelium: { density: 0.18, hardness: 0.04, heatCapacity: 0.5, moisture: 0.68, opacity: 0.64 },
            protein: { density: 0.24, hardness: 0.08, heatCapacity: 0.48, moisture: 0.55, phasePoint: 0.58 },
            bacteria: { density: 0.12, hardness: 0.02, heatCapacity: 0.5, moisture: 0.72, opacity: 0.3 },
            algae: { density: 0.16, hardness: 0.03, heatCapacity: 0.54, moisture: 0.86, opacity: 0.42 },
            lava: { density: 0.78, hardness: 0.12, heatCapacity: 0.74, opacity: 1, viscosity: 0.62, phasePoint: 0.9 },
            snow: { density: 0.22, hardness: 0.06, heatCapacity: 0.7, moisture: 0.82, opacity: 0.72, phasePoint: 0.16 },
            mud: { density: 0.62, hardness: 0.08, heatCapacity: 0.52, moisture: 0.92, opacity: 0.95, viscosity: 0.74 },
            aerogel: { density: 0.05, hardness: 0.04, heatCapacity: 0.2, opacity: 0.2, viscosity: 0.08 },
            superconductor: { density: 0.74, hardness: 0.5, conductivity: 1, magnetization: 0.54, opacity: 1, phasePoint: 0.12 },
            'battery-electrolyte': { density: 0.56, heatCapacity: 0.62, conductivity: 0.76, moisture: 0.82, viscosity: 0.28 },
            semiconductor: { density: 0.54, hardness: 0.58, conductivity: 0.48, opacity: 0.5, refractiveIndex: 1.68 },
            'concrete-rebar': { density: 0.84, hardness: 0.86, heatCapacity: 0.34, conductivity: 0.32, opacity: 1 },
          });
    
        const METAL_MATERIAL_IDS = new Set([
            'gold', 'silver', 'aluminum', 'iron', 'titanium', 'nickel', 'zinc',
            'lead', 'tin', 'platinum', 'brass', 'bronze', 'steel', 'stainless-steel',
            'superconductor',
          ]);
    
        const GAS_MATERIAL_IDS = new Set([
            'hydrogen', 'oxygen', 'nitrogen', 'helium', 'carbon-dioxide', 'methane',
            'ammonia',
          ]);
    
        const MINERAL_MATERIAL_IDS = new Set([
            'ceramic', 'porcelain', 'quartz', 'granite', 'basalt', 'limestone',
            'marble', 'obsidian', 'diamond', 'bone', 'coral', 'aerogel',
            'concrete-rebar', 'dust', 'ash',
          ]);
    
        const ORGANIC_MATERIAL_IDS = new Set([
            'ethanol', 'gasoline', 'diesel', 'sugar', 'starch', 'wax', 'leather',
            'cotton', 'wool', 'cellulose', 'algae', 'muscle', 'skin', 'blood',
            'plankton', 'fungus', 'seed', 'root-tissue', 'fat', 'tendon', 'cartilage',
            'neuron',
          ]);
    
        const POLYMER_MATERIAL_IDS = new Set([
            'nylon', 'polyethylene', 'resin', 'epoxy', 'paper', 'cardboard',
            'paint', 'ink',
          ]);
    
        const BIO_MOLECULE_MATERIAL_IDS = new Set([
            'dna', 'rna', 'lipid', 'enzyme',
          ]);
    
        const GEOMETRY_PROFILES = Object.freeze({
            field: { shape: 'scalar field', dimension: '2d', spatial: 'continuous' },
            material: { shape: 'particle cloud', dimension: '2d', spatial: 'volume' },
            body: { shape: 'rigid body', dimension: '2d', spatial: 'object' },
            constraint: { shape: 'boundary', dimension: '2d', spatial: 'edge' },
            source: { shape: 'source/sink', dimension: '2d', spatial: 'port' },
            sink: { shape: 'source/sink', dimension: '2d', spatial: 'port' },
            process: { shape: 'process node', dimension: '2d', spatial: 'node' },
            ledger: { shape: 'ledger node', dimension: '2d', spatial: 'node' },
            component: { shape: 'component body', dimension: '2d', spatial: 'object' },
            composition: { shape: 'system graph', dimension: '2d', spatial: 'zones' },
            scene: { shape: 'scene plane', dimension: '2d', spatial: 'camera' },
          });
    
        const GEOMETRY_OVERRIDES = Object.freeze({
            river: { shape: 'flow path', dimension: '2d', spatial: 'channel' },
            lake: { shape: 'volume', dimension: '2d', spatial: 'basin' },
            pipe: { shape: 'boundary', dimension: '2d', spatial: 'channel' },
            lens: { shape: 'surface', dimension: '2d', spatial: 'optic' },
            mirror: { shape: 'surface', dimension: '2d', spatial: 'optic' },
            prism: { shape: 'surface', dimension: '2d', spatial: 'optic' },
            wheel: { shape: 'rigid body', dimension: '2d', spatial: 'rotor' },
            gear: { shape: 'rigid body', dimension: '2d', spatial: 'rotor' },
            'rock-wall': { shape: 'boundary', dimension: '2d', spatial: 'barrier' },
            'terrain-patch': { shape: 'heightfield', dimension: '2d', spatial: 'terrain' },
            'graph-network': { shape: 'graph/network', dimension: '2d', spatial: 'nodes/edges' },
            'grid-heightfield': { shape: 'grid/heightfield', dimension: '2d', spatial: 'terrain' },
            'heart-pump': { shape: 'oscillating chamber', dimension: '2d', spatial: 'volume' },
            'lung-sac': { shape: 'membrane sacs', dimension: '2d', spatial: 'volume' },
            'nerve-bundle': { shape: 'branching cables', dimension: '2d', spatial: 'network' },
            'heat-exchanger': { shape: 'coil bundle', dimension: '2d', spatial: 'channel' },
            turbine: { shape: 'rotor', dimension: '2d', spatial: 'rotor' },
            'rocket-nozzle': { shape: 'nozzle cone', dimension: '2d', spatial: 'port' },
            gearbox: { shape: 'gear train', dimension: '2d', spatial: 'rotor' },
            'bridge-span': { shape: 'truss span', dimension: '2d', spatial: 'structure' },
            camera: { shape: 'optic sensor', dimension: '2d', spatial: 'optic' },
            microphone: { shape: 'diaphragm sensor', dimension: '2d', spatial: 'surface' },
            speaker: { shape: 'diaphragm actuator', dimension: '2d', spatial: 'surface' },
            antenna: { shape: 'radiating element', dimension: '2d', spatial: 'field' },
          });
    
        const PORT_PROFILES = Object.freeze({
            source: { accepts: ['signal'], outputs: ['energy', 'matter', 'flow'] },
            sink: { accepts: ['energy', 'matter', 'flow'], outputs: ['loss'] },
            field: { accepts: ['energy', 'signal'], outputs: ['force'] },
            material: { accepts: ['force', 'heat', 'flow'], outputs: ['matter'] },
            body: { accepts: ['force'], outputs: ['motion'] },
            process: { accepts: ['matter', 'energy', 'signal'], outputs: ['matter', 'heat', 'signal'] },
            controller: { accepts: ['signal'], outputs: ['signal'] },
            sensor: { accepts: ['matter', 'heat', 'light', 'force'], outputs: ['signal'] },
            ledger: { accepts: ['energy', 'matter', 'signal'], outputs: ['trace'] },
            'sun-lamp': { accepts: ['signal'], outputs: ['light', 'heat', 'energy'] },
            flame: { accepts: ['fuel', 'air', 'heat'], outputs: ['heat', 'light', 'smoke'] },
            river: { accepts: ['water', 'force'], outputs: ['flow', 'matter'] },
            pipe: { accepts: ['flow'], outputs: ['flow'] },
            pump: { accepts: ['energy', 'flow'], outputs: ['flow', 'pressure'] },
            valve: { accepts: ['flow', 'signal'], outputs: ['flow'] },
            fan: { accepts: ['energy', 'signal'], outputs: ['flow', 'force'] },
            motor: { accepts: ['energy', 'signal'], outputs: ['force', 'motion', 'heat'] },
            generator: { accepts: ['motion', 'force'], outputs: ['energy', 'heat'] },
            battery: { accepts: ['energy'], outputs: ['energy'] },
            lens: { accepts: ['light'], outputs: ['light'] },
            mirror: { accepts: ['light'], outputs: ['light'] },
            prism: { accepts: ['light'], outputs: ['light'] },
            magnet: { accepts: ['force'], outputs: ['force'] },
            controller: { accepts: ['signal'], outputs: ['signal'] },
          });
    
        const INTERACTION_RULES = Object.freeze([
            { id: 'water-suppresses-fire', when: ['water', 'combustion'], effect: 'moisture cools the burn front', params: { fire: -0.42, heat: -0.22 } },
            { id: 'dry-wood-burns', when: ['wood', 'combustion'], effect: 'dry fuel increases flame spread', params: { fire: 0.34, smoke: 0.22 } },
            { id: 'metal-conducts-heat', when: ['metal', 'heat-transfer'], effect: 'metal spreads heat through bodies', params: { heat: 0.2, field: 0.08 } },
            { id: 'glass-refracts-light', when: ['glass', 'optics'], effect: 'glass bends and splits light paths', params: { field: 0.16, optics: 0.42 } },
            { id: 'magnetized-metal-field', when: ['magnetized-metal', 'magnetism'], effect: 'magnetic material responds to fields', params: { field: 0.32, motion: 0.12 } },
            { id: 'sand-erodes', when: ['sand', 'erosion'], effect: 'granular sediment moves with flow', params: { matter: 0.22, stability: -0.05 } },
            { id: 'clay-sticks', when: ['clay', 'constraint'], effect: 'adhesive material resists sliding', params: { matter: 0.12, motion: -0.12 } },
            { id: 'water-carries-erosion', when: ['water', 'erosion'], effect: 'flow carves terrain and transports sediment', params: { matter: 0.24, motion: 0.08 } },
            { id: 'air-feeds-flame', when: ['air', 'combustion'], effect: 'oxygen and wind feed combustion', params: { fire: 0.18, motion: 0.06 } },
            { id: 'controller-closes-loop', when: ['controller', 'sensor'], effect: 'signals close the feedback path', params: { stability: 0.16, field: 0.06 } },
          ]);
    
        const RECIPE_SLOT_LIBRARY = Object.freeze({
            'forest-fire': [
              { slot: 'fuel bed', accepts: ['wood', 'biomass', 'fuel'], required: true },
              { slot: 'ignition', accepts: ['flame', 'combustion', 'heat-transfer'], required: true },
              { slot: 'oxygen', accepts: ['air', 'wind-field-component'], required: true },
              { slot: 'moisture', accepts: ['water', 'soil'], required: false },
              { slot: 'spread front', accepts: ['fluid-advection', 'smoke'], required: true },
            ],
            'river-erosion': [
              { slot: 'water source', accepts: ['river', 'water'], required: true },
              { slot: 'terrain', accepts: ['terrain-patch', 'grid-heightfield'], required: true },
              { slot: 'sediment', accepts: ['sand', 'soil', 'rock'], required: true },
              { slot: 'slope force', accepts: ['gravity', 'fluid-advection'], required: true },
            ],
            'optics-bench': [
              { slot: 'emitter', accepts: ['sun-lamp', 'light-source'], required: true },
              { slot: 'refractor', accepts: ['lens', 'prism', 'glass'], required: true },
              { slot: 'reflector', accepts: ['mirror', 'metal'], required: false },
              { slot: 'measurement', accepts: ['sensor'], required: false },
            ],
            'magnetic-motor': [
              { slot: 'rotor', accepts: ['wheel', 'rigid-body'], required: true },
              { slot: 'field source', accepts: ['magnet', 'magnetism'], required: true },
              { slot: 'load', accepts: ['motor', 'generator', 'conservation-ledger'], required: true },
              { slot: 'timing', accepts: ['controller', 'sensor'], required: false },
            ],
            'power-grid': [
              { slot: 'network', accepts: ['graph-network'], required: true },
              { slot: 'source', accepts: ['source-sink', 'generator', 'battery'], required: true },
              { slot: 'load', accepts: ['queue', 'conservation-ledger'], required: true },
            ],
          });
    
        const SCENE_LAYOUTS = Object.freeze({
            'lab-bench': { grammar: 'bench', zones: ['source-left', 'optic-center', 'sensor-right'], camera: 'top' },
            'desert-solar-field': { grammar: 'field rows', zones: ['sun-left', 'panels-center', 'grid-right'], camera: 'wide' },
            'mountain-watershed': { grammar: 'downhill channel', zones: ['ridge-left', 'river-center', 'basin-right'], camera: 'map' },
            'factory-floor': { grammar: 'process line', zones: ['machines-left', 'pipes-center', 'control-right'], camera: 'plan' },
            'city-grid': { grammar: 'orthogonal network', zones: ['routes', 'loads', 'queues'], camera: 'map' },
            forest: { grammar: 'patch spread', zones: ['fuel-bed', 'ignition', 'wind'], camera: 'wide' },
            'coastline-storm': { grammar: 'front over coast', zones: ['water-left', 'wind-center', 'land-right'], camera: 'map' },
            'reactor-room': { grammar: 'vessel loop', zones: ['heater', 'reactor', 'cooler', 'sensor'], camera: 'top' },
            warehouse: { grammar: 'hub and queues', zones: ['inbound', 'storage', 'outbound'], camera: 'plan' },
            'transit-map': { grammar: 'route graph', zones: ['nodes', 'edges', 'queues'], camera: 'map' },
            marketplace: { grammar: 'supply demand loop', zones: ['supply-left', 'queue-center', 'demand-right'], camera: 'plan' },
            'biological-colony': { grammar: 'colony spread', zones: ['growth', 'diffusion', 'boundary'], camera: 'macro' },
          });
    
        const CONTEXTUAL_READOUT_RULES = Object.freeze([
            { id: 'forest-fire', when: ['forest-fire'], labels: ['fuel load', 'burn front', 'smoke', 'moisture', 'wind', 'containment'] },
            { id: 'river-erosion', when: ['river-erosion'], labels: ['water flow', 'erosion rate', 'sediment', 'slope', 'terrain loss', 'stability'] },
            { id: 'optics-bench', when: ['optics-bench'], labels: ['light', 'refraction', 'beam split', 'focus', 'heat', 'stability'] },
            { id: 'city-grid', when: ['city-grid'], labels: ['grid load', 'queue backlog', 'throughput', 'delay', 'demand', 'stability'] },
            { id: 'power-grid', when: ['power-grid'], labels: ['grid load', 'source', 'loss', 'delay', 'balance', 'stability'] },
            { id: 'magnetic-motor', when: ['magnetic-motor'], labels: ['rpm', 'field', 'load', 'timing', 'loss', 'balance'] },
            { id: 'generic', when: [], labels: ['energy', 'motion', 'field', 'matter', 'heat', 'stability'] },
          ]);
    
        const UNIT_DIMENSIONS = Object.freeze({
            acceleration: { unit: 'm/s^2', base: { length: 1, time: -2 } },
            angle: { unit: 'rad', base: { angle: 1 } },
            area: { unit: 'm^2', base: { length: 2 } },
            charge: { unit: 'C', base: { current: 1, time: 1 } },
            dimensionless: { unit: '1', base: {} },
            energy: { unit: 'J', base: { mass: 1, length: 2, time: -2 } },
            force: { unit: 'N', base: { mass: 1, length: 1, time: -2 } },
            heat: { unit: 'K', base: { temperature: 1 } },
            inventory: { unit: 'item', base: { count: 1 } },
            length: { unit: 'm', base: { length: 1 } },
            mass: { unit: 'kg', base: { mass: 1 } },
            opacity: { unit: 'alpha', base: {} },
            pressure: { unit: 'Pa', base: { mass: 1, length: -1, time: -2 } },
            probability: { unit: 'p', base: {} },
            rate: { unit: '1/s', base: { time: -1 } },
            time: { unit: 's', base: { time: 1 } },
            velocity: { unit: 'm/s', base: { length: 1, time: -1 } },
          });
    
        const PARAM_UNIT_SCHEMA = Object.freeze({
            adhesion: { dimension: 'probability', unit: 'p' },
            albedo: { dimension: 'probability', unit: 'p' },
            atomicMass: { dimension: 'mass', unit: 'u' },
            bondStrength: { dimension: 'force', unit: 'N' },
            buoyancy: { dimension: 'force', unit: 'N' },
            catalyst: { dimension: 'rate', unit: '1/s' },
            charge: { dimension: 'charge', unit: 'C' },
            cohesion: { dimension: 'force', unit: 'N' },
            combustibility: { dimension: 'probability', unit: 'p' },
            complexity: { dimension: 'dimensionless', unit: '1' },
            conductivity: { dimension: 'rate', unit: 'W/(m*K)' },
            controlGain: { dimension: 'dimensionless', unit: 'gain' },
            cooling: { dimension: 'rate', unit: '1/s' },
            damping: { dimension: 'rate', unit: '1/s' },
            density: { dimension: 'mass', unit: 'kg/m^3' },
            diffusionA: { dimension: 'rate', unit: 'm^2/s' },
            diffusionB: { dimension: 'rate', unit: 'm^2/s' },
            driveTiming: { dimension: 'time', unit: 'phase' },
            electricField: { dimension: 'force', unit: 'N/C' },
            energyInput: { dimension: 'energy', unit: 'J/s' },
            erosionRate: { dimension: 'rate', unit: 'm/s' },
            feedRate: { dimension: 'rate', unit: '1/s' },
            fieldStrength: { dimension: 'force', unit: 'N' },
            flowRate: { dimension: 'rate', unit: 'm^3/s' },
            friction: { dimension: 'probability', unit: 'p' },
            granularFriction: { dimension: 'probability', unit: 'p' },
            gravity: { dimension: 'acceleration', unit: 'm/s^2' },
            hardness: { dimension: 'pressure', unit: 'Pa' },
            heatTransfer: { dimension: 'rate', unit: 'W/K' },
            infectionRate: { dimension: 'rate', unit: '1/s' },
            inletFlow: { dimension: 'rate', unit: 'm^3/s' },
            ionization: { dimension: 'probability', unit: 'p' },
            irradiance: { dimension: 'energy', unit: 'W/m^2' },
            killRate: { dimension: 'rate', unit: '1/s' },
            latentHeat: { dimension: 'energy', unit: 'J/kg' },
            lightIntensity: { dimension: 'energy', unit: 'lm' },
            loadTorque: { dimension: 'force', unit: 'N*m' },
            magneticStrength: { dimension: 'force', unit: 'T' },
            magnetization: { dimension: 'force', unit: 'A/m' },
            marketDemand: { dimension: 'inventory', unit: 'item/s' },
            membraneTension: { dimension: 'force', unit: 'N/m' },
            moisture: { dimension: 'probability', unit: 'p' },
            networkLatency: { dimension: 'time', unit: 's' },
            obstacleRadius: { dimension: 'length', unit: 'm' },
            opacity: { dimension: 'opacity', unit: 'alpha' },
            phaseThreshold: { dimension: 'heat', unit: 'K' },
            plasmaTemperature: { dimension: 'heat', unit: 'K' },
            populationGrowth: { dimension: 'rate', unit: '1/s' },
            pressure: { dimension: 'pressure', unit: 'Pa' },
            priceElasticity: { dimension: 'dimensionless', unit: 'elasticity' },
            queueBacklog: { dimension: 'inventory', unit: 'item' },
            reactionRate: { dimension: 'rate', unit: '1/s' },
            refractiveIndex: { dimension: 'dimensionless', unit: 'n' },
            restitution: { dimension: 'probability', unit: 'p' },
            serviceRate: { dimension: 'rate', unit: 'item/s' },
            signalDelay: { dimension: 'time', unit: 's' },
            signalNoise: { dimension: 'probability', unit: 'p' },
            sliderAmplitude: { dimension: 'length', unit: 'm' },
            sliderPhase: { dimension: 'angle', unit: 'rad' },
            soundFrequency: { dimension: 'rate', unit: 'Hz' },
            springConstant: { dimension: 'force', unit: 'N/m' },
            terrainSlope: { dimension: 'angle', unit: 'grade' },
            thermalFlux: { dimension: 'energy', unit: 'W/m^2' },
            turbulence: { dimension: 'dimensionless', unit: '1' },
            viscosity: { dimension: 'pressure', unit: 'Pa*s' },
            vortexStrength: { dimension: 'rate', unit: '1/s' },
            waveAmplitude: { dimension: 'length', unit: 'm' },
            wheelInertia: { dimension: 'mass', unit: 'kg*m^2' },
            windSpeed: { dimension: 'velocity', unit: 'm/s' },
          });
    
        const CONSERVATION_RULES = Object.freeze([
            { id: 'energy-ledger', when: ['energy-ledger'], tracks: ['energy'], suppliedBy: ['source'], lostTo: ['heat', 'load'] },
            { id: 'fluid-mass', when: ['water', 'fluid-advection'], tracks: ['mass'], suppliedBy: ['source-sink'], lostTo: ['flow-outlet'] },
            { id: 'combustion-mass-energy', when: ['combustion', 'wood'], tracks: ['mass', 'energy'], suppliedBy: ['fuel', 'air'], lostTo: ['heat', 'smoke'] },
            { id: 'optical-energy', when: ['optics', 'light-source'], tracks: ['energy'], suppliedBy: ['light-source'], lostTo: ['absorption'] },
            { id: 'magnetic-momentum', when: ['magnetism', 'rigid-body'], tracks: ['momentum', 'energy'], suppliedBy: ['field'], lostTo: ['friction'] },
            { id: 'queue-inventory', when: ['queue'], tracks: ['inventory'], suppliedBy: ['source-sink'], lostTo: ['service'] },
            { id: 'population-count', when: ['growth-decay'], tracks: ['population'], suppliedBy: ['growth'], lostTo: ['decay'] },
            { id: 'charge-balance', when: ['electricity'], tracks: ['charge'], suppliedBy: ['electric-field'], lostTo: ['ground'] },
          ]);
    
        const OPERATOR_REGISTRY = Object.freeze({
            advection: { inputs: ['flow', 'matter'], outputs: ['matter'], state: ['velocity'], conserves: ['mass'] },
            buoyancy: { inputs: ['force', 'matter'], outputs: ['force', 'motion'], state: ['density'], conserves: ['mass'] },
            combustion: { inputs: ['fuel', 'air', 'heat'], outputs: ['heat', 'light', 'smoke'], state: ['fuel', 'temperature'], conserves: ['energy'] },
            collision: { inputs: ['motion', 'boundary'], outputs: ['force', 'motion'], state: ['velocity'], conserves: ['momentum'] },
            diffusion: { inputs: ['matter'], outputs: ['matter'], state: ['concentration'], conserves: ['mass'] },
            erosion: { inputs: ['flow', 'terrain'], outputs: ['matter'], state: ['sediment', 'height'], conserves: ['mass'] },
            growthDecay: { inputs: ['matter', 'energy'], outputs: ['population'], state: ['health', 'population'], conserves: ['population'] },
            heatTransfer: { inputs: ['heat'], outputs: ['heat'], state: ['temperature'], conserves: ['energy'] },
            magnetism: { inputs: ['force', 'field'], outputs: ['force', 'motion'], state: ['charge', 'velocity'], conserves: ['energy'] },
            phaseChange: { inputs: ['heat', 'matter'], outputs: ['matter'], state: ['temperature', 'phase'], conserves: ['mass', 'energy'] },
            queueService: { inputs: ['inventory', 'signal'], outputs: ['inventory'], state: ['backlog'], conserves: ['inventory'] },
            refraction: { inputs: ['light'], outputs: ['light'], state: ['refractiveIndex'], conserves: ['energy'] },
          });
    
        const OPERATOR_MATCHES = Object.freeze({
            'fluid-advection': 'advection',
            aerodynamics: 'advection',
            'fluid-pressure-solve': 'advection',
            'porous-flow': 'advection',
            'vortex-shedding': 'advection',
            water: 'advection',
            buoyancy: 'buoyancy',
            combustion: 'combustion',
            'combustion-spread': 'combustion',
            flame: 'combustion',
            collision: 'collision',
            diffusion: 'diffusion',
            'diffusion-reaction-front': 'diffusion',
            erosion: 'erosion',
            'sediment-transport': 'erosion',
            'growth-decay': 'growthDecay',
            'active-matter': 'growthDecay',
            'predator-prey': 'growthDecay',
            'heat-transfer': 'heatTransfer',
            magnetism: 'magnetism',
            'magnetized-metal': 'magnetism',
            magnetohydrodynamics: 'magnetism',
            'phase-change': 'phaseChange',
            'phase-change-material': 'phaseChange',
            'evaporation-condensation': 'phaseChange',
            queue: 'queueService',
            'queue-server': 'queueService',
            'resource-flow': 'queueService',
            optics: 'refraction',
            glass: 'refraction',
            lens: 'refraction',
            prism: 'refraction',
          });
    
        const TEMPORAL_GRAMMAR = Object.freeze([
            { id: 'ignition', when: ['combustion'], trigger: 'heat above ignition threshold', outputs: ['flame', 'smoke'] },
            { id: 'rainfall', when: ['river-erosion'], trigger: 'water source increases flow', outputs: ['erosion', 'sediment'] },
            { id: 'overload', when: ['power-grid'], trigger: 'demand exceeds service rate', outputs: ['queue backlog', 'loss'] },
            { id: 'phase-threshold-crossing', when: ['phase-change'], trigger: 'temperature crosses phase point', outputs: ['phase change'] },
            { id: 'controller-response', when: ['controller', 'sensor'], trigger: 'measured error crosses threshold', outputs: ['signal'] },
            { id: 'failure-recovery', when: ['queue'], trigger: 'backlog saturates then service catches up', outputs: ['delay', 'throughput'] },
          ]);
    
        const LAYERED_PRIMITIVES = scope.uniqueCatalogItems(
            PRIMITIVE_LIBRARY,
            COMPONENT_LIBRARY,
            COMPOSITION_LIBRARY,
            SCENE_LIBRARY
          );
    
        const PHYSICAL_PRIMITIVES = scope.uniqueCatalogItems(
            LAYERED_PRIMITIVES,
            scope.BASE_CATALOG_ITEMS
          );
    
        root.SimulattePhaseModuleRegistry.define('physicsCatalog', 'simulatte-physics-catalog-examples.js', {
          MATERIAL_PRIMITIVE_LIBRARY,
          PRIMITIVE_LIBRARY,
          COMPONENT_LIBRARY,
          COMPOSITION_LIBRARY,
          SCENE_LIBRARY,
          MATERIAL_PROPERTY_SCHEMA,
          MATERIAL_PROPERTY_DEFAULTS,
          MATERIAL_PROFILES,
          METAL_MATERIAL_IDS,
          GAS_MATERIAL_IDS,
          MINERAL_MATERIAL_IDS,
          ORGANIC_MATERIAL_IDS,
          POLYMER_MATERIAL_IDS,
          BIO_MOLECULE_MATERIAL_IDS,
          GEOMETRY_PROFILES,
          GEOMETRY_OVERRIDES,
          PORT_PROFILES,
          INTERACTION_RULES,
          RECIPE_SLOT_LIBRARY,
          SCENE_LAYOUTS,
          CONTEXTUAL_READOUT_RULES,
          UNIT_DIMENSIONS,
          PARAM_UNIT_SCHEMA,
          CONSERVATION_RULES,
          OPERATOR_REGISTRY,
          OPERATOR_MATCHES,
          TEMPORAL_GRAMMAR,
          LAYERED_PRIMITIVES,
          PHYSICAL_PRIMITIVES,
        });
    
    })(typeof globalThis !== 'undefined' ? globalThis : window);
    
    (function attachSimulattePhysicsCataloggraphhelpers(root) {
      const scope = root.SimulattePhaseModuleRegistry.family('physicsCatalog');
    
        const HANDWRITTEN_EXAMPLE_PROMPTS = Object.freeze([
            "laser heats ferrofluid lens over copper coil",
            "supernova",
            "mitosis",
            "asteroid collision",
            "neutron star spin",
            "nebula condenses dust",
            "solar corona reconnects",
            "methane ice sublimates",
            "gamma pulse lighthouse",
            "heavy elements expand",
            "xenon thrusters ionize",
            "galactic core orbits",
            "green comet fluoresces",
            "protoplanetary disk accretes icy grains",
            "rogue planet drifts with nitrogen dunes",
            "europa ice shell fractures over hidden ocean",
            "martian perchlorate dust oxidizes under ultraviolet wind",
            "venus sulfur clouds circulate around superheated atmosphere",
            "saturn ring particles shear between shepherd moons",
            "lunar crater ice sublimates inside permanent shadow",
            "dark matter halos cluster along cosmic web",
            "interstellar carbon molecules glow in infrared dust",
            "magnetar crust quakes under twisted fields",
            "cosmic microwave ripples map early universe density",
            "black hole lens bends starlight into arcs",
            "solar sail rides photon pressure across orbit",
            "comet dust jets torque icy nucleus",
            "asteroid regolith avalanches inside microgravity crater",
            "exoplanet ocean reflects double sunset",
            "planetary rings cast shadows through methane haze",
            "pulsar wind inflates synchrotron bubble",
            "red giant envelope sheds silicate grains",
            "tectonic fault shears",
            "lightning discharges",
            "sand saltates",
            "glacier calves",
            "geyser erupts",
            "basalt melts under mantle wedge",
            "tornado swirls dusty silt",
            "stalactite drips calcite rings",
            "thunderstorm cell condenses supercooled droplets",
            "permafrost thaws into methane pools",
            "acid rain scars pine canopy",
            "microplastics circulate inside ocean gyre",
            "magma plume lifts volcanic island crust",
            "halite crust cracks across dry salt lake",
            "cold front wedges under warm storm air",
            "monsoon runoff surges through city drains",
            "mangrove roots filter saltwater through mud",
            "wildfire crowns jump across resinous pines",
            "lunar dust printers sinter landing pads under rover headlights",
            "avalanche slab releases along weak snow layer",
            "hurricane eyewall spirals around aerosol sea spray",
            "river meander erodes clay bank into oxbow",
            "coastal dune migrates under salt wind",
            "volcanic lightning braids ash plumes above evacuation roads as sensors lose calibration",
            "seafloor landslide launches turbidity current",
            "lake turnover mixes oxygen through cold water",
            "coral sand ripples under reef waves",
            "karst aquifer drains through limestone fractures",
            "polar sea ice ridges under wind compression",
            "desert varnish oxidizes over basalt stones",
            "rain shadow dries mountain leeward valleys",
            "peat bog stores carbon under moss water",
            "photosynthesis",
            "biofilm colonizes",
            "mycorrhizal fungi exchange phosphate",
            "jellyfish pulse",
            "honeycomb seals",
            "chromatin segregates inside dividing cell",
            "enzyme fluid digests insect shell",
            "lichen respires over granite face",
            "chloroplast protons drive ATP synthase",
            "bacterial quorum signals across catheter slime",
            "mycelium transports sugar through soil threads",
            "algae bloom shades shallow pond oxygen",
            "coral polyps bleach under acid heat",
            "viral capsid assembles around RNA",
            "archaea release methane bubbles through sediment",
            "gut microbes trade short fatty acids",
            "neuron vesicles release neurotransmitter into synapse",
            "retina opsin flips after photon hit",
            "inner ear hairs transduce pressure waves",
            "lung alveoli exchange oxygen across capillaries",
            "lymph node T cells scan antigens",
            "bone marrow stem cells branch into blood lineages",
            "embryo tissue folds into body axes",
            "wound fibrin clots over torn skin",
            "kidney nephron filters urea solution",
            "liver lobule transports bile between sinusoids",
            "dental enamel demineralizes under acid biofilm",
            "insulin pump releases microfluidic dose",
            "vaccine nanoparticles suspend inside cold vial",
            "sterile airflow laminarizes over operating room",
            "cancer cells invade through collagen matrix",
            "DNA polymerase copies strand with repair checkpoints",
            "elephant herd tramples savanna grass",
            "bat sonar echoes between cave walls",
            "whale song propagates through deep ocean",
            "octopus chromatophores camouflage over reef rock",
            "snail shell grows aragonite spiral",
            "butterfly scales interfere with sunlight",
            "frog eggs develop inside pond gel",
            "salmon spawn along river gravel",
            "spider silk anchors between wet branches",
            "termite mound breathes through mud chimneys",
            "beehive swarm regulates wax chamber heat",
            "ant colony routes food through tunnels",
            "bird feather barbs interlock in airflow",
            "penguin huddle shares heat across ice",
            "shark electroreceptors sense buried prey",
            "kelp forest sways under wave surge",
            "plankton migrate upward through moonlit water",
            "wolf pack flanks elk across snow",
            "prairie roots hold soil during drought",
            "cactus stomata open under cool night air",
            "bamboo culms flex in monsoon wind",
            "pitcher plant drowns fly in enzymes",
            "mangrove seedlings anchor in tidal mud",
            "fireflies synchronize pulses across meadow",
            "cicada chorus resonates through summer trees",
            "earthworms aerate wet loam tunnels",
            "migrating geese draft along atmospheric wave",
            "coral shrimp clean parasites from fish",
            "tundra moss insulates vole burrows",
            "rainforest drones map canopy transpiration while frogs signal through mist",
            "slime mold solves maze around oat flakes",
            "tardigrade revives after desiccated cryptobiosis",
            "maglev levitates",
            "molten solder bonds chip leads",
            "gantry crane hoists containers",
            "reactor coolant circulates inside submarine shield",
            "concrete columns shatter under demolition shock",
            "turbine blades rotate through offshore wind",
            "geothermal brine flashes into separator steam",
            "lithium brine crystallizes across evaporation ponds",
            "cardboard shreds divert along recycling conveyor",
            "steel bridge cables tension under traffic",
            "saltwater filters through reverse osmosis membrane",
            "maize kernels discharge through silo chute",
            "dam tailrace discharges aerated water",
            "carbon nanotube elevator climbs thermosphere cable",
            "tokamak confines deuterium tritium plasma",
            "superfluid helium creeps over glass wall",
            "graphene conducts electrons across hex lattice",
            "fuel cell hydrates proton exchange membrane",
            "ions deflect through mass spectrometer tube",
            "aerogel blocks torch from liquid nitrogen",
            "photonic crystal diffracts waveguide light",
            "lithium inserts into graphite battery anode",
            "ferrofluid spikes around electromagnet coil",
            "piezo crystal compresses under voltage",
            "epoxy resin polymerizes inside molding die",
            "bubble chamber boils along particle tracks",
            "zeolite column sieves nitrogen from oxygen",
            "nitinol stent expands inside artery wall",
            "heavy water slows reactor neutrons",
            "printed copper buses induct across server board",
            "immersion coolant boils around GPU heatsinks",
            "hard disk domains magnetize under write head",
            "wheat grains fill with starch",
            "rice paddy emits methane through mud",
            "grape sugar ferments inside winery tank",
            "bread dough rises around gluten bubbles",
            "cheese rind ripens with microbial colonies",
            "hop resins isomerize in boiling wort",
            "vertical farm mist feeds exposed roots",
            "coffee beans pyrolyze in rotating roaster",
            "cocoa butter crystallizes into chocolate temper",
            "olive oil emulsifies under ultrasonic mixer",
            "citrus peel sprays aromatic oil droplets",
            "soybean nodules fix nitrogen for crops",
            "irrigation pivots sweep desert alfalfa circles",
            "greenhouse misters cool tomato canopy",
            "compost pile heats under microbial respiration",
            "seed bank stores dormant genetic diversity",
            "cattle rumen ferments cellulose into methane",
            "poultry airflow carries heat through barn",
            "aquaponic fish waste feeds lettuce roots",
            "vineyard frost fans mix cold air",
            "combine harvester threshes wheat heads",
            "soil salinity creeps through drip fields",
            "orchard bees pollinate blossoms along rows",
            "fungal blight spreads over potato leaves",
            "grain dust explodes inside storage silo",
            "desalinated water irrigates coastal greenhouse",
            "satellite NDVI maps stressed crops",
            "dairy cream churns into butter grains",
            "mushroom logs fruit under humid shade",
            "seaweed farm ropes grow kelp biomass",
            "microplastic fibers drift through oyster reefs while plankton sensors flag nightly feeding stress",
            "rice terraces reflect monsoon sky",
            "courthouse evidence links through testimony graph",
            "archival film curls in humid vaults as silver crystals bloom across forgotten city footage",
            "audio waves mix inside recording studio",
            "tungsten stage light casts shadows over theater",
            "oil paint oxidizes into hard film",
            "violin string vibrates under bow friction",
            "choir voices resonate inside concert hall",
            "clay centers on spinning pottery wheel",
            "glass bubble inflates from blowpipe",
            "indigo dye oxidizes on woven cloth",
            "football turf compresses under cleats",
            "swimmer vortices twist along pool lane",
            "ski edges melt snow into glide film",
            "climbing chalk adheres over fingertip ridges",
            "cycling wheel spins along banked velodrome",
            "arrow shaft flexes after bow release",
            "newsprint rollers transfer oil ink",
            "rooftop shingles radiate afternoon heat",
            "marketplace orders queue through price signals",
            "voting ballots tabulate inside civic audit",
            "supply chain tags track pallet movement",
            "financial settlement messages reconcile between ledgers",
            "music recommendation vectors cluster by taste",
            "courtroom attention shifts around evidence table",
            "subway passengers distribute across transfer platforms",
            "emergency triage tags prioritize crowded ward",
            "archaeological trench exposes ash loam strata",
            "heritage fresco pigments flake under humidity",
            "museum glass refracts visitor silhouettes",
            "textile loom interlaces wool warp threads",
            "dance floor footsteps synchronize to bass pulses",
            "public square shadows rotate around statue",
            "quantum qubits entangle across dilution fridge",
            "photoresist etches under plasma cleanroom beam",
            "tensor activations propagate through systolic array",
            "fiber laser photons refract along glass core",
            "cobalt platter domains flip into data tracks",
            "semiconductor laser emits from indium phosphide",
            "silicon PUF cells answer challenge noise",
            "switch fabric routes packets through latency buffers",
            "OLED molecules luminesce under subpixel grid",
            "haptic elastomer contracts inside VR glove",
            "lidar pulses scatter around street point cloud",
            "biosensor silver traces flex on skin",
            "silicon anode expands during solid battery charge",
            "hospital robots route sterile carts around elevators during emergency power shedding",
            "MRI protons precess inside gradient field",
            "ultrasound gel transmits waves into liver",
            "retinal display scans photons across waveguide",
            "secure enclave hashes keys through silicon gates",
            "blockchain blocks link through fork ledger",
            "quantum clock lasers compare mountain gravity while fiber links phase lock distant observatories together overnight",
            "voice features embed through neural attention map",
            "search vectors cluster around ambiguous query",
            "browser DOM elements orbit a growing selector ball",
            "canvas particles swarm around live model receipts",
            "WebGPU kernels tile matrices across shader lanes",
            "peer receipts verify signed inference outputs",
            "browser workers stream shader traces across tabs while cached CSS mutates stale control states after deploy",
            "physics cards retrieve visual intent from embeddings",
            "semantic graph grounds algae mirror orbit",
            "renderer layers soot concrete over warehouse fire",
            "solver graph drains battery leak queue",
            "universe index maps fox turbine nebula",
          ]);
    
        const EXAMPLE_INTENTS = Object.freeze(HANDWRITTEN_EXAMPLE_PROMPTS.map((prompt, index) => Object.freeze({
            id: `handwritten-${String(index + 1).padStart(3, '0')}`,
            groupId: 'handwritten',
            label: `Example ${index + 1}`,
            prompt,
            params: scope.paramsForHandwrittenPrompt(index, prompt),
          })));
    
        const DEFAULT_PARAMS = Object.freeze({ ...scope.TEMPLATE_LIBRARY[0].params });
    
        root.SimulattePhaseModuleRegistry.define('physicsCatalog', 'simulatte-physics-catalog-graph-helpers.js', {
          HANDWRITTEN_EXAMPLE_PROMPTS,
          EXAMPLE_INTENTS,
          DEFAULT_PARAMS,
        });
    
    })(typeof globalThis !== 'undefined' ? globalThis : window);
    
    (function attachSimulattePhysicsCatalog(root) {
      if (typeof module === 'object' && module.exports) {
        require('./simulatte-physics-catalog-dependencies.js');
        require('./simulatte-physics-catalog-constants.js');
        require('./simulatte-physics-catalog-templates.js');
        require('./simulatte-physics-catalog-primitive-data.js');
        require('./simulatte-physics-catalog-materials.js');
        require('./simulatte-physics-catalog-graph-data.js');
        require('./simulatte-physics-catalog-examples.js');
        require('./simulatte-physics-catalog-graph-helpers.js');
      }
      const scope = root.SimulattePhaseModuleRegistry.family('physicsCatalog');
      const {
        BASE_CATALOG_ITEMS,
        COMPILER_INPUT_PLANE,
        CONSERVATION_RULES,
        CONTROL_LIBRARY,
        COMPONENT_LIBRARY,
        COMPOSITION_LIBRARY,
        CONTEXTUAL_READOUT_RULES,
        DEFAULT_PARAMS,
        EXAMPLE_INTENTS,
        FIELD_GRID,
        GEOMETRY_OVERRIDES,
        GEOMETRY_PROFILES,
        INTERACTION_RULES,
        LAYERED_PRIMITIVES,
        LAYER_INDEX,
        LAYER_STACK,
        MATERIAL_PRIMITIVE_LIBRARY,
        MATERIAL_PROFILES,
        MATERIAL_PROPERTY_DEFAULTS,
        MATERIAL_PROPERTY_SCHEMA,
        MATH_PRIMITIVE_LIBRARY,
        OPERATOR_MATCHES,
        OPERATOR_REGISTRY,
        PARAM_UNIT_SCHEMA,
        PHYSICAL_PRIMITIVES,
        PHYSICS_PRIMITIVE_LIBRARY,
        PORT_PROFILES,
        PROCEDURAL_VISUAL_BASE,
        HANDWRITTEN_EXAMPLE_PROMPTS,
        SEMANTIC_VISUAL_ATLAS,
        PRIMITIVE_LIBRARY,
        RECIPE_SLOT_LIBRARY,
        SCENE_LAYOUTS,
        SCENE_LIBRARY,
        SEMANTIC_STOPWORDS,
        TAU,
        TEMPLATE_LIBRARY,
        TEMPORAL_GRAMMAR,
        TOKEN_SYNONYMS,
        buildIntentVector,
        clamp,
        clamp01,
        classifyPromptLayer,
        compileGraphIR,
        conservationForPrimitives,
        contractForPrimitive,
        contractSummaryForPrimitives,
        controlsByKey,
        controlsForSpec,
        explicitPrimitiveScore,
        geometryForPrimitive,
        graphEdgesForNodes,
        graphNodeForPrimitive,
        ACTION_VISUAL_SLOT_TARGETS,
        visualSlotTargetsForAction,
        hashNoise,
        isRetrievablePrimitive,
        labelize,
        layerForId,
        layoutForPrimitives,
        lowerLayerFor,
        meaningfulTokens,
        materialPropertiesForId,
        matchingInteractionRules,
        normalizeControl,
        normalizeObjects,
        normalizeParams,
        operatorsForPrimitives,
        portsForPrimitive,
        primitiveById,
        primitiveTokenSet,
        primitiveText,
        rankPhysicalPrimitives,
        readoutsForPrimitives,
        recipeSlotsForId,
        shortestAngle,
        slugify,
        stateForPrimitive,
        templateById,
        temporalEventsForPrimitives,
        toCatalogItem,
        uniqueCatalogItems,
        uniqueList,
        unitsForParams,
        validateGraphIR,
        validateLayerAdjacency,
        vectorScore,
        withPrimitiveDependencies,
        wrapAngle,
      } = scope;
      const api = {
        BASE_CATALOG_ITEMS,
        COMPILER_INPUT_PLANE,
        CONSERVATION_RULES,
        CONTROL_LIBRARY,
        COMPONENT_LIBRARY,
        COMPOSITION_LIBRARY,
        CONTEXTUAL_READOUT_RULES,
        DEFAULT_PARAMS,
        EXAMPLE_INTENTS,
        FIELD_GRID,
        GEOMETRY_OVERRIDES,
        GEOMETRY_PROFILES,
        INTERACTION_RULES,
        LAYERED_PRIMITIVES,
        LAYER_INDEX,
        LAYER_STACK,
        MATERIAL_PRIMITIVE_LIBRARY,
        MATERIAL_PROFILES,
        MATERIAL_PROPERTY_DEFAULTS,
        MATERIAL_PROPERTY_SCHEMA,
        MATH_PRIMITIVE_LIBRARY,
        OPERATOR_MATCHES,
        OPERATOR_REGISTRY,
        PARAM_UNIT_SCHEMA,
        PHYSICAL_PRIMITIVES,
        PHYSICS_PRIMITIVE_LIBRARY,
        PORT_PROFILES,
        PROCEDURAL_VISUAL_BASE,
        HANDWRITTEN_EXAMPLE_PROMPTS,
        SEMANTIC_VISUAL_ATLAS,
        PRIMITIVE_LIBRARY,
        RECIPE_SLOT_LIBRARY,
        SCENE_LAYOUTS,
        SCENE_LIBRARY,
        SEMANTIC_STOPWORDS,
        TAU,
        TEMPLATE_LIBRARY,
        TEMPORAL_GRAMMAR,
        TOKEN_SYNONYMS,
        buildIntentVector,
        clamp,
        clamp01,
        classifyPromptLayer,
        compileGraphIR,
        conservationForPrimitives,
        contractForPrimitive,
        contractSummaryForPrimitives,
        controlsByKey,
        controlsForSpec,
        explicitPrimitiveScore,
        geometryForPrimitive,
        graphEdgesForNodes,
        graphNodeForPrimitive,
        ACTION_VISUAL_SLOT_TARGETS,
        visualSlotTargetsForAction,
        hashNoise,
        isRetrievablePrimitive,
        labelize,
        layerForId,
        layoutForPrimitives,
        lowerLayerFor,
        meaningfulTokens,
        materialPropertiesForId,
        matchingInteractionRules,
        normalizeControl,
        normalizeObjects,
        normalizeParams,
        operatorsForPrimitives,
        portsForPrimitive,
        primitiveById,
        primitiveTokenSet,
        primitiveText,
        rankPhysicalPrimitives,
        readoutsForPrimitives,
        recipeSlotsForId,
        shortestAngle,
        slugify,
        stateForPrimitive,
        templateById,
        temporalEventsForPrimitives,
        toCatalogItem,
        uniqueCatalogItems,
        uniqueList,
        unitsForParams,
        validateGraphIR,
        validateLayerAdjacency,
        vectorScore,
        withPrimitiveDependencies,
        wrapAngle,
      };
      root.SimulattePhaseModuleRegistry.finalize('physicsCatalog', {
        requiredExports: Object.keys(api),
      });
      Object.freeze(api);
      if (typeof module === 'object' && module.exports) {
          module.exports = api;
        }
      root.SimulattePhysicsCatalog = api;
    })(typeof globalThis !== 'undefined' ? globalThis : window);
    
    (function attachSimulatteOperatorStage(root, factory) {
      const api = factory();
      if (typeof module === 'object' && module.exports) module.exports = api;
      root.SimulatteOperatorStage = api;
    })(typeof globalThis !== 'undefined' ? globalThis : window, function createOperatorStageApi() {
      function stageForOperator(type) {
        if (type === 'interaction_kinematics') return 'controls';
        if (type === 'heat_source') return 'sources';
        if ([
          'advection',
          'diffusion',
          'wave_field',
          'reaction_diffusion',
          'growth_decay',
          'combustion',
          'network_flow',
          'particle_deposition',
          'fluid_locomotion',
          'wake_generation',
        ].includes(type)) {
          return 'fields';
        }
        if ([
          'directed_motion',
          'heat_transfer',
          'rotational_torque',
          'phase_transition',
          'pressure_flow_lite',
          'buoyancy',
          'drag',
          'body_water_contact',
          'partial_submersion',
        ].includes(type)) {
          return 'couplings';
        }
        if (['rigid_collision', 'fracture_threshold'].includes(type)) return 'collisions';
        if (type === 'derive_readout') return 'derivedReadouts';
        return 'events';
      }
    
      return Object.freeze({ stageForOperator });
    });
    
    (function attachSimulattePhysicsIRSupport(root) {
      const catalog = typeof module === 'object' && module.exports
        ? require('./simulatte-physics-catalog.js')
        : root.SimulattePhysicsCatalog;
      const languageLexicon = typeof module === 'object' && module.exports
        ? require('../../../data/simulatte-language-lexicon.js')
        : root.SimulatteLanguageLexicon;
      const operatorStage = typeof module === 'object' && module.exports
        ? require('./simulatte-operator-stage.js')
        : root.SimulatteOperatorStage;
      if (!catalog || !languageLexicon || !operatorStage) {
        throw new Error('SimulattePhysicsIRSupport requires catalog, language lexicon, and operator stage');
      }
    
      const PHYSICAL_IR_SCHEMA = 'simulatte.physicalIR.v1';
      const SCENE_COMPOSITION_LEDGER_SCHEMA = 'simulatte.sceneCompositionLedger.v1';
      const TAU = Math.PI * 2;
      const {
        clamp = (value, min, max) => Math.max(min, Math.min(max, value)),
        clamp01 = (value) => Math.max(0, Math.min(1, value)),
        slugify = defaultSlugify,
        uniqueList = unique,
      } = catalog;
      const DOMAIN_KIND_BY_HINT = Object.freeze({
        fluid: 'fluid',
        thermal: 'field',
        phase: 'solid',
        solid: 'solid',
        fracture: 'solid',
        rigidBody: 'rigidBody',
        collision: 'rigidBody',
        rotationalMechanics: 'rigidBody',
        particles: 'particleSet',
        field: 'field',
        wave: 'field',
        oscillator: 'field',
        network: 'network',
        control: 'network',
        growth: 'field',
        terrain: 'solid',
        reaction: 'field',
        water: 'fluid',
        lake: 'fluid',
        pool: 'fluid',
        pond: 'fluid',
        river: 'fluid',
        ocean: 'fluid',
        beach: 'fluid',
      });
    
        function readoutsForIR(fields, operators, observables) {
            const readouts = [];
            for (const observable of observables || []) {
              const field = fields.find((row) => row.name === observable.channel || row.id.startsWith(`${observable.channel}:`));
              readouts.push({ label: observable.label, channel: field ? field.id : observable.channel, source: 'prompt-observable' });
            }
            for (const name of ['angularVelocity', 'temperature', 'damage', 'liquidFraction', 'backlog', 'throughput']) {
              const field = fields.find((row) => row.name === name);
              if (field && !readouts.some((row) => row.channel === field.id)) {
                readouts.push({ label: name, channel: field.id, source: 'compiler-default' });
              }
            }
            if (!readouts.length && operators.length) {
              readouts.push({ label: 'activity', channel: operators[0].outputs[0] || operators[0].id, source: 'compiler-default' });
            }
            return readouts.slice(0, 8);
          }
    
        function materialTemperature(material, params) {
            if (material === 'lava' || material === 'fire') return clamp(Number(params.temperature || 0.92), 0, 2);
            if (material === 'ice') return clamp(Number(params.temperature || 0.14), 0, 1);
            if (material === 'water') return clamp(Number(params.temperature || 0.36), 0, 1);
            return clamp(Number(params.temperature || params.thermalFlux || 0.38), 0, 1.4);
          }
    
        function materialHeatStrength(material, params) {
            if (material === 'lava') return clamp(Number(params.heatTransfer || 1.05), 0.1, 2);
            if (material === 'fire') return clamp(Number(params.combustibility || 0.86), 0.1, 2);
            return clamp(Number(params.heatTransfer || 0.38), 0.05, 1.4);
          }
    
        function materialMeltPoint(material) {
            if (material === 'ice') return 0.32;
            if (material === 'metal') return 1.6;
            if (material === 'rock') return 1.1;
            return 0.56;
          }
    
        function materialViscosity(material) {
            if (material === 'lava') return 0.82;
            if (material === 'water') return 0.18;
            if (material === 'air') return 0.04;
            return 0.34;
          }
    
        function materialDensity(material) {
            if (material === 'metal') return 1.1;
            if (material === 'rock') return 1.3;
            if (material === 'wood') return 0.62;
            return 0.86;
          }
    
        function materialFromDomains(domains) {
            const text = (domains || []).join(' ');
            if (/lava/.test(text)) return 'lava';
            if (/smoke/.test(text)) return 'smoke';
            if (/dust|powder/.test(text)) return 'dust';
            if (/water|fluid|lake|pool|pond|river|ocean|beach/.test(text)) return 'water';
            if (/metal|mechanic|rigid/.test(text)) return 'metal';
            if (/rock|solid|fracture/.test(text)) return 'rock';
            if (/bio|biological|growth|protein/.test(text)) return 'biomass';
            return '';
          }
    
        function boundsForField(name) {
            if (name === 'temperature') return [0, 2];
            if (name === 'angularVelocity') return [-24, 24];
            if (name === 'angle') return [0, TAU];
            if (name === 'flowVelocity' || name === 'velocity' || name === 'force' || name === 'strokeForce' || name === 'buoyancy') return [-4, 4];
            if (name === 'swimPhase') return [0, TAU];
            if (['damage', 'liquidFraction', 'density', 'nutrient', 'reactionProgress', 'backlog', 'throughput', 'drag', 'submersion', 'wake', 'fuel', 'product', 'smoke'].includes(name)) {
              return [0, 1];
            }
            return [0, 1.5];
          }
    
        function anchorValue(domain, axis) {
            const ref = domain.geometryRef || {};
            if (Array.isArray(ref.anchor)) return ref.anchor[axis] || 0.5;
            if (Array.isArray(ref.bounds)) return ref.bounds[axis] || 0.5;
            return 0.5;
          }
    
        function hasTag(domain, value) {
            return (domain.tags || []).includes(value) || domain.materialId === value;
          }
    
        function hasOperatorHint(domain, value) {
            return (domain.operatorHints || []).includes(value) || (domain.tags || []).includes(value);
          }
    
        function isRotationalDomain(domain) {
            const text = `${domain.entityId || ''} ${domain.materialId || ''} ${(domain.tags || []).join(' ')}`.toLowerCase();
            return hasTag(domain, 'rotationalMechanics') || /\b(turbine|rotor|wheel|rotation|shaft|blade)\b/.test(text);
          }
    
        function isAnimalDomain(domain = {}) {
            const text = `${domain.entityId || ''} ${domain.materialId || ''} ${(domain.tags || []).join(' ')}`.toLowerCase();
            return /\b(dog|cat|animal|mammal|small-mammal|medium-mammal|small_mammal|medium_mammal|gait-force|gait_force|fur)\b/.test(text);
          }
    
        function isWaterDomain(domain = {}) {
            const text = `${domain.entityId || ''} ${domain.materialId || ''} ${(domain.tags || []).join(' ')}`.toLowerCase();
            return domain.kind === 'fluid' || /\b(water|lake|pool|pond|river|ocean|beach|fluid)\b/.test(text);
          }
    
        function hasFieldTarget(domain, name) {
            if (name === 'temperature') return hasTag(domain, 'thermal') || ['lava', 'fire', 'ice', 'water', 'metal', 'rock'].includes(domain.materialId);
            if (name === 'liquidFraction') return hasTag(domain, 'phase') || domain.materialId === 'ice';
            return true;
          }
    
        function unique(values) {
            return Array.from(new Set((values || []).filter(Boolean)));
          }
    
        function lowerCompositionLedgerForPhysics(ledger = null, behaviorRelations = []) {
            if (!ledger || typeof ledger !== 'object') return null;
            const loweredBehaviors = new Map();
            for (const relation of behaviorRelations || []) {
              if (relation.status !== 'lowered' || !relation.operators?.length) continue;
              const ids = [
                `action:${relation.process}`,
                `relation:${relation.agentEntityId}:${relation.process}:${relation.mediumEntityId}`,
                ...(relation.evidence || []),
              ];
              if (relation.process === 'swimming') ids.push(
                `relation:${semanticAnimalType(relation.agentEntityId)}:swimming:${semanticWaterType(relation.mediumEntityId)}`
              );
              for (const id of ids) loweredBehaviors.set(id, unique([
                ...(loweredBehaviors.get(id) || []), ...relation.operators,
              ]));
            }
            const obligations = (ledger.obligations || []).map((row) => {
              if (['unsupported', 'lost', 'failed', 'refused', 'explicitly-refused', 'negated'].includes(row.status)) return row;
              if (loweredBehaviors.has(row.id)) {
                return {
                  ...row,
                  status: 'lowered',
                  phase: 5,
                  loweredTo: loweredBehaviors.get(row.id),
                };
              }
              if (row.kind === 'visual') return { ...row, status: row.status || 'pending', phase: row.phase || 3 };
              return row;
            });
        	    return {
        	      ...ledger,
        	      schema: SCENE_COMPOSITION_LEDGER_SCHEMA,
        	      sourcePhase: ledger.sourcePhase || 3,
              currentPhase: 5,
              obligations,
              summary: {
                ...(ledger.summary || {}),
                obligationCount: obligations.length,
                loweredCount: obligations.filter((row) => row.status === 'lowered').length,
              },
            };
          }
    
        function semanticAnimalType(entityId = '') {
            const text = String(entityId || '').toLowerCase();
            if (/\bdog/.test(text)) return 'dog';
            if (/\bcat/.test(text)) return 'cat';
            return 'animal';
          }
    
        function semanticWaterType(entityId = '') {
            const text = String(entityId || '').toLowerCase();
            if (/\blake/.test(text)) return 'lake';
            if (/\bwater/.test(text)) return 'water';
            return 'water';
          }
    
        function defaultSlugify(value) {
            return String(value || 'item').toLowerCase().replace(/[^a-z0-9]+/g, '-').replace(/^-|-$/g, '') || 'item';
          }
    
        const api = Object.freeze({
          catalog,
          languageLexicon,
          ...operatorStage,
          PHYSICAL_IR_SCHEMA,
          SCENE_COMPOSITION_LEDGER_SCHEMA,
          TAU,
          clamp,
          clamp01,
          slugify,
          uniqueList,
          DOMAIN_KIND_BY_HINT,
          readoutsForIR,
          materialTemperature,
          materialHeatStrength,
          materialMeltPoint,
          materialViscosity,
          materialDensity,
          materialFromDomains,
          boundsForField,
          anchorValue,
          hasTag,
          hasOperatorHint,
          isRotationalDomain,
          isAnimalDomain,
          isWaterDomain,
          hasFieldTarget,
          unique,
          lowerCompositionLedgerForPhysics,
          semanticAnimalType,
          semanticWaterType,
          defaultSlugify,
        });
    
      if (typeof module === 'object' && module.exports) module.exports = api;
      root.SimulattePhysicsIRSupport = api;
    })(typeof globalThis !== 'undefined' ? globalThis : window);
    
    (function attachSimulattePhysicsIRBehaviorFactory(root, factory) {
      if (typeof module === 'object' && module.exports) module.exports = factory;
      root.SimulattePhysicsIRBehaviorFactory = factory;
    })(typeof globalThis !== 'undefined' ? globalThis : window, function createPhysicsIRBehaviors(dependencies = {}) {
      const {
        addField,
        addOperator,
        addCouplingOperator,
        clamp,
        clamp01,
        unique,
        materialTemperature,
        materialViscosity,
        hasTag,
        isRotationalDomain,
        languageLexicon,
      } = dependencies;
      for (const [name, dependency] of Object.entries({
        addField,
        addOperator,
        addCouplingOperator,
        clamp,
        clamp01,
        unique,
        materialTemperature,
        materialViscosity,
        hasTag,
        isRotationalDomain,
      })) {
        if (typeof dependency !== 'function') {
          throw new Error(`SimulattePhysicsIR behaviors require ${name}`);
        }
      }
      if (!languageLexicon || typeof languageLexicon !== 'object') {
        throw new Error('SimulattePhysicsIR behaviors require languageLexicon');
      }
    
        function addBehaviorBundleFromEdge(couplings, operators, fields, from, to, edge, params, receipt, behaviorRelations) {
            const process = behaviorProcessForText(edge.processId) ||
              behaviorProcessForText(edge.operatorType) ||
              behaviorProcessForText(behaviorText(edge, from, to));
            if (!process || process === 'coexists') return false;
            addBehaviorBundle(couplings, operators, fields, from, to, process, edge, params, receipt, behaviorRelations);
            return true;
          }
    
        function addBehaviorBundleFromPartialEdge(couplings, operators, fields, from, to, edge, params, receipt, behaviorRelations) {
            const process = behaviorProcessForText(behaviorText(edge, from, to));
            const target = from || to;
            if (!target) return false;
            if (process === 'combustion') {
              const fuel = combustionFuelDomain(from, to);
              if (!fuel) return false;
              addBehaviorBundle(couplings, operators, fields, fuel, fuel, 'combustion', edge, params, receipt, behaviorRelations);
              return true;
            }
            if (process === 'flow' && target.kind === 'fluid') {
              addBehaviorBundle(couplings, operators, fields, target, target, 'flow', edge, params, receipt, behaviorRelations);
              return true;
            }
            if (process === 'heat_transfer' && !from && to) {
              return addPartialHeatSource(operators, fields, to, edge, params, receipt, behaviorRelations);
            }
            if (edge.operatorType !== 'wave_field' || !edge.provenance?.causalRuleId || !target) return false;
            addBehaviorBundle(couplings, operators, fields, target, target, 'oscillation', edge, params, receipt, behaviorRelations);
            return true;
          }
    
        function addPartialHeatSource(operators, fields, target, source, params, receipt, behaviorRelations) {
            addField(fields, target, 'temperature', 'scalar', 'K', materialTemperature(target.materialId, params));
            const output = `temperature:${target.entityId}`;
            const operator = addOperator(operators, 'heat_source', target, {
              reads: [],
              writes: [output],
              params: { strength: clamp(Number(params.thermalFlux || params.heatTransfer || 0.5), 0.02, 2) },
              receipt: behaviorChannelReceipt(source, 'heat_source', [], [output]),
            });
            const behaviorId = `behavior:heat_source:${target.entityId}`;
            if (!behaviorRelations.some((row) => row.id === behaviorId)) behaviorRelations.push({
              schema: 'simulatte.behaviorRelation.v1',
              id: behaviorId,
              process: 'heat_transfer',
              agentEntityId: target.entityId,
              mediumEntityId: target.entityId,
              relation: source.type || 'heatTransfer',
              spatialRelation: source.spatialRelation || '',
              operators: ['heat_source'],
              supersedesProcessIds: [],
              evidence: unique([...(source.evidence || []), source.id || 'causal-heat-source']),
              status: 'lowered',
            });
            receipt.exact.push({
              promptSpan: source.id || target.entityId,
              canonicalId: 'behavior.heat_source',
              confidence: source.confidence || 0.68,
              evidence: source.evidence || [],
              operatorId: operator.id,
            });
            return true;
          }
    
        function addBehaviorBundlesFromNodeActivity(couplings, operators, fields, nodes, domainByNode, params, receipt, behaviorRelations) {
            for (const node of nodes || []) {
              const domain = domainByNode.get(node.id);
              if (!domain || !nodeOwnsExecutableActivity(node)) continue;
              for (const hint of unique([...(node.operatorTypes || []), ...(node.operatorHints || [])])) {
                const process = behaviorProcessForText(hint);
                if (!nodeActivityCanSelfApply(process, domain)) continue;
                if (behaviorRelations.some((row) => (
                  row.process === process && row.agentEntityId === domain.entityId && row.mediumEntityId === domain.entityId
                ))) continue;
                const source = {
                  ...node,
                  id: `node-activity:${node.id}:${process}`,
                  kind: 'node-owned-activity',
                  evidence: unique([...(node.evidence || []), `operator-hint:${hint}`]),
                };
                addBehaviorBundle(couplings, operators, fields, domain, domain, process, source, params, receipt, behaviorRelations);
              }
            }
          }
    
        function nodeActivityCanSelfApply(process = '', domain = {}) {
            if (process === 'flow') return domain.kind === 'fluid';
            return ['folding', 'growth', 'network_flow', 'orbital', 'oscillation', 'rotate'].includes(process);
          }
    
        function nodeOwnsExecutableActivity(node = {}) {
            if (node.supportOnly === true) return false;
            const hints = unique([...(node.operatorTypes || []), ...(node.operatorHints || [])]);
            if (!hints.length) return false;
            const role = String(node.semanticRole || '').toLowerCase();
            const type = String(node.semanticType || node.type || '').toLowerCase();
            return /-process$/.test(role) || /(process|control|event|operator)$/.test(type);
          }
    
        function addBehaviorBundlesFromLedger(couplings, operators, fields, domains, ledger, prompt, params, receipt, behaviorRelations) {
            if (!ledger || !Array.isArray(ledger.obligations)) return;
            const causalBehaviors = behaviorRelations.filter((row) => (
              (row.evidence || []).some((value) => String(value).startsWith('causal-rule:'))
            ));
            const relationById = new Map((ledger.relations || []).map((row) => [row.id, row]));
            const relationProcesses = new Set(ledger.obligations
              .filter((row) => row.kind === 'relation')
              .map((row) => behaviorProcessForLedgerRow({
                ...row,
                ...(relationById.get(row.sourceRelationId || row.id) || {}),
              }, prompt))
              .filter(Boolean));
            for (const row of ledger.obligations) {
              if (row.kind !== 'action' && row.kind !== 'relation') continue;
              if (['unsupported', 'lost', 'failed', 'refused', 'explicitly-refused', 'negated'].includes(row.status)) continue;
              const source = row.kind === 'relation' ? {
                ...row,
                ...(relationById.get(row.sourceRelationId || row.id) || {}),
              } : row;
              const process = behaviorProcessForLedgerRow(source, prompt);
              if (!process || process === 'coexists') continue;
              if (row.kind === 'action' && relationProcesses.has(process)) continue;
              const pair = behaviorDomainsForLedgerRow(source, domains, process);
              if (!pair.from || !pair.to) continue;
              if (causalBehaviors.some((behavior) => (
                sameDomainPair(behavior, pair) && (
                  behavior.process === process ||
                  (behavior.supersedesProcessIds || []).includes(process)
                )
              ))) continue;
              addBehaviorBundle(couplings, operators, fields, pair.from, pair.to, process, source, params, receipt, behaviorRelations);
            }
          }
    
        function sameDomainPair(behavior = {}, pair = {}) {
            const expected = new Set([pair.from.entityId, pair.to.entityId]);
            return expected.size <= 2 &&
              expected.has(behavior.agentEntityId) && expected.has(behavior.mediumEntityId);
          }
    
        function behaviorProcessForLedgerRow(row = {}, prompt = '') {
            const explicit = explicitLedgerProcess(row);
            const direct = behaviorProcessForText(explicit);
            if (direct && direct !== 'coexists') return direct;
            const local = behaviorProcessForText([row.action, row.process, row.predicate].filter(Boolean).join(' '));
            if (local && local !== 'coexists') return local;
            return '';
          }
    
        function explicitLedgerProcess(row = {}) {
            if (row.process) return row.process;
            const id = String(row.id || '');
            const parts = id.split(':');
            if (parts[0] === 'action' && parts[1]) return parts[1];
            if (parts[0] === 'relation' && parts[2]) return parts[2];
            return row.action || row.process || '';
          }
    
        function addBehaviorBundle(couplings, operators, fields, from, to, process, source, params, receipt, behaviorRelations) {
            const opRows = [];
            const add = (type, sourceDomain = from, targetDomain = to) => {
              ensureBehaviorFields(fields, type, sourceDomain, targetDomain, params);
              const op = addBehaviorOperator(operators, type, sourceDomain, targetDomain, params, source) ||
                addCouplingOperator(operators, type, sourceDomain, targetDomain, params, source);
              if (!op.receipt) {
                op.receipt = behaviorChannelReceipt(source, type, op.reads || [], op.writes || []);
              }
              opRows.push(op);
              couplings.push({
                from: sourceDomain.id,
                to: targetDomain.id,
                type,
                operatorId: op.id,
                processId: process,
              });
            };
            const operatorBundle = source.provenance?.groundingPolicy?.operatorBundle ||
              source.groundingPolicy?.operatorBundle || [];
            if (process === 'pursuit' || process === 'avoidance') {
              if (from === to || from.kind !== 'rigidBody' || to.kind !== 'rigidBody') return;
              ensureMotionFields(fields, from);
              ensureMotionFields(fields, to);
              const position = `position:${from.entityId}`, velocity = `velocity:${from.entityId}`;
              const target = `position:${to.entityId}`;
              const sourceField = fields.find((field) => field.id === position);
              const targetField = fields.find((field) => field.id === target);
              if (sourceField.initial.x === targetField.initial.x && sourceField.initial.y === targetField.initial.y) {
                sourceField.initial = { x: 0.2, y: 0.5 };
                targetField.initial = { x: 0.8, y: 0.5 };
              }
              const reads = [position, velocity, target], writes = [position, velocity];
              opRows.push(addOperator(operators, 'directed_motion', from, { reads, writes,
                params: { targetChannel: target, targetEntityId: to.entityId, mode: process === 'pursuit' ? 'seek' : 'flee',
                  maxSpeed: 0.24, maxAcceleration: 0.6, stoppingDistance: 0.18 },
                receipt: behaviorChannelReceipt(source, 'directed_motion', reads, writes),
              }));
              receipt.approximate.push({ promptSpan: source.id, reason: 'bounded planar steering model: declared subject seeks or avoids the declared target; speed 0.24 canvas units/s, acceleration 0.6, stand-off 0.18; no animal cognition or collision model' });
            } else if (process === 'falling' || process === 'swinging') {
              if (from.kind !== 'rigidBody') return;
              const type = process === 'falling' ? 'free_fall' : 'pendulum';
              const names = type === 'free_fall' ? ['position', 'velocity', 'force'] : ['angle', 'angularVelocity', 'torque'];
              const channels = names.map((name) => `${name}:${from.entityId}`);
              const op = addOperator(operators, type, from, {
                reads: channels, writes: channels,
                params: { acceleration: 9.81, worldSpanMeters: 10, lengthMeters: 1, massKg: 1,
                  initialAngle: Math.PI / 6, restitution: 0.42, floor: 0.9 },
                receipt: behaviorChannelReceipt(source, type, channels, channels),
              });
              if (type === 'pendulum') {
                const angle = fields.find((field) => field.id === `angle:${from.entityId}`);
                if (angle) { angle.initial = Math.PI / 6; angle.bounds = [-Math.PI, Math.PI]; }
              }
              receipt.approximate.push({ promptSpan: source.id, reason: 'mechanics defaults: gravity 9.81 m/s^2, 10 m canvas, 1 kg body; closed floor restitution 0.42; pendulum length 1 m and initial angle pi/6' });
              opRows.push(op);
            } else if (operatorBundle.length) operatorBundle.forEach((type) => add(type));
            else if (process === 'rotate') add('rotational_torque', fluidDomain(from, to) || from, rotationalDomain(from, to) || to);
            else if (process === 'impact') {
              add('rigid_collision', movingDomain(from, to), impactDomain(from, to));
              add('fracture_threshold', impactDomain(from, to), impactDomain(from, to));
            } else if (process === 'flow') {
              const network = networkDomain(from, to);
              if (network) {
                add('network_flow', network, network);
              } else {
              const flow = fluidDomain(from, to) || to;
              ensureFlowFields(fields, flow, params);
              const reads = [`flowVelocity:${flow.entityId}`, `viscosity:${flow.entityId}`];
              const writes = [`flowVelocity:${flow.entityId}`, `pressure:${flow.entityId}`];
              opRows.push(addOperator(operators, 'advection', flow, {
                reads,
                writes,
                params: { rate: clamp(Number(params.flowRate ?? params.windSpeed ?? 0.55), 0, 2) },
                receipt: inferredBehaviorReceipt(source, 'advection', reads, writes),
              }));
              add('pressure_flow_lite', flow, flow);
              }
            } else if (process === 'increase') {
              const network = networkDomain(from, to);
              const fluid = fluidDomain(from, to);
              if (network && !fluid) add('network_flow', network, network);
              else if (fluid) {
                ensureFlowFields(fields, fluid, params);
                opRows.push(addOperator(operators, 'advection', fluid, {
                  reads: [`flowVelocity:${fluid.entityId}`, `viscosity:${fluid.entityId}`],
                  writes: [`flowVelocity:${fluid.entityId}`, `pressure:${fluid.entityId}`],
                  params: { rate: clamp(Number(params.flowRate ?? params.windSpeed ?? 0.55), 0, 2) },
                }));
                add('pressure_flow_lite', fluid, fluid);
              }
            } else if (process === 'leak') {
              const leakDomain = from;
              ensureFlowFields(fields, leakDomain, params);
              add('pressure_flow_lite', leakDomain, leakDomain);
            } else if (process === 'growth') {
              const target = biologicalDomain(from, to);
              if (!target) return;
              add('growth_decay', target, target);
              add('reaction_diffusion', target, target);
            } else if (process === 'combustion') {
              const fuel = combustionFuelDomain(from, to);
              if (fuel) add('combustion', fuel, fuel);
            } else if (process === 'diffusion') add('reaction_diffusion', to, to);
            else if (process === 'deposition') add('particle_deposition', from, to);
            else if (process === 'heat_transfer' || process === 'cooling') add('heat_transfer', from, to);
            else if (process === 'phase_transition') {
              add('phase_transition', to, to);
              add('heat_transfer', from, to);
            } else if (process === 'network_flow') add('network_flow', networkDomain(from, to) || to, networkDomain(from, to) || to);
            else if (process === 'folding') {
              const foldingDomain = biologicalDomain(from, to) || to;
              add('wave_field', foldingDomain, foldingDomain);
            }
            else if (process === 'oscillation' || process === 'orbital') add('wave_field', waveDomain(from, to) || to, waveDomain(from, to) || to);
            else if (process === 'measurement') add('derive_readout', from, to);
            const operatorTypes = unique(opRows.map((op) => op.type));
            if (!operatorTypes.length) return;
            behaviorRelations.push({
              schema: 'simulatte.behaviorRelation.v1',
              id: `behavior:${process}:${from.entityId}:${to.entityId}`,
              process,
              agentEntityId: from.entityId,
              mediumEntityId: to.entityId,
              relation: source.type || source.kind || 'behavior',
              spatialRelation: source.prepositions && source.prepositions[0] || '',
              operators: operatorTypes,
              supersedesProcessIds: source.provenance?.groundingPolicy?.supersedesProcessIds || [],
              evidence: unique([
                ...(source.evidence || []),
                source.id || 'phase3-composition-ledger',
                source.predicate ? `action:${source.predicate}` : '',
                source.process ? `process:${source.process}` : '',
              ]),
              status: 'lowered',
            });
            receipt.exact.push({
              promptSpan: source.id || `${from.entityId} ${process} ${to.entityId}`,
              canonicalId: `behavior.${process}`,
              confidence: source.confidence || 0.68,
              evidence: source.evidence || ['phase3-composition-ledger'],
            });
          }
    
        function addBehaviorOperator(operators, type, from, to, params, source = {}) {
            const id = to.entityId;
            if (type === 'rotational_torque' && from.kind !== 'fluid') {
              const reads = [
                `velocity:${from.entityId}`,
                `angle:${id}`,
                `angularVelocity:${id}`,
                `friction:${id}`,
              ];
              const writes = [`angle:${id}`, `angularVelocity:${id}`, `angularMomentum:${id}`];
              return addOperator(operators, type, to, {
                reads,
                writes,
                params: {
                  coupling: clamp(Number(params.rotationCoupling || params.fieldStrength || 0.72), 0.05, 2),
                  drive: clamp(Number(params.motionDrive || params.flowRate || 0.58), 0, 2),
                  inertia: clamp(Number(params.rotationalInertia || 0.62), 0.05, 4),
                },
                receipt: behaviorChannelReceipt(source, type, reads, writes),
              });
            }
            if (type === 'combustion') {
              const fuelChannel = `fuel:${id}`;
              const temperatureChannel = `temperature:${id}`;
              const productChannel = `product:${id}`;
              const smokeChannel = `smoke:${id}`;
              return addOperator(operators, type, to, {
                reads: [fuelChannel, temperatureChannel],
                writes: [fuelChannel, temperatureChannel, productChannel, smokeChannel],
                params: {
                  rate: clamp(Number(params.reactionRate ?? params.combustibility ?? 0.48), 0.02, 2),
                  ignitionThreshold: clamp(Number(params.ignitionThreshold ?? 0.32), 0, 1.5),
                  heatYield: clamp(Number(params.heatYield ?? 0.7), 0, 2),
                  smokeFraction: clamp01(Number(params.smokeFraction ?? 0.3)),
                },
                receipt: {
                  schema: 'simulatte.solverChannelReceipt.v1',
                  operatorType: 'combustion',
                  sourceEdgeId: source.id || '',
                  evidence: source.evidence || [],
                  consumedChannels: [fuelChannel],
                  producedChannels: [productChannel, smokeChannel, temperatureChannel],
                },
              });
            }
            if (type === 'growth_decay') {
              const channels = [`density:${id}`, `nutrient:${id}`];
              return addOperator(operators, type, to, {
                reads: channels,
                writes: channels,
                params: { rate: clamp01(Number(params.populationGrowth || 0.32)) },
                receipt: behaviorChannelReceipt(source, type, channels, channels),
              });
            }
            if (type === 'reaction_diffusion') {
              const channels = [`reactionProgress:${id}`];
              return addOperator(operators, type, to, {
                reads: channels,
                writes: channels,
                params: { rate: clamp01(Number(params.catalyst || params.combustibility || 0.46)) },
                receipt: behaviorChannelReceipt(source, type, channels, channels),
              });
            }
            if (type === 'network_flow') {
              return addOperator(operators, type, to, {
                reads: [`backlog:${id}`, `throughput:${id}`, `signalDelay:${id}`],
                writes: [`backlog:${id}`, `throughput:${id}`],
                params: { demand: clamp01(Number(params.marketDemand || params.queueBacklog || 0.52)) },
              });
            }
            if (type === 'wave_field') {
              const reads = [`phase:${id}`, `amplitude:${id}`];
              return addOperator(operators, type, to, {
                reads,
                writes: reads,
                params: { frequency: clamp(Number(params.soundFrequency || 0.7), 0.05, 4) },
                receipt: inferredBehaviorReceipt(source, type, reads, reads),
              });
            }
            if (type === 'derive_readout') {
              const channels = [`signal:${id}`];
              return addOperator(operators, type, to, {
                reads: channels,
                writes: channels,
                params: {
                  gain: clamp(Number(params.measurementGain || 0.76), 0.05, 2),
                  frequency: clamp(Number(params.measurementFrequency || 2.4), 0.1, 8),
                },
                receipt: inferredBehaviorReceipt(source, type, channels, channels),
              });
            }
            return null;
          }
    
        function inferredBehaviorReceipt(source = {}, operatorType = '', reads = [], writes = []) {
            if (!source.inferred || !source.provenance) return null;
            return behaviorChannelReceipt(source, operatorType, reads, writes);
          }
    
        function behaviorChannelReceipt(source = {}, operatorType = '', reads = [], writes = []) {
            const evidence = unique([
              ...(source.evidence || []),
              ...(source.evidenceIds || []),
              ...(source.sourceSpanIds || []),
              source.receiptId || '',
            ]);
            return {
              schema: 'simulatte.solverChannelReceipt.v1',
              operatorType,
              sourceEdgeId: source.id || '',
              evidence,
              consumedChannels: reads,
              producedChannels: writes,
              ...(source.inferred && source.provenance
                ? { inferenceProvenance: { ...source.provenance } }
                : {}),
            };
          }
    
        function behaviorProcessForText(text = '') {
            const value = String(text || '').toLowerCase().replace(/[_-]+/g, ' ');
            const lexicon = languageLexicon && (
              languageLexicon.BEHAVIOR_PROCESS_LEXICON ||
              languageLexicon.LANGUAGE_LEXICON && languageLexicon.LANGUAGE_LEXICON.behaviorProcessLexicon
            ) || [];
            const exact = lexicon.find((row) => (
              String(row && row.process || '').toLowerCase().replace(/[_-]+/g, ' ') === value
            ));
            if (exact) return exact.process || '';
            for (const row of lexicon) {
              const phrases = Array.isArray(row && row.phrases) ? row.phrases : [];
              if (phrases.some((phrase) => behaviorPhraseInText(phrase, value))) return row.process || '';
            }
            return '';
          }
    
        function behaviorPhraseInText(phrase = '', text = '') {
            const normalized = String(phrase || '').trim().toLowerCase().replace(/[_-]+/g, ' ');
            if (!normalized) return false;
            return new RegExp(`\\b${escapeBehaviorPhrase(normalized)}\\b`).test(text);
          }
    
        function escapeBehaviorPhrase(value = '') {
            return String(value || '').replace(/[.*+?^${}()|[\]\\]/g, '\\$&').replace(/\\ /g, '\\s+');
          }
    
        function behaviorDomainsForLedgerRow(row, domains, process) {
            const id = String(row.id || '').replace(/[_-]+/g, ' ').toLowerCase();
            const parts = id.split(':');
            const left = String(row.from || parts[1] || '').replace(/^[a-z]+:/, '');
            const right = String(row.target || row.to || parts[3] || parts[1] || '').replace(/^[a-z]+:/, '');
            const from = bestDomainForText(domains, left, process) || domains[0];
            const to = bestDomainForText(domains, right, process) || bestTargetDomain(domains, process) || from;
            return { from, to };
          }
    
        function bestDomainForText(domains, text, process) {
            const value = String(text || '').toLowerCase().replace(/[_-]+/g, ' ');
            const ranked = (domains || []).map((domain) => ({
              domain,
              score: domainMatchScore(domain, value),
            })).sort((a, b) => b.score - a.score || a.domain.order - b.domain.order);
            return ranked[0] && ranked[0].score > 0 ? ranked[0].domain : bestTargetDomain(domains, process);
          }
    
        function bestTargetDomain(domains, process) {
            if (process === 'network_flow') return (domains || []).find((domain) => domain.kind === 'network');
            if (process === 'flow') return (domains || []).find((domain) => domain.kind === 'fluid');
            if (process === 'oscillation') return (domains || []).find((domain) => hasTag(domain, 'wave') || domain.kind === 'field');
            if (process === 'growth') return (domains || []).find((domain) => hasTag(domain, 'biological') || hasTag(domain, 'growth'));
            return (domains || []).find((domain) => domain.kind === 'rigidBody') || (domains || [])[0];
          }
    
        function domainMatchScore(domain, text) {
            const query = String(text || '').toLowerCase().replace(/[_-]+/g, ' ').trim();
            const identity = `${domain.entityId || ''} ${domain.sourceNodeId || ''}`
              .toLowerCase().replace(/[_-]+/g, ' ');
            const evidence = `${domain.materialId || ''} ${(domain.tags || []).join(' ')}`
              .toLowerCase().replace(/[_-]+/g, ' ');
            const identityRows = [domain.entityId, domain.sourceNodeId].map((value) => (
              String(value || '').toLowerCase().replace(/[_-]+/g, ' ').trim()
            ));
            const exactIdentity = identityRows.some((value) => (
              value === query || value.endsWith(` ${query}`)
            ));
            const terms = unique(query.split(/\s+/).filter((term) => term.length > 2));
            const identityScore = terms.reduce((score, term) => score + Number(identity.includes(term)) * 3, 0);
            const evidenceScore = terms.reduce((score, term) => score + Number(evidence.includes(term)), 0);
            return Number(exactIdentity) * 12 + identityScore + evidenceScore;
          }
    
        function ensureBehaviorFields(fields, type, from, to, params) {
            ensureMotionFields(fields, from);
            ensureMotionFields(fields, to);
            if (type === 'rotational_torque') {
              if (from.kind === 'fluid') ensureFlowFields(fields, from, params);
              addField(fields, to, 'angle', 'scalar', 'rad', 0);
              addField(fields, to, 'angularVelocity', 'scalar', 'rad/s', 0);
              addField(fields, to, 'angularMomentum', 'scalar', 'kg*m2/s', 0);
              addField(fields, to, 'friction', 'scalar', 'ratio', 0.16);
            }
            if (type === 'rigid_collision' || type === 'fracture_threshold') {
              addField(fields, to, 'stress', 'scalar', 'Pa', 0);
              addField(fields, to, 'damage', 'scalar', 'ratio', 0);
              addField(fields, to, 'debris', 'scalar', 'ratio', 0);
            }
            if (type === 'pressure_flow_lite') ensureFlowFields(fields, to, params);
            if (type === 'combustion') {
              const ignitionThreshold = clamp(Number(params.ignitionThreshold ?? 0.32), 0, 1.5);
              addField(fields, to, 'fuel', 'scalar', 'ratio', clamp01(Number(params.combustibility ?? 0.72)));
              addField(fields, to, 'temperature', 'scalar', 'K', Math.max(
                materialTemperature(to.materialId, params),
                ignitionThreshold + 0.08
              ));
              addField(fields, to, 'product', 'scalar', 'ratio', 0);
              addField(fields, to, 'smoke', 'scalar', 'ratio', 0);
            }
            if (type === 'growth_decay' || type === 'reaction_diffusion') {
              addField(fields, to, 'density', 'scalar', 'ratio', 0.28);
              addField(fields, to, 'nutrient', 'scalar', 'ratio', 0.62);
              addField(fields, to, 'reactionProgress', 'scalar', 'ratio', 0.08);
              addField(fields, to, 'acidity', 'scalar', 'ratio', 0.34);
            }
            if (type === 'particle_deposition') {
              addField(fields, to, 'airborneDensity', 'scalar', 'ratio', 0.72);
              addField(fields, to, 'depositedMass', 'scalar', 'kg/m2', 0.04);
            }
            if (type === 'heat_transfer' || type === 'phase_transition') {
              addField(fields, from, 'temperature', 'scalar', 'K', materialTemperature(from.materialId, params));
              addField(fields, to, 'temperature', 'scalar', 'K', materialTemperature(to.materialId, params));
              addField(fields, to, 'liquidFraction', 'scalar', 'ratio', to.materialId === 'water' ? 1 : 0);
            }
            if (type === 'network_flow') {
              addField(fields, to, 'backlog', 'scalar', 'ratio', clamp01(Number(params.queueBacklog || 0.35)));
              addField(fields, to, 'throughput', 'scalar', 'ratio', clamp01(Number(params.serviceRate || 0.42)));
              addField(fields, to, 'signalDelay', 'scalar', 's', clamp01(Number(params.networkLatency || params.signalDelay || 0.2)));
            }
            if (type === 'wave_field') {
              addField(fields, to, 'phase', 'scalar', 'rad', 0);
              addField(fields, to, 'amplitude', 'scalar', 'ratio', clamp01(Number(params.waveAmplitude || 0.44)));
            }
            if (type === 'derive_readout') {
              addField(fields, to, 'signal', 'scalar', 'ratio', 0.08);
            }
          }
    
        function ensureMotionFields(fields, domain) {
            addField(fields, domain, 'velocity', 'vector2', 'm/s', { x: 0, y: 0 });
            addField(fields, domain, 'force', 'vector2', 'N', { x: 0, y: 0 });
          }
    
        function ensureFlowFields(fields, domain, params) {
            addField(fields, domain, 'flowVelocity', 'vector2', 'm/s', {
              x: clamp(Number(params.flowRate ?? params.windSpeed ?? 0.55), -2, 2),
              y: 0,
            });
            addField(fields, domain, 'pressure', 'scalar', 'kPa', 0.34);
            addField(fields, domain, 'viscosity', 'scalar', 'Pa*s', materialViscosity(domain.materialId));
            addField(fields, domain, 'erosion', 'scalar', 'ratio', 0);
          }
    
        function behaviorText(edge, from, to) {
            void from;
            void to;
            return [edge.processId, edge.type, edge.relation, edge.causalAffordance].filter(Boolean).join(' ');
          }
    
        function combustionFuelDomain(a, b) {
            return [a, b].find((domain) => domain && (
              hasTag(domain, 'fuel-material') || hasTag(domain, 'fuel-environment') ||
              ['biomass', 'wood', 'fuel'].includes(String(domain.materialId || ''))
            ));
          }
    
        function fluidDomain(a, b) { return [a, b].find((domain) => domain && domain.kind === 'fluid'); }
        function networkDomain(a, b) { return [a, b].find((domain) => domain && domain.kind === 'network'); }
        function waveDomain(a, b) { return [a, b].find((domain) => domain && (hasTag(domain, 'wave') || domain.kind === 'field')); }
        function rotationalDomain(a, b) { return [a, b].find((domain) => domain && isRotationalDomain(domain)); }
        function biologicalDomain(a, b) { return [a, b].find((domain) => domain && (hasTag(domain, 'biological') || hasTag(domain, 'growth') || hasTag(domain, 'protein'))); }
        function movingDomain(a, b) { return [a, b].find((domain) => domain && domain.kind !== 'field') || a || b; }
        function impactDomain(a, b) { return [b, a].find((domain) => domain && domain.kind !== 'fluid') || b || a; }
    
        return Object.freeze({
          addBehaviorBundleFromEdge,
          addBehaviorBundleFromPartialEdge,
          addBehaviorBundlesFromLedger,
          addBehaviorBundlesFromNodeActivity,
          addBehaviorBundle,
          behaviorProcessForText,
        });
    });
    
    (function attachSimulattePhysicsIRBuilder(root) {
      const support = typeof module === 'object' && module.exports
        ? require('./simulatte-physics-ir-domains.js')
        : root.SimulattePhysicsIRSupport;
      const createBehaviors = typeof module === 'object' && module.exports
        ? require('./simulatte-physics-ir-behaviors.js')
        : root.SimulattePhysicsIRBehaviorFactory;
      if (!support || typeof createBehaviors !== 'function') {
        throw new Error('SimulattePhysicsIRBuilder requires support and behavior factory dependencies');
      }
      const {
        PHYSICAL_IR_SCHEMA,
        clamp,
        clamp01,
        slugify,
        uniqueList,
        DOMAIN_KIND_BY_HINT,
        readoutsForIR,
        materialTemperature,
        materialMeltPoint,
        materialViscosity,
        materialDensity,
        materialFromDomains,
        boundsForField,
        anchorValue,
        hasTag,
        hasOperatorHint,
        isRotationalDomain,
        isAnimalDomain,
        isWaterDomain,
        hasFieldTarget,
        lowerCompositionLedgerForPhysics,
        stageForOperator,
      } = support;
      const {
        addBehaviorBundleFromEdge,
        addBehaviorBundleFromPartialEdge,
        addBehaviorBundlesFromLedger,
        addBehaviorBundlesFromNodeActivity,
      } = createBehaviors({ ...support, addField, addOperator, addCouplingOperator });
    
        const INTERACTION_WRITABLE_FIELDS = Object.freeze(new Set([
          'position',
          'velocity',
          'force',
          'angle',
          'angularVelocity',
          'torque',
        ]));
    
        function buildPhysicsIR(input = {}) {
            const universeGraph = input.universeGraph || { nodes: [], edges: [], unresolved: [] };
            const intentBrief = universeGraph.intentBrief || null;
            const prompt = universeGraph.prompt || '';
            const params = input.params || {};
            const entities = [];
            const domains = [];
            const stateFields = [];
            const rigidBodies = [];
            const particles = [];
            const constraints = [];
            const operators = [];
            const couplings = [];
            const behaviorRelations = [];
            const boundaryConditions = [];
            const controls = Object.keys(params).sort().map((key) => ({ id: key, value: params[key] }));
            const receipt = emptyReceipt();
            const domainByNode = new Map();
            const materialAssignments = materialAssignmentsForGraph(universeGraph);
            const environmentPrograms = (universeGraph.environmentPrograms || []).map((row) => ({ ...row }));
    
            for (const node of universeGraph.nodes || []) {
              if (materialAssignments.sourceNodeIds.has(node.id)) {
                receipt.exact.push({
                  promptSpan: node.label,
                  canonicalId: node.canonicalId,
                  confidence: node.confidence,
                  loweredAs: 'material assignment',
                });
                continue;
              }
              const semanticType = String(node.semanticType || node.type || '').toLowerCase();
              const explicitActivity = /-process$/.test(String(node.semanticRole || '')) &&
                (node.operatorTypes || node.operatorHints || []).length > 0;
              const executableObservable = semanticType === 'observable' && (
                node.semanticRole === 'measurement-signal' || explicitActivity
              );
              if (node.supportOnly === true || !executableObservable &&
                /^(concept|event|process|action|observable|operator|part|property|relation|state|visual-effect)$/.test(semanticType)) {
                receipt.exact.push({
                  promptSpan: node.label,
                  canonicalId: node.canonicalId,
                  confidence: node.confidence,
                  loweredAs: 'non-entity semantic evidence',
                });
                continue;
              }
              const entity = entityForNode(node, materialAssignments.byTargetNodeId.get(node.id) || '');
              entities.push(entity);
              receipt.exact.push({ promptSpan: node.label, canonicalId: node.canonicalId, confidence: node.confidence });
              const domain = domainForEntity(entity, node, domains.length);
              domains.push(domain);
              domainByNode.set(node.id, domain);
              addBaseFields(stateFields, entity, domain, params);
              if (domain.kind === 'rigidBody') rigidBodies.push(rigidBodyForEntity(entity, domain));
              if (domain.kind === 'particleSet') particles.push(particleSetForEntity(entity, domain));
              boundaryConditions.push(boundaryForDomain(domain));
            }
    
            for (const unresolved of universeGraph.unresolved || []) {
              receipt.unresolved.push({
                promptSpan: unresolved.text,
                reason: unresolved.reason || 'not grounded',
              });
            }
    
            addCouplingsFromEdges(
              couplings,
              operators,
              stateFields,
              domainByNode,
              universeGraph.edges || [],
              params,
              receipt,
              behaviorRelations
            );
            if (typeof addBehaviorBundlesFromLedger === 'function') {
              addBehaviorBundlesFromLedger(
                couplings,
                operators,
                stateFields,
                domains,
                universeGraph.compositionLedger,
                prompt,
                params,
                receipt,
                behaviorRelations
              );
            }
            if (typeof addBehaviorBundlesFromNodeActivity === 'function') {
              addBehaviorBundlesFromNodeActivity(
                couplings,
                operators,
                stateFields,
                universeGraph.nodes || [],
                domainByNode,
                params,
                receipt,
                behaviorRelations
              );
            }
            if (!entities.length) {
              receipt.unsupported.push({
                promptSpan: prompt || 'empty prompt',
                reason: 'grounded graph has no executable physical entities',
                fallback: 'none',
              });
            }
            const retainedStateFields = executableStateFields(stateFields, operators, universeGraph.observables || []);
            stateFields.splice(0, stateFields.length, ...retainedStateFields);
            addIntentBriefReceipt(receipt, intentBrief);
    
            const readouts = readoutsForIR(stateFields, operators, universeGraph.observables || []);
            return {
              schema: PHYSICAL_IR_SCHEMA,
              prompt,
              entities,
              domains,
              stateFields,
              rigidBodies,
              particles,
              constraints,
              operators,
              couplings,
              behaviorRelations,
              boundaryConditions,
              controls,
              readouts,
              environmentPrograms,
              promptVisualObligations: (universeGraph.promptVisualObligations || []).map((row) => ({ ...row })),
              receipt,
              typedEvidenceBuckets: universeGraph.typedEvidenceBuckets || null,
              compositionLedger: lowerCompositionLedgerForPhysics(universeGraph.compositionLedger, behaviorRelations),
              provenance: {
                compiler: 'simulatte.physics-ir.v1',
                universeGraph: universeGraph.schema || '',
              },
            };
          }
    
        function executableStateFields(fields = [], operators = [], observables = []) {
            const channelIds = new Set((operators || []).flatMap((operator) => [
              ...(operator.inputs || operator.reads || []),
              ...(operator.outputs || operator.writes || []),
            ]));
            const observableChannels = new Set((observables || []).flatMap((row) => [
              row.channel,
              row.stateBinding,
              row.fieldId,
            ]).filter(Boolean));
            return (fields || []).filter((field) => (
              field.interactionWritable === true ||
              channelIds.has(field.id) || observableChannels.has(field.id) ||
              observableChannels.has(field.name)
            ));
          }
    
        function emptyReceipt() {
            return { exact: [], approximate: [], unresolved: [], unsupported: [] };
          }
    
        function addIntentBriefReceipt(receipt, intentBrief) {
            if (!intentBrief) return;
            for (const edge of intentBrief.causalGraph || []) {
              receipt.exact.push({
                promptSpan: edge.mechanism || edge.id || 'intent causal edge',
                canonicalId: edge.operatorType || edge.relationType || '',
                confidence: edge.confidence || 0,
                evidence: edge.evidence || [],
              });
            }
            for (const assumption of intentBrief.assumptions || []) {
              receipt.approximate.push({
                promptSpan: assumption.label || assumption.id,
                reason: assumption.statement || 'explicit intent assumption',
                evidence: assumption.evidence || [],
              });
            }
            for (const row of intentBrief.unsupported || []) {
              receipt.unsupported.push({
                promptSpan: row.label || row.id,
                reason: row.reason || 'unsupported by intent brief',
                fallback: row.fallback || '',
              });
            }
            for (const row of intentBrief.degradedTo || []) {
              receipt.approximate.push({
                promptSpan: row.label || row.id,
                reason: row.reason || 'intent brief selected degraded executable approximation',
              });
            }
          }
    
        function materialAssignmentsForGraph(universeGraph = {}) {
            const byNodeId = new Map((universeGraph.nodes || []).map((node) => [node.id, node]));
            const byTargetNodeId = new Map();
            const sourceNodeIds = new Set();
            for (const edge of universeGraph.edges || []) {
              if (edge.type !== 'materialOf') continue;
              const materialNode = byNodeId.get(edge.from);
              if (!materialNode || !edge.to) continue;
              const materialId = materialNode.materialId || String(materialNode.canonicalId || materialNode.label || '')
                .split(/[._-]/).filter(Boolean).pop();
              if (!materialId) continue;
              byTargetNodeId.set(edge.to, materialId);
              sourceNodeIds.add(edge.from);
            }
            return { byTargetNodeId, sourceNodeIds };
          }
    
        function entityForNode(node, materialOverride = '') {
            return {
              id: slugify(node.id || node.canonicalId || node.label),
              sourceNodeId: node.id,
              canonicalId: node.canonicalId,
              label: node.label || node.canonicalId,
              sourceLabel: node.sourceLabel || (node.aliases || [])[0] || node.label || node.canonicalId,
              semanticType: node.semanticType || 'body',
              semanticRole: node.semanticRole || '',
              semanticClass: node.semanticClass || '',
              visualArchetype: node.visualArchetype || '',
              aliases: node.aliases || [],
              shapeHints: node.shapeHints || [],
              construction: node.construction || null,
              constructionHypotheses: (node.constructionHypotheses || []).map((row) => ({ ...row })),
              constructionProvenance: node.constructionProvenance || [],
              properties: (node.properties || []).map((row) => ({ ...row })),
              partGraph: (node.partGraph || []).map((row) => ({
                ...row,
                properties: (row.properties || []).map((property) => ({ ...property })),
              })),
              cardinality: Number.isFinite(Number(node.cardinality)) ? Number(node.cardinality) : 1,
              poseHint: node.poseHint ? { ...node.poseHint } : null,
              directlyGrounded: node.directlyGrounded === true || node.indexName === 'prompt-typed-slot',
              materialId: materialOverride || node.materialId || materialFromDomains([
                ...(node.domains || []),
                node.label,
                node.canonicalId,
              ]),
              domains: node.domains || [],
              operatorHints: node.operatorHints || [],
              evidence: node.evidence || [],
              geometryRef: geometryForNode(node),
              confidence: node.confidence,
            };
          }
    
        function geometryForNode(node) {
            if (node.directlyGrounded === true && /^(dog|cat)$/.test(String(node.visualArchetype || ''))) {
              return { kind: 'animal-body', joints: 6, bounds: [0.22, 0.34, 0.24, 0.14] };
            }
            if (node.directlyGrounded === true && node.visualArchetype) {
              return {
                kind: 'semantic-object',
                archetype: node.visualArchetype,
                bounds: [0.32, 0.34, 0.24, 0.2],
              };
            }
            if (node.construction) {
              return {
                kind: 'constructive-program',
                construction: node.construction,
                constructionHypotheses: (node.constructionHypotheses || []).map((row) => ({ ...row })),
                bounds: [0.2, 0.24, 0.28, 0.24],
              };
            }
            const text = [
              node.label,
              node.canonicalId,
              node.semanticType,
              ...(node.domains || []),
              ...(node.operatorHints || []),
              ...(node.shapeHints || []),
            ].filter(Boolean).join(' ').toLowerCase();
            if (/\b(gut|microbiome|microbe|microbes|bacteria|colonies|colony|intestinal|intestine|immune|metabolite|metabolites|fold|folds|tissue)\b/.test(text)) {
              return { kind: 'tissue-colony-fold', folds: 7, colonies: 18, bounds: [0.12, 0.18, 0.76, 0.62] };
            }
            if (/\b(protein|molecular|bond|gluten|dough|strand|enzyme|ribosome)\b/.test(text)) {
              return { kind: 'chain-network', nodes: 18, bounds: [0.18, 0.22, 0.64, 0.48] };
            }
            if (/\b(root|mangrove|coral|algae|mycelium|biofilm|colony|branch)\b/.test(text)) {
              return { kind: 'branch-network', nodes: 22, bounds: [0.12, 0.2, 0.72, 0.56] };
            }
            if (/\b(dog|dogs|cat|cats|mammal|mammals|animal|animals|gait|fur)\b|small[_-]?mammal|medium[_-]?mammal/.test(text)) {
              return { kind: 'animal-body', joints: 6, bounds: [0.22, 0.34, 0.24, 0.14] };
            }
            if (/\b(flower|flowers|plant|plants|leaf|leaves|tree|trees|garden|crop|botanical|biomass)\b|light[_-]?response/.test(text)) {
              return { kind: 'botanical-cluster', stems: 12, bounds: [0.18, 0.24, 0.44, 0.5] };
            }
            if (/\b(robot|robotic|gripper|servo|workcell|manipulator|armature)\b/.test(text)) {
              return { kind: 'articulated-arm', joints: 4, anchor: [0.62, 0.48] };
            }
            if (/\b(railway|rail|train|subway|dispatch|signal block|signal blocks|platform|slot|slots|delayed)\b/.test(text)) {
              return { kind: 'rail-dispatch-grid', nodes: 14, bounds: [0.1, 0.2, 0.8, 0.52] };
            }
            if (/\b(data center|server|rack|racks|cooling aisle|cooling aisles)\b/.test(text)) {
              return { kind: 'data-center-grid', nodes: 12, bounds: [0.1, 0.18, 0.8, 0.58] };
            }
            if (/\b(zoning|shadow|pedestrian|comfort|sunlight|building masses|city grid|urban)\b/.test(text)) {
              return { kind: 'civic-shadow-volume', cells: 12, bounds: [0.12, 0.16, 0.76, 0.64] };
            }
            if (/\b(lab|sample holder|sample|phase study|generic lab)\b/.test(text)) {
              return { kind: 'lab-sample-stage', panels: 3, bounds: [0.2, 0.26, 0.58, 0.42] };
            }
            if (/\b(glacier|iceberg|fjord|sea ice|ice shelf|calving|ocean)\b/.test(text)) {
              return { kind: 'ice-water-section', bounds: [0.08, 0.16, 0.84, 0.66] };
            }
            if (/\b(detector|calorimeter|sensor|readout|chip|resonator|instrument)\b/.test(text)) {
              return { kind: 'instrument-plane', panels: 5, bounds: [0.14, 0.18, 0.72, 0.58] };
            }
            if (/\b(server|rack|data center|warehouse|queue|traffic|market|city|zoning)\b/.test(text)) {
              return { kind: 'node-grid', nodes: 9, bounds: [0.12, 0.18, 0.76, 0.62] };
            }
            if (/\b(building|stairwell|concrete|wall|castle|cathedral)\b/.test(text)) {
              return { kind: 'sectioned-structure', bounds: [0.58, 0.24, 0.24, 0.5] };
            }
            if (/\b(fire|flame|smoke|soot|plume|combustion)\b/.test(text)) {
              return { kind: 'plume-volume', bounds: [0.18, 0.18, 0.58, 0.68] };
            }
            if (/\b(planet|moon|ring|rings|orbit|orbital|asteroid|space)\b/.test(text)) {
              return { kind: 'orbital-system', bodies: 5, anchor: [0.5, 0.5] };
            }
            if (/\b(turbine|rotor|wheel)\b/.test(text)) return { kind: 'disk', radius: 0.12, anchor: [0.54, 0.52] };
            if (/\b(lava|river|water|wind|rain|flow|fluid|channel)\b/.test(text)) {
              return { kind: 'flow-channel', bounds: [0.08, 0.18, 0.84, 0.64] };
            }
            if (/\b(wall|castle|cathedral)\b/.test(text)) return { kind: 'barrier', bounds: [0.68, 0.28, 0.12, 0.46] };
            if (/\b(projectile|hammer)\b/.test(text)) return { kind: 'point-body', radius: 0.045, anchor: [0.22, 0.42] };
            if (/\b(network|queue|traffic|market|city)\b/.test(text)) return { kind: 'node-grid', nodes: 6 };
            return { kind: 'body', bounds: [0.32, 0.34, 0.24, 0.2] };
          }
    
        function domainForEntity(entity, node, index) {
            const domains = node.domains || entity.domains || [];
            const operatorHints = uniqueList([...(entity.operatorHints || []), ...(node.operatorHints || [])]);
            const kind = inferredDomainKind(entity, node, domains);
            const tags = domainTagsForEntity(entity, node, domains, operatorHints);
            return {
              id: `domain:${entity.id}`,
              entityId: entity.id,
              sourceNodeId: node.id,
              kind,
              materialId: entity.materialId,
              geometryRef: entity.geometryRef,
              tags,
              operatorHints,
              order: index,
            };
          }
    
        function inferredDomainKind(entity, node, domains) {
            const semanticType = entity.semanticType || node.semanticType || '';
            const operatorHints = uniqueList([...(entity.operatorHints || []), ...(node.operatorHints || [])]);
            const text = [
              entity.id,
              entity.label,
              entity.canonicalId,
              semanticType,
              ...(domains || []),
            ].filter(Boolean).join(' ').toLowerCase();
            if (semanticType === 'observable' && entity.semanticRole === 'measurement-signal') return 'field';
            if (
              semanticType === 'network' ||
              (domains || []).some((domain) => domain === 'network' || domain === 'control') ||
              operatorHints.includes('network_flow')
            ) {
              return 'network';
            }
            if (
              entity.semanticRole === 'fluid-medium' ||
              (domains || []).includes('fluid')
            ) {
              return 'fluid';
            }
            if (entity.directlyGrounded === true && entity.visualArchetype &&
              !/^(?:environment|material|medium)$/.test(String(semanticType).toLowerCase())) {
              return 'rigidBody';
            }
            if (/\b(railway|rail|train|subway|dispatch|signal|platform|slot|zoning|queue|traffic|market|network|agent|server|city)\b/.test(text)) {
              return 'network';
            }
            if (/\b(sunlight|shadow|phase study|lab sample|sample holder|immune sampling|metabolite|nutrient|density)\b/.test(text)) {
              return 'field';
            }
            if (/\b(lava|magma|water|river|lake|pool|pond|ocean|fluid|flow channel)\b/.test(text)) {
              return 'fluid';
            }
            return preferredDomainKind(domains, semanticType);
          }
    
        function domainTagsForEntity(entity, node, domains, operatorHints) {
            const identityText = [
              entity.id,
              entity.label,
              entity.canonicalId,
              node && node.label,
              ...(domains || []),
            ].filter(Boolean).join(' ').toLowerCase();
            const text = [
              identityText,
              ...(operatorHints || []),
            ].filter(Boolean).join(' ').toLowerCase();
            const opticalOnlyLight = /\b(sunlight|shadow|shadows|light volume|light volumes)\b/.test(identityText) &&
              !/\b(heat|heated|heating|thermal|temperature|cooling|coolant|fire|flame|smoke|steam)\b/.test(identityText);
            return uniqueList([
              entity.semanticType,
              entity.semanticRole,
              ...(domains || []).filter((domain) => !(opticalOnlyLight && domain === 'thermal')),
              ...(operatorHints || []).filter((hint) => !(opticalOnlyLight && hint === 'heat_transfer')),
            ].filter(Boolean));
          }
    
        function preferredDomainKind(domains, semanticType) {
            if (semanticType === 'network') return 'network';
            if (semanticType === 'fluid') return 'fluid';
            if (semanticType === 'observable') return 'field';
            if ((domains || []).some((domain) => /^(water|lake|pool|pond|river|ocean|beach)$/.test(domain))) return 'fluid';
            for (const domain of domains || []) {
              if (DOMAIN_KIND_BY_HINT[domain]) return DOMAIN_KIND_BY_HINT[domain];
            }
            return 'rigidBody';
          }
    
        function addBaseFields(fields, entity, domain, params) {
            const id = entity.id;
            addField(fields, domain, 'position', 'vector2', 'normalized', { x: anchorValue(domain, 0), y: anchorValue(domain, 1) });
            if (domain.kind === 'fluid' || hasTag(domain, 'fluid')) {
              addField(fields, domain, 'flowVelocity', 'vector2', 'm/s', {
                x: clamp(Number(params.flowRate ?? params.windSpeed ?? 0.55), -2, 2),
                y: hasTag(domain, 'lava') ? 0.12 : 0,
              });
              addField(fields, domain, 'pressure', 'scalar', 'kPa', 0.34);
              addField(fields, domain, 'viscosity', 'scalar', 'Pa*s', materialViscosity(entity.materialId));
            }
            if (domain.kind === 'rigidBody' || hasTag(domain, 'rotationalMechanics')) {
              addField(fields, domain, 'velocity', 'vector2', 'm/s', { x: 0, y: 0 });
              addField(fields, domain, 'angle', 'scalar', 'rad', 0);
              addField(fields, domain, 'angularVelocity', 'scalar', 'rad/s', 0);
              addField(fields, domain, 'force', 'vector2', 'N', { x: 0, y: 0 });
              addField(fields, domain, 'torque', 'scalar', 'N*m', 0);
            }
            if (domain.kind === 'solid' || hasTag(domain, 'fracture')) {
              addField(fields, domain, 'stress', 'scalar', 'Pa', 0);
              addField(fields, domain, 'damage', 'scalar', 'ratio', 0);
            }
            if (
              hasTag(domain, 'constraint') ||
              hasTag(domain, 'atomic') ||
              hasTag(domain, 'protein') ||
              hasTag(domain, 'robotic') ||
              hasTag(domain, 'contact')
            ) {
              addField(fields, domain, 'stress', 'scalar', 'Pa', 0);
              addField(fields, domain, 'damage', 'scalar', 'ratio', 0);
            }
            if (
              hasTag(domain, 'thermal') ||
              domain.kind === 'solid' ||
              domain.kind === 'rigidBody' ||
              ['lava', 'fire', 'ice', 'water', 'metal', 'rock'].includes(entity.materialId)
            ) {
              addField(fields, domain, 'temperature', 'scalar', 'K', materialTemperature(entity.materialId, params));
            }
            if ((hasTag(domain, 'phase') && !['lava', 'fire'].includes(entity.materialId)) || entity.materialId === 'ice') {
              addField(fields, domain, 'liquidFraction', 'scalar', 'ratio', entity.materialId === 'water' ? 1 : 0);
            }
            if (domain.kind === 'network') {
              addField(fields, domain, 'backlog', 'scalar', 'ratio', clamp01(Number(params.queueBacklog || 0.35)));
              addField(fields, domain, 'throughput', 'scalar', 'ratio', clamp01(Number(params.serviceRate || 0.42)));
              addField(fields, domain, 'signalDelay', 'scalar', 's', clamp01(Number(params.networkLatency || params.signalDelay || 0.2)));
            }
            if (hasTag(domain, 'wave') || hasTag(domain, 'oscillator')) {
              addField(fields, domain, 'phase', 'scalar', 'rad', 0);
              addField(fields, domain, 'amplitude', 'scalar', 'ratio', clamp01(Number(params.waveAmplitude || 0.44)));
            }
            if (
              hasTag(domain, 'growth') ||
              hasTag(domain, 'biological') ||
              hasTag(domain, 'protein') ||
              hasOperatorHint(domain, 'growth_decay')
            ) {
              addField(fields, domain, 'density', 'scalar', 'ratio', 0.28);
              addField(fields, domain, 'nutrient', 'scalar', 'ratio', 0.62);
            }
            if (
              hasTag(domain, 'reaction') ||
              hasTag(domain, 'chemical') ||
              hasTag(domain, 'fermentation') ||
              hasOperatorHint(domain, 'reaction_diffusion')
            ) {
              addField(fields, domain, 'reactionProgress', 'scalar', 'ratio', 0.08);
            }
            fields.forEach((field) => {
              if (field.domainId === domain.id) field.entityId = id;
            });
          }
    
        function addField(fields, domain, name, type, units, initial) {
            const id = `${name}:${domain.entityId}`;
            if (fields.some((field) => field.id === id)) return;
            fields.push({
              id,
              domainId: domain.id,
              entityId: domain.entityId,
              name,
              type,
              units,
              initial,
              interactionWritable: INTERACTION_WRITABLE_FIELDS.has(name),
              bounds: boundsForField(name),
              owningSolvers: [],
            });
          }
    
        function addCouplingsFromEdges(couplings, operators, fields, domainByNode, edges, params, receipt, behaviorRelations) {
            const edgeById = new Map((edges || []).map((edge) => [edge.id, edge]));
            const supersededPromptEdges = new Set();
            for (const causalEdge of edges || []) {
              if (!causalEdge.operatorType) continue;
              const supersededProcesses = new Set(
                causalEdge.provenance?.groundingPolicy?.supersedesProcessIds || []
              );
              for (const edgeId of causalEdge.provenance?.pathEdgeIds || []) {
                const promptEdge = edgeById.get(edgeId);
                if (promptEdge && (
                  promptEdge.processId === causalEdge.processId ||
                  supersededProcesses.has(promptEdge.processId)
                )) {
                  supersededPromptEdges.add(edgeId);
                }
              }
            }
            for (const edge of edges || []) {
              if (supersededPromptEdges.has(edge.id)) continue;
              const from = domainByNode.get(edge.from);
              const to = domainByNode.get(edge.to);
              if (!from || !to) {
                if (
                  typeof addBehaviorBundleFromPartialEdge === 'function' &&
                  addBehaviorBundleFromPartialEdge(
                    couplings,
                    operators,
                    fields,
                    from,
                    to,
                    edge,
                    params,
                    receipt,
                    behaviorRelations
                  )
                ) continue;
                continue;
              }
              if (isSwimmingEdge(edge, from, to)) {
                addSwimmingBehaviorFromEdge(couplings, operators, fields, from, to, edge, params, receipt, behaviorRelations);
                continue;
              }
              if (
                typeof addBehaviorBundleFromEdge === 'function' &&
                addBehaviorBundleFromEdge(couplings, operators, fields, from, to, edge, params, receipt, behaviorRelations)
              ) {
                continue;
              }
              if (edge.type === 'adjacent') {
                receipt.approximate.push({
                  promptSpan: `${edge.from} adjacent ${edge.to}`,
                  reason: 'compiled as colocated domains without a coupling operator',
                });
                continue;
              }
              if (edge.type === 'materialOf') continue;
              const operator = couplingOperator(edge.type, from, to);
              if (!operator) {
                receipt.unsupported.push({
                  promptSpan: `${edge.from} ${edge.type} ${edge.to}`,
                  reason: 'no compatible physical operator',
                  fallback: 'visual adjacency only',
                });
                continue;
              }
              const op = addCouplingOperator(operators, operator, from, to, params, edge);
              if (!op) {
                receipt.unsupported.push({
                  promptSpan: `${edge.from} ${edge.type} ${edge.to}`,
                  reason: `operator ${operator} is incompatible with the grounded source domain`,
                  fallback: 'visual adjacency only',
                });
                continue;
              }
              couplings.push({ from: from.id, to: to.id, type: edge.type, operatorId: op.id });
            }
          }
    
        function isSwimmingEdge(edge = {}, from = {}, to = {}) {
            const text = [
              edge.type,
              edge.processId,
              edge.relation,
              edge.causalAffordance,
              from.entityId,
              to.entityId,
              ...(from.tags || []),
              ...(to.tags || []),
            ].filter(Boolean).join(' ').toLowerCase();
            return /\bswim|swimming|agents-in-water\b/.test(text) &&
              isAnimalDomain(from) &&
              isWaterDomain(to);
          }
    
        function addSwimmingBehaviorFromEdge(couplings, operators, fields, agentDomain, waterDomain, edge, params, receipt, behaviorRelations) {
            ensureSwimmingFields(fields, agentDomain);
            ensureWaterFields(fields, waterDomain, params);
            const operatorsForBehavior = [
              addSwimmingOperator(operators, 'fluid_locomotion', agentDomain, waterDomain, params),
              addSwimmingOperator(operators, 'buoyancy', agentDomain, waterDomain, params),
              addSwimmingOperator(operators, 'drag', agentDomain, waterDomain, params),
              addSwimmingOperator(operators, 'wake_generation', agentDomain, waterDomain, params),
              addSwimmingOperator(operators, 'body_water_contact', agentDomain, waterDomain, params),
              addSwimmingOperator(operators, 'partial_submersion', agentDomain, waterDomain, params),
            ];
            for (const op of operatorsForBehavior) {
              couplings.push({
                from: agentDomain.id,
                to: waterDomain.id,
                type: op.type,
                operatorId: op.id,
                processId: edge.processId || 'swimming',
              });
            }
            behaviorRelations.push({
              schema: 'simulatte.behaviorRelation.v1',
              id: `behavior:swimming:${agentDomain.entityId}:${waterDomain.entityId}`,
              process: 'swimming',
              agentEntityId: agentDomain.entityId,
              mediumEntityId: waterDomain.entityId,
              relation: edge.type || 'interaction',
              spatialRelation: edge.prepositions && edge.prepositions[0] || 'in',
              operators: operatorsForBehavior.map((op) => op.type),
              evidence: edge.evidence || ['prompt-clause'],
              status: 'lowered',
            });
            receipt.exact.push({
              promptSpan: `${agentDomain.entityId} swimming in ${waterDomain.entityId}`,
              canonicalId: 'behavior.swimming-in-water',
              confidence: edge.confidence || 0.78,
              evidence: edge.evidence || ['prompt-clause'],
            });
          }
    
        function ensureSwimmingFields(fields, domain) {
            addField(fields, domain, 'velocity', 'vector2', 'm/s', { x: 0, y: 0 });
            addField(fields, domain, 'force', 'vector2', 'N', { x: 0, y: 0 });
            addField(fields, domain, 'swimPhase', 'scalar', 'rad', 0);
            addField(fields, domain, 'strokeForce', 'scalar', 'N', 0.42);
            addField(fields, domain, 'buoyancy', 'scalar', 'N', 0.5);
            addField(fields, domain, 'drag', 'scalar', 'ratio', 0.28);
            addField(fields, domain, 'submersion', 'scalar', 'ratio', 0.58);
            addField(fields, domain, 'wake', 'scalar', 'ratio', 0.18);
          }
    
        function ensureWaterFields(fields, domain, params) {
            addField(fields, domain, 'flowVelocity', 'vector2', 'm/s', {
              x: clamp(Number(params.flowRate ?? params.windSpeed ?? 0.32), -2, 2),
              y: 0,
            });
            addField(fields, domain, 'pressure', 'scalar', 'kPa', 0.34);
            addField(fields, domain, 'viscosity', 'scalar', 'Pa*s', materialViscosity('water'));
            addField(fields, domain, 'wake', 'scalar', 'ratio', 0.12);
          }
    
        function addSwimmingOperator(operators, type, agentDomain, waterDomain, params) {
            const agent = agentDomain.entityId;
            const water = waterDomain.entityId;
            const rate = clamp(Number(params.swimRate || params.flowRate || 0.58), 0.05, 2);
            const configs = {
              fluid_locomotion: {
                reads: [`swimPhase:${agent}`, `strokeForce:${agent}`, `velocity:${agent}`, `flowVelocity:${water}`],
                writes: [`velocity:${agent}`, `swimPhase:${agent}`, `strokeForce:${agent}`],
                params: { rate, gait: 'paddle' },
              },
              buoyancy: {
                reads: [`submersion:${agent}`, `buoyancy:${agent}`, `pressure:${water}`],
                writes: [`force:${agent}`, `buoyancy:${agent}`],
                params: { neutralDepth: 0.58 },
              },
              drag: {
                reads: [`velocity:${agent}`, `flowVelocity:${water}`, `viscosity:${water}`, `drag:${agent}`],
                writes: [`velocity:${agent}`, `drag:${agent}`],
                params: { coefficient: 0.34 },
              },
              wake_generation: {
                reads: [`velocity:${agent}`, `wake:${agent}`, `flowVelocity:${water}`],
                writes: [`wake:${agent}`, `wake:${water}`, `flowVelocity:${water}`],
                params: { spread: 0.42 },
              },
              body_water_contact: {
                reads: [`position:${agent}`, `position:${water}`, `submersion:${agent}`],
                writes: [`submersion:${agent}`],
                params: { contactBand: 0.18 },
              },
              partial_submersion: {
                reads: [`position:${agent}`, `buoyancy:${agent}`, `submersion:${agent}`],
                writes: [`submersion:${agent}`, `buoyancy:${agent}`],
                params: { surfaceLevel: 0.58 },
              },
            };
            return addOperator(operators, type, agentDomain, configs[type] || { reads: [], writes: [], params: {} });
          }
    
        function couplingOperator(edgeType, from, to) {
            if (
              (edgeType === 'fluidForce' || edgeType === 'torqueTransfer') &&
              from.kind === 'fluid' &&
              isRotationalDomain(to)
            ) {
              return 'rotational_torque';
            }
            if (edgeType === 'fluidForce' && from.kind === 'fluid' && to.kind === 'fluid') return 'pressure_flow_lite';
            if (edgeType === 'heatTransfer' && hasFieldTarget(from, 'temperature') && hasFieldTarget(to, 'temperature')) {
              return 'heat_transfer';
            }
            if (edgeType === 'phaseChange' && hasFieldTarget(to, 'liquidFraction')) return 'phase_transition';
            if (edgeType === 'collision' && (hasTag(from, 'collision') || from.kind === 'rigidBody') && to.kind !== 'fluid') {
              return 'rigid_collision';
            }
            if (edgeType === 'growthCoupling') return 'growth_decay';
            if (edgeType === 'waveCoupling') return 'wave_field';
            if (edgeType === 'diffusion') return 'diffusion';
            if (edgeType === 'networkFlow' || edgeType === 'controlLoop') return 'network_flow';
            if (edgeType === 'fieldForce' || edgeType === 'refraction') return 'wave_field';
            if (edgeType === 'orbitalGravity') return 'oscillator';
            if (edgeType === 'erosion') return 'pressure_flow_lite';
            if (edgeType === 'adjacent') return null;
            return null;
          }
    
        function addCouplingOperator(operators, type, from, to, params, edge) {
            const fromEntity = from.entityId;
            const toEntity = to.entityId;
            if (type === 'rotational_torque') {
              if (from.kind !== 'fluid') return null;
              return addOperator(operators, type, to, {
                reads: [`flowVelocity:${fromEntity}`, `angularVelocity:${toEntity}`, `viscosity:${fromEntity}`],
                writes: [`angularVelocity:${toEntity}`, `angle:${toEntity}`, `torque:${toEntity}`],
                params: { coupling: clamp(Number(params.turbineCoupling || params.fieldStrength || 0.72), 0.05, 2) },
              });
            }
            if (type === 'heat_transfer') {
              const reads = [`temperature:${fromEntity}`, `temperature:${toEntity}`];
              const writes = [`temperature:${toEntity}`];
              return addOperator(operators, type, to, {
                reads,
                writes,
                params: { rate: clamp(Number(params.heatTransfer || 0.48), 0.02, 2) },
                receipt: inferredChannelReceipt(edge, type, reads, writes),
              });
            }
            if (type === 'phase_transition') {
              const reads = [`temperature:${toEntity}`, `liquidFraction:${toEntity}`];
              const writes = [`liquidFraction:${toEntity}`];
              return addOperator(operators, type, to, {
                reads,
                writes,
                params: { threshold: materialMeltPoint(to.materialId), rate: clamp(Number(params.latentHeat || 0.45), 0.05, 2) },
                receipt: inferredChannelReceipt(edge, type, reads, writes),
              });
            }
            if (type === 'rigid_collision') {
              return addOperator(operators, type, to, {
                reads: [`velocity:${fromEntity}`, `stress:${toEntity}`, `damage:${toEntity}`],
                writes: [`stress:${toEntity}`, `damage:${toEntity}`],
                params: { impulse: clamp(Number(params.impact || params.energyInput || 0.62), 0.05, 2) },
              });
            }
            if (type === 'pressure_flow_lite') {
              const reads = [`pressure:${fromEntity}`, `flowVelocity:${toEntity}`];
              const writes = [`flowVelocity:${toEntity}`];
              return addOperator(operators, type, to, {
                reads,
                writes,
                params: { rate: clamp(Number(params.flowRate || params.erosionRate || 0.52), 0.05, 2) },
                receipt: inferredChannelReceipt(edge, type, reads, writes),
              });
            }
            if (type === 'fracture_threshold') {
              return addOperator(operators, type, to, {
                reads: [`stress:${toEntity}`, `damage:${toEntity}`, `temperature:${toEntity}`],
                writes: [`damage:${toEntity}`],
                params: { threshold: clamp(Number(params.hardness || 0.62), 0.05, 1.4) },
              });
            }
            if (type === 'particle_deposition') {
              return addOperator(operators, type, to, {
                reads: [`airborneDensity:${toEntity}`, `depositedMass:${toEntity}`],
                writes: [`airborneDensity:${toEntity}`, `depositedMass:${toEntity}`],
                params: { rate: clamp(Number(params.settlingRate || params.flowRate || 0.32), 0.02, 2) },
              });
            }
            return addOperator(operators, type, to, {
              reads: [],
              writes: [],
              params: { edgeType: edge && edge.type || '' },
            });
          }
    
        function inferredChannelReceipt(edge = {}, operatorType = '', reads = [], writes = []) {
            if (!edge.inferred || !edge.provenance) return null;
            return {
              schema: 'simulatte.solverChannelReceipt.v1',
              operatorType,
              sourceEdgeId: edge.id || '',
              evidence: edge.evidence || [],
              consumedChannels: reads,
              producedChannels: writes,
              inferenceProvenance: { ...edge.provenance },
            };
          }
    
        function addOperator(operators, type, domain, detail) {
            const reads = uniqueList(detail.reads || []);
            const writes = uniqueList(detail.writes || []);
            const key = `${type}:${domain.entityId}:${reads.join(',')}:${writes.join(',')}`;
            const existing = operators.find((operator) => operator.key === key);
            if (existing) return existing;
            const operator = {
              id: `op${operators.length + 1}:${type}:${domain.entityId}`,
              key,
              type,
              domainId: domain.id,
              entityId: domain.entityId,
              inputs: reads,
              outputs: writes,
              reads,
              writes,
              params: detail.params || {},
              stage: stageForOperator(type),
              receipt: detail.receipt || null,
            };
            operators.push(operator);
            return operator;
          }
    
        function rigidBodyForEntity(entity, domain) {
            return {
              id: `rigid:${entity.id}`,
              entityId: entity.id,
              domainId: domain.id,
              mass: materialDensity(entity.materialId),
              inertia: /turbine|rotor|wheel/i.test(entity.canonicalId) ? 0.38 : 0.62,
              fixed: /wall|castle|cathedral/.test(entity.canonicalId),
            };
          }
    
        function particleSetForEntity(entity, domain) {
            return {
              id: `particles:${entity.id}`,
              entityId: entity.id,
              domainId: domain.id,
              count: /rain|smoke|exhaust/.test(entity.canonicalId) ? 180 : 96,
              materialId: entity.materialId,
            };
          }
    
        function boundaryForDomain(domain) {
            if (domain.kind === 'fluid') return { domainId: domain.id, kind: 'open', axis: 'x', receipt: 'default-open-flow' };
            if (domain.kind === 'network') return { domainId: domain.id, kind: 'driven', value: 'bounded-demand' };
            if (domain.kind === 'solid') return { domainId: domain.id, kind: 'fixed', value: 'static-anchor' };
            return { domainId: domain.id, kind: 'closed', value: 'normalized-canvas' };
          }
    
        const api = Object.freeze({
          PHYSICAL_IR_SCHEMA,
          buildPhysicsIR,
        });
    
      if (typeof module === 'object' && module.exports) module.exports = api;
      root.SimulattePhysicsIR = api;
    })(typeof globalThis !== 'undefined' ? globalThis : window);
    
    (function attachSimulattePhysicsIREntry(root) {
      if (typeof module === 'object' && module.exports) {
        module.exports = require('./simulatte-physics-ir-builder.js');
        return;
      }
      if (!root.SimulattePhysicsIR) {
        throw new Error('SimulattePhysicsIR entry requires the PhysicsIR builder');
      }
    })(typeof globalThis !== 'undefined' ? globalThis : window);
    
    (function attachSimulattePhysicsIRValidator(root, factory) {
      const api = factory();
      if (typeof module === 'object' && module.exports) {
        module.exports = api;
      }
      root.SimulattePhysicsIRValidator = api;
    })(typeof globalThis !== 'undefined' ? globalThis : window, function createPhysicsIRValidatorApi() {
      const VALIDATION_RECEIPT_SCHEMA = 'simulatte.validationReceipt.v1';
    
      const OPERATOR_CONTRACTS = Object.freeze({
        directed_motion: contract(['position', 'velocity'], ['position', 'velocity'], ['rigidBody']),
        free_fall: contract(['position', 'velocity', 'force'], ['position', 'velocity'], ['rigidBody']),
        pendulum: contract(['angle', 'angularVelocity', 'torque'], ['angle', 'angularVelocity'], ['rigidBody']),
        heat_source: contract([], ['temperature'], ['thermal']),
        heat_transfer: contract(['temperature'], ['temperature'], ['thermal']),
        combustion: contract(['fuel', 'temperature'], ['fuel', 'temperature', 'product', 'smoke'], ['thermal', 'field', 'solid', 'rigidBody']),
        advection: contract(['flowVelocity'], ['flowVelocity'], ['fluid']),
        diffusion: contract([], [], ['field']),
        phase_transition: contract(['temperature', 'liquidFraction'], ['liquidFraction'], ['phase']),
        rotational_torque: contract(['angularVelocity'], ['angularVelocity', 'angle'], ['rigidBody']),
        rigid_collision: contract([], ['stress', 'damage'], ['rigidBody', 'solid']),
        fracture_threshold: contract(['stress', 'damage'], ['damage'], ['solid']),
        pressure_flow_lite: contract(['pressure'], ['flowVelocity'], ['fluid']),
        wave_field: contract(['phase', 'amplitude'], ['phase', 'amplitude'], ['field']),
        reaction_diffusion: contract(['reactionProgress'], ['reactionProgress'], ['field']),
        network_flow: contract(['backlog', 'throughput'], ['backlog', 'throughput'], ['network']),
        oscillator: contract(['phase', 'amplitude'], ['phase', 'amplitude'], ['field']),
        growth_decay: contract(['density', 'nutrient'], ['density', 'nutrient'], ['field']),
        particle_deposition: contract(['airborneDensity', 'depositedMass'], ['airborneDensity', 'depositedMass'], ['rigidBody', 'solid', 'fluid', 'field']),
        derive_readout: contract(['signal'], ['signal'], ['field', 'rigidBody', 'solid', 'fluid']),
      });
    
      function contract(reads, writes, domainKinds) {
        return { reads, writes, domainKinds };
      }
    
      function validatePhysicsIR(ir = {}) {
        const fields = Array.isArray(ir.stateFields) ? ir.stateFields : [];
        const fieldById = new Map(fields.map((field) => [field.id, field]));
        const domainById = new Map((ir.domains || []).map((domain) => [domain.id, domain]));
        const receipt = mergeReceipt(ir.receipt);
        const warnings = [];
        const errors = [];
        const repaired = [];
        const ownedFields = new Set();
    
        for (const unresolved of receipt.unresolved) {
          if (!unresolved.reason) unresolved.reason = 'not grounded';
        }
    
        for (const operator of ir.operators || []) {
          const operatorType = operator.type || '';
          const operatorContract = OPERATOR_CONTRACTS[operatorType];
          const domain = domainById.get(operator.domainId);
          if (!operatorContract) {
            addUnsupported(receipt, operator.id, 'operator is not registered', 'static render binding');
            errors.push(`unsupported operator ${operatorType}`);
            continue;
          }
          if (!domain) {
            addUnsupported(receipt, operator.id, 'operator domain is missing', 'operator skipped');
            errors.push(`missing domain ${operator.domainId}`);
            continue;
          }
          if (!compatibleDomain(domain, operatorContract.domainKinds)) {
            receipt.approximate.push({
              promptSpan: operator.id,
              reason: `operator ${operatorType} runs on ${domain.kind} with adapter semantics`,
            });
          }
          for (const fieldId of operator.reads || operator.inputs || []) {
            if (!fieldById.has(fieldId)) {
              addUnsupported(receipt, fieldId, `missing input for ${operatorType}`, 'operator receives neutral value');
              warnings.push(`missing input ${fieldId}`);
            }
          }
          for (const fieldId of operator.writes || operator.outputs || []) {
            const field = fieldById.get(fieldId);
            if (!field) {
              addUnsupported(receipt, fieldId, `missing output for ${operatorType}`, 'operator output ignored');
              warnings.push(`missing output ${fieldId}`);
            } else {
              ownedFields.add(fieldId);
            }
          }
          validateUnits(operator, fieldById, receipt, warnings);
        }
    
        for (const field of fields) {
          if (isDerivedOnly(field.name)) continue;
          if (field.interactionWritable === true) continue;
          if (!ownedFields.has(field.id) && shouldHaveOwner(field)) {
            receipt.approximate.push({
              promptSpan: field.id,
              reason: 'field is initialized and read but not directly written by a solver',
            });
          }
        }
    
        for (const domain of ir.domains || []) {
          const hasBoundary = (ir.boundaryConditions || []).some((row) => row.domainId === domain.id);
          if (!hasBoundary) {
            repaired.push({ domainId: domain.id, repair: 'default closed normalized-canvas boundary' });
          }
        }
    
        const status = errors.length ? 'invalid' : repaired.length || warnings.length ? 'repaired' : 'valid';
        return {
          schema: VALIDATION_RECEIPT_SCHEMA,
          status,
          exact: receipt.exact,
          approximate: receipt.approximate,
          unresolved: receipt.unresolved,
          unsupported: receipt.unsupported,
          warnings,
          errors,
          repairs: repaired,
          metrics: {
            entities: (ir.entities || []).length,
            domains: (ir.domains || []).length,
            fields: fields.length,
            operators: (ir.operators || []).length,
            couplings: (ir.couplings || []).length,
          },
        };
      }
    
      function validateUnits(operator, fieldById, receipt, warnings) {
        if (operator.type !== 'rotational_torque') return;
        const angularOut = (operator.outputs || []).find((fieldId) => /^angularVelocity:/.test(fieldId));
        const flowIn = (operator.inputs || []).find((fieldId) => /^flowVelocity:/.test(fieldId));
        if (!angularOut || !flowIn) return;
        const flow = fieldById.get(flowIn);
        const angular = fieldById.get(angularOut);
        if (!flow || !angular) return;
        if (flow.units !== 'm/s' || angular.units !== 'rad/s') {
          warnings.push(`unit adapter inserted for ${operator.id}`);
          receipt.approximate.push({
            promptSpan: operator.id,
            reason: 'velocity is converted to angular velocity through turbine coupling parameter',
          });
        }
      }
    
      function compatibleDomain(domain, kinds) {
        if (!kinds || !kinds.length) return true;
        if (kinds.includes(domain.kind)) return true;
        return kinds.some((kind) => (domain.tags || []).includes(kind));
      }
    
      function shouldHaveOwner(field) {
        return !['position', 'velocity', 'force', 'torque', 'stress'].includes(field.name);
      }
    
      function isDerivedOnly(name) {
        return ['position', 'force', 'torque', 'stress'].includes(name);
      }
    
      function mergeReceipt(receipt = {}) {
        return {
          exact: cloneRows(receipt.exact),
          approximate: cloneRows(receipt.approximate),
          unresolved: cloneRows(receipt.unresolved),
          unsupported: cloneRows(receipt.unsupported),
        };
      }
    
      function cloneRows(rows) {
        return (Array.isArray(rows) ? rows : []).map((row) => ({ ...row }));
      }
    
      function addUnsupported(receipt, promptSpan, reason, fallback) {
        if (receipt.unsupported.some((row) => row.promptSpan === promptSpan && row.reason === reason)) return;
        receipt.unsupported.push({ promptSpan, reason, fallback });
      }
    
      return {
        VALIDATION_RECEIPT_SCHEMA,
        OPERATOR_CONTRACTS,
        validatePhysicsIR,
      };
    });
    
    (function attachSimulatteSolverValues(root, factory) {
      const api = factory();
      if (typeof module === 'object' && module.exports) module.exports = api;
      root.SimulatteSolverValues = api;
    })(typeof globalThis !== 'undefined' ? globalThis : window, function createSolverValuesApi() {
      const TAU = Math.PI * 2;
    
      function firstInput(step, prefix) {
        return firstMatching(step.inputs || step.reads || [], prefix);
      }
    
      function firstOutput(step, prefix) {
        return firstMatching(step.outputs || step.writes || [], prefix);
      }
    
      function lastOutput(step, prefix) {
        const values = (step.outputs || step.writes || [])
          .filter((id) => id.startsWith(`${prefix}:`));
        return values[values.length - 1] || '';
      }
    
      function firstMatching(values, prefix) {
        return (values || []).find((id) => id.startsWith(`${prefix}:`)) || '';
      }
    
      function vector(value, fallback) {
        if (value && typeof value === 'object') {
          return { x: finite(value.x, fallback.x), y: finite(value.y, fallback.y) };
        }
        return { ...fallback };
      }
    
      function scalar(value, fallback) {
        return finite(value, fallback);
      }
    
      function finite(value, fallback) {
        const number = Number(value);
        return Number.isFinite(number) ? number : fallback;
      }
    
      function clamp(value, min, max) {
        return Math.max(min, Math.min(max, value));
      }
    
      function wrapAngle(angle) {
        const wrapped = angle % TAU;
        return wrapped < 0 ? wrapped + TAU : wrapped;
      }
    
      return Object.freeze({
        firstInput,
        firstOutput,
        lastOutput,
        firstMatching,
        vector,
        scalar,
        finite,
        clamp,
        wrapAngle,
      });
    });
    
    (function attachSimulatteAdvectionSolver(root, factory) {
      const values = typeof module === 'object' && module.exports
        ? require('./simulatte-solver-values.js')
        : root.SimulatteSolverValues;
      const api = factory(values);
      if (typeof module === 'object' && module.exports) module.exports = api;
      root.SimulatteAdvectionSolver = api;
    })(typeof globalThis !== 'undefined' ? globalThis : window, function createAdvectionSolverApi(values) {
      const { firstInput, firstOutput, vector, scalar, finite, clamp } = values;
      return {
        id: 'advection',
        operatorTypes: ['advection'],
        stateVariables: ['flowVelocity', 'pressure'],
        supportedInteractions: ['fluidForce', 'transport'],
        stableDt: 0.05,
        integrator: Object.freeze({ scheme: 'explicit_euler_v1', order: 1, symplectic: false, stableDt: 0.05, cfl: 0.9, stateContract: ['flowVelocity', 'pressure'] }),
        step,
      };
    
      function step({ channels = {}, step: row = {}, dt = 0.016 }) {
        const flowId = firstOutput(row, 'flowVelocity') || firstInput(row, 'flowVelocity');
        if (!flowId) return;
        const flow = vector(channels[flowId], { x: 0.4, y: 0 });
        const rate = finite(row.params && row.params.rate, 0.5);
        const viscosityId = firstInput(row, 'viscosity');
        const viscosity = viscosityId ? scalar(channels[viscosityId], 0.25) : 0.25;
        const pulse = Math.sin((channels.__t || 0) * 1.7 + rate) * 0.018;
        flow.x = clamp(flow.x + (rate - viscosity * 0.18) * dt * 0.4 + pulse, -4, 4);
        flow.y = clamp(flow.y + Math.cos((channels.__t || 0) * 1.3) * dt * 0.08, -4, 4);
        channels[flowId] = flow;
        const pressureId = firstOutput(row, 'pressure');
        if (pressureId) channels[pressureId] = clamp(Math.hypot(flow.x, flow.y) * (1 + viscosity), 0, 2);
      }
    
    });
    
    (function attachSimulatteConstraintSolver(root, factory) {
      const values = typeof module === 'object' && module.exports
        ? require('./simulatte-solver-values.js')
        : root.SimulatteSolverValues;
      const api = factory(values);
      if (typeof module === 'object' && module.exports) module.exports = api;
      root.SimulatteConstraintSolver = api;
    })(typeof globalThis !== 'undefined' ? globalThis : window, function createConstraintSolverApi(values) {
      const { firstOutput, vector, finite } = values;
      return {
        id: 'springs-constraints',
        operatorTypes: ['spring_constraint'],
        stateVariables: ['position', 'force'],
        supportedInteractions: ['distance_constraint', 'anchor', 'spring'],
        stableDt: 0.05,
        integrator: Object.freeze({ scheme: 'explicit_euler_v1', order: 1, symplectic: false, stableDt: 0.05, cfl: 0.9, stateContract: ['position', 'force'] }),
        step,
      };
    
      function step({ channels = {}, step: row = {}, dt = 0.016 }) {
        const forceId = firstOutput(row, 'force');
        if (!forceId) return;
        const current = vector(channels[forceId], { x: 0, y: 0 });
        const stiffness = finite(row.params && row.params.stiffness, 0.4);
        channels[forceId] = {
          x: current.x * (1 - dt * stiffness),
          y: current.y * (1 - dt * stiffness),
        };
      }
    
    });
    
    (function attachSimulatteFractureThresholdSolver(root, factory) {
      const values = typeof module === 'object' && module.exports
        ? require('./simulatte-solver-values.js')
        : root.SimulatteSolverValues;
      const api = factory(values);
      if (typeof module === 'object' && module.exports) module.exports = api;
      root.SimulatteFractureThresholdSolver = api;
    })(typeof globalThis !== 'undefined' ? globalThis : window, function createFractureThresholdSolverApi(values) {
      const { firstInput, firstOutput, scalar, finite, clamp } = values;
      return {
        id: 'fracture-threshold',
        operatorTypes: ['fracture_threshold'],
        stateVariables: ['stress', 'damage', 'temperature'],
        supportedInteractions: ['fracture', 'heatDamage', 'impactDamage'],
        stableDt: 0.05,
        integrator: Object.freeze({ scheme: 'explicit_euler_v1', order: 1, symplectic: false, stableDt: 0.05, cfl: 0.9, stateContract: ['stress', 'damage', 'temperature'] }),
        step,
      };
    
      function step({ channels = {}, step: row = {}, dt = 0.016 }) {
        const stressId = firstInput(row, 'stress');
        const damageId = firstOutput(row, 'damage');
        if (!damageId) return;
        const stress = scalar(channels[stressId], 0);
        const temperatureId = firstInput(row, 'temperature');
        const temperature = temperatureId ? scalar(channels[temperatureId], 0.3) : 0.3;
        const threshold = finite(row.params && row.params.threshold, 0.6);
        const overload = Math.max(0, stress + Math.max(0, temperature - 0.8) * 0.5 - threshold);
        channels[damageId] = clamp(scalar(channels[damageId], 0) + overload * dt * 0.5, 0, 1);
      }
    
    });
    
    (function attachSimulatteGrowthDecaySolver(root, factory) {
      const values = typeof module === 'object' && module.exports
        ? require('./simulatte-solver-values.js')
        : root.SimulatteSolverValues;
      const api = factory(values);
      if (typeof module === 'object' && module.exports) module.exports = api;
      root.SimulatteGrowthDecaySolver = api;
    })(typeof globalThis !== 'undefined' ? globalThis : window, function createGrowthDecaySolverApi(values) {
      const { firstInput, firstOutput, scalar, finite, clamp } = values;
      return {
        id: 'growth-decay',
        operatorTypes: ['growth_decay'],
        stateVariables: ['density', 'nutrient'],
        supportedInteractions: ['growthCoupling', 'resourceConsumption', 'decay'],
        stableDt: 0.05,
        integrator: Object.freeze({ scheme: 'explicit_euler_v1', order: 1, symplectic: false, stableDt: 0.05, cfl: 0.9, stateContract: ['density', 'nutrient'] }),
        step,
      };
    
      function step({ channels = {}, step: row = {}, dt = 0.016 }) {
        const densityId = firstOutput(row, 'density') || firstInput(row, 'density');
        const nutrientId = firstOutput(row, 'nutrient') || firstInput(row, 'nutrient');
        if (!densityId || !nutrientId) return;
        const density = scalar(channels[densityId], 0.25);
        const nutrient = scalar(channels[nutrientId], 0.5);
        const rate = finite(row.params && row.params.rate, 0.25);
        const growth = density * nutrient * rate * dt;
        channels[densityId] = clamp(density + growth - density * dt * 0.025, 0, 1);
        channels[nutrientId] = clamp(nutrient - growth * 0.7 + dt * 0.01, 0, 1);
      }
    
    });
    
    (function attachSimulatteInteractionKinematicsSolver(root, factory) {
      const values = typeof module === 'object' && module.exports
        ? require('./simulatte-solver-values.js')
        : root.SimulatteSolverValues;
      const api = factory(values);
      if (typeof module === 'object' && module.exports) module.exports = api;
      root.SimulatteInteractionKinematicsSolver = api;
    })(typeof globalThis !== 'undefined' ? globalThis : window, function createInteractionKinematicsSolver(values) {
      const { firstMatching, vector, scalar, clamp, wrapAngle } = values;
      return {
        id: 'interaction-kinematics',
        operatorTypes: ['interaction_kinematics'],
        stateVariables: ['position', 'velocity', 'force', 'angle', 'angularVelocity', 'torque'],
        supportedInteractions: ['drag', 'nudge', 'impulse', 'rotate'],
        stableDt: 0.05,
        integrator: Object.freeze({
          scheme: 'semi_implicit_euler_v1',
          order: 1,
          symplectic: true,
          stableDt: 0.05,
          cfl: 0.9,
          stateContract: ['position', 'velocity', 'force', 'angle', 'angularVelocity', 'torque'],
        }),
        step,
      };
    
      function step({ channels = {}, step: row = {}, dt = 0.016, events = [] }) {
        const all = [...(row.inputs || row.reads || []), ...(row.outputs || row.writes || [])];
        const positionId = firstMatching(all, 'position');
        const velocityId = firstMatching(all, 'velocity');
        const forceId = firstMatching(all, 'force');
        const angleId = firstMatching(all, 'angle');
        const angularVelocityId = firstMatching(all, 'angularVelocity');
        const torqueId = firstMatching(all, 'torque');
        const damping = clamp(Number(row.params && row.params.damping || 0.84), 0, 0.999);
        const translationScale = clamp(Number(row.params && row.params.translationScale || 0.18), 0.01, 1);
        let moved = false;
    
        if (positionId && velocityId) {
          const position = vector(channels[positionId], { x: 0.5, y: 0.5 });
          const velocity = vector(channels[velocityId], { x: 0, y: 0 });
          const force = forceId ? vector(channels[forceId], { x: 0, y: 0 }) : { x: 0, y: 0 };
          velocity.x = clamp(velocity.x + force.x * dt * 0.025, -8, 8);
          velocity.y = clamp(velocity.y + force.y * dt * 0.025, -8, 8);
          position.x += velocity.x * dt * translationScale;
          position.y += velocity.y * dt * translationScale;
          if (position.x < 0 || position.x > 1) {
            position.x = clamp(position.x, 0, 1);
            velocity.x *= -0.42;
          }
          if (position.y < 0 || position.y > 1) {
            position.y = clamp(position.y, 0, 1);
            velocity.y *= -0.42;
          }
          const decay = Math.pow(damping, dt * 60);
          velocity.x *= decay;
          velocity.y *= decay;
          channels[positionId] = position;
          channels[velocityId] = velocity;
          if (forceId) channels[forceId] = { x: force.x * decay * 0.72, y: force.y * decay * 0.72 };
          moved = Math.hypot(velocity.x, velocity.y) > 0.0001;
        }
    
        if (angleId && angularVelocityId) {
          let angularVelocity = scalar(channels[angularVelocityId], 0);
          const torque = torqueId ? scalar(channels[torqueId], 0) : 0;
          angularVelocity = clamp(angularVelocity + torque * dt * 0.05, -20, 20);
          channels[angleId] = wrapAngle(scalar(channels[angleId], 0) + angularVelocity * dt);
          channels[angularVelocityId] = angularVelocity * Math.pow(damping, dt * 60);
          if (torqueId) channels[torqueId] = torque * Math.pow(damping * 0.82, dt * 60);
          moved = moved || Math.abs(angularVelocity) > 0.0001;
        }
    
        if (moved && Array.isArray(events)) {
          events.push({
            type: 'interactionKinematics',
            operatorId: row.operatorId || '',
            entityId: row.params && row.params.entityId || '',
          });
        }
      }
    });
    
    (function attachSimulatteNetworkControlSolver(root, factory) {
      const values = typeof module === 'object' && module.exports
        ? require('./simulatte-solver-values.js')
        : root.SimulatteSolverValues;
      const api = factory(values);
      if (typeof module === 'object' && module.exports) module.exports = api;
      root.SimulatteNetworkControlSolver = api;
    })(typeof globalThis !== 'undefined' ? globalThis : window, function createNetworkControlSolverApi(values) {
      const { firstInput, firstOutput, scalar, finite, clamp } = values;
      return {
        id: 'network-control',
        operatorTypes: ['network_flow'],
        stateVariables: ['backlog', 'throughput', 'signalDelay'],
        supportedInteractions: ['demand', 'service', 'feedback'],
        stableDt: 0.05,
        integrator: Object.freeze({ scheme: 'explicit_euler_v1', order: 1, symplectic: false, stableDt: 0.05, cfl: 0.9, stateContract: ['backlog', 'throughput', 'signalDelay'] }),
        step,
      };
    
      function step({ channels = {}, step: row = {}, dt = 0.016 }) {
        const backlogId = firstOutput(row, 'backlog') || firstInput(row, 'backlog');
        const throughputId = firstOutput(row, 'throughput') || firstInput(row, 'throughput');
        const delayId = firstInput(row, 'signalDelay');
        if (!backlogId || !throughputId) return;
        const demand = finite(row.params && row.params.demand, 0.45);
        const delay = delayId ? scalar(channels[delayId], 0.2) : 0.2;
        const previousThroughput = scalar(channels[throughputId], 0.4);
        const previousBacklog = scalar(channels[backlogId], 0.2);
        const throughput = clamp(previousThroughput + (demand - delay) * dt * 0.16, 0, 1);
        const backlog = clamp(previousBacklog + Math.max(0, demand - previousThroughput) * dt * 0.32, 0, 1);
        channels[throughputId] = throughput;
        channels[backlogId] = backlog;
      }
    
    });
    
    (function attachSimulatteParticleDepositionSolver(root, factory) {
      const values = typeof module === 'object' && module.exports
        ? require('./simulatte-solver-values.js')
        : root.SimulatteSolverValues;
      const api = factory(values);
      if (typeof module === 'object' && module.exports) module.exports = api;
      root.SimulatteParticleDepositionSolver = api;
    })(typeof globalThis !== 'undefined' ? globalThis : window, function createParticleDepositionSolverApi(values) {
      const { firstInput, firstOutput, scalar, finite, clamp } = values;
      return {
        id: 'particle-deposition',
        operatorTypes: ['particle_deposition'],
        stateVariables: ['airborneDensity', 'depositedMass'],
        supportedInteractions: ['settling', 'surfaceDeposition', 'massTransfer'],
        stableDt: 0.05,
        integrator: Object.freeze({ scheme: 'explicit_euler_v1', order: 1, symplectic: false, stableDt: 0.05, cfl: 0.9, stateContract: ['airborneDensity', 'depositedMass'] }),
        step,
      };
    
      function step({ channels = {}, step: row = {}, dt = 0.016 }) {
        const airborneId = firstOutput(row, 'airborneDensity') || firstInput(row, 'airborneDensity');
        const depositedId = firstOutput(row, 'depositedMass') || firstInput(row, 'depositedMass');
        if (!airborneId || !depositedId) return;
        const airborne = scalar(channels[airborneId], 0.72);
        const deposited = scalar(channels[depositedId], 0.04);
        const rate = clamp(finite(row.params && row.params.rate, 0.32), 0, 2);
        const transfer = Math.min(airborne, airborne * rate * Math.max(0, dt));
        channels[airborneId] = clamp(airborne - transfer, 0, 1);
        channels[depositedId] = clamp(deposited + transfer, 0, 4);
      }
    });
    
    (function attachSimulatteParticleSolver(root, factory) {
      const values = typeof module === 'object' && module.exports
        ? require('./simulatte-solver-values.js')
        : root.SimulatteSolverValues;
      const api = factory(values);
      if (typeof module === 'object' && module.exports) module.exports = api;
      root.SimulatteParticleSolver = api;
    })(typeof globalThis !== 'undefined' ? globalThis : window, function createParticleSolverApi(values) {
      const { scalar, clamp } = values;
      return {
        id: 'particles',
        operatorTypes: ['advection', 'reaction_diffusion'],
        stateVariables: ['position', 'velocity', 'density'],
        supportedInteractions: ['transport', 'emission', 'mixing'],
        stableDt: 0.05,
        integrator: Object.freeze({ scheme: 'explicit_euler_v1', order: 1, symplectic: false, stableDt: 0.05, cfl: 0.9, stateContract: ['position', 'velocity', 'density'] }),
        step,
      };
    
      function step({ channels = {}, step: row = {}, dt = 0.016 }) {
        for (const output of row.outputs || row.writes || []) {
          if (/density|reactionProgress|nutrient/.test(output)) {
            channels[output] = clamp(scalar(channels[output], 0.3) + dt * 0.02, 0, 1);
          }
        }
      }
    
    });
    
    (function attachSimulattePressureFlowSolver(root, factory) {
      const values = typeof module === 'object' && module.exports
        ? require('./simulatte-solver-values.js')
        : root.SimulatteSolverValues;
      const api = factory(values);
      if (typeof module === 'object' && module.exports) module.exports = api;
      root.SimulattePressureFlowSolver = api;
    })(typeof globalThis !== 'undefined' ? globalThis : window, function createPressureFlowSolverApi(values) {
      const { firstInput, firstOutput, vector, scalar, finite, clamp } = values;
      return {
        id: 'pressure-flow-lite',
        operatorTypes: ['pressure_flow_lite'],
        stateVariables: ['pressure', 'flowVelocity'],
        supportedInteractions: ['pressureGradient', 'flowVelocity'],
        stableDt: 0.05,
        integrator: Object.freeze({ scheme: 'explicit_euler_v1', order: 1, symplectic: false, stableDt: 0.05, cfl: 0.9, stateContract: ['pressure', 'flowVelocity'] }),
        step,
      };
    
      function step({ channels = {}, step: row = {}, dt = 0.016 }) {
        const pressureId = firstInput(row, 'pressure');
        const flowId = firstOutput(row, 'flowVelocity');
        if (!pressureId || !flowId) return;
        const pressure = scalar(channels[pressureId], 0.3);
        const flow = vector(channels[flowId], { x: 0, y: 0 });
        flow.x = clamp(flow.x + pressure * dt * 0.35, -4, 4);
        flow.y = clamp(flow.y + Math.sin((channels.__t || 0) * 0.7) * dt * 0.05, -4, 4);
        channels[flowId] = flow;
      }
    
    });
    
    (function attachSimulatteReactionDiffusionSolver(root, factory) {
      const values = typeof module === 'object' && module.exports
        ? require('./simulatte-solver-values.js')
        : root.SimulatteSolverValues;
      const api = factory(values);
      if (typeof module === 'object' && module.exports) module.exports = api;
      root.SimulatteReactionDiffusionSolver = api;
    })(typeof globalThis !== 'undefined' ? globalThis : window, function createReactionDiffusionSolverApi(values) {
      const { firstInput, firstOutput, scalar, finite, clamp } = values;
      return {
        id: 'reaction-diffusion',
        operatorTypes: ['reaction_diffusion'],
        stateVariables: ['reactionProgress', 'temperature'],
        supportedInteractions: ['reaction', 'frontPropagation'],
        stableDt: 0.05,
        integrator: Object.freeze({ scheme: 'explicit_euler_v1', order: 1, symplectic: false, stableDt: 0.05, cfl: 0.9, stateContract: ['reactionProgress', 'temperature'] }),
        step,
      };
    
      function step({ channels = {}, step: row = {}, dt = 0.016 }) {
        const out = firstOutput(row, 'reactionProgress') || firstInput(row, 'reactionProgress');
        if (!out) return;
        const rate = finite(row.params && row.params.rate, 0.4);
        const value = scalar(channels[out], 0);
        channels[out] = clamp(value + value * (1 - value) * rate * dt + 0.01 * dt, 0, 1);
      }
    
    });
    
    (function attachSimulatteRigidBodySolver(root, factory) {
      const values = typeof module === 'object' && module.exports
        ? require('./simulatte-solver-values.js')
        : root.SimulatteSolverValues;
      const api = factory(values);
      if (typeof module === 'object' && module.exports) module.exports = api;
      root.SimulatteRigidBodySolver = api;
    })(typeof globalThis !== 'undefined' ? globalThis : window, function createRigidBodySolverApi(values) {
      const { firstOutput, scalar, finite, clamp } = values;
      return {
        id: 'rigid-body-2d',
        operatorTypes: ['rigid_collision', 'free_fall', 'pendulum', 'directed_motion'],
        stateVariables: ['position', 'velocity', 'stress', 'damage'],
        supportedInteractions: ['collision', 'impulse', 'damage'],
        stableDt: 0.05,
        integrator: Object.freeze({ scheme: 'explicit_euler_v1', order: 1, symplectic: false, stableDt: 0.05, cfl: 0.9, stateContract: ['position', 'velocity', 'stress', 'damage'] }),
        integrators: Object.freeze({
          directed_motion: Object.freeze({ scheme: 'semi_implicit_euler_v1', stableDt: 0.01,
            stateContract: ['position', 'velocity'] }),
          free_fall: Object.freeze({ scheme: 'constant_acceleration_v1', stableDt: 0.01,
            stateContract: ['position', 'velocity', 'force'] }),
          pendulum: Object.freeze({ scheme: 'velocity_verlet_v1', stableDt: 0.01,
            stateContract: ['angle', 'angularVelocity', 'torque'] }),
        }),
        step,
      };
    
      function step({ channels = {}, step: row = {}, dt = 0.016 }) {
        if ((row.operatorType || row.type) === 'directed_motion') return stepDirectedMotion(channels, row, dt);
        if (['free_fall', 'pendulum'].includes(row.operatorType || row.type)) validateMechanics(row.params || {}, dt);
        if (row.operatorType === 'free_fall' || row.type === 'free_fall') return stepFreeFall(channels, row, dt);
        if (row.operatorType === 'pendulum' || row.type === 'pendulum') return stepPendulum(channels, row, dt);
        const stressId = firstOutput(row, 'stress');
        const damageId = firstOutput(row, 'damage');
        const impulse = finite(row.params && row.params.impulse, 0.5);
        if (stressId) channels[stressId] = clamp(scalar(channels[stressId], 0) + impulse * dt * 0.9, 0, 2);
        if (damageId) channels[damageId] = clamp(scalar(channels[damageId], 0) + impulse * dt * 0.22, 0, 1);
      }
    
      function stepDirectedMotion(channels, row, dt) {
        const { targetChannel, mode, maxSpeed, maxAcceleration, stoppingDistance } = row.params || {};
        if (!Number.isFinite(dt) || dt <= 0 || !['seek', 'flee'].includes(mode) ||
            ![maxSpeed, maxAcceleration, stoppingDistance].every((value) => Number.isFinite(value) && value > 0)) {
          throw new Error('Directed motion requires finite positive integration parameters and seek/flee mode');
        }
        const positionId = firstOutput(row, 'position');
        const velocityId = firstOutput(row, 'velocity');
        const position = channels[positionId], velocity = channels[velocityId], target = channels[targetChannel];
        if (![position, velocity, target].every((value) => value && Number.isFinite(value.x) && Number.isFinite(value.y))) {
          throw new Error('Directed motion requires source position, source velocity, and target position');
        }
        const dx = target.x - position.x, dy = target.y - position.y;
        const distance = Math.hypot(dx, dy);
        const direction = mode === 'seek' ? 1 : -1;
        const remaining = Math.max(0, distance - stoppingDistance);
        const speed = mode === 'seek' ? Math.min(maxSpeed, Math.sqrt(2 * maxAcceleration * remaining), remaining / dt) : maxSpeed;
        const desired = distance > 1e-9 ? { x: direction * dx / distance * speed, y: direction * dy / distance * speed } : { x: 0, y: 0 };
        const changeX = desired.x - velocity.x, changeY = desired.y - velocity.y;
        const factor = Math.min(1, maxAcceleration * dt / Math.max(1e-9, Math.hypot(changeX, changeY)));
        const next = { x: velocity.x + changeX * factor, y: velocity.y + changeY * factor };
        if (mode === 'seek' && remaining <= Math.hypot(next.x, next.y) * dt) {
          next.x = desired.x;
          next.y = desired.y;
        }
        channels[positionId] = { x: clamp(position.x + next.x * dt, 0.05, 0.95), y: clamp(position.y + next.y * dt, 0.05, 0.95) };
        channels[velocityId] = next;
      }
    
      function validateMechanics(params, dt) {
        if (!Number.isFinite(dt) || dt <= 0) throw new Error('Mechanics requires a positive finite dt');
        for (const name of ['worldSpanMeters', 'lengthMeters', 'massKg']) {
          if (params[name] != null && !(Number.isFinite(params[name]) && params[name] > 0)) {
            throw new Error(`Mechanics ${name} must be positive and finite`);
          }
        }
        for (const name of ['acceleration', 'initialAngle', 'floor', 'restitution']) {
          if (params[name] != null && !Number.isFinite(params[name])) throw new Error(`Non-finite mechanics ${name}`);
        }
        if (params.restitution != null && (params.restitution < 0 || params.restitution > 1)) {
          throw new Error('Mechanics restitution must be in [0, 1]');
        }
      }
    
      function stepFreeFall(channels, row, dt) {
        const positionId = firstOutput(row, 'position');
        const velocityId = firstOutput(row, 'velocity');
        const forceId = firstOutput(row, 'force');
        const p = { ...channels[positionId] }, v = { ...channels[velocityId] };
        const force = channels[forceId] || { x: 0, y: 0 };
        const params = row.params || {};
        const g = finite(params.acceleration, 9.81), span = finite(params.worldSpanMeters, 10);
        const mass = finite(params.massKg, 1);
        const ax = finite(force.x, 0) / mass, ay = g + finite(force.y, 0) / mass;
        p.x += (v.x * dt + ax * dt * dt / 2) / span;
        p.y += (v.y * dt + ay * dt * dt / 2) / span;
        v.x += ax * dt;
        v.y += ay * dt;
        const floor = finite(params.floor, 0.9);
        if (p.y >= floor) {
          p.y = floor;
          v.y = -Math.abs(v.y) * finite(params.restitution, 0.42);
          // Rebounds shorter than two substeps settle as resting contact.
          if (Math.abs(v.y) <= Math.abs(ay * dt)) v.y = 0;
        }
        channels[positionId] = p;
        channels[velocityId] = v;
        channels[forceId] = { x: 0, y: 0 };
      }
    
      function stepPendulum(channels, row, dt) {
        const angleId = firstOutput(row, 'angle');
        const velocityId = firstOutput(row, 'angularVelocity');
        const torqueId = firstOutput(row, 'torque');
        const params = row.params || {};
        const length = finite(params.lengthMeters, 1), mass = finite(params.massKg, 1);
        const g = finite(params.acceleration, 9.81);
        let angle = scalar(channels[angleId], params.initialAngle);
        let velocity = scalar(channels[velocityId], 0);
        const acceleration = (theta) => -g / length * Math.sin(theta) + scalar(channels[torqueId], 0) / (mass * length * length);
        velocity += acceleration(angle) * dt / 2;
        angle += velocity * dt;
        velocity += acceleration(angle) * dt / 2;
        channels[angleId] = angle;
        channels[velocityId] = velocity;
        channels[torqueId] = 0;
      }
    
    });
    
    (function attachSimulatteRotationalMechanicsSolver(root, factory) {
      const values = typeof module === 'object' && module.exports
        ? require('./simulatte-solver-values.js')
        : root.SimulatteSolverValues;
      const api = factory(values);
      if (typeof module === 'object' && module.exports) module.exports = api;
      root.SimulatteRotationalMechanicsSolver = api;
    })(typeof globalThis !== 'undefined' ? globalThis : window, function createRotationalMechanicsSolverApi(values) {
      const { firstInput, firstOutput, vector, scalar, finite, clamp, wrapAngle } = values;
      return {
        id: 'rotational-mechanics',
        operatorTypes: ['rotational_torque'],
        stateVariables: ['angularVelocity', 'angle', 'angularMomentum', 'torque'],
        supportedInteractions: ['fluidForce', 'torqueTransfer', 'trajectoryCurvature'],
        stableDt: 0.05,
        integrator: Object.freeze({ scheme: 'semi_implicit_euler_v1', order: 1, symplectic: true, stableDt: 0.05, cfl: 0.9, stateContract: ['angularVelocity', 'angle'] }),
        step,
      };
    
      function step({ channels = {}, step: row = {}, dt = 0.016 }) {
        const flowId = firstInput(row, 'flowVelocity');
        const angularId = firstOutput(row, 'angularVelocity');
        const angleId = firstOutput(row, 'angle');
        const torqueId = firstOutput(row, 'torque');
        if (!angularId) return;
        if (!flowId) {
          stepRigidRotation(channels, row, dt, angularId, angleId);
          return;
        }
        const flow = vector(channels[flowId], { x: 0.2, y: 0 });
        const speed = Math.hypot(flow.x, flow.y);
        const viscosityId = firstInput(row, 'viscosity');
        const viscosity = viscosityId ? scalar(channels[viscosityId], 0.25) : 0.25;
        const coupling = finite(row.params && row.params.coupling, 0.6);
        const previous = scalar(channels[angularId], 0);
        const torque = speed * coupling * (1.15 - Math.min(0.95, viscosity)) - previous * 0.12;
        const angular = clamp(previous + torque * dt * 4.4, -24, 24);
        channels[angularId] = angular;
        if (angleId) channels[angleId] = wrapAngle(scalar(channels[angleId], 0) + angular * dt);
        if (torqueId) channels[torqueId] = torque;
      }
    
      function stepRigidRotation(channels, row, dt, angularId, angleId) {
        const velocityId = firstInput(row, 'velocity');
        const frictionId = firstInput(row, 'friction');
        const momentumId = firstOutput(row, 'angularMomentum');
        const velocity = vector(channels[velocityId], { x: 0, y: 0 });
        const speed = Math.hypot(velocity.x, velocity.y);
        const friction = clamp(scalar(channels[frictionId], 0.16), 0, 1);
        const coupling = finite(row.params && row.params.coupling, 0.72);
        const drive = finite(row.params && row.params.drive, 0.58);
        const inertia = Math.max(0.05, finite(row.params && row.params.inertia, 0.62));
        const previous = scalar(channels[angularId], 0);
        const target = (speed + drive) * coupling;
        const torque = target - previous * (0.18 + friction * 0.82);
        const angular = clamp(previous + torque * dt * 4.4, -24, 24);
        channels[angularId] = angular;
        if (angleId) channels[angleId] = wrapAngle(scalar(channels[angleId], 0) + angular * dt);
        if (momentumId) channels[momentumId] = angular * inertia;
      }
    
    });
    
    (function attachSimulatteThermalSolver(root, factory) {
      const values = typeof module === 'object' && module.exports
        ? require('./simulatte-solver-values.js')
        : root.SimulatteSolverValues;
      const api = factory(values);
      if (typeof module === 'object' && module.exports) module.exports = api;
      root.SimulatteThermalSolver = api;
    })(typeof globalThis !== 'undefined' ? globalThis : window, function createThermalSolverApi(values) {
      const { firstInput, firstOutput, lastOutput, scalar, finite, clamp } = values;
      return {
        id: 'thermal',
        operatorTypes: ['heat_source', 'heat_transfer', 'phase_transition', 'combustion'],
        stateVariables: ['temperature', 'liquidFraction', 'fuel', 'product', 'smoke'],
        supportedInteractions: ['heatTransfer', 'cooling', 'melting', 'combustion'],
        stableDt: 0.05,
        integrator: Object.freeze({ scheme: 'explicit_euler_v1', order: 1, symplectic: false, stableDt: 0.05, cfl: 0.9, stateContract: ['temperature', 'liquidFraction', 'fuel', 'product', 'smoke'] }),
        step,
      };
    
      function step(context = {}) {
        const type = context.step && context.step.operatorType || context.step && context.step.type || '';
        if (type === 'heat_source') return stepHeatSource(context);
        if (type === 'heat_transfer') return stepHeatTransfer(context);
        if (type === 'phase_transition') return stepPhaseTransition(context);
        if (type === 'combustion') return stepCombustion(context);
      }
    
      function stepHeatSource({ channels = {}, step: row = {}, dt = 0.016 }) {
        const out = firstOutput(row, 'temperature');
        if (!out) return;
        const current = scalar(channels[out], 0.4);
        const strength = finite(row.params && row.params.strength, 0.5);
        channels[out] = clamp(current + strength * dt * 0.42, 0, 2);
      }
    
      function stepHeatTransfer({ channels = {}, step: row = {}, dt = 0.016 }) {
        const sourceId = firstInput(row, 'temperature');
        const targetId = lastOutput(row, 'temperature');
        if (!sourceId || !targetId) return;
        const source = scalar(channels[sourceId], 0.4);
        const target = scalar(channels[targetId], 0.3);
        const rate = finite(row.params && row.params.rate, 0.35);
        channels[targetId] = clamp(target + (source - target) * rate * dt, 0, 2);
      }
    
      function stepPhaseTransition({ channels = {}, step: row = {}, dt = 0.016 }) {
        const temperatureId = firstInput(row, 'temperature');
        const phaseId = firstOutput(row, 'liquidFraction');
        if (!temperatureId || !phaseId) return;
        const temperature = scalar(channels[temperatureId], 0.2);
        const phase = scalar(channels[phaseId], 0);
        const threshold = finite(row.params && row.params.threshold, 0.32);
        const rate = finite(row.params && row.params.rate, 0.45);
        const delta = temperature > threshold
          ? (temperature - threshold) * rate * dt
          : -(threshold - temperature) * rate * dt * 0.2;
        channels[phaseId] = clamp(phase + delta, 0, 1);
      }
    
      function stepCombustion({ channels = {}, step: row = {}, dt = 0.016 }) {
        const fuelId = firstInput(row, 'fuel');
        const temperatureId = firstInput(row, 'temperature');
        const productId = firstOutput(row, 'product');
        const smokeId = firstOutput(row, 'smoke');
        if (!fuelId || !temperatureId || !productId || !smokeId) return;
        const fuel = clamp(scalar(channels[fuelId], 0), 0, 1);
        const temperature = clamp(scalar(channels[temperatureId], 0), 0, 2);
        const product = clamp(scalar(channels[productId], 0), 0, 1);
        const smoke = clamp(scalar(channels[smokeId], 0), 0, 1);
        const threshold = clamp(finite(row.params && row.params.ignitionThreshold, 0.32), 0, 1.5);
        if (temperature <= threshold || fuel <= 0) return;
        const rate = clamp(finite(row.params && row.params.rate, 0.48), 0.02, 2);
        const heatYield = clamp(finite(row.params && row.params.heatYield, 0.7), 0, 2);
        const smokeFraction = clamp(finite(row.params && row.params.smokeFraction, 0.3), 0, 1);
        const productFraction = 1 - smokeFraction;
        const availableProduct = productFraction > 0 ? (1 - product) / productFraction : Number.POSITIVE_INFINITY;
        const availableSmoke = smokeFraction > 0 ? (1 - smoke) / smokeFraction : Number.POSITIVE_INFINITY;
        const requested = rate * (temperature - threshold) * dt;
        const consumed = Math.max(0, Math.min(fuel, availableProduct, availableSmoke, requested));
        channels[fuelId] = clamp(fuel - consumed, 0, 1);
        channels[productId] = clamp(product + consumed * productFraction, 0, 1);
        channels[smokeId] = clamp(smoke + consumed * smokeFraction, 0, 1);
        channels[temperatureId] = clamp(temperature + consumed * heatYield, 0, 2);
      }
    
    });
    
    (function attachSimulatteWaveFieldSolver(root, factory) {
      const values = typeof module === 'object' && module.exports
        ? require('./simulatte-solver-values.js')
        : root.SimulatteSolverValues;
      const api = factory(values);
      if (typeof module === 'object' && module.exports) module.exports = api;
      root.SimulatteWaveFieldSolver = api;
    })(typeof globalThis !== 'undefined' ? globalThis : window, function createWaveFieldSolverApi(values) {
      const { firstInput, firstOutput, scalar, finite, clamp } = values;
      return {
        id: 'wave-field',
        operatorTypes: ['wave_field', 'oscillator'],
        stateVariables: ['phase', 'amplitude'],
        supportedInteractions: ['waveCoupling', 'resonance'],
        stableDt: 0.05,
        integrator: Object.freeze({ scheme: 'explicit_euler_v1', order: 1, symplectic: false, stableDt: 0.05, cfl: 0.9, stateContract: ['phase', 'amplitude'] }),
        step,
      };
    
      function step(context = {}) {
        stepOscillator({ ...context, frequencyScale: context.step && context.step.operatorType === 'wave_field' ? 1.4 : 1 });
      }
    
      function stepOscillator({ channels = {}, step: row = {}, dt = 0.016, frequencyScale = 1 }) {
        const phaseId = firstOutput(row, 'phase') || firstInput(row, 'phase');
        const amplitudeId = firstOutput(row, 'amplitude') || firstInput(row, 'amplitude');
        const frequency = finite(row.params && row.params.frequency, 0.7) * frequencyScale;
        if (phaseId) channels[phaseId] = scalar(channels[phaseId], 0) + frequency * dt * Math.PI * 2;
        if (amplitudeId) {
          const phase = phaseId ? scalar(channels[phaseId], 0) : channels.__t || 0;
          channels[amplitudeId] = clamp(scalar(channels[amplitudeId], 0.4) + Math.sin(phase) * dt * 0.05, 0, 1);
        }
      }
    
    });
    
    (function attachSimulatteSolverRegistry(root, factory) {
      const solverModules = typeof module === 'object' && module.exports
        ? {
          advection: require('./solvers/simulatte-solver-advection.js'),
          constraints: require('./solvers/simulatte-solver-constraints.js'),
          fracture: require('./solvers/simulatte-solver-fracture-threshold.js'),
          growth: require('./solvers/simulatte-solver-growth-decay.js'),
          interaction: require('./solvers/simulatte-solver-interaction-kinematics.js'),
          network: require('./solvers/simulatte-solver-network-control.js'),
          deposition: require('./solvers/simulatte-solver-particle-deposition.js'),
          particles: require('./solvers/simulatte-solver-particles.js'),
          pressure: require('./solvers/simulatte-solver-pressure-flow-lite.js'),
          reaction: require('./solvers/simulatte-solver-reaction-diffusion.js'),
          rigid: require('./solvers/simulatte-solver-rigid-body-2d.js'),
          rotation: require('./solvers/simulatte-solver-rotational-mechanics.js'),
          thermal: require('./solvers/simulatte-solver-thermal.js'),
          wave: require('./solvers/simulatte-solver-wave-field.js'),
        }
        : {};
      const api = factory(root, solverModules);
      if (typeof module === 'object' && module.exports) {
        module.exports = api;
      }
      root.SimulatteSolverRegistry = api;
    })(typeof globalThis !== 'undefined' ? globalThis : window, function createSolverRegistryApi(root = {}, solverModules = {}) {
      const SOLVER_REGISTRY_SCHEMA = 'simulatte.solverRegistry.v1';
      const INTEGRATOR_SCHEMES = Object.freeze({
        constant_acceleration_v1: Object.freeze({ order: 2, symplectic: true }),
        velocity_verlet_v1: Object.freeze({ order: 2, symplectic: true }),
        explicit_euler_v1: Object.freeze({ order: 1, symplectic: false }),
        semi_implicit_euler_v1: Object.freeze({ order: 1, symplectic: true }),
      });
      const moduleApi = {
        advection: solverModules.advection || root.SimulatteAdvectionSolver,
        constraints: solverModules.constraints || root.SimulatteConstraintSolver,
        fracture: solverModules.fracture || root.SimulatteFractureThresholdSolver,
        growth: solverModules.growth || root.SimulatteGrowthDecaySolver,
        interaction: solverModules.interaction || root.SimulatteInteractionKinematicsSolver,
        network: solverModules.network || root.SimulatteNetworkControlSolver,
        deposition: solverModules.deposition || root.SimulatteParticleDepositionSolver,
        particles: solverModules.particles || root.SimulatteParticleSolver,
        pressure: solverModules.pressure || root.SimulattePressureFlowSolver,
        reaction: solverModules.reaction || root.SimulatteReactionDiffusionSolver,
        rigid: solverModules.rigid || root.SimulatteRigidBodySolver,
        rotation: solverModules.rotation || root.SimulatteRotationalMechanicsSolver,
        thermal: solverModules.thermal || root.SimulatteThermalSolver,
        wave: solverModules.wave || root.SimulatteWaveFieldSolver,
      };
    
      const SOLVER_OPERATORS = Object.freeze({
        directed_motion: solver('directed-motion', ['directed_motion'], ['position', 'velocity'], ['position', 'velocity'], 0.01, moduleStep('rigid')),
        free_fall: solver('free-fall', ['free_fall'], ['position', 'velocity', 'force'], ['position', 'velocity'], 0.01, moduleStep('rigid')),
        pendulum: solver('pendulum', ['pendulum'], ['angle', 'angularVelocity', 'torque'], ['angle', 'angularVelocity'], 0.01, moduleStep('rigid')),
        heat_source: solver('thermal-source', ['heat_source'], ['temperature'], ['temperature'], 0.05, moduleStep('thermal')),
        interaction_kinematics: solver(
          'interaction-kinematics',
          ['interaction_kinematics'],
          ['position', 'velocity', 'force', 'angle', 'angularVelocity', 'torque'],
          ['position', 'velocity', 'force', 'angle', 'angularVelocity', 'torque'],
          0.05,
          moduleStep('interaction')
        ),
        heat_transfer: solver('thermal-transfer', ['heat_transfer'], ['temperature'], ['temperature'], 0.05, moduleStep('thermal')),
        combustion: solver('combustion', ['combustion'], ['fuel', 'temperature'], ['fuel', 'temperature', 'product', 'smoke'], 0.05, moduleStep('thermal')),
        advection: solver('advection-lite', ['advection'], ['flowVelocity'], ['flowVelocity', 'pressure'], 0.05, moduleStep('advection')),
        diffusion: solver('scalar-diffusion', ['diffusion'], [], [], 0.05, stepDiffusion),
        phase_transition: solver('phase-transition', ['phase_transition'], ['temperature'], ['liquidFraction'], 0.05, moduleStep('thermal')),
        rotational_torque: solver('rotational-mechanics', ['rotational_torque'], ['angularVelocity'], ['angularVelocity', 'angle'], 0.05, moduleStep('rotation')),
        rigid_collision: solver('rigid-collision', ['rigid_collision'], [], ['stress', 'damage'], 0.05, moduleStep('rigid')),
        fracture_threshold: solver('fracture-threshold', ['fracture_threshold'], ['stress'], ['damage'], 0.05, moduleStep('fracture')),
        pressure_flow_lite: solver('pressure-flow-lite', ['pressure_flow_lite'], ['pressure'], ['flowVelocity'], 0.05, moduleStep('pressure')),
        wave_field: solver('wave-field', ['wave_field'], ['phase', 'amplitude'], ['phase', 'amplitude'], 0.05, moduleStep('wave')),
        reaction_diffusion: solver('reaction-diffusion-lite', ['reaction_diffusion'], ['reactionProgress'], ['reactionProgress'], 0.05, moduleStep('reaction')),
        network_flow: solver('network-flow', ['network_flow'], ['backlog', 'throughput'], ['backlog', 'throughput'], 0.05, moduleStep('network')),
        oscillator: solver('oscillator', ['oscillator'], ['phase', 'amplitude'], ['phase', 'amplitude'], 0.05, moduleStep('wave')),
        growth_decay: solver('growth-decay', ['growth_decay'], ['density', 'nutrient'], ['density', 'nutrient'], 0.05, moduleStep('growth')),
        particle_deposition: solver('particle-deposition', ['particle_deposition'], ['airborneDensity', 'depositedMass'], ['airborneDensity', 'depositedMass'], 0.05, moduleStep('deposition')),
        fluid_locomotion: solver('fluid-locomotion', ['fluid_locomotion'], ['swimPhase', 'strokeForce', 'velocity'], ['velocity', 'swimPhase', 'strokeForce'], 0.05, stepFluidLocomotion),
        buoyancy: solver('buoyancy', ['buoyancy'], ['submersion', 'buoyancy'], ['force', 'buoyancy'], 0.05, stepBuoyancy),
        drag: solver('drag', ['drag'], ['velocity', 'flowVelocity', 'viscosity'], ['velocity', 'drag'], 0.05, stepDrag),
        wake_generation: solver('wake-generation', ['wake_generation'], ['velocity', 'wake'], ['wake', 'flowVelocity'], 0.05, stepWakeGeneration),
        body_water_contact: solver('body-water-contact', ['body_water_contact'], ['position', 'submersion'], ['submersion'], 0.05, stepBodyWaterContact),
        partial_submersion: solver('partial-submersion', ['partial_submersion'], ['position', 'buoyancy', 'submersion'], ['submersion', 'buoyancy'], 0.05, stepPartialSubmersion),
        derive_readout: solver('derived-readout', ['derive_readout'], ['signal'], ['signal'], 0.05, stepDerivedReadout),
      });
    
      function solver(id, operatorTypes, requiredFields, producedFields, stableDt, step) {
        const module = Object.values(moduleApi).find((candidate) => candidate && candidate.step === step);
        const integrator = normalizeIntegrator(
          module && (module.integrators?.[operatorTypes[0]] || module.integrator),
          [...new Set([...requiredFields, ...producedFields])].length
            ? [...new Set([...requiredFields, ...producedFields])]
            : ['scalar'],
          stableDt
        );
        return {
          id,
          operatorTypes,
          requiredFields,
          producedFields,
          stableDt: integrator.stableDt,
          integrator,
          createState: () => ({}),
          step,
        };
      }
    
      function normalizeIntegrator(value, stateContract = [], stableDt = 0.05) {
        const row = value && typeof value === 'object' ? value : {};
        const scheme = String(row.scheme || 'explicit_euler_v1');
        const definition = INTEGRATOR_SCHEMES[scheme];
        if (!definition) throw new Error(`Unsupported solver integrator scheme: ${scheme}`);
        const normalized = {
          scheme,
          order: Number(row.order || definition.order),
          symplectic: row.symplectic === undefined ? definition.symplectic : row.symplectic === true,
          stableDt: Number(row.stableDt || stableDt),
          cfl: Number(row.cfl || 0.9),
          stateContract: [...new Set((row.stateContract || stateContract).map(String).filter(Boolean))],
        };
        validateIntegrator(normalized);
        return Object.freeze(normalized);
      }
    
      function validateIntegrator(integrator = {}) {
        const definition = INTEGRATOR_SCHEMES[integrator.scheme];
        if (!definition) throw new Error(`Unknown integrator scheme: ${integrator.scheme || '(missing)'}`);
        if (!(Number(integrator.stableDt) > 0)) throw new Error('Integrator stableDt must be positive');
        if (!(Number(integrator.cfl) > 0 && Number(integrator.cfl) <= 1)) {
          throw new Error('Integrator cfl must be in (0, 1]');
        }
        if (!Array.isArray(integrator.stateContract) || integrator.stateContract.length === 0) {
          throw new Error('Integrator stateContract must name at least one channel family');
        }
        if (Number(integrator.order) !== definition.order || Boolean(integrator.symplectic) !== definition.symplectic) {
          throw new Error(`Integrator metadata disagrees with ${integrator.scheme}`);
        }
        return true;
      }
    
      function moduleStep(name) {
        const api = moduleApi[name] || {};
        if (typeof api.step === 'function') return api.step;
        return (context = {}) => {
          if (Array.isArray(context.events)) {
            context.events.push({
              type: 'missingSolverModule',
              module: name,
              operatorType: context.step && (context.step.operatorType || context.step.type) || '',
            });
          }
        };
      }
    
      function createSolverRegistry(extraOperators = {}) {
        const operators = { ...SOLVER_OPERATORS, ...extraOperators };
        for (const [operatorType, row] of Object.entries(operators)) {
          if (!row || !row.integrator) throw new Error(`Solver ${operatorType} is missing integrator metadata`);
          validateIntegrator(row.integrator);
        }
        return {
          schema: SOLVER_REGISTRY_SCHEMA,
          operators,
          operatorFor(type) {
            return this.operators[type] || null;
          },
          stepOperator(context) {
            const row = this.operatorFor(context.step.operatorType || context.step.type);
            if (!row) {
              context.events.push({ type: 'unsupportedOperator', operatorType: context.step.operatorType || context.step.type });
              return;
            }
            row.step(context);
          },
        };
      }
    
      function stepDiffusion({ channels, step, dt }) {
        for (const output of step.outputs || []) {
          const value = channels[output];
          if (typeof value === 'number') channels[output] = clamp(value + (0.5 - value) * dt * 0.18, 0, 2);
        }
      }
    
      function stepFluidLocomotion({ channels, step, dt }) {
        const phaseKey = findChannel(step.outputs, 'swimPhase') || findChannel(step.inputs, 'swimPhase');
        const strokeKey = findChannel(step.outputs, 'strokeForce') || findChannel(step.inputs, 'strokeForce');
        const velocityKey = findChannel(step.outputs, 'velocity') || findChannel(step.inputs, 'velocity');
        const flowKey = findChannel(step.inputs, 'flowVelocity');
        const rate = Number(step.params && step.params.rate || 0.58);
        const phase = clamp(Number(channels[phaseKey] || 0) + dt * rate * Math.PI * 2, 0, Math.PI * 2);
        channels[phaseKey] = phase >= Math.PI * 2 ? phase - Math.PI * 2 : phase;
        channels[strokeKey] = clamp(0.42 + Math.sin(channels[phaseKey]) * 0.18, 0, 1);
        const flow = vectorValue(channels[flowKey]);
        const velocity = vectorValue(channels[velocityKey]);
        channels[velocityKey] = {
          x: clamp(velocity.x + (channels[strokeKey] * 0.32 - flow.x * 0.08) * dt, -4, 4),
          y: clamp(velocity.y + Math.cos(channels[phaseKey]) * 0.04 * dt, -4, 4),
        };
      }
    
      function stepBuoyancy({ channels, step, dt }) {
        const submersionKey = findChannel(step.inputs, 'submersion');
        const buoyancyKey = findChannel(step.outputs, 'buoyancy') || findChannel(step.inputs, 'buoyancy');
        const forceKey = findChannel(step.outputs, 'force');
        const submersion = clamp(Number(channels[submersionKey] || 0.58), 0, 1);
        const buoyancy = clamp((0.5 - Math.abs(0.58 - submersion)) + dt * 0.08, 0, 1);
        channels[buoyancyKey] = buoyancy;
        if (forceKey) {
          const force = vectorValue(channels[forceKey]);
          channels[forceKey] = { x: force.x, y: clamp(force.y - buoyancy * dt, -4, 4) };
        }
      }
    
      function stepDrag({ channels, step, dt }) {
        const velocityKey = findChannel(step.outputs, 'velocity') || findChannel(step.inputs, 'velocity');
        const dragKey = findChannel(step.outputs, 'drag') || findChannel(step.inputs, 'drag');
        const viscosityKey = findChannel(step.inputs, 'viscosity');
        const velocity = vectorValue(channels[velocityKey]);
        const viscosity = clamp(Number(channels[viscosityKey] || 0.18), 0, 1);
        const drag = clamp(Math.hypot(velocity.x, velocity.y) * (0.18 + viscosity), 0, 1);
        channels[dragKey] = drag;
        channels[velocityKey] = {
          x: velocity.x * (1 - drag * dt),
          y: velocity.y * (1 - drag * dt),
        };
      }
    
      function stepWakeGeneration({ channels, step, dt }) {
        const velocityKey = findChannel(step.inputs, 'velocity');
        const wakeOutputs = (step.outputs || []).filter((id) => /wake/.test(id));
        const flowKey = findChannel(step.outputs, 'flowVelocity');
        const velocity = vectorValue(channels[velocityKey]);
        const wake = clamp(Math.hypot(velocity.x, velocity.y) * 0.32, 0, 1);
        for (const key of wakeOutputs) channels[key] = clamp(Number(channels[key] || 0) + (wake - Number(channels[key] || 0)) * dt * 3, 0, 1);
        if (flowKey) {
          const flow = vectorValue(channels[flowKey]);
          channels[flowKey] = {
            x: clamp(flow.x + velocity.x * dt * 0.08, -4, 4),
            y: clamp(flow.y + velocity.y * dt * 0.04, -4, 4),
          };
        }
      }
    
      function stepBodyWaterContact({ channels, step, dt }) {
        const output = findChannel(step.outputs, 'submersion');
        if (!output) return;
        const current = Number(channels[output] || 0.58);
        channels[output] = clamp(current + (0.62 - current) * dt * 2, 0, 1);
      }
    
      function stepPartialSubmersion({ channels, step, dt }) {
        const submersionKey = findChannel(step.outputs, 'submersion') || findChannel(step.inputs, 'submersion');
        const buoyancyKey = findChannel(step.outputs, 'buoyancy') || findChannel(step.inputs, 'buoyancy');
        const submersion = clamp(Number(channels[submersionKey] || 0.58) + Math.sin(Number(channels.__t || 0) * 1.7) * dt * 0.04, 0.38, 0.82);
        channels[submersionKey] = submersion;
        channels[buoyancyKey] = clamp(1 - Math.abs(0.58 - submersion), 0, 1);
      }
    
      function stepDerivedReadout({ channels, step, dt }) {
        const signalKey = findChannel(step.outputs, 'signal') || findChannel(step.inputs, 'signal');
        if (!signalKey) return;
        const gain = clamp(Number(step.params && step.params.gain || 0.76), 0.05, 2);
        const frequency = clamp(Number(step.params && step.params.frequency || 2.4), 0.1, 8);
        const phase = Number(channels.__t || 0) * frequency;
        const pulse = 0.18 + Math.max(0, Math.sin(phase)) * 0.72;
        const current = clamp(Number(channels[signalKey] || 0), 0, 1);
        channels[signalKey] = clamp(current + (pulse - current) * dt * gain * 4, 0, 1);
      }
    
      function findChannel(channels, name) {
        return (channels || []).find((id) => String(id || '').startsWith(`${name}:`)) || '';
      }
    
      function vectorValue(value) {
        if (value && typeof value === 'object') {
          return { x: Number(value.x || 0), y: Number(value.y || 0) };
        }
        return { x: 0, y: 0 };
      }
    
      function clamp(value, min, max) {
        return Math.max(min, Math.min(max, value));
      }
    
      return {
        SOLVER_REGISTRY_SCHEMA,
        INTEGRATOR_SCHEMES,
        SOLVER_OPERATORS,
        createSolverRegistry,
        validateIntegrator,
      };
    });
    
    (function attachSimulatteSolverCompiler(root, factory) {
      const registryApi = typeof module === 'object' && module.exports
        ? require('./simulatte-solver-registry.js')
        : root.SimulatteSolverRegistry;
      const operatorStage = typeof module === 'object' && module.exports
        ? require('./simulatte-operator-stage.js')
        : root.SimulatteOperatorStage;
      const deterministicValues = typeof module === 'object' && module.exports
        ? require('../../../shared/deterministic-values.js')
        : root.SimulatteDeterministicValues;
      const api = factory(registryApi || {}, operatorStage || {}, deterministicValues || {});
      if (typeof module === 'object' && module.exports) {
        module.exports = api;
      }
      root.SimulatteSolverCompiler = api;
    })(typeof globalThis !== 'undefined' ? globalThis : window, function createSolverCompilerApi(registryApi = {}, operatorStage = {}, deterministicValues = {}) {
      const SOLVER_GRAPH_SCHEMA = 'simulatte.solverGraph.v1';
      const ENERGY_LEDGER_SCHEMA = 'simulatte.energyLedger.v1';
      const CHECKPOINT_SCHEMA = 'simulatte.checkpoint.v1';
      const { stageForOperator } = operatorStage;
      if (typeof stageForOperator !== 'function') throw new Error('Operator stage contract unavailable');
      const SCHEDULE = Object.freeze([
        'controls',
        'sources',
        'fields',
        'couplings',
        'constraints',
        'collisions',
        'derivedReadouts',
        'events',
      ]);
    
      function compileSolverGraph(physicsIR = {}, validationReceipt = null) {
        const registry = registryApi.createSolverRegistry ? registryApi.createSolverRegistry() : fallbackRegistry();
        const fields = Array.isArray(physicsIR.stateFields) ? physicsIR.stateFields : [];
        const channels = {};
        const channelMetadata = {};
        for (const field of fields) {
          channels[field.id] = cloneValue(field.initial);
          channelMetadata[field.id] = {
            name: field.name,
            units: field.units,
            type: field.type,
            domainId: field.domainId,
            entityId: field.entityId,
            bounds: field.bounds || null,
            interactionWritable: field.interactionWritable === true,
          };
        }
        const steps = [];
        const warnings = [];
        for (const operator of physicsIR.operators || []) {
          const solver = registry.operatorFor ? registry.operatorFor(operator.type) : null;
          if (!solver) {
            warnings.push({ operatorId: operator.id, reason: `missing solver for ${operator.type}` });
            continue;
          }
          steps.push({
            operatorId: operator.id,
            operatorType: operator.type,
            solverId: solver.id,
            stage: operator.stage || stageForOperator(operator.type),
            reads: operator.reads || operator.inputs || [],
            writes: operator.writes || operator.outputs || [],
            inputs: operator.inputs || operator.reads || [],
            outputs: operator.outputs || operator.writes || [],
            params: { ...(operator.params || {}) },
            receipt: operator.receipt ? { ...operator.receipt } : null,
            stableDt: solver.integrator && solver.integrator.stableDt || solver.stableDt || 0.05,
            integrator: cloneValue(solver.integrator),
          });
        }
        for (const entity of physicsIR.entities || []) {
          const entityId = String(entity.id || '');
          const interactionChannels = fields
            .filter((field) => field.entityId === entityId && field.interactionWritable === true &&
              !steps.some((step) => ['free_fall', 'pendulum', 'directed_motion'].includes(step.operatorType) && step.outputs.includes(field.id)))
            .map((field) => field.id);
          if (!interactionChannels.some((id) => id.startsWith('position:'))) continue;
          const solver = registry.operatorFor ? registry.operatorFor('interaction_kinematics') : null;
          if (!solver) {
            warnings.push({ operatorId: `interaction:${entityId}`, reason: 'missing interaction kinematics solver' });
            continue;
          }
          steps.push({
            operatorId: `interaction:${entityId}`,
            operatorType: 'interaction_kinematics',
            solverId: solver.id,
            stage: 'controls',
            reads: interactionChannels.slice(),
            writes: interactionChannels.slice(),
            inputs: interactionChannels.slice(),
            outputs: interactionChannels.slice(),
            params: { entityId, damping: 0.84, translationScale: 0.18 },
            receipt: {
              schema: 'simulatte.interactionSolverBindingReceipt.v1',
              source: 'physicsIR.interactionWritable',
              entityId,
              channels: interactionChannels.slice(),
            },
            stableDt: solver.integrator && solver.integrator.stableDt || solver.stableDt || 0.05,
            integrator: cloneValue(solver.integrator),
          });
        }
        steps.sort((a, b) => scheduleIndex(a.stage) - scheduleIndex(b.stage));
        return {
          schema: SOLVER_GRAPH_SCHEMA,
          sourceIR: physicsIR.schema || '',
          channels,
          channelMetadata,
          steps,
          schedule: SCHEDULE.slice(),
          readouts: physicsIR.readouts || [],
          energyFlows: cloneValue(physicsIR.energyFlows || []),
          energyAccounting: cloneValue(physicsIR.energyAccounting || null),
          gridBoundaries: cloneValue(physicsIR.gridBoundaries || []),
          receipt: validationReceipt || physicsIR.receipt || null,
          warnings,
          provenance: {
            compiler: 'simulatte.solver-compiler.v1',
            registry: registry.schema || registryApi.SOLVER_REGISTRY_SCHEMA || '',
          },
        };
      }
    
      function createSolverState(solverGraph = {}) {
        const state = {
          kind: 'solver-state',
          t: 0,
          frame: 0,
          channels: cloneChannels(solverGraph.channels || {}),
          events: [],
          readouts: readoutValuesForChannels(solverGraph.readouts || [], solverGraph.channels || {}),
          summary: deriveChannelSummary(solverGraph.channels || {}, solverGraph.channelMetadata || {}),
          integratorState: {
            schema: 'simulatte.integratorState.v1',
            totalSubsteps: 0,
            lastSubstepCount: 0,
            lastDt: 0,
          },
          executionReceipt: {
            schema: 'simulatte.solverExecutionReceipt.v1',
            status: 'not-exercised',
            frame: 0,
            operatorInvocationCount: 0,
            expectedOperatorIds: (solverGraph.steps || []).map(solverStepIdentity),
            executedOperatorIds: [],
            missingOperatorIds: (solverGraph.steps || []).map(solverStepIdentity),
            finiteChannels: finiteRuntimeValue(solverGraph.channels || {}),
          },
        };
        state.energyLedger = createEnergyLedger(null, state, solverGraph, 0);
        return state;
      }
    
      function stepSolverState(inputState = {}, solverGraph = {}, dtInput = 0.016, registryOverride = null) {
        const registry = registryOverride || (
          registryApi.createSolverRegistry ? registryApi.createSolverRegistry() : fallbackRegistry()
        );
        const dt = clamp(Number(dtInput || 0.016), 0.001, 1);
        const channels = cloneChannels(inputState.channels || solverGraph.channels || {});
        const events = [];
        const executedOperatorIds = [];
        const maxSubDt = stableDtForSolverGraph(solverGraph);
        const substepCount = Math.max(1, Math.ceil(dt / maxSubDt));
        const subDt = dt / substepCount;
        for (let substep = 0; substep < substepCount; substep += 1) {
          channels.__t = Number(inputState.t || 0) + substep * subDt;
          for (const stage of solverGraph.schedule || SCHEDULE) {
            for (const step of solverGraph.steps || []) {
              if ((step.stage || 'events') !== stage) continue;
              registry.stepOperator({
                channels,
                step,
                dt: subDt,
                events,
                metadata: solverGraph.channelMetadata || {},
              });
              executedOperatorIds.push(solverStepIdentity(step));
            }
          }
          applyGridBoundaries(channels, solverGraph.gridBoundaries || [], subDt, events);
        }
        delete channels.__t;
        const t = Number(inputState.t || 0) + dt;
        const summary = deriveChannelSummary(channels, solverGraph.channelMetadata || {});
        const state = {
          kind: 'solver-state',
          t,
          frame: Number(inputState.frame || 0) + 1,
          channels,
          events,
          readouts: readoutValuesForChannels(solverGraph.readouts || [], channels),
          summary,
          integratorState: {
            schema: 'simulatte.integratorState.v1',
            totalSubsteps: Number(inputState.integratorState && inputState.integratorState.totalSubsteps || 0) + substepCount,
            lastSubstepCount: substepCount,
            lastDt: dt,
            maxSubDt,
          },
          executionReceipt: solverExecutionReceipt(
            solverGraph,
            channels,
            Number(inputState.frame || 0) + 1,
            executedOperatorIds
          ),
        };
        state.energyLedger = createEnergyLedger(inputState, state, solverGraph, dt);
        return state;
      }
    
      function solverStepIdentity(step = {}) {
        return String(step.operatorId || step.id || step.type || step.stage || 'anonymous-operator');
      }
    
      function solverExecutionReceipt(solverGraph, channels, frame, invocations) {
        const expectedOperatorIds = [...new Set((solverGraph.steps || []).map(solverStepIdentity))];
        const executedOperatorIds = [...new Set(invocations || [])];
        const executed = new Set(executedOperatorIds);
        const missingOperatorIds = expectedOperatorIds.filter((id) => !executed.has(id));
        const finiteChannels = finiteRuntimeValue(channels);
        return {
          schema: 'simulatte.solverExecutionReceipt.v1',
          status: frame > 0 && finiteChannels && missingOperatorIds.length === 0 ? 'pass' : 'fail',
          frame,
          operatorInvocationCount: (invocations || []).length,
          expectedOperatorIds,
          executedOperatorIds,
          missingOperatorIds,
          finiteChannels,
        };
      }
    
      function finiteRuntimeValue(value) {
        if (typeof value === 'number') return Number.isFinite(value);
        if (Array.isArray(value)) return value.every(finiteRuntimeValue);
        if (value && typeof value === 'object') return Object.values(value).every(finiteRuntimeValue);
        return value === null || ['string', 'boolean', 'undefined'].includes(typeof value);
      }
    
      function stableDtForSolverGraph(solverGraph = {}) {
        const limits = (solverGraph.steps || []).map((step) => {
          const integrator = step.integrator || {};
          const stableDt = Number(integrator.stableDt || step.stableDt || 0.05);
          const cfl = Number(integrator.cfl || 0.9);
          return stableDt / Math.max(1, cfl);
        }).filter((value) => Number.isFinite(value) && value > 0);
        return limits.length ? Math.min(...limits) : 0.05;
      }
    
      function deriveChannelSummary(channels = {}, metadata = {}) {
        let heat = 0;
        let motion = 0;
        let field = 0;
        let matter = 0;
        let damage = 0;
        let count = 0;
        for (const [id, value] of Object.entries(channels)) {
          if (id === '__t') continue;
          const meta = metadata[id] || {};
          const scalarValue = valueMagnitude(value);
          count += 1;
          if (/temperature|heat/i.test(meta.name || id)) heat = Math.max(heat, scalarValue);
          if (/velocity|angle|torque|flow/i.test(meta.name || id)) motion += scalarValue;
          if (/phase|amplitude|pressure|backlog|throughput/i.test(meta.name || id)) field += scalarValue;
          if (/liquidFraction|density|reactionProgress|nutrient/i.test(meta.name || id)) matter += scalarValue;
          if (/damage|stress/i.test(meta.name || id)) damage = Math.max(damage, scalarValue);
        }
        const normalizer = Math.max(1, count);
        const energy = heat * 0.6 + motion * 0.18 + field * 0.12 + matter * 0.1;
        return {
          energy,
          motion: motion / normalizer,
          field: field / normalizer,
          matter: matter / normalizer,
          heat,
          damage,
          stability: clamp(1 - damage * 0.7 - Math.max(0, heat - 1.1) * 0.2, 0, 1),
        };
      }
    
      function readoutValuesForChannels(readouts, channels) {
        const values = {};
        for (const readout of readouts || []) {
          const label = readout.label || readout.channel || 'readout';
          values[label] = valueMagnitude(channels[readout.channel]);
        }
        return values;
      }
    
      function channelValue(solverState, id, fallback = 0) {
        if (!solverState || !solverState.channels || !(id in solverState.channels)) return fallback;
        return solverState.channels[id];
      }
    
      function channelScalar(solverState, id, fallback = 0) {
        return valueMagnitude(channelValue(solverState, id, fallback));
      }
    
      function cloneChannels(channels) {
        const out = {};
        for (const [key, value] of Object.entries(channels || {})) {
          out[key] = cloneValue(value);
        }
        return out;
      }
    
      function cloneValue(value) {
        if (ArrayBuffer.isView(value)) return new value.constructor(value);
        if (Array.isArray(value)) return value.map(cloneValue);
        if (value && typeof value === 'object') {
          return Object.fromEntries(Object.entries(value).map(([key, row]) => [key, cloneValue(row)]));
        }
        return value;
      }
    
      function valueMagnitude(value) {
        if (value && typeof value === 'object') {
          const x = Number(value.x || 0);
          const y = Number(value.y || 0);
          return Number.isFinite(x + y) ? Math.hypot(x, y) : 0;
        }
        const number = Number(value);
        return Number.isFinite(number) ? number : 0;
      }
    
      function createEnergyLedger(previousState, nextState, solverGraph = {}, dt = 0) {
        const previous = energyComponents(
          previousState && previousState.channels || nextState && nextState.channels || {},
          solverGraph.channelMetadata || {}
        );
        const current = energyComponents(nextState && nextState.channels || {}, solverGraph.channelMetadata || {});
        const flows = previousState
          ? energyFlowTotals(solverGraph.energyFlows || [], nextState && nextState.channels || {}, dt)
          : { input: 0, output: 0, dissipated: 0 };
        const previousLedger = previousState && previousState.energyLedger || null;
        const initialEnergy = previousLedger ? Number(previousLedger.initialEnergy || 0) : previous.total;
        const cumulativeInput = Number(previousLedger && previousLedger.cumulativeInput || 0) + flows.input;
        const cumulativeOutput = Number(previousLedger && previousLedger.cumulativeOutput || 0) + flows.output;
        const cumulativeDissipated = Number(previousLedger && previousLedger.cumulativeDissipated || 0) + flows.dissipated;
        const expectedStep = previous.total + flows.input - flows.output - flows.dissipated;
        const expectedCumulative = initialEnergy + cumulativeInput - cumulativeOutput - cumulativeDissipated;
        const reference = Math.max(Math.abs(initialEnergy), Math.abs(current.total), 1e-9);
        const dEStep = previousState ? Math.abs(current.total - expectedStep) / reference : 0;
        const dECumulative = previousState ? Math.abs(current.total - expectedCumulative) / reference : 0;
        const symplectic = (solverGraph.steps || []).length > 0 &&
          (solverGraph.steps || []).every((step) => step.integrator && step.integrator.symplectic === true);
        const thresholds = symplectic
          ? { warn: 2e-2, fail: 1e-1 }
          : { warn: 5e-2, fail: 2e-1 };
        const accountingComplete = Boolean(
          solverGraph.energyAccounting && solverGraph.energyAccounting.complete === true
        );
        return {
          schema: ENERGY_LEDGER_SCHEMA,
          frame: Number(nextState && nextState.frame || 0),
          simTime: Number(nextState && nextState.t || 0),
          perDomain: current.perDomain,
          E: current.total,
          initialEnergy,
          W_in: flows.input,
          W_out: flows.output,
          dissipated: flows.dissipated,
          cumulativeInput,
          cumulativeOutput,
          cumulativeDissipated,
          dE_step: dEStep,
          dE_cum: dECumulative,
          band: accountingComplete ? discrepancyBand(dECumulative, thresholds) : 'unmeasured',
          accountingComplete,
          thresholds,
        };
      }
    
      function energyComponents(channels = {}, metadata = {}) {
        const domains = new Map();
        for (const [id, value] of Object.entries(channels)) {
          if (id === '__t') continue;
          const meta = metadata[id] || {};
          const domainId = String(meta.domainId || meta.entityId || 'world');
          const row = domains.get(domainId) || {
            domainId,
            kinetic: 0,
            potential: 0,
            thermal: 0,
            field: 0,
            total: 0,
          };
          const name = String(meta.name || id).toLowerCase();
          const magnitude = valueMagnitude(value);
          const mass = channelMass(channels, id);
          if (/angularvelocity|angular_velocity|velocity|flowvelocity|flow_velocity/.test(name)) {
            row.kinetic += 0.5 * mass * magnitude * magnitude;
          } else if (/position/.test(name) && value && typeof value === 'object') {
            row.potential += mass * 9.81 * Math.max(0, Number(value.y || 0));
          } else if (/temperature|heat|enthalpy/.test(name)) {
            row.thermal += Math.abs(magnitude);
          } else if (/amplitude|pressure|electric|magnetic|charge|stress|energy/.test(name)) {
            row.field += 0.5 * magnitude * magnitude;
          }
          domains.set(domainId, row);
        }
        const perDomain = [...domains.values()].map((row) => ({
          ...row,
          total: row.kinetic + row.potential + row.thermal + row.field,
        }));
        return {
          perDomain,
          total: perDomain.reduce((sum, row) => sum + row.total, 0),
        };
      }
    
      function channelMass(channels, id) {
        const suffix = String(id).includes(':') ? String(id).slice(String(id).indexOf(':')) : '';
        const candidate = channels[`mass${suffix}`];
        const mass = valueMagnitude(candidate);
        return mass > 0 ? mass : 1;
      }
    
      function energyFlowTotals(flows = [], channels = {}, dt = 0) {
        const totals = { input: 0, output: 0, dissipated: 0 };
        for (const row of flows) {
          const kind = String(row.kind || row.type || '').toLowerCase();
          const amount = energyFlowAmount(row, channels, dt);
          if (kind === 'input' || kind === 'source' || kind === 'work_in') totals.input += amount;
          else if (kind === 'output' || kind === 'sink' || kind === 'work_out') totals.output += amount;
          else if (kind === 'dissipation' || kind === 'dissipated' || kind === 'loss') totals.dissipated += amount;
        }
        return totals;
      }
    
      function energyFlowAmount(row = {}, channels = {}, dt = 0) {
        if (Number.isFinite(Number(row.amount))) return Math.max(0, Number(row.amount));
        if (Number.isFinite(Number(row.power))) return Math.max(0, Number(row.power) * dt);
        if (row.channel) {
          const scale = Number.isFinite(Number(row.scale)) ? Number(row.scale) : 1;
          return Math.max(0, valueMagnitude(channels[row.channel]) * scale * dt);
        }
        return 0;
      }
    
      function discrepancyBand(value, thresholds) {
        if (value >= thresholds.fail) return 'fail';
        if (value >= thresholds.warn) return 'warn';
        return 'accept';
      }
    
      function createSolverCheckpoint(options = {}) {
        const spec = options.spec || {};
        const solverGraph = options.solverGraph || spec.solverGraph || {};
        const state = options.state || createSolverState(solverGraph);
        const descriptor = {
          schema: CHECKPOINT_SCHEMA,
          specHash: canonicalHash(checkpointSpecIdentity(spec, solverGraph)),
          frame: Number(options.frame === undefined ? state.frame || 0 : options.frame),
          simTime: Number(state.t || 0),
          rngSeed: Number(options.rngSeed || 0),
          integratorState: encodeCheckpointValue(state.integratorState || {}),
          channels: encodeCheckpointValue(state.channels || {}),
          readouts: encodeCheckpointValue({
            ...(state.readouts || {}),
            energyLedger: state.energyLedger || null,
          }),
        };
        descriptor.contentHash = checkpointContentHash(descriptor);
        return descriptor;
      }
    
      function restoreSolverCheckpoint(checkpoint = {}, options = {}) {
        validateCheckpoint(checkpoint);
        const spec = options.spec || {};
        const solverGraph = options.solverGraph || spec.solverGraph || {};
        const expectedSpecHash = canonicalHash(checkpointSpecIdentity(spec, solverGraph));
        if (checkpoint.specHash !== expectedSpecHash) {
          throw new Error(`Checkpoint specHash mismatch: expected ${expectedSpecHash}, received ${checkpoint.specHash}`);
        }
        const channels = decodeCheckpointValue(checkpoint.channels || {});
        const restoredReadouts = decodeCheckpointValue(checkpoint.readouts || {});
        const energyLedger = restoredReadouts.energyLedger || null;
        delete restoredReadouts.energyLedger;
        return {
          kind: 'solver-state',
          t: Number(checkpoint.simTime || 0),
          frame: Number(checkpoint.frame || 0),
          channels,
          events: [],
          readouts: restoredReadouts,
          summary: deriveChannelSummary(channels, solverGraph.channelMetadata || {}),
          integratorState: decodeCheckpointValue(checkpoint.integratorState || {}),
          energyLedger,
          rngSeed: Number(checkpoint.rngSeed || 0),
        };
      }
    
      function serializeSolverCheckpoint(checkpoint = {}) {
        validateCheckpoint(checkpoint);
        return JSON.stringify(checkpoint);
      }
    
      function deserializeSolverCheckpoint(serialized = '') {
        const checkpoint = JSON.parse(String(serialized || ''));
        validateCheckpoint(checkpoint);
        return checkpoint;
      }
    
      function validateCheckpoint(checkpoint = {}) {
        if (checkpoint.schema !== CHECKPOINT_SCHEMA) throw new Error('Unsupported checkpoint schema');
        if (!/^fnv1a32:[a-f0-9]{8}$/.test(String(checkpoint.specHash || ''))) {
          throw new Error('Checkpoint specHash is invalid');
        }
        const expected = checkpointContentHash(checkpoint);
        if (checkpoint.contentHash !== expected) {
          throw new Error(`Checkpoint contentHash mismatch: expected ${expected}, received ${checkpoint.contentHash || '(missing)'}`);
        }
        return true;
      }
    
      function checkpointSpecIdentity(spec = {}, solverGraph = {}) {
        return {
          schema: spec.schema || '',
          id: spec.id || '',
          templateId: spec.templateId || '',
          modules: spec.modules || [],
          objects: spec.objects || [],
          params: spec.params || {},
          solverGraph: {
            schema: solverGraph.schema || '',
            sourceIR: solverGraph.sourceIR || '',
            channels: solverGraph.channels || {},
            channelMetadata: solverGraph.channelMetadata || {},
            steps: solverGraph.steps || [],
            schedule: solverGraph.schedule || [],
            gridBoundaries: solverGraph.gridBoundaries || [],
          },
        };
      }
    
      function checkpointContentHash(checkpoint) {
        return canonicalHash({
          frame: checkpoint.frame,
          simTime: checkpoint.simTime,
          rngSeed: checkpoint.rngSeed,
          integratorState: checkpoint.integratorState,
          channels: checkpoint.channels,
          readouts: checkpoint.readouts,
        });
      }
    
      function canonicalHash(value) {
        const source = JSON.stringify(canonicalValue(value));
        return `fnv1a32:${deterministicValues.fnv1a32(source).toString(16).padStart(8, '0')}`;
      }
    
      function canonicalValue(value) {
        if (ArrayBuffer.isView(value)) return encodeCheckpointValue(value);
        if (Array.isArray(value)) return value.map(canonicalValue);
        if (value && typeof value === 'object') {
          return Object.fromEntries(Object.keys(value).sort().flatMap((key) => {
            const row = value[key];
            return row === undefined || typeof row === 'function' ? [] : [[key, canonicalValue(row)]];
          }));
        }
        if (typeof value === 'number' && !Number.isFinite(value)) throw new Error('Checkpoint values must be finite');
        return value;
      }
    
      function encodeCheckpointValue(value) {
        if (ArrayBuffer.isView(value)) {
          return { typedArray: value.constructor.name, values: Array.from(value) };
        }
        if (Array.isArray(value)) return value.map(encodeCheckpointValue);
        if (value && typeof value === 'object') {
          return Object.fromEntries(Object.entries(value).map(([key, row]) => [key, encodeCheckpointValue(row)]));
        }
        if (typeof value === 'number' && !Number.isFinite(value)) throw new Error('Checkpoint values must be finite');
        return value;
      }
    
      function decodeCheckpointValue(value) {
        if (Array.isArray(value)) return value.map(decodeCheckpointValue);
        if (value && typeof value === 'object' && value.typedArray) {
          const constructors = { Float32Array, Float64Array, Int32Array, Uint32Array, Int16Array, Uint16Array, Int8Array, Uint8Array };
          const Constructor = constructors[value.typedArray];
          if (!Constructor || !Array.isArray(value.values)) throw new Error(`Unsupported checkpoint typed array: ${value.typedArray}`);
          return new Constructor(value.values);
        }
        if (value && typeof value === 'object') {
          return Object.fromEntries(Object.entries(value).map(([key, row]) => [key, decodeCheckpointValue(row)]));
        }
        return value;
      }
    
      function applyGridBoundaries(channels, boundaries, dt, events) {
        for (const descriptor of boundaries || []) {
          const channelA = descriptor.channelA || descriptor.channel || '';
          const channelB = descriptor.channelB || '';
          if (!channelA || !channels[channelA]) continue;
          const result = applyGridBoundaryFlux({
            ...descriptor,
            fieldA: channels[channelA],
            fieldB: channelB ? channels[channelB] : null,
            dt,
          });
          channels[channelA] = result.fieldA;
          if (channelB && result.fieldB) channels[channelB] = result.fieldB;
          events.push({ type: 'gridBoundaryFlux', ...result.receipt, channelA, channelB });
        }
      }
    
      function applyGridBoundaryFlux(options = {}) {
        const kind = String(options.kind || options.boundaryKind || 'reflective');
        const widthA = positiveInteger(options.widthA || options.width, 'widthA');
        const heightA = positiveInteger(options.heightA || options.height, 'heightA');
        const fieldA = cloneGrid(options.fieldA, widthA * heightA, 'fieldA');
        const widthB = options.fieldB ? positiveInteger(options.widthB || options.width || widthA, 'widthB') : 0;
        const heightB = options.fieldB ? positiveInteger(options.heightB || options.height || heightA, 'heightB') : 0;
        const fieldB = options.fieldB ? cloneGrid(options.fieldB, widthB * heightB, 'fieldB') : null;
        const dt = Number(options.dt || 0);
        const dx = Number(options.dx || 1);
        const cfl = Number(options.cfl || 0.9);
        const velocity = faceVelocity(options.velocity);
        if (!(dt >= 0) || !(dx > 0) || !(cfl > 0)) throw new Error('Grid boundary dt, dx, and cfl must be valid');
        const cflValue = Math.abs(velocity.face) * dt / dx;
        if (cflValue > cfl + 1e-12) {
          throw new Error(`Grid boundary CFL exceeded: ${cflValue} > ${cfl}`);
        }
        const range = Array.isArray(options.physicalRange) ? options.physicalRange : [-Infinity, Infinity];
        const receipt = {
          schema: 'simulatte.gridBoundaryFluxReceipt.v1',
          kind,
          cfl: cflValue,
          netTransfer: 0,
          clampAdjustment: 0,
          conserved: true,
        };
        if (kind === 'reflective') return { fieldA, fieldB, receipt };
        if (kind === 'coupled') {
          if (!fieldB) throw new Error('Coupled grid boundary requires fieldB');
          transferCoupledFace(fieldA, widthA, heightA, fieldB, widthB, heightB, velocity, dt, dx, range, receipt);
        } else if (kind === 'periodic') {
          transferPeriodicFace(fieldA, widthA, heightA, velocity, dt, dx, range, receipt);
        } else if (kind === 'absorbing') {
          transferAbsorbingFace(fieldA, widthA, heightA, velocity, dt, dx, range, receipt);
        } else {
          throw new Error(`Unsupported grid boundary kind: ${kind}`);
        }
        receipt.conserved = kind !== 'absorbing' && Math.abs(receipt.clampAdjustment) <= 1e-9;
        return { fieldA, fieldB, receipt };
      }
    
      function transferCoupledFace(fieldA, widthA, heightA, fieldB, widthB, heightB, velocity, dt, dx, range, receipt) {
        const cellHeightA = 1 / heightA;
        const cellHeightB = 1 / heightB;
        const sourceA = cloneGrid(fieldA, fieldA.length, 'fieldA');
        const sourceB = cloneGrid(fieldB, fieldB.length, 'fieldB');
        const deltaA = new Float64Array(heightA);
        const deltaB = new Float64Array(heightB);
        for (let rowA = 0; rowA < heightA; rowA += 1) {
          const startA = rowA * cellHeightA;
          const endA = startA + cellHeightA;
          for (let rowB = 0; rowB < heightB; rowB += 1) {
            const startB = rowB * cellHeightB;
            const overlap = Math.min(endA, startB + cellHeightB) - Math.max(startA, startB);
            if (overlap <= 0) continue;
            const indexA = rowA * widthA + widthA - 1;
            const indexB = rowB * widthB;
            const flux = upwindFlux(sourceA[indexA], sourceB[indexB], velocity);
            const transfer = flux * dt / dx * overlap;
            deltaA[rowA] -= transfer / cellHeightA;
            deltaB[rowB] += transfer / cellHeightB;
            receipt.netTransfer += transfer;
          }
        }
        for (let row = 0; row < heightA; row += 1) {
          const index = row * widthA + widthA - 1;
          fieldA[index] = clampWithReceipt(sourceA[index] + deltaA[row], range, receipt, cellHeightA);
        }
        for (let row = 0; row < heightB; row += 1) {
          const index = row * widthB;
          fieldB[index] = clampWithReceipt(sourceB[index] + deltaB[row], range, receipt, cellHeightB);
        }
      }
    
      function transferPeriodicFace(field, width, height, velocity, dt, dx, range, receipt) {
        for (let row = 0; row < height; row += 1) {
          const left = row * width;
          const right = left + width - 1;
          const transfer = upwindFlux(field[right], field[left], velocity) * dt / dx;
          field[right] = clampWithReceipt(field[right] - transfer, range, receipt, 1);
          field[left] = clampWithReceipt(field[left] + transfer, range, receipt, 1);
          receipt.netTransfer += transfer;
        }
      }
    
      function transferAbsorbingFace(field, width, height, velocity, dt, dx, range, receipt) {
        for (let row = 0; row < height; row += 1) {
          const index = row * width + width - 1;
          const transfer = Math.max(0, upwindFlux(field[index], 0, velocity) * dt / dx);
          field[index] = clampWithReceipt(field[index] - transfer, range, receipt, 1);
          receipt.netTransfer += transfer;
        }
        receipt.conserved = false;
      }
    
      function upwindFlux(phiA, phiB, velocity) {
        return 0.5 * (velocity.a * phiA + velocity.b * phiB) -
          0.5 * Math.abs(velocity.face) * (phiB - phiA);
      }
    
      function faceVelocity(value) {
        if (value && typeof value === 'object') {
          const a = Number(value.a ?? value.face ?? 0);
          const b = Number(value.b ?? value.face ?? a);
          const face = Number(value.face ?? (a + b) * 0.5);
          if (![a, b, face].every(Number.isFinite)) throw new Error('Grid boundary velocity must be finite');
          return { a, b, face };
        }
        const velocity = Number(value || 0);
        if (!Number.isFinite(velocity)) throw new Error('Grid boundary velocity must be finite');
        return { a: velocity, b: velocity, face: velocity };
      }
    
      function clampWithReceipt(value, range, receipt, cellMeasure) {
        const clamped = clamp(value, Number(range[0]), Number(range[1]));
        receipt.clampAdjustment += (clamped - value) * cellMeasure;
        return clamped;
      }
    
      function cloneGrid(value, expectedLength, label) {
        if (!Array.isArray(value) && !ArrayBuffer.isView(value)) throw new Error(`${label} must be an array or typed array`);
        if (value.length !== expectedLength) throw new Error(`${label} length does not match its grid shape`);
        return ArrayBuffer.isView(value) ? new value.constructor(value) : value.slice();
      }
    
      function positiveInteger(value, label) {
        const number = Number(value);
        if (!Number.isInteger(number) || number <= 0) throw new Error(`${label} must be a positive integer`);
        return number;
      }
    
      function buildGridGhostLayer(field, width, height, options = {}) {
        const ghostWidth = positiveInteger(options.ghostWidth || 1, 'ghostWidth');
        const source = cloneGrid(field, width * height, 'field');
        const outWidth = width + ghostWidth * 2;
        const outHeight = height + ghostWidth * 2;
        const Output = ArrayBuffer.isView(source) ? source.constructor : Array;
        const output = Output === Array ? new Array(outWidth * outHeight) : new Output(outWidth * outHeight);
        for (let y = -ghostWidth; y < height + ghostWidth; y += 1) {
          for (let x = -ghostWidth; x < width + ghostWidth; x += 1) {
            output[(y + ghostWidth) * outWidth + x + ghostWidth] = gridBoundarySample(source, width, height, x, y, options);
          }
        }
        return { field: output, width: outWidth, height: outHeight, ghostWidth, kind: options.kind || 'reflective' };
      }
    
      function gridBoundarySample(field, width, height, x, y, options) {
        if (x >= 0 && x < width && y >= 0 && y < height) return field[y * width + x];
        const kind = String(options.kind || 'reflective');
        if (kind === 'absorbing') return 0;
        if (kind === 'periodic') {
          const wrappedX = ((x % width) + width) % width;
          const wrappedY = ((y % height) + height) % height;
          return field[wrappedY * width + wrappedX];
        }
        if (kind === 'reflective') {
          const reflectedX = clamp(x, 0, width - 1);
          const reflectedY = clamp(y, 0, height - 1);
          return field[reflectedY * width + reflectedX];
        }
        if (kind === 'coupled') return coupledGhostSample(x, y, width, height, options);
        throw new Error(`Unsupported ghost boundary kind: ${kind}`);
      }
    
      function coupledGhostSample(x, y, width, height, options) {
        const neighborWidth = positiveInteger(options.neighborWidth, 'neighborWidth');
        const neighborHeight = positiveInteger(options.neighborHeight, 'neighborHeight');
        const neighbor = cloneGrid(options.neighbor, neighborWidth * neighborHeight, 'neighbor');
        const normalizedY = clamp((y + 0.5) / height, 0, 1);
        const neighborY = clamp(Math.floor(normalizedY * neighborHeight), 0, neighborHeight - 1);
        const neighborX = x < 0 ? neighborWidth - 1 : 0;
        return neighbor[neighborY * neighborWidth + neighborX];
      }
    
      function scheduleIndex(stage) {
        const index = SCHEDULE.indexOf(stage);
        return index === -1 ? SCHEDULE.length : index;
      }
    
      function fallbackRegistry() {
        return {
          schema: 'simulatte.solverRegistry.empty',
          operatorFor: () => null,
          stepOperator: () => {},
        };
      }
    
      function clamp(value, min, max) {
        return Math.max(min, Math.min(max, value));
      }
    
      return {
        SOLVER_GRAPH_SCHEMA,
        ENERGY_LEDGER_SCHEMA,
        CHECKPOINT_SCHEMA,
        SCHEDULE,
        compileSolverGraph,
        createSolverState,
        stepSolverState,
        stableDtForSolverGraph,
        createEnergyLedger,
        createSolverCheckpoint,
        restoreSolverCheckpoint,
        serializeSolverCheckpoint,
        deserializeSolverCheckpoint,
        validateCheckpoint,
        applyGridBoundaryFlux,
        buildGridGhostLayer,
        deriveChannelSummary,
        channelValue,
        channelScalar,
      };
    });
    
    (function attachSimulatteRenderRegistry(root, factory) {
      const positiveLanguage = typeof module === 'object' && module.exports
        ? require('../../../shared/language/positive-language.js')
        : root.SimulattePositiveLanguage;
      const api = factory(positiveLanguage);
      if (typeof module === 'object' && module.exports) {
        module.exports = api;
      }
      root.SimulatteRenderRegistry = api;
    })(typeof globalThis !== 'undefined' ? globalThis : window, function createRenderRegistryApi(positiveLanguage) {
      const RENDER_REGISTRY_SCHEMA = 'simulatte.renderRegistry.v1';
    
      const MATERIAL_STYLES = Object.freeze({
        air: style('#dff7ff', '#70b8d0', 0.18),
        biomass: style('#75b65c', '#315a32', 0.68),
        dust: style('#c7aa76', '#7c6845', 0.58),
        fire: style('#ff9857', '#c24a5b', 0.78),
        glass: style('#dff9ff', '#65b9df', 0.34),
        gold: style('#ffd760', '#a86b23', 0.86),
        ice: style('#def8ff', '#78bde2', 0.6),
        lava: style('#ff743a', '#7b2519', 0.9),
        membrane: style('#eadcff', '#9d82cc', 0.42),
        metal: style('#b8c2cc', '#5d6772', 0.76),
        rock: style('#928b80', '#4d4943', 0.84),
        sand: style('#d8ba76', '#936733', 0.76),
        silicon: style('#9db5ca', '#546b7d', 0.64),
        smoke: style('#adb3b8', '#687077', 0.28),
        water: style('#57b7e8', '#1f6a9a', 0.62),
        wood: style('#9b6236', '#56341d', 0.8),
      });
    
      const EXPANDED_SCENE_RULES = Object.freeze([
        sceneRule(
          'weather-atmosphere',
          /\b(supercell|thunderstorm|hail|cloud microphysics|monsoon|atmospheric river|jetstream|storm cell|rain band|convection)\b/,
          'watershed',
          'atmosphere',
          ['thermal', 'gravity', 'force-field'],
          ['clear', 'sky-volume', 'shear-bands', 'precipitation-fronts', 'pressure-readout']
        ),
        sceneRule(
          'ocean-cryosphere',
          /\b(glacier calving|fjord|sea ice|ice shelf|iceberg|internal ocean wave|internal ocean waves|kelp canopy|ocean mixing|plankton bloom|thermocline)\b/,
          'watershed',
          'ocean',
          ['gravity', 'thermal', 'force-field'],
          ['clear', 'water-column', 'ice-or-kelp-structure', 'mixing-fronts', 'salinity-ledger']
        ),
        sceneRule(
          'grid-energy',
          /\b(microgrid|battery inverter|inverter|transformer overload|substation|power flow|load shedding|frequency control|grid storage|voltage sag)\b/,
          'city',
          'energy-grid',
          ['network-flow', 'thermal', 'force-field'],
          ['clear', 'grid-topology', 'power-flow', 'thermal-hotspots', 'stability-ledger']
        ),
        sceneRule(
          'robotics-control',
          /\b(warehouse robot|warehouse robots|robot arm|robot arms|robotic gripper|robot gripper|servo gripper|servo loop|drone swarm|autopilot|path planner|pick and place|pick-and-place|mobile robot|robot sorts|robot sort|contact force workcell|robotic workcell)\b/,
          'mechanical',
          'robotics',
          ['force-field', 'network-flow'],
          ['clear', 'workspace-map', 'manipulator-poses', 'control-signals', 'task-ledger']
        ),
        sceneRule(
          'manufacturing-line',
          /\b(injection molding|steel tooling|assembly line|conveyor belt|conveyor belts|cnc|extruder|cooling die|factory line|pick station)\b/,
          'mechanical',
          'manufacturing',
          ['thermal', 'force-field', 'network-flow'],
          ['clear', 'machine-cells', 'material-flow', 'thermal-cycle', 'quality-readout']
        ),
        sceneRule(
          'quantum-instrument',
          /\b(qubit|quantum chip|phase readout|microwave resonator|superconducting circuit|ion trap|spin lattice|photonic chip|wavefunction|electron microscope)\b/,
          'optics',
          'quantum',
          ['optical-rays', 'dipole', 'force-field'],
          ['clear', 'chip-cutaway', 'phase-field', 'readout-cones', 'coherence-ledger']
        ),
        sceneRule(
          'agro-waste-loop',
          /\b(compost|greenhouse crop|greenhouse crops|anaerobic digester|organic waste|nutrient loop|crop rotation|fish farm|soil nutrients|algae bioreactor)\b/,
          'biology',
          'agro-loop',
          ['thermal', 'force-field', 'gravity'],
          ['clear', 'resource-loop', 'biomass-beds', 'oxygen-water-flow', 'yield-ledger']
        ),
        sceneRule(
          'particle-instrument',
          /\b(neutrino|muon|particle collider|calorimeter|phototube|detector slice|water tank detector|underground water tank|cherenkov|photon cone)\b/,
          'optics',
          'instrument',
          ['optical-rays', 'force-field'],
          ['clear', 'detector-volume', 'particle-tracks', 'sensor-array', 'event-readout']
        ),
        sceneRule(
          'molecular-biology',
          /\b(protein folding|protein fold|bond constraint|energy minimization|ribosome|enzyme|molecular chain|amino acid|ligand|molecule|fermentation|sourdough|gluten|dough matrix|yeast|microbial fermentation)\b/,
          'biology',
          'molecular',
          ['force-field', 'thermal'],
          ['clear', 'molecular-chain', 'energy-surface', 'bond-constraints', 'collapse-motion']
        ),
        sceneRule(
          'advanced-energy',
          /\b(fusion|stellarator|tokamak|plasma ribbon|nuclear waste|geologic repository|hydrogen electrolyzer|electrolyzer|fuel cell|molten salt|heat decay)\b/,
          'material-tray',
          'energy',
          ['thermal', 'dipole', 'force-field'],
          ['clear', 'containment-cutaway', 'field-cage', 'energy-flow', 'diagnostics']
        ),
        sceneRule(
          'digital-network',
          /\b(cyber|blockchain|mempool|recommendation|search|query|index|server|server rack|cooling aisle|compiler|database|tensor|packet|service graph|data center|edge data)\b/,
          'city',
          'digital',
          ['network-flow', 'force-field'],
          ['clear', 'service-topology', 'packet-flow', 'latency-ledger', 'hotspots']
        ),
        sceneRule(
          'civic-market',
          /\b(housing|power market|carbon credit|supply demand|bullwhip|transit priority|dispatch|policy|audit ledger|zoning|shadow allocation)\b/,
          'city',
          'civic',
          ['network-flow', 'force-field'],
          ['clear', 'civic-grid', 'agent-flow', 'constraint-ledger', 'outcomes']
        ),
        sceneRule(
          'chemistry-lab',
          /\b(chemical clock|belousov|polymer|epoxy|crosslink|electroplat|catalyst|ammonia|crystal nucleation|reaction dish|reaction vessel|microfluidic|droplet|droplets|channel junction)\b/,
          'material-tray',
          'chemistry',
          ['thermal', 'force-field'],
          ['clear', 'vessel-cutaway', 'reaction-front', 'phase-map', 'readouts']
        ),
        sceneRule(
          'cultural-material',
          /\b(museum preservation|archive preservation|pigment film|varnish aging|ceramic glaze|artwork aging|oil paint aging|paper humidity|conservation lab)\b/,
          'material-tray',
          'cultural-material',
          ['thermal', 'force-field'],
          ['clear', 'artifact-section', 'humidity-field', 'material-aging', 'conservation-ledger']
        ),
        sceneRule(
          'planetary-space',
          /\b(radio telescope|deep space|microwave|beamforming|probe|antenna|planet|asteroid|mars|venus|europa|titan|interstellar|dark matter|galaxy cluster|comet|black hole|singularity|orbital|orbiting mirror|planetary ring|planetary rings|shepherd moon|moon resonance|orbital resonance)\b/,
          'optics',
          'space',
          ['optical-rays', 'gravity', 'force-field'],
          ['clear', 'orbital-depth', 'instrument-rays', 'gravity-contours', 'tracklets']
        ),
        sceneRule(
          'venue-crowd',
          /\b(festival|stadium|restaurant|hotel|elevator|venue|crowd agents|fan agents|order queue|platform slots)\b/,
          'city',
          'crowd',
          ['network-flow', 'force-field'],
          ['clear', 'venue-plan', 'crowd-density', 'queue-pulses', 'service-nodes']
        ),
        sceneRule(
          'sport-motion',
          /\b(skate|skateboard|ski|surf|sailing|archery|fairground|mountain bike|rider agents|gait trials|walkway trials|curved bowl|friction loss)\b/,
          'mechanical',
          'motion',
          ['force-field', 'gravity'],
          ['clear', 'track-space', 'body-motion', 'constraint-arcs', 'impulse-trails']
        ),
        sceneRule(
          'structural-mechanics',
          /\b(bridge resonance|vortex shedding|wind vortex|bridge cable|bridge cables|structural mode|modal vibration|aeroelastic|flutter)\b/,
          'mechanical',
          'mechanical',
          ['force-field', 'gravity'],
          ['clear', 'structure-span', 'vortex-street', 'modal-deflection', 'stress-readout']
        ),
        sceneRule(
          'clinical-control',
          /\b(robot surgery|prosthetic|rehab|vaccine|hospital|clinical|patient|tissue mesh|sensor skin|muscle activation|bedflow|triage|blood pump)\b/,
          'biology',
          'clinical',
          ['force-field', 'network-flow'],
          ['clear', 'body-system', 'control-loop', 'sensor-field', 'risk-ledger']
        ),
        sceneRule(
          'evolution-ecology',
          /\b(population genetics|allele|succession|predator|prey|pollinator|fish school|bird flock|animal trail|crop|greenhouse|algae bioreactor|compost|landfill|recycling|microbiome|coral reef)\b/,
          'biology',
          'ecology',
          ['force-field', 'gravity'],
          ['clear', 'habitat-layers', 'population-flow', 'resource-gradient', 'feedbacks']
        ),
        sceneRule(
          'restoration-water',
          /\b(water treatment|peatland|oyster reef|desertification|restoration|rewetting|nitrification|living breakwater|mangrove|storm surge|aquifer)\b/,
          'watershed',
          'restoration',
          ['gravity', 'force-field'],
          ['clear', 'terrain-water', 'habitat-structures', 'attenuation-field', 'ledger']
        ),
        sceneRule(
          'hazard-atmosphere',
          /\b(earthquake|tsunami|hurricane|tornado|mine ventilation|tunnel boring|urban heat|noise pollution|light pollution|air quality|hazard|evacuation|jetstream|drought)\b/,
          'watershed',
          'hazard',
          ['gravity', 'thermal', 'force-field'],
          ['clear', 'hazard-map', 'fronts', 'exposure-field', 'damage-ledger']
        ),
      ]);
    
      function style(fill, stroke, alpha) {
        return { fill, stroke, alpha };
      }
    
      function sceneRule(id, pattern, painterKind, dominantRegime, fieldKinds, passOrder) {
        return { id, pattern, painterKind, dominantRegime, fieldKinds, passOrder };
      }
    
      function glyphForEntity(entity = {}, domain = {}) {
        const text = `${entity.label || ''} ${entity.canonicalId || ''} ${domain.kind || ''}`.toLowerCase();
        if (/volcano/.test(text)) return 'volcano';
        if (/lava|magma/.test(text)) return 'lava';
        if (/turbine|rotor|wheel/.test(text)) return 'turbine';
        if (/bridge|cable/.test(text)) return 'bridge';
        if (/tower/.test(text)) return 'tower';
        if (/castle|wall|cathedral/.test(text)) return 'castle';
        if (/ice/.test(text)) return 'ice';
        if (/lens/.test(text)) return 'lens';
        if (/prism/.test(text)) return 'prism';
        if (/mirror/.test(text)) return 'mirror';
        if (/glass|quartz/.test(text) && /field|optic|solid/.test(`${text} ${(domain.tags || []).join(' ')}`)) return 'lens';
        if (/fire|flame|combust/.test(text)) return 'flame';
        if (/smoke|plume/.test(text)) return 'smoke';
        if (/storm|cloud|wind/.test(text)) return 'storm';
        if (/swamp|wetland/.test(text)) return 'wetland';
        if (/river|water|rain|flow/.test(text)) return 'fluid_path';
        if (/projectile|hammer/.test(text)) return 'projectile';
        if (/rocket/.test(text)) return 'rocket';
        if (/submarine/.test(text)) return 'submarine';
        if (/piano/.test(text)) return 'instrument';
        if (/network|queue|traffic|city|market/.test(text)) return 'network';
        if (/algae|jellyfish|bio/.test(text)) return 'organism';
        if (domain.kind === 'field') return 'field';
        if (domain.kind === 'particleSet') return 'particle_cloud';
        return 'body';
      }
    
      function materialStyle(materialId = '') {
        return MATERIAL_STYLES[materialId] || MATERIAL_STYLES.metal;
      }
    
      function visualRegimeForDomain(domain = {}) {
        const text = [
          domain.kind,
          domain.materialId,
          ...(domain.tags || []),
          ...(domain.operatorHints || []),
        ].join(' ').toLowerCase();
        if (/surface|thin-film|surface_tension/.test(text)) return 'optical';
        if (/magnetism|magnetic_field|ferrofluid/.test(text)) return 'magnetic';
        if (/optics|field_refraction|field_reflection/.test(text)) return 'optical';
        if (/lava|fire|thermal|phase/.test(text)) return 'thermal';
        if (/\b(fluid|water|rain|wind)\b/.test(text)) return 'fluid';
        if (/network|queue|control/.test(text)) return 'network';
        if (/wave|oscillator|acoustic/.test(text)) return 'wave';
        if (/growth|bio/.test(text)) return 'biology';
        if (/fracture|collision|rigid/.test(text)) return 'mechanical';
        if (/field|magnet|optic/.test(text)) return 'field';
        return 'material';
      }
    
      function sceneHintForObjects(objects = [], physicsIR = {}, solverGraph = {}) {
        const signal = sceneSignals(objects, physicsIR, solverGraph);
        const text = signal.text;
        if (isStrongLiteralCompositeSignal(signal)) return 'literal-composite';
        const expanded = sceneHintForText(physicsIR.prompt || '');
        if (expanded) return expanded;
        if (hasRoboticsSignal(text)) return 'robotics-control';
        if (hasChemistryLabSignal(text)) return 'chemistry-lab';
        if (hasGranularCombustionSignal(text)) return 'granular';
        if (hasThinFilmSignal(text)) {
          return 'thin-film';
        }
        if (isMaterialTraySignal(signal)) return 'material-tray';
        if (/thermal plume|cooling|cooler|cooling-fin|smoke over cooling/.test(text) && hasThermal(signal)) {
          return 'thermal-plume';
        }
        if ((signal.glyphs.has('flame') || /process-fire|combustion|fuel|burn/.test(text)) &&
          (/reaction_diffusion|heat_source|burn/.test(text))) {
          return 'fire';
        }
        if (/lens|prism|mirror|optics|field_refraction|field_reflection|light_source|laser/.test(text)) {
          return 'optics';
        }
        if (/network|queue|traffic|market|network_flow|backlog|throughput/.test(text)) return 'city';
        if (/wheel|rotor|stator|slider|sliding|electromagnetism|magnetic_force|rotor-wheel/.test(text) && /magnet|magnetic/.test(text)) {
          return 'magnetic-machine';
        }
        if (/ferrofluid|magnetic_fluid|magnetizes|spikes|magnetic_field/.test(text)) return 'ferrofluid';
        if (/\b(terrain|erosion|sediment|river|rain|basalt|watershed)\b/.test(text)) return 'watershed';
        if (/acoustic|sound|wave_field|waveApparatus|resonance|amplitude/.test(text) &&
          !/biology|growth|mycelium|bacteria|membrane|protein|nutrient|biofilm|density/.test(text)) {
          return 'acoustic';
        }
        if (/granular|grain|bead|sieve|avalanche|powder/.test(text)) {
          return 'granular';
        }
        if (/growth_decay|reaction_diffusion|mycelium|bacteria|biofilm|fermentation|nutrient/.test(text)) {
          return 'biology';
        }
        if (/rigid_collision|fracture_threshold|rotational_torque|projectile|collision/.test(text) &&
          !/acoustic|sound|wave_field|waveApparatus|resonance|amplitude/.test(text)) {
          return 'mechanical';
        }
        if (/biology|growth|mycelium|bacteria|membrane|protein|nutrient|biofilm|density/.test(text)) {
          return 'biology';
        }
        if (/acoustic|sound|wave_field|waveApparatus|resonance|amplitude/.test(text)) return 'acoustic';
        if (signal.kinds.has('fluid') && signal.operators.has('advection')) return 'watershed';
        if (isLiteralCompositeSignal(signal)) return 'literal-composite';
        return 'generic';
      }
    
      function hasRoboticsSignal(text = '') {
        const positive = positiveLanguageText(text);
        return /\b(robot|robotic|gripper|servo|workcell|manipulator|pick-place|pick and place|contact force)\b/.test(positive) &&
          /\b(robot|robotic|gripper|servo|manipulator|workcell)\b/.test(positive);
      }
    
      function hasChemistryLabSignal(text = '') {
        return /\b(microfluidic|droplet|droplets|channel junction|meniscus|reagent|reaction vessel|catalyst|dose|insulin pump)\b/.test(text) &&
          !/\b(warehouse|traffic|market|orbit|planet|battery runaway|heat plume)\b/.test(text);
      }
    
      function hasGranularCombustionSignal(text = '') {
        if (/\b(rain|river|water|watershed|terrain|erosion|erodes|mountain|delta|channel)\b/.test(text) &&
          !/\b(dust|powder|silo|aerosol|explode|explodes|explosion)\b/.test(text)) {
          return false;
        }
        return /\b(grain|dust|powder|silo|aerosol|bead|sand|avalanche)\b/.test(text) &&
          /\b(explode|explodes|explosion|combust|burn|ignite|silo|avalanche|sieve|grain bed|bead stream)\b/.test(text);
      }
    
      function hasThinFilmSignal(text = '') {
        const positive = positiveLanguageText(text);
        return /\b(thin-film|thin film|soap|wire-loop|wire loop|surface_tension|iridescen)\b/.test(positive) ||
          (/\b(air bubble|air bubbles|bubble|bubbles)\b/.test(positive) &&
            /\b(soap|film|wire|loop|iridescen|surface tension|surface_tension)\b/.test(positive));
      }
    
      function sceneHintForText(value = '') {
        const text = positiveLanguageText(value);
        if (/\b(galaxy|galaxies|nebula|black hole|event horizon|planet|planets|moon|moons|star|stars|solar system)\b/.test(text)) {
          return 'planetary-space';
        }
        if (/\b(earthquake|tsunami|hurricane|tornado|wildfire|evacuation|air quality|hazard|mine ventilation|tunnel boring|urban heat|drought)\b/.test(text)) {
          return 'hazard-atmosphere';
        }
        if (/\b(thermal plume|heat plume|lava|magma|molten|volcano|volcanic|steam)\b/.test(text)) {
          return 'thermal-plume';
        }
        // Compiled thermal primitives can carry a `fire` materialId, so a bare fire token is
        // ambiguous. A lava/magma/molten/steam scene is thermal-plume, not combustion; real
        // fire prompts (forest fire, dry pine, warehouse fire) carry none of those.
        if (/\b(fire|flame|burn|burning|combust|smoke plume)\b/.test(text) &&
          !/\b(lava|magma|molten|steam)\b/.test(text)) {
          return 'fire';
        }
        const row = EXPANDED_SCENE_RULES.find((rule) => rule.pattern.test(text));
        return row ? row.id : '';
      }
    
      function positiveLanguageText(value = '') {
        return positiveLanguage.positiveLanguageText(value, { lowercase: true });
      }
    
      function painterKindForScene(sceneKind = '') {
        const row = EXPANDED_SCENE_RULES.find((rule) => rule.id === sceneKind);
        if (row) return row.painterKind;
        if (sceneKind === 'generic' || sceneKind === 'literal-composite') return 'mechanical';
        return String(sceneKind || 'generic');
      }
    
      function recipeForScene(sceneKind = '') {
        const row = EXPANDED_SCENE_RULES.find((rule) => rule.id === sceneKind);
        if (!row) return null;
        return {
          schema: 'simulatte.renderRecipe.v1',
          source: 'handwritten-semantic-render-taxonomy.v1',
          sceneKind: row.id,
          painterKind: row.painterKind,
          dominantRegime: row.dominantRegime,
          fieldKinds: row.fieldKinds.slice(),
          passOrder: row.passOrder.slice(),
          camera: cameraForExpandedScene(row.id),
          layerPlan: layerPlanForExpandedScene(row.id),
          materialLanguage: materialLanguageForExpandedScene(row.id),
          motionGrammar: motionGrammarForExpandedScene(row.id),
        };
      }
    
      function cameraForExpandedScene(sceneKind) {
        if (/molecular/.test(sceneKind)) return 'microscopic-cutaway-depth';
        if (/quantum/.test(sceneKind)) return 'microscopic-cutaway-depth';
        if (/planetary|hazard|restoration|civic|digital|venue/.test(sceneKind)) return 'aerial-map-depth';
        if (/weather|ocean|grid/.test(sceneKind)) return 'aerial-map-depth';
        if (/clinical|chemistry|advanced|cultural/.test(sceneKind)) return 'cutaway-section-depth';
        if (/robotics|manufacturing/.test(sceneKind)) return 'instrumented-lab-depth';
        if (/sport|structural/.test(sceneKind)) return 'dynamic-motion-depth';
        return 'instrumented-lab-depth';
      }
    
      function layerPlanForExpandedScene(sceneKind) {
        if (/molecular/.test(sceneKind)) return ['energy-surface', 'chain-geometry', 'bond-constraints', 'collapse-motion', 'state-readouts'];
        if (/digital|civic|venue/.test(sceneKind)) return ['substrate-map', 'agent-nodes', 'routing-lines', 'queue-pressure', 'receipts'];
        if (/grid/.test(sceneKind)) return ['grid-map', 'power-nodes', 'load-flow', 'thermal-hotspots', 'stability-receipts'];
        if (/planetary/.test(sceneKind)) return ['deep-field', 'orbit-arcs', 'instrument-cones', 'gravity-rings', 'tracklets'];
        if (/weather/.test(sceneKind)) return ['sky-volume', 'wind-shear', 'cloud-cells', 'precipitation-fronts', 'pressure-readouts'];
        if (/ocean/.test(sceneKind)) return ['water-column', 'ice-or-kelp', 'mixing-layers', 'wave-energy', 'salt-heat-ledger'];
        if (/clinical|evolution/.test(sceneKind)) return ['tissue-or-habitat', 'organism-agents', 'diffusion-field', 'control-signals', 'risk-readouts'];
        if (/agro/.test(sceneKind)) return ['resource-beds', 'microbe-heat', 'oxygen-water-loop', 'crop-output', 'loss-ledger'];
        if (/robotics/.test(sceneKind)) return ['workspace', 'manipulator-links', 'path-plan', 'sensor-feedback', 'task-ledger'];
        if (/manufacturing/.test(sceneKind)) return ['machine-cells', 'tooling-cutaway', 'material-transfer', 'cooling-cycle', 'quality-readout'];
        if (/quantum/.test(sceneKind)) return ['chip-cutaway', 'phase-surface', 'control-lines', 'readout-resonator', 'coherence-ledger'];
        if (/restoration|hazard/.test(sceneKind)) return ['terrain-base', 'water-or-atmosphere', 'fronts', 'infrastructure', 'ledger'];
        if (/structural/.test(sceneKind)) return ['structure-span', 'vortex-street', 'mode-shape', 'stress-field', 'readouts'];
        if (/chemistry|advanced|cultural/.test(sceneKind)) return ['vessel-or-artifact', 'material-phases', 'reaction-fronts', 'sensors', 'loss-ledger'];
        return ['world-base', 'primary-objects', 'fields', 'motion', 'readouts'];
      }
    
      function materialLanguageForExpandedScene(sceneKind) {
        if (/molecular/.test(sceneKind)) return ['protein', 'bond', 'solvent', 'energy'];
        if (/quantum/.test(sceneKind)) return ['silicon', 'superconductor', 'microwave', 'phase'];
        if (/digital/.test(sceneKind)) return ['silicon', 'signal', 'heat', 'packet'];
        if (/grid/.test(sceneKind)) return ['copper', 'transformer oil', 'battery', 'load'];
        if (/civic|venue/.test(sceneKind)) return ['concrete', 'glass', 'agent', 'ledger'];
        if (/planetary/.test(sceneKind)) return ['vacuum', 'ice', 'rock', 'radiation'];
        if (/weather/.test(sceneKind)) return ['air', 'water vapor', 'ice', 'pressure'];
        if (/ocean/.test(sceneKind)) return ['saltwater', 'ice', 'kelp', 'sediment'];
        if (/robotics/.test(sceneKind)) return ['aluminum', 'sensor', 'rubber', 'signal'];
        if (/manufacturing/.test(sceneKind)) return ['steel', 'polymer', 'coolant', 'tooling'];
        if (/clinical/.test(sceneKind)) return ['tissue', 'sensor', 'fluid', 'polymer'];
        if (/agro/.test(sceneKind)) return ['biomass', 'compost', 'water', 'oxygen'];
        if (/evolution|restoration/.test(sceneKind)) return ['water', 'soil', 'biomass', 'microbe'];
        if (/hazard/.test(sceneKind)) return ['air', 'water', 'rock', 'exposure'];
        if (/structural/.test(sceneKind)) return ['steel', 'air', 'stress', 'vorticity'];
        if (/advanced/.test(sceneKind)) return ['plasma', 'metal', 'coolant', 'radiation'];
        if (/chemistry/.test(sceneKind)) return ['reagent', 'catalyst', 'solvent', 'heat'];
        if (/cultural/.test(sceneKind)) return ['pigment', 'paper', 'ceramic', 'humidity'];
        return ['material', 'field', 'constraint', 'motion'];
      }
    
      function motionGrammarForExpandedScene(sceneKind) {
        if (/molecular/.test(sceneKind)) return ['bond relaxation', 'energy descent', 'chain collapse'];
        if (/quantum/.test(sceneKind)) return ['phase sweep', 'readout pulse', 'coherence decay'];
        if (/digital/.test(sceneKind)) return ['packet pulses', 'latency waves', 'thermal throttling'];
        if (/grid/.test(sceneKind)) return ['load balancing', 'frequency correction', 'thermal overload'];
        if (/civic|venue/.test(sceneKind)) return ['agent flow', 'queue pressure', 'service balancing'];
        if (/planetary/.test(sceneKind)) return ['orbital arcs', 'beam sweeps', 'gravity sorting'];
        if (/weather/.test(sceneKind)) return ['shear advection', 'cloud growth', 'rain band propagation'];
        if (/ocean/.test(sceneKind)) return ['internal wave mixing', 'ice calving', 'salinity layering'];
        if (/robotics/.test(sceneKind)) return ['path planning', 'servo correction', 'gripper transfer'];
        if (/manufacturing/.test(sceneKind)) return ['material transfer', 'cooling cycle', 'quality drift'];
        if (/clinical/.test(sceneKind)) return ['control feedback', 'pulsed flow', 'sensor correction'];
        if (/evolution/.test(sceneKind)) return ['growth fronts', 'population drift', 'resource diffusion'];
        if (/agro/.test(sceneKind)) return ['microbial heating', 'oxygen cycling', 'biomass conversion'];
        if (/restoration/.test(sceneKind)) return ['water table rise', 'wave attenuation', 'sediment capture'];
        if (/hazard/.test(sceneKind)) return ['front propagation', 'exposure plumes', 'damage accumulation'];
        if (/structural/.test(sceneKind)) return ['vortex shedding', 'modal vibration', 'stress accumulation'];
        if (/advanced/.test(sceneKind)) return ['field confinement', 'heat decay', 'diagnostic sweep'];
        if (/chemistry/.test(sceneKind)) return ['reaction bands', 'phase separation', 'catalyst turnover'];
        if (/cultural/.test(sceneKind)) return ['humidity cycling', 'surface aging', 'crack growth'];
        return ['field motion', 'object coupling', 'readout pulses'];
      }
    
      function sceneSignals(objects = [], physicsIR = {}, solverGraph = {}) {
        const domains = physicsIR.domains || [];
        const entities = physicsIR.entities || [];
        const operators = unique([
          ...((physicsIR.operators || []).map((operator) => operator.type)),
          ...((solverGraph.steps || []).map((step) => step.operatorType)),
        ]);
        const fields = [
          ...((physicsIR.stateFields || []).map((field) => `${field.name} ${field.id}`)),
          ...Object.keys(solverGraph.channelMetadata || {}),
        ];
        const materials = new Set();
        const glyphs = new Set();
        const kinds = new Set();
        const chunks = [];
        for (const object of objects || []) {
          if (object.materialId) materials.add(object.materialId);
          if (object.glyph) glyphs.add(object.glyph);
          if (object.domainKind) kinds.add(object.domainKind);
          chunks.push([
            object.label,
            object.semanticRef,
            object.physicalRef,
            object.glyph,
            object.materialId,
            object.visualRegime,
            object.domainKind,
            ...(object.domainTags || []),
            ...(object.operatorHints || []),
            ...Object.keys(object.stateBindings || {}),
          ].join(' '));
        }
        for (const domain of domains) {
          if (domain.materialId) materials.add(domain.materialId);
          if (domain.kind) kinds.add(domain.kind);
          chunks.push([
            domain.entityId,
            domain.kind,
            domain.materialId,
            ...(domain.tags || []),
            ...(domain.operatorHints || []),
          ].join(' '));
        }
        for (const entity of entities) {
          if (entity.materialId) materials.add(entity.materialId);
          chunks.push([
            entity.label,
            entity.canonicalId,
            entity.semanticType,
            entity.materialId,
            ...(entity.domains || []),
            ...(entity.operatorHints || []),
          ].join(' '));
        }
        return {
          text: [...chunks, ...operators, ...fields].join(' ').toLowerCase(),
          materials,
          glyphs,
          kinds,
          operators: new Set(operators),
        };
      }
    
      function hasThermal(signal) {
        return /thermal|heat_source|heat_transfer|temperature|fire/.test(signal.text);
      }
    
      function materialEvidenceCount(signal) {
        // Count distinct material evidence from compiled materialIds plus material terms in
        // the scene text. Grounding may route some materials (air, metal) to relation or
        // semantic-open nodes that carry no materialId, so a domain-only count undercounts a
        // genuine materials tray; the text terms recover that evidence.
        const materials = new Set(signal.materials);
        for (const material of Object.keys(MATERIAL_STYLES)) {
          if (new RegExp(`\\b${material}\\b`).test(signal.text)) materials.add(material);
        }
        return materials.size;
      }
    
      function isMaterialTraySignal(signal) {
        if (!/tray|raw material|heat diffusion sample/.test(signal.text) || !hasThermal(signal)) return false;
        return materialEvidenceCount(signal) >= 5;
      }
    
      function isLiteralCompositeSignal(signal) {
        const literalGlyphs = ['lava', 'volcano', 'turbine', 'rocket', 'submarine', 'wetland', 'castle', 'ice', 'storm', 'instrument'];
        const count = literalGlyphs.filter((glyph) => signal.glyphs.has(glyph) || signal.text.includes(glyph)).length;
        return count >= 2 || /black-hole|singularity|swamp|hammer|gold|spaceship|spacecraft/.test(signal.text);
      }
    
      function isStrongLiteralCompositeSignal(signal) {
        return /lava|magma|volcano|black-hole|singularity|swamp|wetland|hammer|gold|spaceship|spacecraft|rocket|submarine|piano/.test(signal.text);
      }
    
      function unique(values) {
        return Array.from(new Set((values || []).filter(Boolean)));
      }
    
      return {
        RENDER_REGISTRY_SCHEMA,
        MATERIAL_STYLES,
        glyphForEntity,
        materialStyle,
        visualRegimeForDomain,
        sceneHintForText,
        sceneHintForObjects,
        painterKindForScene,
        recipeForScene,
      };
    });
    
    (function attachSimulatteRenderIR(root, factory) {
      const renderRegistry = typeof module === 'object' && module.exports
        ? require('./simulatte-render-registry.js')
        : root.SimulatteRenderRegistry;
      const api = factory(renderRegistry || {});
      if (typeof module === 'object' && module.exports) {
        module.exports = api;
      }
      root.SimulatteRenderIR = api;
    })(typeof globalThis !== 'undefined' ? globalThis : window, function createRenderIRApi(renderRegistry = {}) {
      const RENDER_IR_SCHEMA = 'simulatte.renderIR.v1';
    
      function compileRenderIR(physicsIR = {}, solverGraph = {}, universeGraph = {}) {
        const domainByEntity = new Map((physicsIR.domains || []).map((domain) => [domain.entityId, domain]));
        const physicalObjects = (physicsIR.entities || []).map((entity, index) => {
          const domain = domainByEntity.get(entity.id) || {};
          const glyph = renderRegistry.glyphForEntity ? renderRegistry.glyphForEntity(entity, domain) : 'body';
          const materialStyle = renderRegistry.materialStyle ? renderRegistry.materialStyle(entity.materialId) : {};
          const visualRegime = renderRegistry.visualRegimeForDomain
            ? renderRegistry.visualRegimeForDomain(domain)
            : domain.kind || 'material';
          return {
            id: `render:${entity.id}`,
            semanticRef: entity.canonicalId,
            physicalRef: entity.id,
            domainRef: domain.id || '',
            domainKind: domain.kind || '',
            domainTags: (domain.tags || []).slice(),
            operatorHints: unique([
              ...(entity.operatorHints || []),
              ...(domain.operatorHints || []),
            ]),
            label: entity.label,
            sourceLabel: entity.sourceLabel || entity.label,
            aliases: (entity.aliases || []).slice(),
            semanticClass: entity.semanticClass || '',
            visualArchetype: entity.visualArchetype || '',
            shapeHints: (entity.shapeHints || []).slice(),
            construction: entity.construction || null,
            constructionHypotheses: (entity.constructionHypotheses || []).map((row) => ({ ...row })),
            constructionProvenance: (entity.constructionProvenance || []).slice(),
            properties: (entity.properties || []).map((row) => ({ ...row })),
            partGraph: (entity.partGraph || []).map((row) => ({
              ...row,
              properties: (row.properties || []).map((property) => ({ ...property })),
            })),
            cardinality: Number.isFinite(Number(entity.cardinality)) ? Number(entity.cardinality) : 1,
            poseHint: entity.poseHint ? { ...entity.poseHint } : null,
            directlyGrounded: entity.directlyGrounded === true,
            glyph,
            materialId: entity.materialId,
            materialStyle,
            visualRegime,
            geometry: domain.geometryRef || entity.geometryRef || null,
            stateBindings: stateBindingsForEntity(entity, domain, solverGraph),
            behavior: behaviorForEntity(entity, physicsIR.behaviorRelations || []),
            physicsOperators: operatorTypesForEntity(entity, physicsIR.operators || [], solverGraph.steps || []),
            order: index,
            evidence: (entity.evidence || []).slice(),
          };
        });
        const objects = [
          ...physicalObjects,
          ...visualOnlyObjects(universeGraph, physicalObjects, renderRegistry),
        ];
        const sceneHint = renderRegistry.sceneHintForObjects
          ? renderRegistry.sceneHintForObjects(objects, physicsIR, solverGraph)
          : 'generic';
        return {
          schema: RENDER_IR_SCHEMA,
          sourceIR: physicsIR.schema || '',
          sourceSolverGraph: solverGraph.schema || '',
          prompt: physicsIR.prompt || universeGraph.prompt || '',
          objects,
          fields: fieldBindings(physicsIR, solverGraph),
          readouts: readoutBindings(physicsIR, solverGraph),
          receipt: physicsIR.receipt || null,
          typedEvidenceBuckets: physicsIR.typedEvidenceBuckets || universeGraph.typedEvidenceBuckets || null,
          compositionLedger: renderCompositionLedger(
            physicsIR.compositionLedger || universeGraph.compositionLedger || null,
            physicsIR.promptVisualObligations || universeGraph.promptVisualObligations || []
          ),
          environmentPrograms: (physicsIR.environmentPrograms || universeGraph.environmentPrograms || [])
            .map((row) => ({ ...row })),
          promptVisualObligations: (physicsIR.promptVisualObligations || universeGraph.promptVisualObligations || [])
            .map((row) => ({ ...row })),
          behaviorRelations: physicsIR.behaviorRelations || [],
          sceneHint,
          provenance: {
            compiler: 'simulatte.render-ir.v1',
            registry: renderRegistry.RENDER_REGISTRY_SCHEMA || '',
          },
        };
      }
    
      function visualOnlyObjects(universeGraph = {}, physicalObjects = [], registry = {}) {
        const represented = new Set((physicalObjects || []).flatMap((row) => identityKeys([
          row.id,
          row.semanticRef,
          row.physicalRef,
          row.label,
        ].filter(Boolean).join(' '))));
        const rows = [];
        const materialAttributeNodeIds = new Set((universeGraph.edges || [])
          .filter((edge) => edge.type === 'materialOf')
          .map((edge) => edge.from));
        for (const node of universeGraph.nodes || []) {
          if (materialAttributeNodeIds.has(node.id)) continue;
          const semanticType = String(node.semanticType || node.type || '').toLowerCase();
          const nodeKeys = identityKeys([
            node.id,
            node.canonicalId,
            node.label,
            ...(node.aliases || []),
          ].filter(Boolean).join(' '));
          // Prompt-owned visual effects must survive even when a physical support
          // node shares a token such as "fire". Token overlap is not realization.
          if (semanticType !== 'visual-effect' && nodeKeys.some((key) => represented.has(key))) continue;
          if (!node.id || !node.label || node.supportOnly === true) continue;
          if (/^(concept|event|process|action|observable|operator|property|state)$/.test(semanticType)) {
            continue;
          }
          const domain = {
            kind: node.semanticType || 'object',
            materialId: node.materialId || '',
            tags: node.domains || [],
            operatorHints: node.operatorTypes || node.operatorHints || [],
          };
          const materialStyle = registry.materialStyle ? registry.materialStyle(node.materialId) : {};
          rows.push({
            id: `render:${node.id}`,
            semanticRef: node.canonicalId || node.id,
            physicalRef: '',
            sourceGraphId: node.id,
            sourceIds: [node.id, ...(node.evidence || [])],
            domainRef: '',
            domainKind: domain.kind,
            domainTags: domain.tags.slice(),
            operatorHints: unique(node.operatorTypes || node.operatorHints || []),
            label: node.label,
            sourceLabel: node.label,
            aliases: (node.aliases || []).slice(),
            semanticClass: node.semanticClass || '',
            visualArchetype: node.visualArchetype || '',
            shapeHints: (node.shapeHints || []).slice(),
            construction: node.construction || null,
            constructionHypotheses: (node.constructionHypotheses || []).map((row) => ({ ...row })),
            constructionProvenance: (node.constructionProvenance || []).slice(),
            properties: (node.properties || []).map((row) => ({ ...row })),
            partGraph: (node.partGraph || []).map((row) => ({ ...row })),
            cardinality: Number.isFinite(Number(node.cardinality)) ? Number(node.cardinality) : 1,
            poseHint: node.poseHint ? { ...node.poseHint } : null,
            directlyGrounded: node.directlyGrounded === true || node.indexName === 'prompt-typed-slot',
            glyph: node.shapeHints && node.shapeHints[0] || 'body',
            materialId: node.materialId || '',
            materialStyle,
            visualRegime: registry.visualRegimeForDomain
              ? registry.visualRegimeForDomain(domain)
              : domain.kind,
            geometry: node.construction ? { kind: 'constructive-program', construction: node.construction } :
              node.shapeHints && node.shapeHints[0] || null,
            stateBindings: {},
            behavior: null,
            physicsOperators: unique(node.operatorTypes || node.operatorHints || []),
            renderOnly: true,
            evidence: node.evidence || [],
            order: physicalObjects.length + rows.length,
          });
          nodeKeys.forEach((key) => represented.add(key));
        }
        return rows;
      }
    
      function identityKeys(value = '') {
        const ignored = new Set(['artifact', 'entity', 'environment', 'primitive', 'prompt', 'render', 'surface']);
        return String(value || '')
          .toLowerCase()
          .split(/[^a-z0-9]+/)
          .filter((token) => token.length > 2 && !ignored.has(token))
          .map((token) => token.length > 3 && token.endsWith('s') ? token.slice(0, -1) : token);
      }
    
      function renderCompositionLedger(ledger = null, promptVisualObligations = []) {
        if (!ledger || typeof ledger !== 'object') return ledger;
        const byId = new Map((ledger.obligations || []).map((row) => [row.id, row]));
        for (const row of promptVisualObligations || []) byId.set(row.id, { ...row });
        const obligations = Array.from(byId.values());
        return {
          ...ledger,
          obligations,
          summary: {
            ...(ledger.summary || {}),
            obligationCount: obligations.length,
            requiredCount: obligations.filter((row) => row.required === true).length,
          },
        };
      }
    
      function stateBindingsForEntity(entity, domain, solverGraph) {
        const entityId = entity.id;
        const has = (name) => solverGraph.channelMetadata && solverGraph.channelMetadata[`${name}:${entityId}`];
        const bind = {};
        const mechanics = (solverGraph.steps || []).find((step) => ['free_fall', 'pendulum', 'directed_motion'].includes(step.operatorType) &&
          (step.outputs.some((id) => id.endsWith(`:${entityId}`)) || step.params?.targetEntityId === entityId));
        if (mechanics) {
          bind.simulationOperator = mechanics.operatorId;
          bind.simulationType = mechanics.operatorType;
          bind.position = `position:${entityId}`;
        }
        if (has('temperature')) {
          bind.hue = `temperature:${entityId}`;
          bind.glow = `temperature:${entityId}`;
        }
        if (has('flowVelocity')) {
          bind.motion = `flowVelocity:${entityId}`;
          bind.flow = `flowVelocity:${entityId}`;
        }
        if (has('angularVelocity')) bind.rotationRate = `angularVelocity:${entityId}`;
        if (has('angle')) bind.rotation = `angle:${entityId}`;
        if (has('damage')) bind.crackDensity = `damage:${entityId}`;
        if (has('stress')) bind.deformation = `stress:${entityId}`;
        if (has('liquidFraction')) {
          bind.opacity = `liquidFraction:${entityId}`;
          bind.phase = `liquidFraction:${entityId}`;
        }
        if (has('pressure')) bind.pressure = `pressure:${entityId}`;
        if (has('swimPhase')) bind.swimPhase = `swimPhase:${entityId}`;
        if (has('strokeForce')) bind.strokeForce = `strokeForce:${entityId}`;
        if (has('buoyancy')) bind.buoyancy = `buoyancy:${entityId}`;
        if (has('drag')) bind.drag = `drag:${entityId}`;
        if (has('submersion')) bind.submersion = `submersion:${entityId}`;
        if (has('wake')) bind.wake = `wake:${entityId}`;
        if (has('backlog')) bind.congestion = `backlog:${entityId}`;
        if (has('throughput')) bind.throughput = `throughput:${entityId}`;
        if (has('amplitude')) bind.amplitude = `amplitude:${entityId}`;
        if (has('density')) bind.density = `density:${entityId}`;
        if (!Object.keys(bind).length) bind.activity = firstChannelForEntity(entityId, solverGraph);
        return bind;
      }
    
      function firstChannelForEntity(entityId, solverGraph) {
        return Object.keys(solverGraph.channelMetadata || {}).find((key) => key.endsWith(`:${entityId}`)) || '';
      }
    
      function fieldBindings(physicsIR, solverGraph) {
        return (physicsIR.stateFields || [])
          .filter((field) => [
            'temperature',
            'flowVelocity',
            'pressure',
            'damage',
            'stress',
            'phase',
            'amplitude',
            'backlog',
            'throughput',
            'signalDelay',
            'density',
            'nutrient',
            'liquidFraction',
            'reactionProgress',
            'swimPhase',
            'strokeForce',
            'buoyancy',
            'drag',
            'submersion',
            'wake',
          ].includes(field.name))
          .map((field) => ({
            id: `field:${field.id}`,
            channel: field.id,
            name: field.name,
            type: field.type,
            units: field.units,
            domainId: field.domainId,
            metadata: solverGraph.channelMetadata ? solverGraph.channelMetadata[field.id] || null : null,
          }));
      }
    
      function readoutBindings(physicsIR, solverGraph) {
        const fromIR = physicsIR.readouts || [];
        return fromIR.map((readout) => ({
          label: readout.label,
          channel: readout.channel,
          units: solverGraph.channelMetadata && solverGraph.channelMetadata[readout.channel]
            ? solverGraph.channelMetadata[readout.channel].units
            : '',
          source: readout.source || 'physics-ir',
        }));
      }
    
      function unique(values) {
        return Array.from(new Set((values || []).filter(Boolean)));
      }
    
      function behaviorForEntity(entity = {}, behaviorRelations = []) {
        const entityId = entity.id || '';
        const rows = (behaviorRelations || []).filter((row) => row.agentEntityId === entityId || row.mediumEntityId === entityId);
        if (!rows.length) return null;
        return {
          schema: 'simulatte.renderBehaviorBinding.v1',
          processes: unique(rows.map((row) => row.process).filter(Boolean)),
          roles: unique(rows.map((row) => row.agentEntityId === entityId ? 'agent' : 'medium')),
          relationIds: rows.map((row) => row.id).filter(Boolean),
          sourceEvidence: unique(rows.flatMap((row) => row.evidence || [])),
          operators: unique(rows.flatMap((row) => row.operators || [])),
        };
      }
    
      function operatorTypesForEntity(entity = {}, operators = [], steps = []) {
        const entityId = entity.id || '';
        return unique([
          ...(operators || []).filter((row) => row.entityId === entityId).map((row) => row.type),
          ...(steps || []).filter((row) => String(row.operatorId || '').endsWith(`:${entityId}`)).map((row) => row.operatorType),
        ].filter(Boolean));
      }
    
      return {
        RENDER_IR_SCHEMA,
        compileRenderIR,
      };
    });
    
    (function initSimulattePhysicsModelDependencies(root) {
      const moduleRegistry = typeof module === 'object' && module.exports
        ? require('../../app/runtime/phase-module-registry.js')
        : root.SimulattePhaseModuleRegistry;
      const scope = moduleRegistry.family('physicsModel');
      if (scope.initialized) return;
      const dependencyApi = typeof module === 'object' && module.exports
          ? require('../../app/runtime/require-runtime-dependency.js')
          : root.SimulatteRuntimeDependency;
      const requireRuntimeDependency = dependencyApi.requireRuntimeDependency;
      const catalog = typeof module === 'object' && module.exports
          ? require('./simulatte-physics-catalog.js')
          : root.SimulattePhysicsCatalog;
      const composer = typeof module === 'object' && module.exports
          ? require('../phase-06-visual/simulatte-composition-graph.js')
          : root.SimulatteCompositionGraph;
      const classifier = typeof module === 'object' && module.exports
          ? require('../phase-03-retrieval/simulatte-intent-classifier.js')
          : root.SimulatteIntentClassifier;
      const semantic = typeof module === 'object' && module.exports
          ? require('../phase-03-retrieval/simulatte-semantic-rag.js')
          : root.SimulatteSemanticRag;
      const doppler = typeof module === 'object' && module.exports
          ? require('../phase-01-runtime/simulatte-doppler-intent.js')
          : root.SimulatteDopplerIntent;
      const graphSynthesis = typeof module === 'object' && module.exports
          ? require('../phase-04-grounded-intent/simulatte-graph-synthesis.js')
          : root.SimulatteGraphSynthesis;
      const universeParser = typeof module === 'object' && module.exports
          ? require('../phase-02-language/simulatte-universe-parser.js')
          : root.SimulatteUniverseParser;
      const universeGrounder = typeof module === 'object' && module.exports
          ? require('../phase-04-grounded-intent/simulatte-universe-grounder.js')
          : root.SimulatteUniverseGrounder;
      const physicsIR = typeof module === 'object' && module.exports
          ? require('./simulatte-physics-ir.js')
          : root.SimulattePhysicsIR;
      const physicsIRValidator = typeof module === 'object' && module.exports
          ? require('./simulatte-physics-ir-validator.js')
          : root.SimulattePhysicsIRValidator;
      const solverCompiler = typeof module === 'object' && module.exports
          ? require('./simulatte-solver-compiler.js')
          : root.SimulatteSolverCompiler;
      const renderIR = typeof module === 'object' && module.exports
          ? require('./simulatte-render-ir.js')
          : root.SimulatteRenderIR;
      const intentForensics = typeof module === 'object' && module.exports
          ? require('../phase-04-grounded-intent/simulatte-intent-forensics.js')
          : root.SimulatteIntentForensics;
      const activationModule = typeof module === 'object' && module.exports
          ? require('../phase-03-retrieval/simulatte-activation-cloud.js')
          : root.SimulatteActivationCloud;
      const groundedModule = typeof module === 'object' && module.exports
          ? require('../phase-04-grounded-intent/simulatte-grounded-interpretation.js')
          : root.SimulatteGroundedInterpretation;
      const languageLexicon = typeof module === 'object' && module.exports
          ? require('../../../data/simulatte-language-lexicon.js')
          : root.SimulatteLanguageLexicon;
      const phaseContracts = typeof module === 'object' && module.exports
          ? require('../simulatte-phase-contracts.js')
          : root.SimulattePhaseContracts;
      const renderProof = typeof module === 'object' && module.exports
          ? require('../phase-07-render/simulatte-render-proof.js')
          : root.SimulatteRenderProof;
      const deterministicValues = typeof module === 'object' && module.exports
          ? require('../../../shared/deterministic-values.js')
          : root.SimulatteDeterministicValues;
      const worldSpec = typeof module === 'object' && module.exports
          ? require('../../../shared/contracts/world-spec.js')
          : root.SimulatteWorldSpec;
      const worldProof = typeof module === 'object' && module.exports
          ? require('../../../shared/contracts/world-proof.js')
          : root.SimulatteWorldProof;
      requireRuntimeDependency({
        root,
        moduleName: 'SimulattePhysicsModel',
        dependencyName: 'SimulattePhysicsCatalog',
        value: catalog,
      });
      requireRuntimeDependency({
        root,
        moduleName: 'SimulattePhysicsModel',
        dependencyName: 'SimulatteDeterministicValues',
        value: deterministicValues,
      });
      requireRuntimeDependency({
        root,
        moduleName: 'SimulattePhysicsModel',
        dependencyName: 'SimulatteWorldSpec',
        value: worldSpec,
      });
      requireRuntimeDependency({
        root,
        moduleName: 'SimulattePhysicsModel',
        dependencyName: 'SimulatteWorldProof',
        value: worldProof,
      });
      moduleRegistry.define('physicsModel', 'simulatte-physics-model-dependencies.js', {
        root,
        catalog,
        composer,
        classifier,
        semantic,
        doppler,
        graphSynthesis,
        universeParser,
        universeGrounder,
        physicsIR,
        physicsIRValidator,
        solverCompiler,
        renderIR,
        intentForensics,
        activationModule,
        groundedModule,
        languageLexicon,
        phaseContracts,
        worldSpec,
        worldProof,
        ...deterministicValues,
        ...(renderProof || {}),
        initialized: true,
      });
    })(typeof globalThis !== 'undefined' ? globalThis : window);
    
    (function attachSimulatteInteractionIR(root, factory) {
      const api = factory();
      if (typeof module === 'object' && module.exports) module.exports = api;
      root.SimulatteInteractionIR = api;
    })(typeof globalThis !== 'undefined' ? globalThis : window, function createInteractionIRApi() {
      const INTERACTION_IR_SCHEMA = 'simulatte.interactionIR.v1';
      const INTERACTION_STATE_SCHEMA = 'simulatte.interactionState.v1';
      const INTERACTION_COMMAND_SCHEMA = 'simulatte.interactionCommand.v1';
      const INTERACTION_RECEIPT_SCHEMA = 'simulatte.interactionCommandReceipt.v1';
      const INTERACTION_TRANSITION_STATE_SCHEMA = 'simulatte.interactionTransitionState.v1';
      const INTERACTION_HASH_PREFIX = 'fnv1a32:';
      const MAX_RECEIPTS = 64;
    
      const ACTIONS = Object.freeze([
        action('select', 'select', 'select'),
        action('hover', 'hover', 'select'),
        action('clear-hover', 'clear-hover', ''),
        action('grab', 'grab', 'drag'),
        action('drag', 'drag', 'drag'),
        action('release', 'release', 'drag'),
        action('nudge', 'nudge', 'nudge'),
        action('impulse', 'impulse', 'impulse'),
        action('adjust', 'adjust', 'adjust'),
        action('activate', 'activate', 'activate'),
        action('clear-selection', 'clear-selection', ''),
      ]);
    
      const BINDINGS = Object.freeze([
        binding('pointer-hover', 'pointer', 'pointermove', 'hover'),
        binding('pointer-select', 'pointer', 'pointerdown', 'select', { button: 0 }),
        binding('pointer-grab', 'pointer', 'pointerdown', 'grab', { button: 0 }),
        binding('pointer-drag', 'pointer', 'pointerdrag', 'drag', { button: 0 }),
        binding('pointer-release', 'pointer', 'pointerup', 'release', { button: 0 }),
        binding('pointer-adjust', 'pointer', 'wheel', 'adjust'),
        binding('keyboard-left', 'keyboard', 'keydown', 'nudge', { code: 'ArrowLeft', vector: [-0.035, 0] }),
        binding('keyboard-right', 'keyboard', 'keydown', 'nudge', { code: 'ArrowRight', vector: [0.035, 0] }),
        binding('keyboard-up', 'keyboard', 'keydown', 'nudge', { code: 'ArrowUp', vector: [0, -0.035] }),
        binding('keyboard-down', 'keyboard', 'keydown', 'nudge', { code: 'ArrowDown', vector: [0, 0.035] }),
        binding('keyboard-impulse', 'keyboard', 'keydown', 'impulse', { code: 'Space', vector: [0, -0.7] }),
        binding('keyboard-activate', 'keyboard', 'keydown', 'activate', { code: 'Enter' }),
        binding('keyboard-clear', 'keyboard', 'keydown', 'clear-selection', { code: 'Escape' }),
      ]);
    
      function action(id, commandKind, requiredCapability) {
        return Object.freeze({
          schema: 'simulatte.interactionAction.v1',
          id,
          commandKind,
          requiredCapability,
        });
      }
    
      function binding(id, device, event, actionId, options = {}) {
        return Object.freeze({
          schema: 'simulatte.interactionBinding.v1',
          id,
          device,
          event,
          actionId,
          ...options,
        });
      }
    
      function compileInteractionIR(input = {}) {
        const physicsIR = input.physicsIR || {};
        const solverGraph = input.solverGraph || {};
        const renderIR = input.renderIR || {};
        const channelMetadata = solverGraph.channelMetadata || {};
        const renderObjects = Array.isArray(renderIR.objects) ? renderIR.objects : [];
        const targets = (physicsIR.entities || []).map((entity) => {
          const entityId = String(entity.id || '');
          const channels = channelsForEntity(entityId, channelMetadata);
          const fixed = interactionTargetFixed(entity);
          const capabilities = capabilitiesForChannels(channels, fixed);
          const renderObject = renderObjects.find((row) => row.physicalRef === entityId) || null;
          const initialPositionValue = channels.position && solverGraph.channels &&
            solverGraph.channels[channels.position];
          return {
            schema: 'simulatte.interactionTarget.v1',
            id: `target:${entityId}`,
            entityId,
            renderObjectId: renderObject && renderObject.id || '',
            label: String(entity.label || entityId),
            mobility: fixed ? 'fixed' : 'dynamic',
            capabilities,
            channels,
            initialPosition: initialPositionValue && typeof initialPositionValue === 'object'
              ? [finite(initialPositionValue.x, 0.5), finite(initialPositionValue.y, 0.5)]
              : [0.5, 0.5],
            evidence: unique([
              ...(entity.evidence || []),
              entity.sourceNodeId,
              renderObject && renderObject.semanticRef,
            ]),
          };
        }).filter((target) => target.entityId);
        const activeCapabilities = new Set(targets.flatMap((target) => target.capabilities));
        const actions = ACTIONS.filter((row) => (
          !row.requiredCapability || activeCapabilities.has(row.requiredCapability)
        )).map(clone);
        const actionIds = new Set(actions.map((row) => row.id));
        const bindings = BINDINGS.filter((row) => actionIds.has(row.actionId)).map(clone);
        const interactionIR = {
          schema: INTERACTION_IR_SCHEMA,
          contentHash: '',
          compiler: 'simulatte.phase5.interaction-ir.compiler.v1',
          coordinateSystem: 'normalized-canvas',
          commandOrdering: 'monotonic-sequence-then-arrival-order',
          targetSelection: 'phase6-collider-hit-test',
          targets,
          actions,
          bindings,
          receipt: {
            schema: 'simulatte.interactionCompileReceipt.v1',
            phase: 5,
            targetCount: targets.length,
            dynamicTargetCount: targets.filter((row) => row.capabilities.some((value) => value !== 'select')).length,
            actionCount: actions.length,
            bindingCount: bindings.length,
            supportedCapabilities: Array.from(activeCapabilities).sort(),
            complexity: `O(${targets.length}+${Object.keys(channelMetadata).length})`,
          },
        };
        interactionIR.contentHash = interactionProgramContentHash(interactionIR);
        validateInteractionIR(interactionIR);
        return interactionIR;
      }
    
      function channelsForEntity(entityId, metadata = {}) {
        const rows = Object.keys(metadata).filter((id) => id.endsWith(`:${entityId}`));
        const byName = {};
        for (const channelId of rows) {
          const row = metadata[channelId] || {};
          const name = String(row.name || channelId.split(':')[0]);
          if (!(name in byName)) byName[name] = channelId;
        }
        return {
          position: byName.position || '',
          velocity: byName.velocity || byName.flowVelocity || '',
          force: byName.force || '',
          angle: byName.angle || '',
          angularVelocity: byName.angularVelocity || '',
          torque: byName.torque || '',
          adjust: firstChannel(byName, [
            'amplitude', 'strokeForce', 'throughput', 'backlog', 'pressure',
            'temperature', 'charge', 'phase',
          ]),
        };
      }
    
      function firstChannel(byName, names) {
        for (const name of names) {
          if (byName[name]) return byName[name];
        }
        return '';
      }
    
      function capabilitiesForChannels(channels = {}, fixed = false) {
        const capabilities = ['select'];
        if (fixed) return capabilities;
        if (channels.position || channels.velocity || channels.force) capabilities.push('drag', 'nudge');
        if (channels.velocity || channels.force || channels.angularVelocity || channels.torque) capabilities.push('impulse');
        if (channels.adjust) capabilities.push('adjust', 'activate');
        return unique(capabilities);
      }
    
      function interactionTargetFixed(entity = {}) {
        const text = [
          entity.label,
          entity.semanticType,
          entity.semanticRole,
          entity.semanticClass,
          entity.visualArchetype,
          ...(entity.domains || []),
          ...(entity.shapeHints || []),
        ].filter(Boolean).join(' ').toLowerCase();
        return /\b(?:boundary|building|floor|ground|terrain|wall)\b/.test(text);
      }
    
      function validateInteractionIR(ir = {}) {
        if (ir.schema !== INTERACTION_IR_SCHEMA) {
          throw new Error(`InteractionIR expected ${INTERACTION_IR_SCHEMA}`);
        }
        if (ir.contentHash !== interactionProgramContentHash(ir)) {
          throw new Error('InteractionIR contentHash does not match its canonical program');
        }
        const actionIds = new Set((ir.actions || []).map((row) => row.id));
        const targetIds = new Set();
        for (const target of ir.targets || []) {
          if (!target.id || targetIds.has(target.id)) throw new Error(`InteractionIR duplicate target: ${target.id || 'missing'}`);
          targetIds.add(target.id);
          if (!Array.isArray(target.capabilities) || !target.capabilities.includes('select')) {
            throw new Error(`InteractionIR target ${target.id} must be selectable`);
          }
        }
        for (const row of ir.bindings || []) {
          if (!actionIds.has(row.actionId)) {
            throw new Error(`InteractionIR binding ${row.id} references missing action ${row.actionId}`);
          }
        }
        return ir;
      }
    
      function createInteractionState(interactionIR = null) {
        return {
          schema: INTERACTION_STATE_SCHEMA,
          programSchema: interactionIR && interactionIR.schema || '',
          version: 0,
          selectedTargetId: '',
          hoveredTargetId: '',
          grabbedTargetId: '',
          activeTargetId: '',
          pointer: [0.5, 0.5],
          visualPositions: {},
          visualChannelBaselines: {},
          commandCount: 0,
          appliedCommandCount: 0,
          rejectedCommandCount: 0,
          modifiedChannels: [],
          receipts: [],
          lastCommand: null,
        };
      }
    
      function withInteractionState(state = {}, interactionIR = null) {
        if (!interactionIR || interactionIR.schema !== INTERACTION_IR_SCHEMA) return state;
        if (state.interaction && state.interaction.schema === INTERACTION_STATE_SCHEMA) return state;
        return { ...state, interaction: createInteractionState(interactionIR) };
      }
    
      function createInteractionCommand(input = {}) {
        const point = vector(input.point, [0.5, 0.5]);
        const delta = vector(input.delta, [0, 0]);
        return {
          schema: INTERACTION_COMMAND_SCHEMA,
          sequence: Math.max(0, Math.floor(finite(input.sequence, 0))),
          actionId: String(input.actionId || ''),
          targetId: String(input.targetId || ''),
          source: String(input.source || 'runtime-input'),
          point: [clamp(point[0], 0, 1), clamp(point[1], 0, 1)],
          delta: [clamp(delta[0], -1, 1), clamp(delta[1], -1, 1)],
          value: clamp(finite(input.value, 0), -1, 1),
          bindingId: String(input.bindingId || ''),
        };
      }
    
      function applyInteractionCommands(state = {}, interactionIR = null, inputCommands = []) {
        if (!interactionIR || interactionIR.schema !== INTERACTION_IR_SCHEMA) return state;
        const commands = (inputCommands || []).map(createInteractionCommand)
          .sort((a, b) => a.sequence - b.sequence);
        if (!commands.length) return withInteractionState(state, interactionIR);
        const targets = new Map((interactionIR.targets || []).map((row) => [row.id, row]));
        let next = withInteractionState(state, interactionIR);
        next = {
          ...next,
          __interactionChannelsCloned: false,
          interaction: {
            ...next.interaction,
            visualPositions: { ...(next.interaction.visualPositions || {}) },
            visualChannelBaselines: { ...(next.interaction.visualChannelBaselines || {}) },
            modifiedChannels: (next.interaction.modifiedChannels || []).slice(),
            receipts: (next.interaction.receipts || []).slice(),
          },
        };
        for (const command of commands) next = applyCommand(next, interactionIR, targets, command);
        delete next.__interactionChannelsCloned;
        return next;
      }
    
      function applyCommand(state, interactionIR, targets, command) {
        const action = (interactionIR.actions || []).find((row) => row.id === command.actionId);
        const target = command.targetId ? targets.get(command.targetId) : null;
        const interaction = state.interaction;
        const beforeState = interactionTransitionState(state, target);
        interaction.commandCount += 1;
        let status = 'applied';
        let reason = '';
        let changedChannels = [];
        if (!action) {
          status = 'rejected';
          reason = 'unknown action';
        } else if (action.requiredCapability && (!target || !target.capabilities.includes(action.requiredCapability))) {
          status = 'rejected';
          reason = `target lacks ${action.requiredCapability}`;
        } else {
          const result = executeAction(state, target, command);
          state = result.state;
          changedChannels = result.changedChannels;
          reason = result.reason;
          if (result.applied !== true) status = 'rejected';
        }
        const nextInteraction = state.interaction;
        nextInteraction.version += 1;
        nextInteraction.pointer = command.point.slice();
        nextInteraction.lastCommand = clone(command);
        if (status === 'applied') {
          nextInteraction.appliedCommandCount += 1;
          if (['grab', 'drag', 'impulse', 'adjust', 'activate'].includes(command.actionId)) {
            nextInteraction.activeTargetId = command.targetId;
          } else if (command.actionId === 'release' || command.actionId === 'clear-selection') {
            nextInteraction.activeTargetId = '';
          }
        } else {
          nextInteraction.rejectedCommandCount += 1;
        }
        nextInteraction.modifiedChannels = unique([
          ...nextInteraction.modifiedChannels,
          ...changedChannels,
        ]).slice(-32);
        const afterState = interactionTransitionState(state, target);
        nextInteraction.receipts.push({
          schema: INTERACTION_RECEIPT_SCHEMA,
          sequence: command.sequence,
          actionId: command.actionId,
          targetId: command.targetId,
          bindingId: command.bindingId,
          status,
          reason,
          changedChannels,
          beforeState,
          afterState,
          beforeStateHash: interactionTransitionStateHash(beforeState),
          afterStateHash: interactionTransitionStateHash(afterState),
          point: command.point.slice(),
          delta: command.delta.slice(),
        });
        nextInteraction.receipts = nextInteraction.receipts.slice(-MAX_RECEIPTS);
        return state;
      }
    
      function executeAction(state, target, command) {
        const interaction = state.interaction;
        if (command.actionId === 'clear-selection') {
          interaction.selectedTargetId = '';
          interaction.hoveredTargetId = '';
          interaction.grabbedTargetId = '';
          interaction.activeTargetId = '';
          return result(state, [], 'selection cleared');
        }
        if (command.actionId === 'clear-hover') {
          interaction.hoveredTargetId = '';
          return result(state, [], 'hover cleared');
        }
        if (!target) return result(state, [], 'target unavailable', false);
        if (command.actionId === 'select') {
          interaction.selectedTargetId = target.id;
          return result(state, [], 'target selected');
        }
        if (command.actionId === 'hover') {
          interaction.hoveredTargetId = target.id;
          return result(state, [], 'target hovered');
        }
        if (command.actionId === 'grab') {
          interaction.selectedTargetId = target.id;
          interaction.grabbedTargetId = target.id;
          return result(state, [], 'target grabbed');
        }
        if (command.actionId === 'release') {
          interaction.grabbedTargetId = '';
          return result(state, [], 'target released');
        }
        const changedChannels = [];
        if (command.actionId === 'drag') {
          interaction.selectedTargetId = target.id;
          interaction.grabbedTargetId = target.id;
          interaction.visualPositions[target.id] = command.point.slice();
          setVectorChannel(state, target.channels.position, command.point, changedChannels);
          interaction.visualChannelBaselines[target.id] = channelPosition(state, target);
          addVectorChannel(state, target.channels.velocity, scaleVector(command.delta, 8), changedChannels, 6);
          addVectorChannel(state, target.channels.force, scaleVector(command.delta, 80), changedChannels, 240);
          addScalarChannel(state, target.channels.angularVelocity, command.delta[0] * 8, changedChannels, 18);
          addScalarChannel(state, target.channels.torque, command.delta[0] * 20, changedChannels, 80);
          return result(state, changedChannels, changedChannels.length ? 'drag changed simulation channels' : 'drag changed visual position');
        }
        if (command.actionId === 'nudge') {
          const current = currentPosition(state, target);
          const position = [
            clamp(current[0] + command.delta[0], 0, 1),
            clamp(current[1] + command.delta[1], 0, 1),
          ];
          setVectorChannel(state, target.channels.position, position, changedChannels);
          addVectorChannel(state, target.channels.velocity, scaleVector(command.delta, 5), changedChannels, 6);
          return result(state, changedChannels, changedChannels.length ? 'nudge changed simulation channels' : 'nudge changed visual position');
        }
        if (command.actionId === 'impulse') {
          const impulse = command.delta[0] || command.delta[1] ? command.delta : [0, -0.7];
          addVectorChannel(state, target.channels.velocity, scaleVector(impulse, 1.6), changedChannels, 8);
          addVectorChannel(state, target.channels.force, scaleVector(impulse, 60), changedChannels, 260);
          addScalarChannel(state, target.channels.angularVelocity, impulse[0] * 4 + 1.2, changedChannels, 20);
          addScalarChannel(state, target.channels.torque, impulse[0] * 16 + 3, changedChannels, 90);
          return result(state, changedChannels, 'impulse changed simulation channels', changedChannels.length > 0);
        }
        if (command.actionId === 'adjust' || command.actionId === 'activate') {
          const amount = command.actionId === 'activate' ? 0.12 : -command.value * 0.08;
          addScalarChannel(state, target.channels.adjust, amount, changedChannels, 1);
          return result(state, changedChannels, 'scalar control changed', changedChannels.length > 0);
        }
        return result(state, [], 'action has no executor', false);
      }
    
      function result(state, changedChannels, reason, applied = true) {
        return { state, changedChannels, reason, applied };
      }
    
      function currentPosition(state, target) {
        const visual = state.interaction.visualPositions[target.id];
        if (Array.isArray(visual)) return visual.slice(0, 2);
        const value = readChannel(state, target.channels.position);
        return value && typeof value === 'object'
          ? [finite(value.x, 0.5), finite(value.y, 0.5)]
          : [0.5, 0.5];
      }
    
      function channelPosition(state, target) {
        const value = readChannel(state, target.channels.position);
        return value && typeof value === 'object'
          ? [finite(value.x, 0.5), finite(value.y, 0.5)]
          : target.initialPosition.slice();
      }
    
      function setVectorChannel(state, channelId, value, changedChannels) {
        if (!channelId) return;
        const channels = writableChannels(state);
        channels[channelId] = { x: finite(value[0], 0), y: finite(value[1], 0) };
        changedChannels.push(channelId);
      }
    
      function addVectorChannel(state, channelId, delta, changedChannels, limit) {
        if (!channelId) return;
        const channels = writableChannels(state);
        const previous = channels[channelId] && typeof channels[channelId] === 'object'
          ? channels[channelId]
          : { x: 0, y: 0 };
        channels[channelId] = {
          x: clamp(finite(previous.x, 0) + delta[0], -limit, limit),
          y: clamp(finite(previous.y, 0) + delta[1], -limit, limit),
        };
        changedChannels.push(channelId);
      }
    
      function addScalarChannel(state, channelId, amount, changedChannels, limit) {
        if (!channelId) return;
        const channels = writableChannels(state);
        channels[channelId] = clamp(finite(channels[channelId], 0) + amount, -limit, limit);
        changedChannels.push(channelId);
      }
    
      function writableChannels(state) {
        if (!state.solverState) state.solverState = { kind: 'solver-state', channels: {} };
        if (!state.__interactionChannelsCloned) {
          state.solverState = {
            ...state.solverState,
            channels: { ...(state.solverState.channels || {}) },
          };
          state.__interactionChannelsCloned = true;
        }
        state.channelValues = state.solverState.channels;
        return state.solverState.channels;
      }
    
      function readChannel(state, channelId) {
        return channelId && state.solverState && state.solverState.channels
          ? state.solverState.channels[channelId]
          : undefined;
      }
    
      function interactionTransitionState(state = {}, target = null) {
        const interaction = state.interaction || {};
        const targetId = String(target && target.id || '');
        const channelIds = unique(Object.values(target && target.channels || {}))
          .map(String)
          .filter(Boolean)
          .sort();
        const visualPosition = targetId && interaction.visualPositions &&
          interaction.visualPositions[targetId];
        return {
          schema: INTERACTION_TRANSITION_STATE_SCHEMA,
          selectedTargetId: String(interaction.selectedTargetId || ''),
          hoveredTargetId: String(interaction.hoveredTargetId || ''),
          grabbedTargetId: String(interaction.grabbedTargetId || ''),
          activeTargetId: String(interaction.activeTargetId || ''),
          visualPosition: Array.isArray(visualPosition)
            ? visualPosition.slice(0, 2).map((value) => finite(value, 0))
            : null,
          channels: channelIds.map((id) => ({
            id,
            value: canonicalValue(readChannel(state, id) ?? null),
          })),
        };
      }
    
      function interactionProgramContentHash(interactionIR = {}) {
        const program = clone(interactionIR || {});
        delete program.contentHash;
        return hashCanonical(program);
      }
    
      function interactionTransitionStateHash(state = {}) {
        return hashCanonical(state);
      }
    
      function hashCanonical(value) {
        let hash = 0x811c9dc5;
        const bytes = new TextEncoder().encode(JSON.stringify(canonicalValue(value)));
        for (const byte of bytes) {
          hash ^= byte;
          hash = Math.imul(hash, 0x01000193) >>> 0;
        }
        return `${INTERACTION_HASH_PREFIX}${hash.toString(16).padStart(8, '0')}`;
      }
    
      function canonicalValue(value) {
        if (Array.isArray(value)) return value.map(canonicalValue);
        if (value && typeof value === 'object') {
          return Object.fromEntries(
            Object.keys(value).sort().map((key) => [key, canonicalValue(value[key])])
          );
        }
        return value;
      }
    
      function scaleVector(value, scale) {
        return [finite(value[0], 0) * scale, finite(value[1], 0) * scale];
      }
    
      function vector(value, fallback) {
        return Array.isArray(value)
          ? [finite(value[0], fallback[0]), finite(value[1], fallback[1])]
          : fallback.slice();
      }
    
      function finite(value, fallback) {
        const number = Number(value);
        return Number.isFinite(number) ? number : fallback;
      }
    
      function clamp(value, min, max) {
        return Math.max(min, Math.min(max, value));
      }
    
      function unique(values) {
        return Array.from(new Set((values || []).filter(Boolean)));
      }
    
      function clone(value) {
        if (Array.isArray(value)) return value.map(clone);
        if (value && typeof value === 'object') {
          return Object.fromEntries(Object.entries(value).map(([key, row]) => [key, clone(row)]));
        }
        return value;
      }
    
      return {
        INTERACTION_IR_SCHEMA,
        INTERACTION_STATE_SCHEMA,
        INTERACTION_COMMAND_SCHEMA,
        INTERACTION_RECEIPT_SCHEMA,
        INTERACTION_TRANSITION_STATE_SCHEMA,
        ACTIONS,
        BINDINGS,
        compileInteractionIR,
        validateInteractionIR,
        createInteractionState,
        withInteractionState,
        createInteractionCommand,
        applyInteractionCommands,
        interactionProgramContentHash,
        interactionTransitionStateHash,
      };
    });
    
    (function attachSimulattePhysicsModelcontracts(root) {
      const scope = root.SimulattePhaseModuleRegistry.family('physicsModel');
      const renderInput = typeof module === 'object' && module.exports
        ? require('../phase-07-render/simulatte-render-execution-input.js') : root.SimulatteRenderExecutionInput;
      if (!renderInput) throw new Error('Physics contracts require the Phase 7 render input contract');
    
        const {
            CONTROL_LIBRARY,
            DEFAULT_PARAMS,
            EXAMPLE_INTENTS,
            FIELD_GRID,
            PHYSICAL_PRIMITIVES,
            SEMANTIC_STOPWORDS,
            TAU,
            TEMPLATE_LIBRARY,
            TOKEN_SYNONYMS,
            buildIntentVector,
            clamp,
            clamp01,
            contractSummaryForPrimitives,
            controlsByKey,
            visualSlotTargetsForAction,
            controlsForSpec,
            explicitPrimitiveScore,
            hashNoise,
            labelize,
            meaningfulTokens,
            normalizeControl,
            normalizeObjects,
            normalizeParams,
            primitiveById,
            primitiveText,
            rankPhysicalPrimitives,
            shortestAngle,
            slugify,
            templateById,
            unitsForParams,
            uniqueList,
            vectorScore,
            withPrimitiveDependencies,
            wrapAngle,
          } = scope.catalog;
    
        const {
            COMPOSITION_SCHEMA,
            RENDER_PROGRAM_SCHEMA,
            buildCompositionGraph,
            compileCompositionToRenderProgram,
          } = scope.composer || {};
    
        const {
            INTENT_CLASSIFICATION_SCHEMA,
            DETERMINISTIC_TFIDF_RANKER_ID,
            classificationSummary,
            classifyIntentPrompt,
            rankPrimitivesForClassification,
          } = scope.classifier || {};
    
        const {
            SEMANTIC_RAG_SCHEMA,
            buildPrimitiveProgram,
            createSemanticRag,
          } = scope.semantic || {};
    
        const {
            DOPPLER_INTENT_SCHEMA,
            normalizeDopplerIntent,
          } = scope.doppler || {};
    
        const {
            SYNTHESIS_SCHEMA,
            groundedPrimitiveRows,
            synthesizeWorldIntent,
          } = scope.graphSynthesis || {};
    
        const {
            PROMPT_PARSE_SCHEMA,
            parsePrompt,
          } = scope.universeParser || {};
    
        const {
            UNIVERSE_GRAPH_SCHEMA,
            groundUniverseGraph,
          } = scope.universeGrounder || {};
    
        const {
            PHYSICAL_IR_SCHEMA,
            buildPhysicsIR,
          } = scope.physicsIR || {};
    
        const {
            VALIDATION_RECEIPT_SCHEMA,
            validatePhysicsIR,
          } = scope.physicsIRValidator || {};
    
        const {
            SOLVER_GRAPH_SCHEMA,
            ENERGY_LEDGER_SCHEMA,
            CHECKPOINT_SCHEMA,
            compileSolverGraph,
            createSolverState,
            stepSolverState,
            createEnergyLedger,
            createSolverCheckpoint,
            restoreSolverCheckpoint,
            serializeSolverCheckpoint,
            deserializeSolverCheckpoint,
            applyGridBoundaryFlux,
            buildGridGhostLayer,
            deriveChannelSummary,
          } = scope.solverCompiler || {};
    
        const {
            RENDER_IR_SCHEMA,
            compileRenderIR,
          } = scope.renderIR || {};
    
        const interactionIR = typeof module === 'object' && module.exports
          ? require('./simulatte-interaction-ir.js')
          : root.SimulatteInteractionIR;
        if (!interactionIR) throw new Error('Simulatte InteractionIR compiler unavailable');
    
        const {
            INTENT_BRIEF_SCHEMA,
            buildIntentForensics,
          } = scope.intentForensics || {};
    
        const {
            buildActivationCloud,
            summarizeActivationCloud,
          } = scope.activationModule || {};
    
        const {
            buildGroundedInterpretation,
          } = scope.groundedModule || {};
    
        const {
          PHASE_CONTRACTS,
          PHASE_OUTPUT_SCHEMAS,
          PHASE_ZERO_INPUT_SCHEMA,
          phaseOutputSchema,
          createPhaseEnvelope,
          assertPhaseEnvelope,
          forbiddenFieldPresent,
          dottedPathPresent,
          fieldNamePresent,
          validatePhaseEnvelope,
          validatePhase1RuntimeReady,
          validatePhase2LanguageGraph,
          validatePhase3RetrievalRerank,
          validatePhase4GroundedIntent,
          validatePhase5SimulationCompile,
          validatePhase6VisualCompile,
          validatePhase7RenderExecution,
          validatePhase8SceneProof,
        } = scope.phaseContracts || {};
        if (!PHASE_CONTRACTS || !PHASE_OUTPUT_SCHEMAS || !PHASE_ZERO_INPUT_SCHEMA) {
          throw new Error('Simulatte phase contract module unavailable');
        }
    
        const RENDER_EXECUTION_INPUT_SCHEMA = renderInput.RENDER_EXECUTION_INPUT_SCHEMA;
    
        const SCENE_COMPOSITION_LEDGER_SCHEMA = 'simulatte.sceneCompositionLedger.v1';
    
        const SCENE_LANGUAGE_GRAPH_SCHEMA = 'simulatte.sceneLanguageGraph.v1';
    
        const SCENE_QUERY_PLAN_SCHEMA = 'simulatte.sceneQueryPlan.v1';
    
        const RETRIEVAL_RERANK_RESULT_SCHEMA = 'simulatte.retrievalRerankResult.v2';
    
        const ACTIVATION_CLOUD_SCHEMA = 'simulatte.activationCloud.v2';
    
        const GROUNDED_SCENE_CONTRACT_SCHEMA = 'simulatte.groundedSceneContract.v1';
    
        const SIMULATION_COMPILE_SCHEMA = 'simulatte.simulationCompile.v2';
    
        const VISUAL_COMPILE_SCHEMA = 'simulatte.visualCompile.v2';
    
        const RENDER_EXECUTION_SCHEMA = 'simulatte.renderExecution.v2';
    
        const WATER_ENVIRONMENT_RE = /\b(?:lake|pool|beach|pond|river|ocean)\b/;
    
        const WATER_MEDIUM_RE = /\b(?:water|fluid)\b/;
    
        const SWIMMING_RE = /\b(?:swim|swims|swimming|swam)\b/;
    
        const NEGATION_RE = scope.universeParser && scope.universeParser.NEGATION_RE ||
          /\b(?:no|not|never|without|none|cannot|can't|wont|won't)\b/;
    
        root.SimulattePhaseModuleRegistry.define('physicsModel', 'simulatte-physics-model-contracts.js', {
          CONTROL_LIBRARY,
          DEFAULT_PARAMS,
          EXAMPLE_INTENTS,
          FIELD_GRID,
          PHYSICAL_PRIMITIVES,
          SEMANTIC_STOPWORDS,
          TAU,
          TEMPLATE_LIBRARY,
          TOKEN_SYNONYMS,
          buildIntentVector,
          clamp,
          clamp01,
          contractSummaryForPrimitives,
          controlsByKey,
          visualSlotTargetsForAction,
          controlsForSpec,
          explicitPrimitiveScore,
          hashNoise,
          labelize,
          meaningfulTokens,
          normalizeControl,
          normalizeObjects,
          normalizeParams,
          primitiveById,
          primitiveText,
          rankPhysicalPrimitives,
          shortestAngle,
          slugify,
          templateById,
          unitsForParams,
          uniqueList,
          vectorScore,
          withPrimitiveDependencies,
          wrapAngle,
          COMPOSITION_SCHEMA,
          RENDER_PROGRAM_SCHEMA,
          buildCompositionGraph,
          compileCompositionToRenderProgram,
          INTENT_CLASSIFICATION_SCHEMA,
          DETERMINISTIC_TFIDF_RANKER_ID,
          classificationSummary,
          classifyIntentPrompt,
          rankPrimitivesForClassification,
          SEMANTIC_RAG_SCHEMA,
          buildPrimitiveProgram,
          createSemanticRag,
          DOPPLER_INTENT_SCHEMA,
          normalizeDopplerIntent,
          SYNTHESIS_SCHEMA,
          groundedPrimitiveRows,
          synthesizeWorldIntent,
          PROMPT_PARSE_SCHEMA,
          parsePrompt,
          UNIVERSE_GRAPH_SCHEMA,
          groundUniverseGraph,
          PHYSICAL_IR_SCHEMA,
          buildPhysicsIR,
          VALIDATION_RECEIPT_SCHEMA,
          validatePhysicsIR,
          SOLVER_GRAPH_SCHEMA,
          ENERGY_LEDGER_SCHEMA,
          CHECKPOINT_SCHEMA,
          compileSolverGraph,
          createSolverState,
          stepSolverState,
          createEnergyLedger,
          createSolverCheckpoint,
          restoreSolverCheckpoint,
          serializeSolverCheckpoint,
          deserializeSolverCheckpoint,
          applyGridBoundaryFlux,
          buildGridGhostLayer,
          deriveChannelSummary,
          RENDER_IR_SCHEMA,
          compileRenderIR,
          ...interactionIR,
          INTENT_BRIEF_SCHEMA,
          buildIntentForensics,
          buildActivationCloud,
          summarizeActivationCloud,
          buildGroundedInterpretation,
          PHASE_CONTRACTS,
          PHASE_ZERO_INPUT_SCHEMA,
          phaseOutputSchema,
          createPhaseEnvelope,
          assertPhaseEnvelope,
          forbiddenFieldPresent,
          dottedPathPresent,
          fieldNamePresent,
          validatePhaseEnvelope,
          validatePhase1RuntimeReady,
          validatePhase2LanguageGraph,
          validatePhase3RetrievalRerank,
          validatePhase4GroundedIntent,
          validatePhase5SimulationCompile,
          validatePhase6VisualCompile,
          validatePhase7RenderExecution,
          validatePhase8SceneProof,
          PHASE_OUTPUT_SCHEMAS,
          RENDER_EXECUTION_INPUT_SCHEMA,
          SCENE_COMPOSITION_LEDGER_SCHEMA,
          SCENE_LANGUAGE_GRAPH_SCHEMA,
          SCENE_QUERY_PLAN_SCHEMA,
          RETRIEVAL_RERANK_RESULT_SCHEMA,
          ACTIVATION_CLOUD_SCHEMA,
          GROUNDED_SCENE_CONTRACT_SCHEMA,
          SIMULATION_COMPILE_SCHEMA,
          VISUAL_COMPILE_SCHEMA,
          RENDER_EXECUTION_SCHEMA,
          WATER_ENVIRONMENT_RE,
          WATER_MEDIUM_RE,
          SWIMMING_RE,
          NEGATION_RE,
        });
    
    })(typeof globalThis !== 'undefined' ? globalThis : window);
    
    (function attachSimulattePhysicsModelphaseruntimelanguage(root) {
      const scope = root.SimulattePhaseModuleRegistry.family('physicsModel');
    
        const TERM_FALLBACK_CONCEPT_MAX = 6;
    
        function sceneProofApi() {
            if (typeof globalThis !== 'undefined' && globalThis.SimulatteSceneProof) {
              return globalThis.SimulatteSceneProof;
            }
            if (typeof module === 'object' && module.exports && typeof require === 'function') {
              try {
                return require('../phase-08-scene-proof/simulatte-scene-proof.js');
              } catch (_err) {}
            }
            return null;
          }
    
        function runPhase8SceneProof(phase7Output, options = {}) {
            const api = sceneProofApi();
            if (!api || typeof api.settleSceneProof !== 'function') {
              throw new Error('Phase 8 scene proof requires SimulatteSceneProof.settleSceneProof; load phase-08-scene-proof/simulatte-scene-proof.js');
            }
            return scope.assertPhaseEnvelope(api.settleSceneProof(phase7Output, options), 8, 'Phase 8 output');
          }
    
        function phaseArtifactSet(...envelopes) {
            const out = {};
            for (const envelope of envelopes) {
              if (!envelope || !envelope.phase) continue;
              out[`phase${envelope.phase}`] = envelope;
            }
            return out;
          }
    
        function mergePhaseArtifacts(...sets) {
            return sets.reduce((out, set) => {
              if (!set || typeof set !== 'object') return out;
              for (const key of Object.keys(set)) {
                if (/^phase[1-8]$/.test(key) && set[key]) out[key] = set[key];
              }
              return out;
            }, {});
          }
    
        function runtimeContextFromOptions(options = {}) {
            const deterministicRuntime = options.deterministicRuntime === true;
            const receipt = options.promptRuntimeReceipt || options.runtimeReceipt || null;
            const embeddingModel = options.embeddingModel || receipt && receipt.model || null;
            const modelId = deterministicRuntime
              ? 'simulatte-deterministic-language-runtime-v1'
              : embeddingModel && embeddingModel.id || receipt && (receipt.modelId || receipt.id) || '';
            const backend = deterministicRuntime
              ? 'javascript'
              : options.embeddingBackend || receipt && (receipt.providerBackend || receipt.backend || receipt.provider) || '';
            const cacheMode = deterministicRuntime
              ? 'static-in-memory-index'
              : receipt && (receipt.cacheMode || receipt.cacheBackends) || options.cacheMode || '';
            const runtimeReceiptId = String(
              options.runtimeReceiptId ||
              receipt && (receipt.runtimeReceiptId || receipt.receiptId || receipt.id) ||
              `runtime:${scope.seedFromString([modelId, backend, cacheMode].filter(Boolean).join(':') || 'local').toString(36)}`
            );
            return {
              schema: 'simulatte.phaseRuntimeContext.v1',
              runtimeReceiptId,
              modelId: modelId || '',
              backend: backend || '',
              cacheMode: cacheMode || '',
              providerReady: receipt && receipt.providerReady === true,
              deterministicReady: deterministicRuntime,
              noFallback: deterministicRuntime || receipt && receipt.noFallback === true,
              promptRuntimeReceipt: receipt,
              modelSelection: options.modelSelection || null,
              retrievalPhase: options.retrievalPhase || '',
              runtimeMode: deterministicRuntime
                ? 'deterministic-local'
                : receipt && receipt.providerReady === true
                ? 'model-backed'
                : options.allowPrototypeFallback === true
                  ? 'prototype-fallback'
                  : 'unproven',
            };
          }
    
        function runtimeContextFromPhase(phaseOutput) {
            const artifact = phaseOutput && phaseOutput.artifact || {};
            return artifact.runtimeContext || {
              schema: 'simulatte.phaseRuntimeContext.v1',
              runtimeReceiptId: phaseOutput && phaseOutput.runtimeReceiptId || 'runtime:unknown',
            };
          }
    
        function retrievalEvidenceFromOptions(options = {}) {
            if (options.phase3RetrievalEvidence && typeof options.phase3RetrievalEvidence === 'object') {
              return sanitizePhase3RetrievalEvidence(options.phase3RetrievalEvidence);
            }
            return sanitizePhase3RetrievalEvidence({
              schema: 'simulatte.phase3.retrievalEvidence.v1',
              sourcePromptHash: options.retrievalSourcePromptHash || '',
              rankedPrimitives: arrayClone(options.rankedPrimitives || options.embeddingPriors || options.primitiveMatches),
              rankedCards: arrayClone(options.rankedCards || options.cardMatches || options.surfaceCardMatches),
              rankedUniverseRows: arrayClone(options.rankedUniverseRows || options.universeMatches),
              classification: clonePhaseValue(options.classification || null),
              semanticRag: clonePhaseValue(options.semanticRag || null),
              rerank: clonePhaseValue(options.intentRerank || options.rerank || null),
              dopplerIntent: clonePhaseValue(options.dopplerIntent || null),
              spanRetrieval: clonePhaseValue(options.spanRetrieval || null),
              slotRetrieval: clonePhaseValue(options.slotRetrieval || null),
              evidenceRows: arrayClone(options.evidenceRows),
              universeGraph: clonePhaseValue(options.universeGraph || null),
              components: arrayClone(options.components),
              visualSource: clonePhaseValue(options.visualSource || null),
              params: clonePhaseValue(options.params || {}),
              retrievalPhase: options.retrievalPhase || '',
              model: clonePhaseValue(options.embeddingModel || null),
              backend: options.embeddingBackend || '',
            });
          }
    
        function sanitizePhase3RetrievalEvidence(evidence = {}) {
            return {
              schema: evidence.schema || 'simulatte.phase3.retrievalEvidence.v1',
              sourcePromptHash: evidence.sourcePromptHash || evidence.promptHash || '',
              rankedPrimitives: arrayClone(evidence.rankedPrimitives || evidence.primitiveMatches),
              primitiveMatches: arrayClone(evidence.primitiveMatches),
              rankedCards: arrayClone(evidence.rankedCards || evidence.cardMatches || evidence.surfaceCardMatches),
              rankedUniverseRows: arrayClone(evidence.rankedUniverseRows || evidence.universeMatches),
              classification: clonePhaseValue(evidence.classification || null),
              semanticRag: clonePhaseValue(evidence.semanticRag || null),
              rerank: clonePhaseValue(evidence.intentRerank || evidence.rerank || null),
              rerankReceipt: clonePhaseValue(evidence.rerankReceipt || null),
              dopplerIntent: clonePhaseValue(evidence.dopplerIntent || null),
              spanRetrieval: clonePhaseValue(evidence.spanRetrieval || null),
              slotRetrieval: clonePhaseValue(evidence.slotRetrieval || null),
              evidenceRows: arrayClone(evidence.evidenceRows),
              universeGraph: clonePhaseValue(evidence.universeGraph || null),
              components: arrayClone(evidence.components),
              visualSource: clonePhaseValue(evidence.visualSource || null),
              params: clonePhaseValue(evidence.params || {}),
              retrievalPhase: evidence.retrievalPhase || '',
              model: clonePhaseValue(evidence.model || evidence.embeddingModel || null),
              backend: evidence.backend || evidence.embeddingBackend || '',
            };
          }
    
        function withPhase1RetrievalEvidence(phase1Output, retrievalEvidence = {}) {
            scope.assertPhaseEnvelope(phase1Output, 1, 'Phase 1 retrieval carrier');
            const carried = retrievalEvidence && typeof retrievalEvidence === 'object' ? retrievalEvidence : {};
            const existingRuntime = runtimeContextFromPhase(phase1Output);
            const promptIngress = phase1Output.artifact && phase1Output.artifact.promptIngress || {};
            const expectedHash = stableTextHash(promptIngress.sourceText || '');
            scope.assertPhase3RetrievalEvidencePromptHash(carried, expectedHash);
            scope.assertPhase3RetrievalEvidencePromptHash(existingRuntime.retrievalEvidence, expectedHash);
            const sourcePromptHash = carried.sourcePromptHash || carried.promptHash ||
              existingRuntime.retrievalEvidence && existingRuntime.retrievalEvidence.sourcePromptHash || '';
            const runtimeContext = {
              ...existingRuntime,
              retrievalEvidence: clonePhaseValue({
                ...(existingRuntime.retrievalEvidence || {}),
                ...carried,
                schema: carried.schema || 'simulatte.phase3.retrievalEvidence.v1',
                sourcePromptHash,
              }),
              retrievalPhase: carried.retrievalPhase || existingRuntime.retrievalPhase || '',
            };
            return {
              ...phase1Output,
              artifact: {
                ...phase1Output.artifact,
                runtimeContext,
              },
            };
          }
    
        function clonePhaseValue(value) {
            if (value == null) return value;
            try {
              return JSON.parse(JSON.stringify(value));
            } catch (_error) {
              if (Array.isArray(value)) return value.map((item) => clonePhaseValue(item));
              if (typeof value === 'object') return { ...value };
              return value;
            }
          }
    
        function arrayClone(value) {
              return Array.isArray(value) ? clonePhaseValue(value) : [];
            }
    
        function stableTextHash(value = '') {
              return `fnv1a:${scope.fnv1a32(value || '').toString(16).padStart(8, '0')}`;
            }
    
        function phase1CompositionLedger(sourceText = '') {
              const sourcePromptHash = stableTextHash(sourceText);
              return {
                schema: scope.SCENE_COMPOSITION_LEDGER_SCHEMA,
                sourcePromptHash,
                sourcePhase: 1,
                currentPhase: 1,
                entries: [{
                  id: 'prompt:source',
                  kind: 'prompt',
                  label: 'source prompt',
                  source: 'prompt',
                    required: true,
                  status: 'preserved',
                  evidenceIds: ['promptIngress.sourceText'],
                  supportOnly: false,
                }],
                relations: [],
                obligations: [],
                phaseDeltas: [{
                  phase: 1,
                  entryId: 'prompt:source',
                  operation: 'preserved',
                  receiptId: 'phase1-runtime-context',
                }],
                losses: [],
                unsupported: [],
                summary: {
                  entryCount: 1,
                  relationCount: 0,
                  obligationCount: 0,
                  failedCount: 0,
                },
              };
            }
    
        function sceneLanguageGraphFromLanguageGraph(languageGraph = {}) {
              const spans = Array.isArray(languageGraph.spans) ? languageGraph.spans : [];
              const predicates = Array.isArray(languageGraph.predicates) ? languageGraph.predicates : [];
              const relations = sceneRelationsFromLanguageGraph(languageGraph);
            const participantTermSpanIds = sceneParticipantTermSpanIds(languageGraph, spans);
            const termFallbackConcepts = spans
            .filter((span) => span.semanticRole === 'acceleration-field' || span.kind === 'term' && !participantTermSpanIds.has(span.id))
            .slice(0, TERM_FALLBACK_CONCEPT_MAX)
                .map((span) => ({
              ...sceneEntryForSpan(span, 'concept', languageGraph),
                  semanticClass: span.semanticRole || 'term',
              source: 'term-concept-fallback',
                  required: false,
                }));
          const entities = scope.uniqueById([
            ...spans
              .filter((span) => span.kind === 'entity' && span.semanticRole !== 'part')
              .map((span) => sceneEntryForSpan(span, 'entity', languageGraph)),
            ...spans
              .filter((span) => participantTermSpanIds.has(span.id))
              .map((span) => sceneEntryForSpan(span, 'entity', languageGraph)),
          ]);
          const parts = scope.uniqueById(spans
            .filter((span) => span.kind === 'entity' && span.semanticRole === 'part')
            .map((span) => sceneEntryForSpan(span, 'part', languageGraph)));
              const actions = scope.uniqueById([
                ...spans.filter((span) => span.kind === 'process').map((span) => sceneEntryForSpan(span, 'action', languageGraph)),
                ...predicates.filter((predicate) => predicate.process).map((predicate) => ({
                  id: `action:${scope.normalizeForEvidence(predicate.process).replace(/\s+/g, '-')}`,
                  kind: 'action',
                  label: predicate.process,
                  operatorTypes: (scope.languageLexicon.BEHAVIOR_PROCESS_LEXICON || []).find((row) => row.process === predicate.process)?.operatorTypes || [],
                  semanticClass: predicate.process === 'swimming' ? 'locomotion-in-fluid' : predicate.process,
                  poseHint: predicate.poseHint || '',
                  source: 'predicate',
                  sourceSpanIds: [predicate.verbSpanId].filter(Boolean),
                    required: Boolean(predicate.verbSpanId),
                })),
              ]);
              const environments = scope.uniqueById(spans
                .filter((span) => span.kind === 'environment')
                .map((span) => sceneEntryForSpan(span, 'environment', languageGraph)));
              const promptMediums = spans
                .filter((span) => span.kind === 'material' && scope.WATER_MEDIUM_RE.test(scope.normalizeForEvidence(span.text || span.materialHint || '')))
                .map((span) => sceneEntryForSpan(span, 'medium', languageGraph));
              const inferredMediums = predicates.some((predicate) => (
                predicate.process === 'swimming' ||
                predicate.objectRole === 'fluid-medium' ||
                predicate.causalAffordance === 'agents-in-water'
              )) || environments.some((entry) => scope.WATER_ENVIRONMENT_RE.test(scope.normalizeForEvidence(entry.label)))
                ? [{
                  id: 'medium:water',
                  kind: 'medium',
                  label: 'water',
                  semanticClass: 'fluid-medium',
                  source: 'inference',
                  sourceSpanIds: environments.flatMap((entry) => entry.sourceSpanIds || []),
                  required: false,
                  inferred: true,
                }]
                : [];
              const mediums = scope.uniqueById([...promptMediums, ...inferredMediums]);
              const attributes = spans
                .filter((span) => span.kind === 'modifier')
                .map((span) => sceneEntryForSpan(span, 'attribute', languageGraph));
            const representedTermSpanIds = new Set([
              ...participantTermSpanIds,
              ...termFallbackConcepts.flatMap((entry) => entry.sourceSpanIds || []),
            ]);
              const unsupportedSpans = spans.filter((span) => (
            span.kind === 'term' && !representedTermSpanIds.has(span.id)
              ));
              const negations = sceneNegationsFromLanguageGraph(languageGraph);
              return {
                schema: scope.SCENE_LANGUAGE_GRAPH_SCHEMA,
                sourcePromptHash: stableTextHash(languageGraph.sourceText || ''),
                tokens: arrayClone(languageGraph.tokens),
                spans: arrayClone(spans),
          entities,
          concepts: termFallbackConcepts,
          parts,
                actions,
                attributes,
                quantities: arrayClone(languageGraph.quantities),
                environments,
                mediums,
                relations,
                negations,
                unsupportedSpans: unsupportedSpans.map((span) => scope.phaseCarryObject({
                  id: span.id || '',
                  text: span.text || '',
                  reason: 'no typed scene role',
                })),
                summary: {
            entityCount: entities.length,
            conceptCount: termFallbackConcepts.length,
            partCount: parts.length,
                  actionCount: actions.length,
                  environmentCount: environments.length,
                  mediumCount: mediums.length,
                  relationCount: relations.length,
                },
              };
            }
    
        function sceneParticipantTermSpanIds(languageGraph = {}, spans = []) {
          const termSpanIds = new Set(spans.filter((span) => span.kind === 'term').map((span) => span.id));
          const participantSpanIds = new Set();
          for (const row of [...(languageGraph.clauses || []), ...(languageGraph.predicates || [])]) {
            for (const spanId of [row.subjectSpanId, row.objectSpanId]) {
              if (termSpanIds.has(spanId)) participantSpanIds.add(spanId);
            }
          }
          return participantSpanIds;
        }
    
          function sceneLexiconMetadataForSpan(span = {}) {
              const sourceLabel = String(span.text || '').trim().toLowerCase();
              const lexicon = [
                scope.languageLexicon && scope.languageLexicon.LANGUAGE_LEXICON,
                scope.languageLexicon,
                scope.universeParser && scope.universeParser.LANGUAGE_LEXICON,
              ].find((candidate) => candidate && Array.isArray(candidate.entityPhrases));
              const rows = lexicon && Array.isArray(lexicon.entityPhrases)
                ? lexicon.entityPhrases
                : [];
              const row = rows.find((entry) => String(entry && entry[0] || '').trim().toLowerCase() === sourceLabel);
              return row && row[2] && typeof row[2] === 'object' ? row[2] : {};
            }
    
          function sceneEntryForSpan(span = {}, fallbackKind = '', languageGraph = {}) {
              const kind = fallbackKind === 'action' ? 'action' :
                fallbackKind === 'medium' ? 'medium' :
                fallbackKind || span.kind || 'entry';
              const target = sceneTargetForSpan(span, kind);
              const negated = sceneSpanIsNegated(languageGraph, span);
              const lexiconMetadata = sceneLexiconMetadataForSpan(span);
              const predicate = kind === 'action'
                ? (languageGraph.predicates || []).find((row) => row.verbSpanId === span.id)
                : null;
              const behavior = (scope.languageLexicon.BEHAVIOR_PROCESS_LEXICON || []).find((row) => row.process === predicate?.process);
              return {
            operatorTypes: behavior?.operatorTypes || [],
            id: sceneEntryIdForSpan(span, kind, languageGraph),
                kind,
                label: span.text || target,
            semanticClass: span.semanticRole || span.entityClass || lexiconMetadata.semanticRole ||
              lexiconMetadata.entityClass || span.materialHint || lexiconMetadata.materialHint || kind,
            visualArchetype: span.visualArchetype || lexiconMetadata.visualArchetype || '',
            localGeometryGrammarId: span.localGeometryGrammarId || lexiconMetadata.localGeometryGrammarId || '',
            shapeHints: span.shapeHints || lexiconMetadata.shapeHints || (
              span.visualArchetype || lexiconMetadata.visualArchetype
                ? [span.visualArchetype || lexiconMetadata.visualArchetype]
                : []
            ),
            poseHint: predicate && predicate.poseHint || '',
                source: 'prompt',
                sourceSpanIds: [span.id].filter(Boolean),
                required: negated ? false : true,
                inferred: false,
                negated,
                ...(negated ? { negationScope: sceneNegationScope(span, languageGraph) } : {}),
                status: negated ? 'negated' : 'preserved',
              };
            }
    
        function sceneNegationScope(span, languageGraph) {
          const modifiers = languageGraph.modifiers || [];
          const attributeBinding = modifiers.find((row) => row.modifierSpanId === span.id);
          const target = attributeBinding ? sceneSpanById(languageGraph, attributeBinding.targetSpanId) : span;
          const properties = modifiers.filter((row) => row.targetSpanId === target?.id &&
            ['color', 'material', 'articulation'].includes(row.relation)).map((row) => ({
              kind: row.relation, value: row.value, sourceSpanIds: [row.modifierSpanId, row.targetSpanId],
            }));
          return { targetEntryId: sceneNodeIdForSpan(languageGraph, target || span),
            targetIdentity: target?.entityClass || target?.text || span.text, properties };
        }
    
        function sceneEntryIdForSpan(span = {}, kind = '', languageGraph = {}) {
          const target = sceneTargetForSpan(span, kind);
          const baseId = `${kind}:${target}`;
          if (!span.id || !['entity', 'concept', 'attribute', 'part', 'environment', 'medium'].includes(kind)) return baseId;
          const peers = (languageGraph.spans || []).filter((row) => {
            const rowKind = row.kind === 'term' ? kind === 'concept' ? 'concept' : 'entity' :
              row.kind === 'modifier' ? 'attribute' : row.semanticRole === 'part' ? 'part' : row.kind === 'environment' ? 'environment' :
              row.kind === 'material' ? 'medium' : 'entity';
            return rowKind === kind && sceneTargetForSpan(row, kind) === target;
          });
          const occurrence = peers.findIndex((row) => row.id === span.id);
          return occurrence > 0 ? `${baseId}:${occurrence + 1}` : baseId;
        }
    
        function sceneTargetForSpan(span = {}, kind = '') {
              if (span.entityClass) return scope.normalizeForEvidence(span.entityClass).replace(/\s+/g, '-');
              if (kind === 'action') {
                const text = scope.normalizeForEvidence(span.text);
                if (scope.SWIMMING_RE.test(text)) return 'swimming';
                return text.replace(/\s+/g, '-') || 'action';
              }
              if (kind === 'medium') {
                if (span.materialHint) return scope.normalizeForEvidence(span.materialHint).replace(/\s+/g, '-');
                if (scope.WATER_MEDIUM_RE.test(scope.normalizeForEvidence(span.text))) return 'water';
              }
              return scope.normalizeForEvidence(span.text).replace(/\s+/g, '-') || kind || 'entry';
            }
    
        function sceneSpanHasKnownRole(span = {}) {
              return ['entity', 'process', 'material', 'environment', 'modifier', 'observable'].includes(span.kind || '');
            }
    
          function sceneRelationsFromLanguageGraph(languageGraph = {}) {
              const relations = [];
              for (const predicate of languageGraph.predicates || []) {
                const subject = sceneSpanById(languageGraph, predicate.subjectSpanId);
                const object = sceneSpanById(languageGraph, predicate.objectSpanId);
                if (sceneSpanIsNegated(languageGraph, subject) || sceneSpanIsNegated(languageGraph, object)) continue;
            const subjectId = subject ? sceneNodeIdForSpan(languageGraph, subject) : '';
            const actionTarget = predicate.process ? scope.normalizeForEvidence(predicate.process).replace(/\s+/g, '-') : '';
                const implicitTarget = predicate.implicitObject
                  ? scope.normalizeForEvidence(predicate.implicitObject).replace(/\s+/g, '-')
                  : '';
            const objectId = object
              ? sceneNodeIdForSpan(languageGraph, object)
              : implicitTarget ? `medium:${implicitTarget}` : '';
            if (subjectId && actionTarget) {
              relations.push({
                id: `relation:${sceneRelationIdToken(subjectId)}:${actionTarget}:${sceneRelationIdToken(objectId) || 'world'}`,
                kind: objectId ? 'agent-action-location' : 'agent-action',
                from: subjectId,
                to: `action:${actionTarget}`,
                target: objectId,
                    sourceSpanIds: [predicate.subjectSpanId, predicate.verbSpanId, predicate.objectSpanId,
                      ...spansBetweenFieldRelation(languageGraph, predicate, object)].filter(Boolean),
                    required: true,
                    status: 'preserved',
                evidenceIds: [predicate.id].filter(Boolean),
                predicate: predicate.predicate || '',
                process: predicate.process || '',
                spatialRelation: predicate.spatialRelation || '',
                    causalAffordance: predicate.causalAffordance || '',
                  });
                }
            }
          for (const relation of languageGraph.relations || []) {
            if (!relation.relation || relation.relation === 'performs') continue;
            if (!/^(?:in|inside|into|within|on|onto|at|over|above|under|below|left-of|right-of|beside|near|outside|around|behind|in-front-of|attached-to|against|through|between|supports|with)$/.test(String(relation.relation))) continue;
            const subject = sceneSpanById(languageGraph, relation.sourceSpanId);
            const object = sceneSpanById(languageGraph, relation.targetSpanId);
            if (!subject || !object || sceneSpanIsNegated(languageGraph, subject) || sceneSpanIsNegated(languageGraph, object)) continue;
            const from = sceneNodeIdForSpan(languageGraph, subject);
            const to = sceneNodeIdForSpan(languageGraph, object);
            if (!from || !to) continue;
            relations.push({
              id: `relation:spatial:${sceneRelationIdToken(from)}:${relation.relation}:${sceneRelationIdToken(to)}`,
              kind: 'spatial-constraint',
              from,
              to,
              target: to,
              sourceSpanIds: [relation.sourceSpanId, relation.targetSpanId].filter(Boolean),
              required: true,
              status: 'preserved',
              evidenceIds: [relation.id].filter(Boolean),
              predicate: relation.predicate || relation.relation || '',
              process: relation.process || 'spatial_constraint',
              spatialRelation: relation.relation || '',
              causalAffordance: relation.causalAffordance || '',
            });
          }
          const seen = new Set();
          return relations.filter((relation) => {
            const key = [relation.kind, relation.from, relation.to, relation.target,
              relation.spatialRelation, relation.predicate].join(':');
            if (seen.has(key)) return false;
            seen.add(key);
            return true;
          });
        }
    
      function sceneNodeIdForSpan(languageGraph = {}, span = {}) {
          const kind = span.semanticRole === 'acceleration-field' ? 'concept' : span.kind === 'environment' ? 'environment' : span.kind === 'material' ? 'medium' :
            span.semanticRole === 'part' ? 'part' : 'entity';
        return sceneEntryIdForSpan(span, kind, languageGraph);
      }
    
        function spansBetweenFieldRelation(languageGraph, predicate, object) {
          if (object?.semanticRole !== 'acceleration-field') return [];
          const verb = sceneSpanById(languageGraph, predicate.verbSpanId);
          return (languageGraph.spans || []).filter((span) => span.kind === 'modifier' &&
            span.modifierRelation === 'location' && span.start >= (verb?.end || 0) && span.end <= object.start)
            .map((span) => span.id);
        }
    
        function sceneRelationIdToken(value = '') {
          return String(value || '').replace(/:/g, '-');
        }
    
        function sceneSpanById(languageGraph = {}, id = '') {
              return (languageGraph.spans || []).find((span) => span.id === id) || null;
            }
    
        function sceneNegationsFromLanguageGraph(languageGraph = {}) {
              return (languageGraph.negations || []).map((negation, index) => scope.phaseCarryObject({
                id: negation.id || `negation:${index + 1}`,
                text: negation.text || '',
                start: negation.start,
                end: negation.end,
                tokenStart: negation.tokenStart,
                tokenEnd: negation.tokenEnd,
                source: 'languageGraph.negations',
              }));
            }
    
        function sceneSpanIsNegated(languageGraph = {}, span = null) {
              if (!span || typeof span !== 'object') return false;
              const sourceText = String(languageGraph.sourceText || '').toLowerCase();
              if (Number.isFinite(span.start)) {
                const prefix = sourceText.slice(Math.max(0, span.start - 24), span.start);
                if (new RegExp(`${scope.NEGATION_RE.source}\\s+$`).test(prefix)) return true;
              }
              const spanTokenStart = Number.isInteger(span.tokenStart) ? span.tokenStart : -1;
          if (typeof span.negated === 'boolean') return span.negated;
          const negations = languageGraph.negations || [];
          return negations.some((negation) => {
            const negToken = Number.isInteger(negation.tokenStart) ? negation.tokenStart :
              (languageGraph.tokens || []).findIndex((token) => token.start === negation.start);
            if (spanTokenStart >= 0 && negToken >= 0) {
              const distance = spanTokenStart - negToken;
              const processBetween = (languageGraph.spans || []).some((row) => (
                row.kind === 'process' && row.tokenStart > negToken && row.tokenEnd < spanTokenStart
              ));
              const between = sourceText.slice(negation.end, span.start);
              const clauseBoundary = /[;.!?]|\b(?:but|only|instead|except|however|yet)\b|,\s*(?:\d+|one|two|three|four|five|six|seven|eight|nine|ten)\b/.test(between);
              return distance > 0 && distance <= 6 && !processBetween && !clauseBoundary;
            }
                if (Number.isFinite(negation.end) && Number.isFinite(span.start)) {
                  return negation.end <= span.start && span.start - negation.end <= 16;
                }
                return false;
              });
            }
    
        function queryPlanFromSceneLanguageGraph(sceneLanguageGraph = {}) {
              const slots = [];
              const addSlot = (slot) => slots.push(scope.phaseCarryObject(slot));
          const actionById = new Map((sceneLanguageGraph.actions || []).map((entry) => [entry.id, entry]));
          for (const entry of sceneLanguageGraph.entities || []) {
            if (entry.negated === true) continue;
            addSlot(sceneQuerySlotForEntry(entry, entry.semanticClass === 'biological-agent' ? 'actor' : 'object'));
          }
          for (const entry of sceneLanguageGraph.concepts || []) {
            if (entry.negated === true) continue;
            addSlot(sceneQuerySlotForEntry(entry, 'concept'));
          }
          for (const entry of sceneLanguageGraph.parts || []) {
            if (entry.negated === true) continue;
            addSlot(sceneQuerySlotForEntry(entry, 'part'));
          }
              for (const entry of sceneLanguageGraph.actions || []) {
                if (entry.negated === true) continue;
                addSlot(sceneQuerySlotForEntry(entry, 'action'));
              }
              for (const entry of sceneLanguageGraph.environments || []) {
                if (entry.negated === true) continue;
                addSlot(sceneQuerySlotForEntry(entry, 'environment'));
              }
              for (const entry of sceneLanguageGraph.mediums || []) {
                if (entry.negated === true) continue;
                addSlot(sceneQuerySlotForEntry(entry, 'medium'));
              }
          for (const relation of sceneLanguageGraph.relations || []) {
            if (actionById.get(relation.to) && actionById.get(relation.to).negated === true) continue;
            const hasTypedLocalEvidence = sceneRelationHasTypedLocalEvidence(relation);
            addSlot({
                  schema: 'simulatte.sceneQuerySlot.v1',
                  slotId: `slot.relation.${relation.id.replace(/^relation:/, '').replace(/:/g, '_')}`,
                  slotRole: 'relation',
                  entryId: relation.id,
              relationIds: [relation.id],
              predicate: relation.predicate || '',
              process: relation.process || '',
              spatialRelation: relation.spatialRelation || '',
              modelEvidenceRequired: !hasTypedLocalEvidence,
              localEvidenceReason: hasTypedLocalEvidence ? 'phase2-typed-relation' : '',
              participants: [relation.from, relation.to, relation.target].filter(Boolean),
                  required: relation.required !== false,
                  sourceSpanIds: relation.sourceSpanIds || [],
                  queries: [{
                    kind: 'embedding',
                text: [relation.from, relation.predicate, relation.process, relation.spatialRelation,
                  relation.to, relation.target, relation.causalAffordance].filter(Boolean).join(' '),
                  }],
                  budgets: { primitive: 4, surfaceCard: 4, universe: 8, support: 2 },
                  allowedCandidateTypes: ['relation', 'operator', 'primitive', 'surface-card', 'universe-row'],
            });
          }
              const visualTargets = scope.uniqueList((sceneLanguageGraph.actions || [])
                .filter((entry) => entry.negated !== true)
                .flatMap((entry) => typeof scope.visualSlotTargetsForAction === 'function' ? scope.visualSlotTargetsForAction(entry) : []));
              for (const visual of visualTargets) {
                addSlot({
                  schema: 'simulatte.sceneQuerySlot.v1',
                  slotId: `slot.visual.${visual}`,
                  slotRole: 'visual',
                  entryId: `visual:${visual}`,
                  required: true,
                  sourceSpanIds: [],
                  queries: [{ kind: 'lexical', text: visual.replace(/-/g, ' ') }],
                  budgets: { primitive: 0, surfaceCard: 4, universe: 2, support: 0 },
                  allowedCandidateTypes: ['visual-card', 'surface-card', 'render-operator'],
                });
              }
              return {
                schema: scope.SCENE_QUERY_PLAN_SCHEMA,
                sourcePromptHash: sceneLanguageGraph.sourcePromptHash || '',
                slots: scope.uniqueById(slots),
                summary: {
                  slotCount: scope.uniqueById(slots).length,
                  requiredSlotCount: scope.uniqueById(slots).filter((slot) => slot.required !== false).length,
                },
              };
          }
    
        function sceneRelationHasTypedLocalEvidence(relation = {}) {
          const typedSemantics = relation.process || relation.spatialRelation || relation.predicate;
          const sourceEvidence = (relation.sourceSpanIds || []).length || (relation.evidenceIds || []).length;
          return Boolean(typedSemantics && sourceEvidence);
        }
    
          function sceneQuerySlotForEntry(entry = {}, role = 'object') {
              const label = entry.label || entry.id || '';
              const actionVisualTargets = role === 'action' && typeof scope.visualSlotTargetsForAction === 'function'
                ? scope.visualSlotTargetsForAction(entry)
                : [];
              const localActionEvidence = role === 'action' && Boolean(entry.poseHint || actionVisualTargets.length || entry.operatorTypes?.length);
              return {
                schema: 'simulatte.sceneQuerySlot.v1',
                slotId: `slot.${role}.${String(entry.id || label).replace(/^[a-z]+:/, '').replace(/[^a-z0-9]+/gi, '_')}`,
                slotRole: role,
                entryId: entry.id || '',
            required: entry.required !== false,
            inferred: entry.inferred === true,
            sourceLabel: label,
            semanticClass: entry.semanticClass || '',
            visualArchetype: entry.visualArchetype || '',
            localGeometryGrammarId: entry.localGeometryGrammarId || '',
            shapeHints: entry.shapeHints || [],
            ...(['actor', 'object'].includes(role) && !entry.visualArchetype &&
              /^(?:|entity|object|term)$/.test(entry.semanticClass || '')
              ? { modelEvidenceRequired: true, localEvidenceReason: '' } : {}),
            ...(role === 'action' ? {
              modelEvidenceRequired: !localActionEvidence,
              localEvidenceReason: entry.poseHint
                ? 'phase2-action-pose-contract'
                : actionVisualTargets.length ? 'phase2-action-visual-contract' : entry.operatorTypes?.length ? 'phase2-mechanical-action-contract' : '',
              poseHint: entry.poseHint || '',
              actionVisualTargets,
              operatorTypes: entry.operatorTypes || [],
            } : {}),
                sourceSpanIds: entry.sourceSpanIds || [],
          queries: role === 'part' ? [
            { kind: 'embedding', text: `constructive part ${label} ${entry.semanticClass || ''} geometry attachment articulation material`.trim() },
            { kind: 'lexical', text: label },
          ] : [
            { kind: 'embedding', text: `${label} ${entry.semanticClass || ''}`.trim() },
            { kind: 'lexical', text: label },
          ],
                budgets: {
                  primitive: role === 'actor' || role === 'object' ? 4 : 3,
                  surfaceCard: role === 'actor' ? 6 : 4,
                  universe: role === 'relation' ? 8 : 4,
                  support: role === 'actor' || role === 'environment' ? 0 : 2,
                },
                allowedCandidateTypes: ['primitive', 'surface-card', 'universe-row'],
              };
            }
    
        function phase2CompositionLedger(sceneLanguageGraph = {}, queryPlan = {}, phase1Ledger = null) {
              const entries = scope.uniqueById([
                ...(phase1Ledger && phase1Ledger.entries || []),
          ...(sceneLanguageGraph.entities || []),
          ...(sceneLanguageGraph.concepts || []),
          ...(sceneLanguageGraph.parts || []),
                ...(sceneLanguageGraph.actions || []),
                ...(sceneLanguageGraph.environments || []),
                ...(sceneLanguageGraph.mediums || []),
                ...(sceneLanguageGraph.attributes || []),
              ].map((entry) => ({
                ...entry,
                status: entry.status || 'preserved',
                evidenceIds: entry.evidenceIds || entry.sourceSpanIds || [],
                supportOnly: entry.supportOnly === true,
              })));
              const relations = scope.uniqueById(sceneLanguageGraph.relations || []);
              const slotObligations = (queryPlan.slots || []).map((slot) => ({
                id: slot.entryId || slot.slotId,
                kind: slot.slotRole === 'actor' ? 'entity' : slot.slotRole,
            ownedByPhase: slot.slotRole === 'visual' || slot.slotRole === 'part' ? 6 :
                slot.slotRole === 'relation' || slot.slotRole === 'concept' ? 4 : 3,
                sourceRelationId: Array.isArray(slot.relationIds) ? slot.relationIds[0] || '' : '',
                required: slot.required !== false,
                mustPreserveIds: scope.uniqueList([
                  slot.entryId,
                  ...(slot.relationIds || []),
                ].filter(Boolean)),
                status: slot.slotRole === 'visual' ? 'pending' : 'preserved',
                phase: 2,
                receiptId: 'phase2-language-graph',
              }));
              const obligations = scope.uniqueById([
                ...slotObligations,
                ...phase2NegationObligations(sceneLanguageGraph),
              ]);
              return normalizeCompositionLedger({
                schema: scope.SCENE_COMPOSITION_LEDGER_SCHEMA,
                sourcePromptHash: sceneLanguageGraph.sourcePromptHash || phase1Ledger && phase1Ledger.sourcePromptHash || '',
                sourcePhase: phase1Ledger && phase1Ledger.sourcePhase || 1,
                currentPhase: 2,
                entries,
                relations,
                obligations,
                phaseDeltas: [
                  ...(phase1Ledger && phase1Ledger.phaseDeltas || []),
                  ...entries.filter((entry) => entry.id !== 'prompt:source').map((entry) => ({
                    phase: 2,
                    entryId: entry.id,
                    operation: 'preserved',
                    receiptId: 'phase2-language-graph',
                  })),
                  ...relations.map((relation) => ({
                    phase: 2,
                    relationId: relation.id,
                    operation: 'preserved',
                    receiptId: 'phase2-language-graph',
                  })),
                ],
                losses: [],
                unsupported: sceneLanguageGraph.unsupportedSpans || [],
              });
            }
    
        function phase2NegationObligations(sceneLanguageGraph = {}) {
              const entries = [
                ...(sceneLanguageGraph.entities || []),
                ...(sceneLanguageGraph.concepts || []),
                ...(sceneLanguageGraph.parts || []),
                ...(sceneLanguageGraph.actions || []),
                ...(sceneLanguageGraph.attributes || []),
                ...(sceneLanguageGraph.environments || []),
                ...(sceneLanguageGraph.mediums || []),
              ].filter((entry) => entry && entry.negated === true && entry.id);
              return scope.uniqueById(entries.filter((entry) => !(entry.kind === 'attribute' && entry.negationScope?.properties?.length)).map((entry) => {
                const entryId = String(entry.id);
                const target = String(entry.label || entryId.replace(/^[a-z]+:/, ''));
                return {
                  id: `visual:prompt-absence-${entryId.replace(/[^a-z0-9]+/gi, '-')}`,
                  kind: 'visual',
                  ownedByPhase: 6,
                  required: true,
                  target,
                  targetIdentity: entry.negationScope?.targetIdentity || entryId.replace(/^[a-z]+:/, ''),
                  expectedProperties: entry.negationScope?.properties || [],
                  negatedEntryId: entryId,
                  constraintKind: 'absence',
                  sourceSpanIds: (entry.sourceSpanIds || []).slice(),
                  status: 'pending',
                  phase: 2,
                  receiptId: 'phase2-language-graph',
                };
              }));
            }
    
        function normalizeCompositionLedger(ledger = {}, overrides = {}) {
              const next = {
                ...ledger,
                ...overrides,
                schema: scope.SCENE_COMPOSITION_LEDGER_SCHEMA,
                entries: scope.uniqueById([...(overrides.entries || []), ...(ledger.entries || [])]),
                relations: scope.uniqueById([...(overrides.relations || []), ...(ledger.relations || [])]),
                obligations: scope.uniqueById([...(overrides.obligations || []), ...(ledger.obligations || [])]),
                phaseDeltas: [...(ledger.phaseDeltas || []), ...(overrides.phaseDeltas || [])],
                losses: [...(ledger.losses || []), ...(overrides.losses || [])],
                unsupported: [...(ledger.unsupported || []), ...(overrides.unsupported || [])],
              };
              const obligations = next.obligations || [];
              next.summary = {
                ...(ledger.summary || {}),
                ...(overrides.summary || {}),
                entryCount: (next.entries || []).length,
                relationCount: (next.relations || []).length,
                obligationCount: obligations.length,
                requiredCount: obligations.filter((row) => row.required).length,
                failedCount: obligations.filter((row) => scope.LEDGER_FAILURE_STATUSES.has(row.status)).length,
              };
              return scope.phaseCarryObject(next);
            }
    
        function advanceCompositionLedger(ledger = null, phase = 0, receiptId = '') {
              if (!ledger || typeof ledger !== 'object') return null;
              return normalizeCompositionLedger(ledger, {
                currentPhase: phase,
                phaseDeltas: [{
                  phase,
                  operation: 'carried',
                  receiptId,
                }],
              });
            }
    
        function runPhase1RuntimeGate(sourceText = '', options = {}) {
              const runtimeContext = runtimeContextFromOptions(options);
              const promptText = String(sourceText || '');
              if (phase1RequiresModelProof(promptText, options, runtimeContext)) {
                throw new Error('Phase 1 runtime gate requires promptRuntimeReceipt with providerReady=true for nonblank browser prompt');
              }
              const receipts = scope.phase1RuntimeReceipts(runtimeContext, options);
              const compositionLedger = phase1CompositionLedger(promptText);
              return scope.createPhaseEnvelope({
                phase: 1,
                inputSchema: scope.PHASE_ZERO_INPUT_SCHEMA,
                runtimeReceiptId: runtimeContext.runtimeReceiptId,
                artifact: {
                  runtimeContext,
                  promptIngress: {
                    schema: 'simulatte.promptIngress.v1',
                    sourceText: promptText,
                  },
                  compositionLedger,
                },
                receipts,
              });
            }
    
        function phase1RequiresModelProof(promptText = '', options = {}, runtimeContext = {}) {
            if (!promptText) return false;
            if (options.deterministicRuntime === true && runtimeContext.runtimeMode === 'deterministic-local') return false;
            if (options.allowPrototypeFallback === true) return false;
            if (!isBrowserRuntime()) return false;
            const receipt = runtimeContext.promptRuntimeReceipt || {};
            const rerankerReady = receipt.rerankerRequired === true ? receipt.rerankerReady === true : true;
            return runtimeContext.providerReady !== true || runtimeContext.noFallback !== true || rerankerReady !== true;
          }
    
        function isBrowserRuntime() {
            if (typeof window !== 'undefined') return true;
            return typeof WorkerGlobalScope !== 'undefined' &&
              typeof self !== 'undefined' &&
              self instanceof WorkerGlobalScope;
          }
    
        root.SimulattePhaseModuleRegistry.define('physicsModel', 'simulatte-physics-model-phase-runtime-language.js', {
          sceneProofApi,
          runPhase8SceneProof,
          phaseArtifactSet,
          mergePhaseArtifacts,
          runtimeContextFromOptions,
          runtimeContextFromPhase,
          retrievalEvidenceFromOptions,
          sanitizePhase3RetrievalEvidence,
          withPhase1RetrievalEvidence,
          clonePhaseValue,
          arrayClone,
          stableTextHash,
          phase1CompositionLedger,
          sceneLanguageGraphFromLanguageGraph,
          sceneEntryForSpan,
          sceneTargetForSpan,
          sceneSpanHasKnownRole,
          sceneRelationsFromLanguageGraph,
          sceneSpanById,
          sceneNegationsFromLanguageGraph,
          sceneSpanIsNegated,
          queryPlanFromSceneLanguageGraph,
          sceneQuerySlotForEntry,
          phase2CompositionLedger,
          normalizeCompositionLedger,
          advanceCompositionLedger,
          runPhase1RuntimeGate,
          phase1RequiresModelProof,
          isBrowserRuntime,
        });
    
    })(typeof globalThis !== 'undefined' ? globalThis : window);
    
    (function attachSimulattePhysicsModelPhaseRetrievalBoundary(root) {
      const scope = root.SimulattePhaseModuleRegistry.family('physicsModel');
    
      function assertPhase3RetrievalEvidencePromptHash(retrievalEvidence = {}, expectedHash = '') {
        if (!expectedHash || !retrievalEvidence || typeof retrievalEvidence !== 'object') return;
        const topLevel = String(retrievalEvidence.sourcePromptHash || retrievalEvidence.promptHash || '');
        if (topLevel && topLevel !== expectedHash) {
          throw new Error(`Phase 3 retrieval evidence prompt hash mismatch: expected ${expectedHash}, received ${topLevel}`);
        }
        const rows = [
          ['slotRetrieval', retrievalEvidence.slotRetrieval],
          ['spanRetrieval', retrievalEvidence.spanRetrieval],
          ['queryPlan', retrievalEvidence.queryPlan],
        ];
        for (const [label, row] of rows) {
          const actual = row && row.sourcePromptHash;
          if (actual && actual !== expectedHash) {
            throw new Error(`Phase 3 ${label}.sourcePromptHash mismatch: expected ${expectedHash}, received ${actual}`);
          }
        }
        if (!topLevel && hasPhase3RetrievalPayload(retrievalEvidence)) {
          throw new Error('Phase 3 retrieval evidence sourcePromptHash is required for nonempty retrieval evidence');
        }
      }
    
      function requiredPhase2Artifact(artifact = {}, key = '') {
        const value = artifact[key];
        if (!value || typeof value !== 'object') {
          throw new Error(`Phase 3 input missing required Phase 2 artifact.${key}`);
        }
        return value;
      }
    
      function hasPhase3RetrievalPayload(retrievalEvidence = {}) {
        const payloadKeys = [
          'rankedPrimitives', 'primitiveMatches', 'rankedCards', 'cardMatches',
          'rankedUniverseRows', 'universeMatches', 'semanticRag', 'rerank',
          'rerankReceipt', 'dopplerIntent', 'spanRetrieval', 'slotRetrieval',
          'evidenceRows', 'classification', 'synthesis',
        ];
        return payloadKeys.some((key) => {
          const value = retrievalEvidence[key];
          if (Array.isArray(value)) return value.length > 0;
          return Boolean(value && typeof value === 'object' && Object.keys(value).length > 0);
        });
      }
    
      function createPhase3Resources(phase2, runtimeContext, evidence) {
        scope.assertPhaseEnvelope(phase2, 2, 'Retrieval resources predecessor');
        const expected = phase2.artifact.sceneLanguageGraph.sourcePromptHash;
        assertPhase3RetrievalEvidencePromptHash(evidence, expected);
        const { retrievalEvidence: legacyEvidence, ...readiness } = runtimeContext;
        if (legacyEvidence && hasPhase3RetrievalPayload(legacyEvidence)) {
          throw new Error('Runtime readiness cannot carry semantic retrieval results');
        }
        return { ...readiness, retrievalEvidence: scope.clonePhaseValue(evidence) };
      }
    
      root.SimulattePhaseModuleRegistry.define('physicsModel', 'simulatte-physics-model-phase-retrieval-boundary.js', {
        assertPhase3RetrievalEvidencePromptHash,
        createPhase3Resources,
        requiredPhase2Artifact,
        hasPhase3RetrievalPayload,
      });
    })(typeof globalThis !== 'undefined' ? globalThis : window);
    
    (function attachSimulattePhysicsModelphaseretrieval(root) {
      const scope = root.SimulattePhaseModuleRegistry.family('physicsModel');
    
        function phase1RuntimeReceipts(runtimeContext = {}, options = {}) {
            const deterministic = runtimeContext.runtimeMode === 'deterministic-local' && runtimeContext.deterministicReady === true;
            const receipt = runtimeContext.promptRuntimeReceipt || {};
            const cacheReady = deterministic || receipt.cachePrefetch === true || Boolean(runtimeContext.cacheMode) || options.allowPrototypeFallback === true;
            const probeReady = receipt.embeddingProbe === true || options.allowPrototypeFallback === true;
            const modelReady = runtimeContext.providerReady === true || options.allowPrototypeFallback === true;
            const rerankerRequired = !deterministic && receipt.rerankerRequired === true;
            const rerankerReady = !rerankerRequired || receipt.rerankerReady === true || options.allowPrototypeFallback === true;
            return [
              {
                id: 'phase1-runtime-context',
                schema: 'simulatte.phaseReceipt.v1',
                modelId: runtimeContext.modelId,
                backend: runtimeContext.backend,
                cacheMode: runtimeContext.cacheMode,
                providerReady: runtimeContext.providerReady,
                runtimeMode: runtimeContext.runtimeMode,
                deterministicReady: deterministic,
              },
              {
                id: 'model-ready',
                schema: 'simulatte.phaseReceipt.v1',
                ready: modelReady,
                required: !deterministic,
                skipReason: deterministic ? 'deterministic-runtime-selected' : '',
                modelId: runtimeContext.modelId,
                backend: runtimeContext.backend,
                providerReady: runtimeContext.providerReady,
                noFallback: runtimeContext.noFallback,
              },
              {
                id: 'model-probe',
                schema: 'simulatte.phaseReceipt.v1',
                ready: probeReady,
                required: !deterministic,
                skipReason: deterministic ? 'deterministic-runtime-selected' : '',
                embeddingProbe: receipt.embeddingProbe === true,
                probeCount: Number(receipt.probeCount || 0),
                embeddingDim: Number(receipt.embeddingDim || receipt.probeEmbeddingDim || 0),
                stabilitySimilarity: Number(receipt.stabilitySimilarity || 0),
                maxDistinctProbeSimilarity: Number(receipt.maxDistinctProbeSimilarity || 0),
              },
              {
                id: 'cache-health',
                schema: 'simulatte.phaseReceipt.v1',
                ready: cacheReady,
                cachePrefetch: receipt.cachePrefetch === true,
                cacheMode: runtimeContext.cacheMode || '',
                modelBaseUrl: receipt.modelBaseUrl || '',
              },
              {
                id: 'runtime-ready',
                schema: 'simulatte.phaseReceipt.v1',
                ready: deterministic || modelReady && (probeReady || options.allowPrototypeFallback === true) && rerankerReady,
                providerReady: runtimeContext.providerReady,
                deterministicReady: deterministic,
                rerankerRequired,
                rerankerReady,
                rerankerStatus: receipt.rerankerStatus || '',
                runtimeMode: runtimeContext.runtimeMode,
              },
            ];
          }
    
        function runPhase2LanguageGraph(phase1Output) {
              scope.assertPhaseEnvelope(phase1Output, 1, 'Phase 2 input');
              const runtimeContext = scope.runtimeContextFromPhase(phase1Output);
              const sourceText = phase1Output.artifact && phase1Output.artifact.promptIngress
                ? phase1Output.artifact.promptIngress.sourceText || ''
                : '';
              const promptParse = scope.parsePrompt ? scope.parsePrompt(sourceText) : emptyPromptParse(sourceText);
              const languageGraph = languageGraphFromPromptParse(sourceText, promptParse);
              const sceneLanguageGraph = scope.sceneLanguageGraphFromLanguageGraph(languageGraph);
              const queryPlan = scope.queryPlanFromSceneLanguageGraph(sceneLanguageGraph);
              const intentRequirements = scope.worldProof.createIntentRequirementLedger({
                languageGraph,
                sceneLanguageGraph,
              });
              const compositionLedger = scope.phase2CompositionLedger(
                sceneLanguageGraph,
                queryPlan,
                phase1Output.artifact && phase1Output.artifact.compositionLedger || null
              );
              return scope.createPhaseEnvelope({
                phase: 2,
                inputSchema: phase1Output.schema,
                runtimeReceiptId: runtimeContext.runtimeReceiptId,
                artifact: {
                  languageGraph,
                  sceneLanguageGraph,
                  queryPlan,
                  intentRequirements,
                  compositionLedger,
                  promptParse,
                },
                receipts: [
                  {
                    id: 'phase2-language-graph',
                  schema: 'simulatte.phaseReceipt.v1',
                    tokens: languageGraph.tokens.length,
                    spans: languageGraph.spans.length,
                    clauses: languageGraph.clauses.length,
                    relations: languageGraph.relations.length,
                    querySlots: queryPlan.slots.length,
                    obligationCount: compositionLedger.obligations.length,
                    intentRequirementCount: intentRequirements.requirementCount,
                    criticalIntentRequirementCount: intentRequirements.criticalRequirementCount,
                  },
                ],
              });
            }
    
        function emptyPromptParse(sourceText = '') {
            return {
              schema: scope.PROMPT_PARSE_SCHEMA || 'simulatte.promptParse.v1',
              prompt: String(sourceText || ''),
              tokens: [],
              spans: [],
              clauses: [],
              modifiers: [],
              quantities: [],
            };
          }
    
        function languageGraphFromPromptParse(sourceText = '', promptParse = {}) {
            const tokens = Array.isArray(promptParse.tokens) ? promptParse.tokens : [];
            const spans = languageGraphSpans(tokens, Array.isArray(promptParse.spans) ? promptParse.spans : [], promptParse.syntax || []);
            const clauses = Array.isArray(promptParse.clauses) ? promptParse.clauses : [];
            const modifiers = Array.isArray(promptParse.modifiers) ? promptParse.modifiers : [];
            const clauseRelations = languageGraphClauseRelations(clauses);
            const modifierRelations = modifiers.map((modifier) => ({
              id: modifier.id || '',
              sourceSpanId: modifier.targetSpanId || '',
              targetSpanId: modifier.modifierSpanId || '',
              relation: modifier.relation || '',
              source: 'modifier',
            }));
            return {
              schema: 'simulatte.languageGraph.v1',
              sourceText: String(sourceText || ''),
              tokens,
              spans,
              clauses,
              predicates: clauses.map((clause) => ({
                id: clause.id || '',
                subjectSpanId: clause.subjectSpanId || '',
                verbSpanId: clause.verbSpanId || '',
                objectSpanId: clause.objectSpanId || '',
                process: clause.process || '',
                predicate: clause.predicate || '',
                subjectRole: clause.subjectRole || '',
                objectRole: clause.objectRole || '',
                spatialRelation: clause.spatialRelation || '',
                causalAffordance: clause.causalAffordance || '',
                implicitObject: clause.implicitObject || '',
                poseHint: clause.poseHint || '',
              })),
              quantities: Array.isArray(promptParse.quantities) ? promptParse.quantities.map((row) => ({ ...row })) : [],
              negations: spans.filter((span) => span.kind === 'negation').concat(
                tokens.filter((token) => scope.NEGATION_RE.test(String(token.text || '').toLowerCase()))
              ),
              relations: [...clauseRelations, ...modifierRelations],
              modifiers,
            };
          }
    
        function languageGraphClauseRelations(clauses = []) {
            const relations = [];
            for (const clause of clauses || []) {
              const clauseId = clause.id || `clause${relations.length + 1}`;
              if (clause.subjectSpanId && clause.verbSpanId) {
                relations.push({
                  id: `${clauseId}:agent-process`,
                  sourceSpanId: clause.subjectSpanId,
                  targetSpanId: clause.verbSpanId,
                  relation: 'performs',
                  process: clause.process || '',
                  predicate: clause.predicate || '',
                  subjectRole: clause.subjectRole || '',
                  source: 'clause',
                });
              }
              if (clause.subjectSpanId && clause.objectSpanId && clause.spatialRelation) {
                relations.push({
                  id: `${clauseId}:agent-location`,
                  sourceSpanId: clause.subjectSpanId,
                  targetSpanId: clause.objectSpanId,
                  relation: clause.spatialRelation,
                  process: clause.process || '',
                  predicate: clause.predicate || '',
                  subjectRole: clause.subjectRole || '',
                  objectRole: clause.objectRole || '',
                  causalAffordance: clause.causalAffordance || '',
                  source: 'clause',
                });
              }
              if (clause.subjectSpanId && !clause.objectSpanId && clause.implicitObject && clause.spatialRelation) {
                relations.push({
                  id: `${clauseId}:agent-implicit-location`,
                  sourceSpanId: clause.subjectSpanId,
                  targetSpanId: '',
                  targetText: clause.implicitObject,
                  relation: clause.spatialRelation,
                  process: clause.process || '',
                  subjectRole: clause.subjectRole || '',
                  objectRole: clause.objectRole || '',
                  causalAffordance: clause.causalAffordance || '',
                  inferred: true,
                  source: 'clause',
                });
              }
              if (clause.verbSpanId && clause.objectSpanId && clause.spatialRelation) {
                relations.push({
                  id: `${clauseId}:process-location`,
                  sourceSpanId: clause.verbSpanId,
                  targetSpanId: clause.objectSpanId,
                  relation: 'occurs_in',
                  process: clause.process || '',
                  objectRole: clause.objectRole || '',
                  causalAffordance: clause.causalAffordance || '',
                  source: 'clause',
                });
              }
              if (clause.verbSpanId && !clause.objectSpanId && clause.implicitObject && clause.spatialRelation) {
                relations.push({
                  id: `${clauseId}:process-implicit-location`,
                  sourceSpanId: clause.verbSpanId,
                  targetSpanId: '',
                  targetText: clause.implicitObject,
                  relation: 'occurs_in',
                  process: clause.process || '',
                  objectRole: clause.objectRole || '',
                  causalAffordance: clause.causalAffordance || '',
                  inferred: true,
                  source: 'clause',
                });
              }
            }
            return relations;
          }
    
        function languageGraphSpans(tokens = [], parsedSpans = [], syntax = []) {
            const covered = new Set(parsedSpans.flatMap((span) => {
              if (Number.isInteger(span.tokenStart) && Number.isInteger(span.tokenEnd)) {
                const indexes = [];
                for (let index = span.tokenStart; index <= span.tokenEnd; index += 1) indexes.push(index);
                return indexes;
              }
              return [];
            }));
            const parsed = parsedSpans.map((span) => ({ ...span }));
            const fallback = tokens
              .map((token, index) => ({ token, index }))
              .filter(({ token, index }) => {
                if (covered.has(index) || syntax.some((row) => row.start <= token.start && row.end >= token.end)) return false;
                const text = String(token.text || '').toLowerCase();
                if (!text || semanticStopwordHas(text)) return false;
                return /[a-z0-9]/.test(text);
              })
              .map(({ token, index }) => ({
                id: `term${index + 1}`,
                text: token.text,
                kind: 'term',
                start: token.start,
                end: token.end,
                tokenStart: index,
                tokenEnd: index,
              }));
            return [...parsed, ...fallback];
          }
    
        function semanticStopwordHas(text) {
            if (scope.SEMANTIC_STOPWORDS && typeof scope.SEMANTIC_STOPWORDS.has === 'function') return scope.SEMANTIC_STOPWORDS.has(text);
            return Array.isArray(scope.SEMANTIC_STOPWORDS) && scope.SEMANTIC_STOPWORDS.includes(text);
          }
    
        function runPhase3Retrieval(phase2Output, runtimeContext = {}) {
              scope.assertPhaseEnvelope(phase2Output, 2, 'Phase 3 input');
              const phase2Artifact = phase2Output.artifact || {};
              const languageGraph = scope.requiredPhase2Artifact(phase2Artifact, 'languageGraph');
              const sceneLanguageGraph = scope.requiredPhase2Artifact(phase2Artifact, 'sceneLanguageGraph');
                const queryPlan = scope.requiredPhase2Artifact(phase2Artifact, 'queryPlan');
                const intentRequirements = scope.requiredPhase2Artifact(phase2Artifact, 'intentRequirements');
                scope.worldProof.validateIntentRequirementLedger(intentRequirements);
                const query = String(languageGraph.sourceText || '');
                const retrievalEvidence = runtimeContext && runtimeContext.retrievalEvidence || {};
                scope.assertPhase3RetrievalEvidencePromptHash(retrievalEvidence, sceneLanguageGraph.sourcePromptHash || scope.stableTextHash(query));
                const rawRankedPrimitives = retrievalEvidence.rankedPrimitives || retrievalEvidence.primitiveMatches || [];
              const primitiveCuration = curatePhase3PrimitiveCandidates(rawRankedPrimitives, languageGraph);
              const rankedPrimitives = primitiveCuration.rankedPrimitives;
              const typedEvidenceBuckets = phase3TypedEvidenceBuckets(primitiveCuration, languageGraph);
                const rankedCards = retrievalEvidence.rankedCards || retrievalEvidence.cardMatches || [];
                const rankedUniverseRows = retrievalEvidence.rankedUniverseRows || retrievalEvidence.universeMatches || [];
                const semanticRag = retrievalEvidence.semanticRag || null;
            const slotRetrieval = retrievalEvidence.slotRetrieval || (
              runtimeContext.runtimeMode === 'deterministic-local' &&
              scope.semantic && typeof scope.semantic.createDeterministicSlotRetrieval === 'function'
                ? scope.semantic.createDeterministicSlotRetrieval(queryPlan, query)
                : runtimeContext.runtimeMode === 'prototype-fallback' &&
                  scope.semantic && typeof scope.semantic.createPrototypeSlotRetrieval === 'function'
                  ? scope.semantic.createPrototypeSlotRetrieval(queryPlan, query)
                  : null
            );
                const slotEvidence = phase3SlotEvidence(queryPlan, typedEvidenceBuckets, rankedCards, rankedUniverseRows, slotRetrieval);
              const acceptedCandidatesBySlot = scope.phase3AcceptedCandidatesBySlot(slotEvidence);
              const supportOnlyCandidates = scope.phase3SupportOnlyCandidates(primitiveCuration, slotEvidence);
              const rejectedGenericCandidates = scope.phase3RejectedGenericCandidates(primitiveCuration, typedEvidenceBuckets);
              const missingRequiredSlots = scope.phase3MissingRequiredSlots(queryPlan, acceptedCandidatesBySlot);
                const rerankReceipt = scope.phase3RerankReceipt(
                  retrievalEvidence.rerankReceipt || retrievalEvidence.rerank || null,
                  queryPlan,
                  slotEvidence,
                  missingRequiredSlots,
                  slotRetrieval
                );
              const compositionLedger = scope.phase3CompositionLedger(
                typedEvidenceBuckets,
                languageGraph,
                phase2Artifact.compositionLedger || null,
                queryPlan,
                acceptedCandidatesBySlot,
                missingRequiredSlots
              );
              const groundingEvidence = scope.retrievalGroundingEvidence(
                retrievalEvidence,
                primitiveCuration,
                typedEvidenceBuckets,
                compositionLedger,
                languageGraph,
                queryPlan,
                slotEvidence,
              acceptedCandidatesBySlot,
              missingRequiredSlots
            );
            const retrievalRerankResult = {
                    schema: scope.RETRIEVAL_RERANK_RESULT_SCHEMA,
                    query,
                    queryPlanSource: sceneLanguageGraph.schema || '',
                    queryPlan,
                    slotEvidence,
                    acceptedCandidatesBySlot,
                    supportOnlyCandidates,
                    rejectedGenericCandidates,
                    missingRequiredSlots,
                    rankedPrimitives,
                    supportPrimitives: primitiveCuration.supportPrimitives,
                    rejectedSupportPrimitives: primitiveCuration.rejectedSupportPrimitives,
                    curation: primitiveCuration.receipt,
                      typedEvidenceBuckets,
                      slotRetrieval,
                    compositionLedger,
                  rankedCards,
                  rankedUniverseRows,
                  semanticRag,
                  rerankReceipt,
                  spanRetrieval: retrievalEvidence.spanRetrieval || null,
                  evidenceRows: Array.isArray(retrievalEvidence.evidenceRows) ? retrievalEvidence.evidenceRows : [],
                  classification: retrievalEvidence.classification || null,
                  synthesis: retrievalEvidence.synthesis || null,
                  dopplerIntent: retrievalEvidence.dopplerIntent || null,
                  scores: {
                  primitiveCount: rankedPrimitives.length,
                  rawPrimitiveCount: rawRankedPrimitives.length,
                  supportPrimitiveCount: primitiveCuration.supportPrimitives.length,
                  typedBucketCount: Object.keys(typedEvidenceBuckets.buckets || {}).length,
                  cardCount: rankedCards.length,
                  universeRowCount: rankedUniverseRows.length,
                    classificationConfidence: retrievalEvidence.classification && retrievalEvidence.classification.confidence || 0,
                  },
                  provenance: {
                    modelId: runtimeContext.modelId || '',
                    backend: runtimeContext.backend || '',
                    retrievalPhase: runtimeContext.retrievalPhase || retrievalEvidence.retrievalPhase || '',
                    synthesisSchema: retrievalEvidence.synthesis && retrievalEvidence.synthesis.schema || '',
                  },
                    groundingEvidence,
            };
            const artifact = {
              languageGraph,
              sceneLanguageGraph,
              queryPlan,
              intentRequirements,
              retrievalRerankResult,
              compositionLedger,
            };
            const activationCloud = scope.activationCloudFromPhase3Artifact(artifact);
            artifact.activationCloud = {
              ...activationCloud,
              compositionLedger,
            };
            return scope.createPhaseEnvelope({
              phase: 3,
              inputSchema: phase2Output.schema,
              runtimeReceiptId: runtimeContext.runtimeReceiptId || phase2Output.runtimeReceiptId,
              artifact,
              receipts: [
                {
                  id: 'phase3-retrieval-rerank',
                    schema: 'simulatte.phaseReceipt.v1',
                  primitiveCount: rankedPrimitives.length,
                  rawPrimitiveCount: rawRankedPrimitives.length,
                    supportPrimitiveCount: primitiveCuration.supportPrimitives.length,
                    rejectedSupportCount: primitiveCuration.rejectedSupportPrimitives.length,
                    typedBucketCount: Object.keys(typedEvidenceBuckets.buckets || {}).length,
                      obligationCount: compositionLedger.obligations.length,
                      slotCount: slotEvidence.length,
                      modelSlotCount: slotRetrieval && Number(slotRetrieval.slotCount || 0) || 0,
                      modelSlotRerankCallCount: slotRetrieval && Number(slotRetrieval.rerankCallCount || 0) || 0,
                      missingRequiredSlots: missingRequiredSlots.length,
                    curation: primitiveCuration.receipt.id,
                    cardCount: rankedCards.length,
                    universeRowCount: rankedUniverseRows.length,
                  },
                {
                  id: 'phase3-activation-fusion',
                  schema: 'simulatte.phaseReceipt.v1',
                  activationCount: activationCloud.weightedActivations.length,
                  slotActivationCount: (activationCloud.slotActivations || []).length,
                  relationActivationCount: (activationCloud.relationActivations || []).length,
                  supportActivationCount: (activationCloud.supportActivations || []).length,
                  rejectedCount: activationCloud.rejectedMatches.length,
                  obligationCoverageCount: Object.keys(activationCloud.coverageByObligation || {}).length,
                  coveredObligationCount: Object.values(activationCloud.coverageByObligation || {})
                    .filter((row) => row && row.covered === true).length,
                  obligationVerdictCount: (activationCloud.obligationVerdicts || []).length,
                  stronglySupportedCount: (activationCloud.obligationVerdicts || [])
                    .filter((row) => row.verdict === 'strongly-supported').length,
                  negativeEvidenceCount: (activationCloud.negativeEvidence || []).length,
                },
              ],
            });
            }
    
        function curatePhase3PrimitiveCandidates(rows = [], languageGraph = {}) {
            const prompt = String(languageGraph.sourceText || '').toLowerCase();
            const spans = Array.isArray(languageGraph.spans) ? languageGraph.spans : [];
            const predicates = Array.isArray(languageGraph.predicates) ? languageGraph.predicates : [];
            const relations = Array.isArray(languageGraph.relations) ? languageGraph.relations : [];
            const hasSpecificLanguage = spans.some((span) => (
              span.kind === 'entity' ||
              span.kind === 'material' ||
              span.kind === 'environment' ||
              span.kind === 'process'
            ));
            const curated = [];
            const support = [];
            for (const row of rows || []) {
              const decision = scope.phase3PrimitiveCandidateDecision(row, prompt, spans, predicates, relations);
              const next = scope.phaseCarryObject({
                ...row,
                retrievalRole: decision.role,
                matchKind: decision.matchKind,
                supportOnly: decision.role === 'support',
                supportReason: decision.reason,
              });
              if (decision.role === 'candidate') curated.push(next);
              else support.push(next);
            }
            if (!hasSpecificLanguage || curated.length < Math.min(2, rows.length)) {
              const supportRows = (rows || []).map((row) => scope.phaseCarryObject({
                ...row,
                retrievalRole: 'support',
                matchKind: hasSpecificLanguage ? 'insufficient-literal-evidence' : 'untyped-language-support',
                supportOnly: true,
                supportReason: hasSpecificLanguage
                  ? 'curation produced too few literal candidates'
                  : 'prompt language lacks typed scene evidence',
              })).sort(scope.phase3PrimitiveSort);
              const rejectedSupportRows = supportRows.filter(phase3SupportRowIsGeneric);
              return {
                rankedPrimitives: curated.sort(scope.phase3PrimitiveSort),
                supportPrimitives: supportRows,
                rejectedSupportPrimitives: rejectedSupportRows,
                receipt: {
                  id: 'phase3-primitive-curation',
                  schema: 'simulatte.phase3PrimitiveCuration.v1',
                  mode: hasSpecificLanguage ? 'strict-insufficient-candidates' : 'strict-untyped-support-only',
                  rawPrimitiveCount: rows.length,
                  candidateCount: curated.length,
                  supportCount: supportRows.length,
                  rejectedSupportCount: rejectedSupportRows.length,
                  candidateIds: curated.map((row) => row.id || row.primitiveId).filter(Boolean).slice(0, 24),
                  supportIds: supportRows.map((row) => row.id || row.primitiveId).filter(Boolean).slice(0, 24),
                },
              };
            }
            const rankedPrimitives = curated.sort(scope.phase3PrimitiveSort);
            const supportPrimitives = support.sort(scope.phase3PrimitiveSort);
            const rejectedSupportPrimitives = supportPrimitives.filter(phase3SupportRowIsGeneric);
            return {
              rankedPrimitives,
              supportPrimitives,
              rejectedSupportPrimitives,
              receipt: {
                id: 'phase3-primitive-curation',
                schema: 'simulatte.phase3PrimitiveCuration.v1',
                mode: 'literal-candidates-support-separated',
                rawPrimitiveCount: rows.length,
                candidateCount: rankedPrimitives.length,
                supportCount: supportPrimitives.length,
                rejectedSupportCount: rejectedSupportPrimitives.length,
                candidateIds: rankedPrimitives.map((row) => row.id || row.primitiveId).filter(Boolean).slice(0, 24),
                supportIds: supportPrimitives.map((row) => row.id || row.primitiveId).filter(Boolean).slice(0, 24),
              },
            };
          }
    
        function phase3TypedEvidenceBuckets(curation = {}, languageGraph = {}) {
            const rankedPrimitives = curation.rankedPrimitives || [];
            const supportPrimitives = curation.supportPrimitives || [];
            const buckets = {
              literalPromptObjects: [],
              actionEvidence: [],
              environmentEvidence: [],
              materialMediumEvidence: [],
              relationEvidence: [],
              supportOnlyPhysicsEvidence: [],
              rejectedGenericEvidence: [],
            };
            for (const row of rankedPrimitives) {
              const slot = phase3EvidenceSlot(row, languageGraph);
              buckets[slot].push(phase3EvidenceBucketRow(row));
            }
            for (const row of supportPrimitives) {
              const bucketRow = phase3EvidenceBucketRow(row);
              buckets.supportOnlyPhysicsEvidence.push(bucketRow);
              if (phase3SupportRowIsGeneric(row)) buckets.rejectedGenericEvidence.push(bucketRow);
            }
              for (const relation of languageGraph.relations || []) {
                buckets.relationEvidence.push(scope.phaseCarryObject({
                  id: relation.id || `${relation.sourceSpanId || 'source'}:${relation.relation || 'relation'}:${relation.targetSpanId || 'target'}`,
                  sourceSpanId: relation.sourceSpanId || '',
                  targetSpanId: relation.targetSpanId || '',
                  sourceText: relation.sourceText || scope.phase3SpanTextById(languageGraph, relation.sourceSpanId),
                  targetText: relation.targetText || scope.phase3SpanTextById(languageGraph, relation.targetSpanId),
                  relation: relation.relation || '',
                  process: relation.process || '',
                  causalAffordance: relation.causalAffordance || '',
                }));
              }
            for (const predicate of languageGraph.predicates || []) {
              if (!predicate.process) continue;
              buckets.actionEvidence.push(scope.phaseCarryObject({
                id: `action:${predicate.process}`,
                label: predicate.process,
                source: 'language-predicate',
                retrievalRole: 'candidate',
                supportOnly: false,
                matchKind: 'predicate-process',
                subjectSpanId: predicate.subjectSpanId || '',
                objectSpanId: predicate.objectSpanId || '',
              }));
            }
            for (const predicate of languageGraph.predicates || []) {
              buckets.relationEvidence.push(scope.phaseCarryObject({
                id: predicate.id || `${predicate.subjectSpanId || 'subject'}:${predicate.process || 'process'}:${predicate.objectSpanId || 'object'}`,
                  subjectSpanId: predicate.subjectSpanId || '',
                  verbSpanId: predicate.verbSpanId || '',
                  objectSpanId: predicate.objectSpanId || '',
                  subjectText: scope.phase3SpanTextById(languageGraph, predicate.subjectSpanId),
                  verbText: scope.phase3SpanTextById(languageGraph, predicate.verbSpanId),
                  objectText: scope.phase3SpanTextById(languageGraph, predicate.objectSpanId),
                  process: predicate.process || '',
                  subjectRole: predicate.subjectRole || '',
                  objectRole: predicate.objectRole || '',
                spatialRelation: predicate.spatialRelation || '',
                causalAffordance: predicate.causalAffordance || '',
              }));
            }
            return scope.phaseCarryObject({
              schema: 'simulatte.phase3TypedEvidenceBuckets.v1',
              buckets,
              summary: Object.fromEntries(Object.entries(buckets).map(([key, rows]) => [key, rows.length])),
            });
          }
    
        function phase3EvidenceSlot(row = {}, languageGraph = {}) {
            const id = scope.normalizeForEvidence(row.id || row.primitiveId || '');
            const text = scope.normalizeForEvidence([
              row.id,
              row.primitiveId,
              row.label,
              row.role,
              row.phrase,
              row.material,
              ...(row.domains || []),
            ].filter(Boolean).join(' '));
            const spans = languageGraph.spans || [];
            // `phrase` may describe the trigger that selected a primitive (for example
            // water selected by "swimming"). Preserve the primitive's direct material
            // identity before using that contextual phrase as evidence.
            if (id === 'water') return 'materialMediumEvidence';
            const matchedSpans = phase3MatchingLanguageSpans(row, spans);
            if (matchedSpans.some((span) => span.kind === 'environment' || span.semanticRole === 'containing-environment')) {
              return 'environmentEvidence';
            }
            if (matchedSpans.some((span) => span.kind === 'material' || span.semanticRole === 'fluid-medium')) {
              return 'materialMediumEvidence';
            }
            if (matchedSpans.some((span) => span.kind === 'process')) return 'actionEvidence';
            if (matchedSpans.some((span) => span.kind === 'entity')) return 'literalPromptObjects';
            if (/\b(?:lake|pool|pond|river|ocean|beach|environment|container)\b/.test(text)) return 'environmentEvidence';
            if (id === 'water' || /\b(?:water|fluid|medium)\b/.test(text)) return 'materialMediumEvidence';
            if (/\b(?:swim|swims|swimming|locomotion|gait)\b/.test(text)) return 'actionEvidence';
            if (spans.some((span) => span.semanticRole === 'containing-environment' && scope.phase3PhraseInPrompt(row.id || row.label || '', span.text))) {
              return 'environmentEvidence';
            }
            if (spans.some((span) => span.semanticRole === 'biological-agent' && scope.phase3PhraseInPrompt(row.id || row.label || '', span.text))) {
              return 'literalPromptObjects';
            }
            return 'supportOnlyPhysicsEvidence';
          }
    
        function phase3MatchingLanguageSpans(row = {}, spans = []) {
            const identityValues = [row.id, row.primitiveId, row.label, row.material]
              .map((value) => scope.normalizeForEvidence(value))
              .filter(Boolean);
            const contextualValues = [row.role, row.phrase]
              .map((value) => scope.normalizeForEvidence(value))
              .filter(Boolean);
            const directMatches = (spans || []).filter((span) => {
              const spanText = scope.normalizeForEvidence(span && span.text);
              return spanText && identityValues.some((value) => (
                scope.phase3PhraseInPrompt(value, spanText) || scope.phase3PhraseInPrompt(spanText, value)
              ));
            });
            if (directMatches.length) return directMatches;
            return (spans || []).filter((span) => {
              const spanText = scope.normalizeForEvidence(span && span.text);
              return spanText && contextualValues.some((value) => (
                scope.phase3PhraseInPrompt(value, spanText) || scope.phase3PhraseInPrompt(spanText, value)
              ));
            });
          }
    
        function phase3EvidenceBucketRow(row = {}) {
            return scope.phaseCarryObject({
              id: row.id || row.primitiveId || '',
              label: row.label || row.role || row.phrase || row.id || '',
              source: row.source || row.indexName || '',
              score: Number(row.score || row.confidence || 0),
              retrievalRole: row.retrievalRole || '',
              supportOnly: row.supportOnly === true,
              matchKind: row.matchKind || '',
              reason: row.supportReason || row.reason || '',
            });
          }
    
        function phase3SupportRowIsGeneric(row = {}) {
              const text = scope.normalizeForEvidence([
                row.id,
                row.primitiveId,
                row.label,
              row.role,
              row.phrase,
              ...(row.domains || []),
              ].filter(Boolean).join(' '));
              return /\b(?:biomass|collision|elasticity|friction|gel|membrane|soft body|soft-body|diffusion|growth decay|growth-decay|kernel|gradient|constraint)\b/.test(text);
            }
    
        function phase3SlotEvidence(queryPlan = {}, typedEvidenceBuckets = {}, rankedCards = [], rankedUniverseRows = [], slotRetrieval = null) {
                const buckets = typedEvidenceBuckets.buckets || {};
                return (queryPlan.slots || []).map((slot) => {
                  const candidates = phase3CandidatesForSlot(slot, buckets, rankedCards, rankedUniverseRows, slotRetrieval);
                const acceptedCandidates = candidates.filter((candidate) => candidate.decision === 'accept');
                const supportOnlyCandidates = candidates.filter((candidate) => candidate.supportOnly === true);
                return scope.phaseCarryObject({
                  schema: 'simulatte.phase3SlotEvidence.v1',
                  id: slot.slotId || slot.entryId || '',
                  slotId: slot.slotId || '',
                  slotRole: slot.slotRole || '',
                  entryId: slot.entryId || '',
                  sourceSpanIds: (slot.sourceSpanIds || []).slice(),
                  relationIds: slot.relationIds || [],
                  required: slot.required !== false,
                  status: scope.phase3SlotEvidenceStatus(slot, acceptedCandidates, supportOnlyCandidates),
                  queryTexts: (slot.queries || []).map((query) => query.text || '').filter(Boolean),
                  candidates,
              acceptedCandidates,
              constructionCandidates: acceptedCandidates.filter((candidate) => candidate.constructionEvidence === true),
                  supportOnlyCandidates,
                  acceptedCount: acceptedCandidates.length,
                  supportOnlyCount: supportOnlyCandidates.length,
                  acceptedCandidateIds: candidates
                    .filter((candidate) => candidate.decision === 'accept')
                    .map((candidate) => candidate.candidateId)
                    .filter(Boolean),
                  rejectedCandidateIds: candidates
                    .filter((candidate) => candidate.decision === 'reject')
                    .map((candidate) => candidate.candidateId)
                    .filter(Boolean),
                  supportOnlyCandidateIds: candidates
                    .filter((candidate) => candidate.supportOnly === true)
                    .map((candidate) => candidate.candidateId)
                    .filter(Boolean),
                });
              });
            }
    
        function phase3CandidatesForSlot(slot = {}, buckets = {}, rankedCards = [], rankedUniverseRows = [], slotRetrieval = null) {
            const rows = uniquePhase3SlotRows([
              phase3LiteralSlotCandidate(slot),
              ...phase3ModelRowsForSlot(slot, slotRetrieval),
              ...phase3RowsForSlot(slot, buckets, rankedCards, rankedUniverseRows),
            ]);
                return rows.slice(0, phase3SlotBudget(slot)).map((row) => {
                  const promptOnlyAction = slot.slotRole === 'action' && slot.modelEvidenceRequired === true && (
                    row.source === 'prompt-typed-slot' || row.source === 'language-predicate'
                  );
                  const supportOnly = row.supportOnly === true || slot.slotRole === 'support' || promptOnlyAction;
                  const candidateId = row.candidateId || row.id || row.cardId || row.canonicalId || row.primitiveId || '';
                  return {
                    id: candidateId,
                    candidateId,
                    candidateType: row.candidateType || scope.phase3CandidateType(row),
                label: row.label || row.phrase || row.role || row.id || '',
                candidateText: row.candidateText || row.label || row.phrase || row.role || row.id || '',
                sourceLabel: row.sourceLabel || '',
                aliases: row.aliases || [],
                labels: row.labels || [],
                source: row.source || row.indexName || '',
                canonicalId: row.canonicalId || '',
                semanticType: row.semanticType || '',
                domains: row.domains || [],
                materialId: row.materialId || row.material || '',
                operatorHints: row.operatorHints || row.operatorTypes || [],
                primitiveHints: row.primitiveHints || [],
                shapeHints: row.shapeHints || [],
                partHints: row.partHints || row.construction && row.construction.partHints || [],
                materialHints: row.materialHints || row.construction && row.construction.materialHints || [],
                behaviorHints: row.behaviorHints || row.construction && row.construction.behaviorHints || [],
                affordanceHints: row.affordanceHints || row.construction && row.construction.affordanceHints || [],
                relationHints: row.relationHints || row.construction && row.construction.relationHints || [],
                scaleHints: row.scaleHints || row.construction && row.construction.scaleHints || [],
                construction: row.construction || null,
                constructionEvidence: row.constructionEvidence === true,
                identityEvidence: row.identityEvidence === true,
                modelEvaluated: row.modelEvaluated === true,
                modelRerankEvaluated: row.modelRerankEvaluated === true,
                literalSlotMatch: row.literalSlotMatch === true,
                rankSignals: row.rankSignals || null,
                modelScore: row.modelScore != null && Number.isFinite(Number(row.modelScore))
                  ? Number(row.modelScore) : null,
                vectorHash: row.vectorHash || '',
                semanticClass: row.semanticClass || slot.semanticClass || '',
                visualArchetype: row.visualArchetype || slot.visualArchetype || '',
                sceneHints: row.sceneHints || [],
                    slotId: slot.slotId || '',
                    slotRole: slot.slotRole || '',
                    modelRerankScore: row.modelRerankScore ?? null,
                    modelRerankRank: row.modelRerankRank ?? null,
                    lexicalScore: row.lexicalScore ?? null,
                    decision: supportOnly ? 'support-only' : 'accept',
                    score: Number(row.score || row.confidence || 0),
                    supportOnly,
                  reason: supportOnly ? row.reason || 'support evidence cannot satisfy required literal slot' : 'slot evidence matches query plan role',
                };
              });
          }
    
        function phase3LiteralSlotCandidate(slot = {}) {
            const entryId = String(slot.entryId || '');
            const role = String(slot.slotRole || '');
            if (!entryId || role === 'support' || role === 'visual') return null;
            const identityLabel = scope.normalizeForEvidence(entryId.replace(/^[a-z]+:/, '')).trim();
            const sourceLabel = String(slot.sourceLabel || identityLabel).trim();
            if (!identityLabel || !sourceLabel) return null;
            const slug = identityLabel.replace(/\s+/g, '-');
            const ungroundedObject = ['actor', 'object'].includes(role) && slot.modelEvidenceRequired === true;
            const semanticType = ungroundedObject ? 'concept' : {
              actor: 'body',
              object: 'body',
              part: 'part',
              environment: 'environment',
              medium: 'material',
              concept: 'concept',
              action: 'process',
              relation: 'relation',
            }[role] || 'entity';
            return {
              id: `prompt.${role || 'entity'}.${slug}`,
              candidateId: `prompt.${role || 'entity'}.${slug}`,
              candidateType: 'prompt-literal',
              label: identityLabel,
              candidateText: identityLabel,
              sourceLabel,
              aliases: [sourceLabel, identityLabel],
              canonicalId: `prompt.${semanticType}.${slug}`,
              semanticType,
              semanticClass: slot.semanticClass || '',
              visualArchetype: slot.visualArchetype || '',
              shapeHints: slot.shapeHints || [],
              operatorTypes: slot.operatorTypes || [],
              source: role === 'action' && slot.localEvidenceReason || 'prompt-typed-slot',
              score: 1,
              supportOnly: ungroundedObject || role === 'concept' || role === 'action' && slot.modelEvidenceRequired === true,
              identityEvidence: !ungroundedObject && /^(?:actor|object|part|environment|medium)$/.test(role),
              reason: role === 'concept'
                ? 'untyped Phase 2 term remains support-only until retrieval establishes a semantic role'
                : role === 'action' && slot.modelEvidenceRequired === true
                  ? 'prompt language preserves the action but does not prove executable action support'
                : 'typed Phase 2 slot preserves literal prompt identity',
            };
          }
    
        function phase3RowsForSlot(slot = {}, buckets = {}, rankedCards = [], rankedUniverseRows = []) {
          const role = slot.slotRole || '';
          const entryId = String(slot.entryId || '');
          if (role === 'actor' || role === 'object' || role === 'part') return phase3FilterRowsForEntry(buckets.literalPromptObjects || [], entryId);
          if (role === 'action') return phase3FilterRowsForEntry(buckets.actionEvidence || [], entryId);
          if (role === 'environment') return phase3FilterRowsForEntry(buckets.environmentEvidence || [], entryId);
          if (role === 'medium') return phase3FilterRowsForEntry(buckets.materialMediumEvidence || [], entryId);
          if (role === 'relation') {
                return phase3FilterRowsForEntry([
                  ...(buckets.relationEvidence || []),
                  ...(buckets.actionEvidence || []),
                  ...(buckets.materialMediumEvidence || []),
                ], entryId);
              }
              if (role === 'visual') {
                return [
                  ...phase3VisualRowsForEntry(entryId, rankedCards),
                  ...phase3VisualRowsForEntry(entryId, rankedUniverseRows),
                ];
              }
                return [];
              }
    
        function phase3ModelRowsForSlot(slot = {}, slotRetrieval = null) {
            const slotId = String(slot.slotId || '');
            if (!slotId || !slotRetrieval || !Array.isArray(slotRetrieval.bySlot)) return [];
            const row = slotRetrieval.bySlot.find((entry) => entry && entry.slotId === slotId);
            if (!row || row.entryId && row.entryId !== slot.entryId) return [];
            const candidates = (row.candidates || []).filter((candidate) =>
              (!candidate.slotId || candidate.slotId === slotId) &&
              (!candidate.entryId || candidate.entryId === slot.entryId)).map((candidate) => ({
              ...candidate,
              id: candidate.candidateId || candidate.id || candidate.primitiveId || '',
              source: candidate.source || 'slot-embedding-retrieval',
              slotId,
              slotRole: slot.slotRole || candidate.slotRole || '',
              vectorHash: row.vectorHash || '',
            }));
            const constructionRows = candidates.filter((candidate) => candidate.constructionEvidence === true);
            const modelRows = candidates.filter((candidate) => candidate.modelEvaluated === true &&
              candidate.vectorHash && Number.isFinite(candidate.modelScore));
            return uniquePhase3SlotRows([
              ...constructionRows,
              ...modelRows,
              ...phase3FilterRowsForEntry(candidates, String(slot.entryId || '')),
            ]);
          }
    
        function uniquePhase3SlotRows(rows = []) {
            const seen = new Set();
            return rows.filter(Boolean).filter((row) => {
                  const key = `${row.candidateType || scope.phase3CandidateType(row)}:${row.candidateId || row.id || row.cardId || row.canonicalId || row.primitiveId || ''}`;
                  if (!key || seen.has(key)) return false;
                  seen.add(key);
                  return true;
                }).sort((a, b) => (
                  Number(b.score || b.confidence || 0) - Number(a.score || a.confidence || 0) ||
                  String(a.candidateId || a.id || a.primitiveId || '').localeCompare(String(b.candidateId || b.id || b.primitiveId || ''))
                ));
              }
    
        function phase3FilterRowsForEntry(rows = [], entryId = '') {
              const target = scope.normalizeForEvidence(entryId.replace(/^[a-z]+:/, ''));
              const filtered = rows.filter((row) => {
                const text = scope.normalizeForEvidence([
                  row.id,
                  row.label,
                  row.candidateId,
                  row.canonicalId,
                  row.sourceText,
                  row.targetText,
                  row.subjectText,
                  row.verbText,
                  row.objectText,
                  row.process,
                  row.causalAffordance,
                  ...(row.aliases || []), ...(row.labels || []),
                ].filter(Boolean).join(' '));
                if (!target || !text) return false;
                return scope.phase3PhraseInPrompt(target, text) ||
                  scope.phase3PhraseInPrompt(text, target) ||
                  phase3EntryTermsCovered(target, text);
              });
              return filtered;
            }
    
        function phase3EntryTermsCovered(target = '', text = '') {
            const terms = phase3EntryTerms(target);
            if (!terms.length) return false;
            return terms.every((term) => phase3TermVariants(term).some((variant) => (
              new RegExp(`\\b${phase3EscapeRegExp(variant)}\\b`).test(text)
            )));
          }
    
        function phase3EntryTerms(value = '') {
            const stop = new Set(['a', 'an', 'and', 'in', 'into', 'of', 'on', 'the', 'to', 'with', 'world']);
            return scope.normalizeForEvidence(value)
              .split(/\s+/)
              .map((term) => term.trim())
              .filter((term) => term.length > 2 && !stop.has(term));
          }
    
        function phase3TermVariants(term = '') {
            const value = scope.normalizeForEvidence(term);
            const variants = [value];
            if (value.endsWith('ies') && value.length > 4) variants.push(`${value.slice(0, -3)}y`);
            if (value.endsWith('es') && value.length > 4) variants.push(value.slice(0, -2));
            if (value.endsWith('s') && value.length > 3) variants.push(value.slice(0, -1));
            if (value.endsWith('ing') && value.length > 5) {
              const stem = value.slice(0, -3);
              variants.push(stem);
              if (/([a-z])\1$/.test(stem)) variants.push(stem.slice(0, -1));
            }
            return Array.from(new Set(variants.filter(Boolean)));
          }
    
        function phase3EscapeRegExp(value) {
            return String(value || '').replace(/[.*+?^${}()|[\]\\]/g, '\\$&');
          }
    
        function phase3VisualRowsForEntry(entryId = '', rows = []) {
              const target = scope.normalizeForEvidence(entryId.replace(/^visual:/, '').replace(/-/g, ' '));
              return scope.candidateList(rows).filter((row) => {
                const text = scope.normalizeForEvidence([
                  row.id,
                  row.cardId,
                  row.label,
                  row.title,
                  row.description,
                  ...(row.visualHints || []),
                  ...(row.shapeHints || []),
                  ...(row.sceneHints || []),
                ].filter(Boolean).join(' '));
                return target && target.split(/\s+/).some((term) => text.includes(term));
              });
            }
    
        function phase3SlotBudget(slot = {}) {
              const budgets = slot.budgets || {};
              return Math.max(1, Number(budgets.primitive || 0) + Number(budgets.surfaceCard || 0) + Number(budgets.universe || 0) + Number(budgets.support || 0));
            }
    
        root.SimulattePhaseModuleRegistry.define('physicsModel', 'simulatte-physics-model-phase-retrieval.js', {
          phase1RuntimeReceipts,
          runPhase2LanguageGraph,
          emptyPromptParse,
          languageGraphFromPromptParse,
          languageGraphClauseRelations,
          languageGraphSpans,
          semanticStopwordHas,
          runPhase3Retrieval,
          curatePhase3PrimitiveCandidates,
          phase3TypedEvidenceBuckets,
          phase3EvidenceSlot,
          phase3MatchingLanguageSpans,
          phase3EvidenceBucketRow,
          phase3SupportRowIsGeneric,
          phase3SlotEvidence,
          phase3LiteralSlotCandidate,
          phase3CandidatesForSlot,
          phase3RowsForSlot,
          phase3ModelRowsForSlot,
          uniquePhase3SlotRows,
          phase3FilterRowsForEntry,
          phase3VisualRowsForEntry,
          phase3SlotBudget,
        });
    
    })(typeof globalThis !== 'undefined' ? globalThis : window);
    
    (function attachSimulattePhysicsModelactivationverdicts(root) {
      const scope = root.SimulattePhaseModuleRegistry.family('physicsModel');
    
        const OBLIGATION_VERDICTS = Object.freeze([
          'strongly-supported',
          'supported',
          'inferred',
          'pending',
          'missing',
          'negated',
        ]);
    
        function obligationVerdictRows({
          compositionLedger = null,
          acceptedCandidatesBySlot = {},
          slotEvidence = [],
          negativeEvidence = [],
        } = {}) {
          const obligations = compositionLedger && Array.isArray(compositionLedger.obligations)
            ? compositionLedger.obligations
            : [];
          return obligations.map((obligation) => {
            const obligationId = String(obligation.obligationId || obligation.id || '');
            const candidates = candidatesForObligation(obligation, acceptedCandidatesBySlot, slotEvidence);
            const provenance = candidates.map((candidate) => {
              const supportStrength = candidateSupportStrength(candidate);
              return {
                candidateId: candidate.candidateId || candidate.id || candidate.primitiveId || '',
                candidateType: candidate.candidateType || candidate.kind || candidate.type || '',
                supportStrength,
              };
            }).filter((row) => row.candidateId);
            const supportStrength = provenance.reduce((max, row) => Math.max(max, row.supportStrength), 0);
            const negated = obligationHasNegativeEvidence(obligation, negativeEvidence);
            const inferred = obligation.inferred === true || (
              obligation.kind === 'medium' && obligation.required !== true
            );
            let verdict = 'missing';
            if (negated) verdict = 'negated';
            else if (obligation.kind === 'visual') verdict = 'pending';
            else if (inferred) verdict = 'inferred';
            else if (supportStrength >= 0.62) verdict = 'strongly-supported';
            else if (supportStrength > 0) verdict = 'supported';
            else if (obligation.required === false || obligation.status === 'pending') verdict = 'pending';
            return scope.phaseCarryObject({
              schema: 'simulatte.obligationVerdict.v1',
              obligationId,
              kind: obligation.kind || '',
              target: obligation.target || obligation.label || obligationId.replace(/^[a-z]+:/, ''),
              required: obligation.required === true,
              inferred,
              verdict,
              supportStrength: Number(supportStrength.toFixed(4)),
              provenance,
              negationConflict: negated && provenance.length > 0,
            });
          }).filter((row) => row.obligationId);
        }
    
        function candidatesForObligation(obligation = {}, acceptedCandidatesBySlot = {}, slotEvidence = []) {
          const obligationId = String(obligation.obligationId || obligation.id || '');
          const suffix = scope.normalizeForEvidence(obligationId.replace(/^[a-z]+:/, ''));
          const slotRows = (slotEvidence || []).filter((slot) => {
            const entry = scope.normalizeForEvidence(slot.entryId || '');
            const slotId = scope.normalizeForEvidence(slot.slotId || '');
            return entry === scope.normalizeForEvidence(obligationId) ||
              (suffix && (entry.endsWith(suffix) || slotId.endsWith(suffix)));
          });
          const direct = slotRows.flatMap((slot) => slot.acceptedCandidates || []);
          const fromMap = Object.entries(acceptedCandidatesBySlot || {})
            .filter(([slotId]) => suffix && scope.normalizeForEvidence(slotId).endsWith(suffix))
            .flatMap(([, rows]) => rows || []);
          return scope.uniqueByJson([...direct, ...fromMap]);
        }
    
        function candidateSupportStrength(candidate = {}) {
          const values = [
            candidate.modelRerankScore,
            candidate.score,
            candidate.finalScore,
            candidate.lexicalScore,
            candidate.confidence,
          ].map(Number).filter(Number.isFinite);
          return Number(Math.max(0, Math.min(1, values.length ? Math.max(...values) : 0)).toFixed(4));
        }
    
        function obligationHasNegativeEvidence(obligation = {}, negativeEvidence = []) {
          const obligationId = scope.normalizeForEvidence(obligation.obligationId || obligation.id || '');
          const target = scope.normalizeForEvidence(obligation.target || obligation.label || obligationId.replace(/^[a-z]+:/, ''));
          return (negativeEvidence || []).some((row) => {
            const entry = scope.normalizeForEvidence(row.entryId || '');
            const label = scope.normalizeForEvidence(row.label || row.text || '');
            return (obligationId && entry === obligationId) || !row.negationScope?.properties?.length &&
              (target && (entry.endsWith(target) || label === target || label.endsWith(target)));
          });
        }
    
        function evidenceConflictRows(verdicts = [], slotEvidence = []) {
          const negationConflicts = (verdicts || [])
            .filter((row) => row.negationConflict === true)
            .map((row) => scope.phaseCarryObject({
              schema: 'simulatte.evidenceConflict.v1',
              kind: 'negation-vs-evidence',
              obligationId: row.obligationId || '',
              candidateIds: (row.provenance || []).map((item) => item.candidateId).filter(Boolean),
            }));
          const ambiguityRows = (slotEvidence || []).map((slot) => {
            const candidates = (slot.acceptedCandidates || []).map((candidate) => ({
              candidateId: candidate.candidateId || candidate.id || '',
              supportStrength: candidateSupportStrength(candidate),
            })).filter((candidate) => candidate.candidateId)
              .sort((a, b) => b.supportStrength - a.supportStrength || a.candidateId.localeCompare(b.candidateId));
            if (candidates.length < 2) return null;
            const scoreMargin = Number(Math.abs(candidates[0].supportStrength - candidates[1].supportStrength).toFixed(4));
            if (scoreMargin > 0.05) return null;
            return scope.phaseCarryObject({
              schema: 'simulatte.evidenceConflict.v1',
              kind: 'slot-ambiguity',
              slotId: slot.slotId || '',
              entryId: slot.entryId || '',
              candidateIds: candidates.slice(0, 2).map((candidate) => candidate.candidateId),
              scoreMargin,
            });
          }).filter(Boolean);
          return [...negationConflicts, ...ambiguityRows];
        }
    
        function conflictsBySlotRows(evidenceConflicts = [], slotEvidence = []) {
          const bySlot = {};
          for (const row of evidenceConflicts || []) {
            const slotId = row.slotId || slotIdForObligationId(row.obligationId, slotEvidence);
            if (!slotId) continue;
            if (!bySlot[slotId]) bySlot[slotId] = [];
            bySlot[slotId].push(row);
          }
          return bySlot;
        }
    
        function slotIdForObligationId(obligationId = '', slotEvidence = []) {
          const target = scope.normalizeForEvidence(obligationId);
          if (!target) return '';
          const suffix = scope.normalizeForEvidence(String(obligationId || '').replace(/^[a-z]+:/, ''));
          const slot = (slotEvidence || []).find((row) => {
            const entry = scope.normalizeForEvidence(row.entryId || '');
            const slotId = scope.normalizeForEvidence(row.slotId || '');
            return entry === target || (suffix && (entry.endsWith(suffix) || slotId.endsWith(suffix)));
          });
          return slot && slot.slotId || '';
        }
    
        function negativeEvidenceRows(languageGraph = {}, sceneLanguageGraph = {}) {
              const rows = [];
              for (const negation of languageGraph.negations || []) {
                rows.push(scope.phaseCarryObject({
                  id: negation.id || `negation:${rows.length + 1}`,
                  kind: 'negation',
                  text: negation.text || '',
                  source: 'language-graph',
                }));
              }
          const negatedEntries = [
            ...(sceneLanguageGraph.entities || []),
            ...(sceneLanguageGraph.concepts || []),
            ...(sceneLanguageGraph.parts || []),
            ...(sceneLanguageGraph.actions || []),
            ...(sceneLanguageGraph.attributes || []),
            ...(sceneLanguageGraph.environments || []),
                ...(sceneLanguageGraph.mediums || []),
              ].filter((entry) => entry.negated === true);
              for (const entry of negatedEntries) {
                rows.push(scope.phaseCarryObject({
                  id: `negated:${entry.id || rows.length + 1}`,
                  kind: 'negated-entry',
                  entryId: entry.id || '',
                  label: entry.label || '',
                  negationScope: entry.negationScope || null,
                  source: 'scene-language-graph',
                }));
              }
              return rows;
            }
    
        function rejectedBySlot(slotEvidence = []) {
              return Object.fromEntries((slotEvidence || []).map((slot) => [
                slot.slotId,
                (slot.rejectedCandidateIds || []).slice(),
              ]));
            }
    
        root.SimulattePhaseModuleRegistry.define('physicsModel', 'simulatte-physics-model-activation-verdicts.js', {
          OBLIGATION_VERDICTS,
          obligationVerdictRows,
          candidatesForObligation,
          candidateSupportStrength,
          obligationHasNegativeEvidence,
          evidenceConflictRows,
          conflictsBySlotRows,
          slotIdForObligationId,
          negativeEvidenceRows,
          rejectedBySlot,
        });
    
    })(typeof globalThis !== 'undefined' ? globalThis : window);
    
    (function attachSimulattePhysicsModelactivationfusion(root) {
      const scope = root.SimulattePhaseModuleRegistry.family('physicsModel');
    
        function phase3PrimitiveCandidateDecision(row = {}, prompt = '', spans = [], predicates = [], relations = []) {
            const source = String(row.source || '');
            const id = String(row.id || row.primitiveId || '');
            const label = String(row.label || row.role || row.phrase || id || '');
            const layer = String(row.layer || row.type || '').toLowerCase();
            const text = normalizeForEvidence([
              id,
              label,
              row.phrase,
              row.role,
              row.material,
              row.visualRegime,
              ...(row.domains || []),
            ].filter(Boolean).join(' '));
            if (source === 'semantic-surface-grounder') {
              if (phase3RowMatchesTypedIdentitySpan(row, spans)) {
                return { role: 'candidate', matchKind: 'literal-surface-card', reason: 'surface card matches prompt span' };
              }
              return { role: 'support', matchKind: 'surface-association-support', reason: 'surface card identity lacks prompt evidence' };
            }
            if (source === 'open-semantic-rag') {
              if (phase3RowMatchesTypedIdentitySpan(row, spans)) {
                return { role: 'candidate', matchKind: 'literal-open-component', reason: 'open semantic component matches prompt span' };
              }
              return { role: 'support', matchKind: 'open-association-support', reason: 'open component identity lacks prompt evidence' };
            }
            if (/^embedding-guided-synth-(?:node|environment)/.test(source)) {
              if (phase3GeneratedRowMatchesTypedIdentitySpan(row, spans)) {
                return { role: 'candidate', matchKind: 'literal-synth-node', reason: 'synthesized node is prompt object' };
              }
              return { role: 'support', matchKind: 'synth-association-support', reason: 'synthesized row identity lacks prompt evidence' };
            }
            if (source === 'embedding-guided-graph-synthesis') {
              return { role: 'support', matchKind: 'synth-primitive-support', reason: 'synthesized primitive is implementation support' };
            }
            if (source === 'prompt-explicit') {
              return { role: 'candidate', matchKind: 'explicit-primitive', reason: 'primitive id appears in prompt' };
            }
            if (source === 'doppler-residual') {
              return { role: 'candidate', matchKind: 'model-intent-evidence', reason: 'model intent receipt selected primitive' };
            }
            if (source === 'prompt-family' && id === 'water' && phase3LanguageImpliesWater(prompt, predicates, relations)) {
              return { role: 'candidate', matchKind: 'implied-fluid-medium', reason: 'swimming language implies visible water medium' };
            }
            if (source === 'prompt-family') {
              if (phase3RowDirectlyMatchesPrompt({ ...row, phrase: '' }, prompt, spans)) {
                return { role: 'candidate', matchKind: 'direct-prompt-family', reason: 'prompt family primitive identity appears in prompt' };
              }
              return { role: 'support', matchKind: 'prompt-family-support', reason: 'prompt family support primitive is not literal prompt object' };
            }
            if (phase3RowDirectlyMatchesPrompt(row, prompt, spans)) {
              return { role: 'candidate', matchKind: 'literal-lexical', reason: 'primitive identity appears in prompt language' };
            }
            if (/^(math|physics|material|constraint|loss|field|process|body)$/.test(layer)) {
              return { role: 'support', matchKind: 'recipe-support', reason: 'unprompted implementation primitive from recipe expansion' };
            }
            return { role: 'support', matchKind: 'nonliteral-support', reason: 'retrieved row lacks direct prompt evidence' };
          }
    
        function phase3RowMatchesTypedIdentitySpan(row = {}, spans = []) {
            const spanTexts = (spans || [])
              .filter((span) => /^(entity|environment|material|observable|term)$/.test(span.kind || ''))
              .map((span) => normalizeForEvidence(span.text))
              .filter(Boolean);
            const values = [row.phrase, row.label, row.sourceLabel]
              .map((value) => normalizeForEvidence(value))
              .filter((value) => value && !phase3GenericPromptMatchValue(value));
          return values.some((value) => spanTexts.some((spanText) => (
              phase3PhraseInPrompt(value, spanText) && phase3PhraseInPrompt(spanText, value)
            )));
          }
    
        function phase3GeneratedRowMatchesTypedIdentitySpan(row = {}, spans = []) {
            const identity = normalizeForEvidence(row.role || row.label || row.id)
              .replace(/\b(?:a|b|c|\d+)$/, '').trim();
            if (!identity || phase3GenericPromptMatchValue(identity)) return false;
            return (spans || [])
              .filter((span) => /^(entity|environment|material|term)$/.test(span.kind || ''))
              .map((span) => normalizeForEvidence(span.text))
              .some((spanText) => (
                phase3PhraseInPrompt(identity, spanText) && phase3PhraseInPrompt(spanText, identity)
              ));
          }
    
        function phase3RowDirectlyMatchesPrompt(row = {}, prompt = '', spans = []) {
            if (!prompt) return false;
            const promptText = normalizeForEvidence(prompt);
            const spanTexts = (spans || [])
              .filter((span) => /^(entity|material|environment|process|observable)$/.test(span.kind || ''))
              .map((span) => normalizeForEvidence(span.text))
              .filter(Boolean);
            const values = [
              row.id,
              row.primitiveId,
              row.label,
              !/^embedding-guided-synth-/.test(row.source || '') || normalizeForEvidence(row.phrase) !== promptText
                ? row.phrase
                : '',
              row.role,
            ].map((value) => normalizeForEvidence(value)).filter(Boolean);
            return values.some((value) => {
              if (!value || phase3GenericPromptMatchValue(value)) return false;
              const containingSpans = spanTexts.filter((spanText) => phase3PhraseInPrompt(value, spanText));
              if (containingSpans.length) {
                return containingSpans.some((spanText) => phase3PhraseInPrompt(spanText, value));
              }
              if (phase3PhraseInPrompt(value, promptText)) return true;
              return false;
            });
          }
    
        function phase3PhraseInPrompt(value = '', promptText = '') {
            const phrase = normalizeForEvidence(value);
            const prompt = normalizeForEvidence(promptText);
            if (!phrase || !prompt) return false;
            if (prompt.includes(phrase)) return true;
            const terms = phrase.split(/\s+/).filter((term) => term.length > 2);
            if (!terms.length || terms.length > 3) return false;
            return terms.every((term) => {
              const singular = term.endsWith('s') ? term.slice(0, -1) : term;
              return new RegExp(`\\b${singular}(?:s|es)?\\b`).test(prompt);
            });
          }
    
        function phase3GenericPromptMatchValue(value = '') {
            return scope.PHASE3_GENERIC_PROMPT_MATCH_VALUES.has(normalizeForEvidence(value));
          }
    
        function phase3LanguageImpliesWater(prompt = '', predicates = [], relations = []) {
            if (/\b(water|lake|pool|pond|river|ocean|beach|underwater|swim|swims|swimming|swam)\b/.test(prompt)) return true;
            return (predicates || []).some((predicate) => (
              predicate.process === 'swimming' &&
              (predicate.objectRole === 'fluid-medium' || predicate.objectRole === 'containing-environment')
            )) || (relations || []).some((relation) => (
              relation.causalAffordance === 'agents-in-water' ||
              relation.targetText === 'water'
            ));
          }
    
        function phase3PrimitiveSort(a = {}, b = {}) {
            return Number(b.score || 0) - Number(a.score || 0) ||
              String(a.id || a.primitiveId || '').localeCompare(String(b.id || b.primitiveId || ''));
          }
    
        function retrievalGroundingEvidence(
              retrievalEvidence = {},
              primitiveCuration = {},
              typedEvidenceBuckets = null,
              compositionLedger = null,
              languageGraph = {},
              queryPlan = null,
              slotEvidence = [],
              acceptedCandidatesBySlot = {},
              missingRequiredSlots = []
          ) {
            const components = phase3GroundingComponents(retrievalEvidence.components, primitiveCuration, languageGraph);
            const acceptedComponentIds = new Set(components
              .filter((row) => row.supportOnly !== true)
              .map((row) => row.id || row.primitiveId || row.canonicalId)
              .filter(Boolean));
            const rejectedComponentIds = (retrievalEvidence.components || [])
              .map((row) => row && (row.id || row.primitiveId || row.canonicalId))
              .filter((id) => id && !acceptedComponentIds.has(id));
            return {
              schema: 'simulatte.retrievalGroundingEvidence.v1',
              intentBrief: null,
              acceptedGraph: null,
              rejectedGraph: null,
              contract: null,
              universeGraphCandidates: phaseCarryObject(retrievalEvidence.universeGraph || null),
              components: phaseCarryObject(components),
              rejectedComponentIds: phaseCarryObject(rejectedComponentIds),
              assumptions: [],
              unsupported: phaseCarryObject((missingRequiredSlots || [])
                .filter((row) => row.status === 'unsupported')
                .map((row) => ({
                  id: `unsupported:${row.entryId || row.slotId}`,
                  label: row.entryId || row.slotId || 'required action',
                  reason: row.reason || 'required retrieval capability unavailable',
                  source: 'phase3-retrieval-rerank',
                  status: 'unsupported',
                }))),
              visualSource: phaseCarryObject(retrievalEvidence.visualSource || null),
              params: phaseCarryObject(retrievalEvidence.params || {}),
              languageEvidence: null,
                typedEvidenceBuckets: phaseCarryObject(typedEvidenceBuckets || null),
                slotRetrieval: phaseCarryObject(retrievalEvidence.slotRetrieval || null),
                compositionLedger: phaseCarryObject(compositionLedger || null),
                languageGraph: phaseCarryObject(languageGraph || null),
                queryPlan: phaseCarryObject(queryPlan || null),
                slotEvidence: phaseCarryObject(slotEvidence || []),
                acceptedCandidatesBySlot: phaseCarryObject(acceptedCandidatesBySlot || {}),
                missingRequiredSlots: phaseCarryObject(missingRequiredSlots || []),
              };
            }
    
        function phase3GroundingComponents(components = [], primitiveCuration = {}, languageGraph = {}) {
            const rows = Array.isArray(components) ? components : [];
            const candidateById = new Map((primitiveCuration.rankedPrimitives || [])
              .map((row) => [row.id || row.primitiveId, row]));
            const supportById = new Map((primitiveCuration.supportPrimitives || [])
              .map((row) => [row.id || row.primitiveId, row]));
            return rows.flatMap((component) => {
              const id = component && (component.id || component.primitiveId || component.canonicalId);
              const candidate = candidateById.get(id);
              const support = supportById.get(id);
              if (candidate) {
                return {
                  ...component,
                  retrievalRole: 'candidate',
                  matchKind: candidate.matchKind || component.matchKind || '',
                  supportOnly: false,
                  supportReason: '',
                };
              }
              if (support) {
                if (/association-support$/.test(support.matchKind || '')) return [];
                return [{
                  ...component,
                  retrievalRole: 'support',
                  matchKind: support.matchKind || component.matchKind || '',
                  supportOnly: true,
                  supportReason: support.supportReason || support.reason || 'support primitive not literal prompt object',
                }];
              }
              if (/^embedding-guided-synth-/.test(component && component.source || '')) {
                const decision = phase3SynthComponentDecision(component, languageGraph);
                if (decision.role !== 'candidate') return [];
                return [{
                  ...component,
                  retrievalRole: 'candidate',
                  matchKind: decision.matchKind,
                  supportOnly: false,
                  supportReason: '',
                }];
              }
              return [component];
            });
          }
    
        function phase3SynthComponentDecision(component = {}, languageGraph = {}) {
            const prompt = String(languageGraph.sourceText || '');
            const identity = normalizeForEvidence(component.role || component.label || component.id);
            const identityCore = identity.replace(/\b(?:artifact|assembly|entity|environment|material|object)\b/g, ' ').replace(/\s+/g, ' ').trim();
            const typedEntities = (languageGraph.spans || [])
              .filter((span) => span.kind === 'entity')
              .map((span) => normalizeForEvidence(span.text))
              .filter(Boolean);
            const conflictsWithTypedEntity = typedEntities.some((spanText) => (
              phase3PhraseInPrompt(identity, spanText) && !phase3PhraseInPrompt(spanText, identity)
            ));
            const match = component.synthesis && component.synthesis.match || {};
            const matchedSpan = String(match.span || '').trim();
            const directSurfaceReceipt = Boolean(
              matchedSpan &&
              normalizeForEvidence(matchedSpan) !== normalizeForEvidence(prompt) &&
              /surface-card/.test(match.source || '')
            );
            if (!conflictsWithTypedEntity && (
              phase3PhraseInPrompt(identity, prompt) ||
              phase3PhraseInPrompt(identityCore, prompt) ||
              directSurfaceReceipt
            )) {
              return { role: 'candidate', matchKind: 'literal-synth-node', reason: 'synthesized node identity appears in prompt' };
            }
            if (/^embedding-guided-synth-event/.test(component.source || '')) {
              const eventProcess = phase3BehaviorProcessForText(identity);
              const promptProcess = phase3BehaviorProcessForText(prompt);
              if (eventProcess && eventProcess === promptProcess) {
                return { role: 'candidate', matchKind: 'prompt-derived-synth-event', reason: 'synthesized event matches the prompt process vocabulary' };
              }
            }
            return { role: 'support', matchKind: 'synth-association-support', reason: 'synthesized row identity lacks prompt evidence' };
          }
    
        function phase3BehaviorProcessForText(text = '') {
            const value = normalizeForEvidence(text);
            const rows = scope.languageLexicon && (
              scope.languageLexicon.BEHAVIOR_PROCESS_LEXICON ||
              scope.languageLexicon.LANGUAGE_LEXICON && scope.languageLexicon.LANGUAGE_LEXICON.behaviorProcessLexicon
            ) || [];
            for (const row of rows) {
              if ((row.phrases || []).some((phrase) => phase3PhraseInPrompt(phrase, value))) return row.process || '';
            }
            return '';
          }
    
        function phaseCarryIntentBrief(intentBrief = null) {
            if (!intentBrief || typeof intentBrief !== 'object') return null;
            const { activationCloud, ...rest } = intentBrief;
            return phaseCarryObject({
              ...rest,
              activationRows: Array.isArray(activationCloud) ? activationCloud : [],
            });
          }
    
        function phaseCarryObject(value) {
            return stripForbiddenCarryFields(value, new Set(scope.PHASE_CARRY_FORBIDDEN_FIELD_NAMES));
          }
    
        function stripForbiddenCarryFields(value, forbiddenNames) {
            if (Array.isArray(value)) return value.map((item) => stripForbiddenCarryFields(item, forbiddenNames));
            if (!value || typeof value !== 'object') return value;
            const out = {};
            for (const [key, child] of Object.entries(value)) {
              if (forbiddenNames.has(key)) continue;
              out[key] = stripForbiddenCarryFields(child, forbiddenNames);
            }
            return out;
          }
    
        function activationCloudFromPhase3Artifact(artifact = {}) {
            const retrievalRerankResult = artifact.retrievalRerankResult || {};
            const groundingEvidence = retrievalRerankResult.groundingEvidence || {};
            const intentBrief = groundingEvidence.intentBrief || {};
            const languageEvidence = languageEvidenceFromPhase3Artifact(artifact, intentBrief, groundingEvidence);
            const candidateEvidence = normalizedEvidenceRowsFromPhase3(retrievalRerankResult, intentBrief);
            const builtActivations = scope.buildActivationCloud
              ? scope.buildActivationCloud({ languageEvidence, evidenceRows: candidateEvidence })
              : [];
            const fallbackActivations = activationRowsFromIntentBrief(intentBrief);
            const weightedActivations = builtActivations.length ? builtActivations : fallbackActivations;
            const summary = scope.summarizeActivationCloud
              ? scope.summarizeActivationCloud(weightedActivations)
              : {
                schema: 'simulatte.activationCloudSummary.v1',
                activationCount: weightedActivations.length,
              };
            const intentBriefWithEvidence = {
              ...(intentBrief || {}),
              languageEvidence: intentBrief.languageEvidence || languageEvidence,
              retrievedEvidence: Array.isArray(intentBrief.retrievedEvidence) && intentBrief.retrievedEvidence.length
                ? intentBrief.retrievedEvidence
                : candidateEvidence,
                activationSummary: intentBrief.activationSummary || summary,
                typedEvidenceBuckets: intentBrief.typedEvidenceBuckets || retrievalRerankResult.typedEvidenceBuckets || null,
                compositionLedger: intentBrief.compositionLedger || retrievalRerankResult.compositionLedger || null,
                queryPlan: intentBrief.queryPlan || retrievalRerankResult.queryPlan || null,
                slotEvidence: intentBrief.slotEvidence || retrievalRerankResult.slotEvidence || [],
                acceptedCandidatesBySlot: intentBrief.acceptedCandidatesBySlot || retrievalRerankResult.acceptedCandidatesBySlot || {},
                missingRequiredSlots: intentBrief.missingRequiredSlots || retrievalRerankResult.missingRequiredSlots || [],
              };
              const negativeEvidence = scope.negativeEvidenceRows(artifact.languageGraph || {}, artifact.sceneLanguageGraph || {});
              const allObligationVerdicts = scope.obligationVerdictRows({
                compositionLedger: retrievalRerankResult.compositionLedger || null,
                acceptedCandidatesBySlot: retrievalRerankResult.acceptedCandidatesBySlot || {},
                slotEvidence: retrievalRerankResult.slotEvidence || [],
                negativeEvidence,
              });
              const obligationVerdicts = allObligationVerdicts;
              const evidenceConflicts = scope.evidenceConflictRows(allObligationVerdicts, retrievalRerankResult.slotEvidence || []);
              const slotActivations = slotActivationsFromSlotEvidence(retrievalRerankResult.slotEvidence || []);
              const relationActivations = slotActivations.filter((row) => row.slotRole === 'relation');
              const supportActivations = supportActivationsFromRetrieval(retrievalRerankResult);
              return {
                schema: scope.ACTIVATION_CLOUD_SCHEMA,
                languageEvidence: phaseCarryObject(languageEvidence),
                candidateEvidence: candidateEvidence.map((row) => phaseCarryObject(row)),
                weightedActivations,
                slotActivations,
                relationActivations,
                  supportActivations,
                  queryPlan: phaseCarryObject(retrievalRerankResult.queryPlan || groundingEvidence.queryPlan || null),
                  slotEvidence: phaseCarryObject(retrievalRerankResult.slotEvidence || groundingEvidence.slotEvidence || []),
                  acceptedCandidatesBySlot: phaseCarryObject(
                    retrievalRerankResult.acceptedCandidatesBySlot ||
                    groundingEvidence.acceptedCandidatesBySlot ||
                    {}
                  ),
                  missingRequiredSlots: phaseCarryObject(
                    retrievalRerankResult.missingRequiredSlots ||
                    groundingEvidence.missingRequiredSlots ||
                    []
                  ),
                  typedEvidenceBuckets: phaseCarryObject(retrievalRerankResult.typedEvidenceBuckets || groundingEvidence.typedEvidenceBuckets || null),
                  compositionLedger: phaseCarryObject(retrievalRerankResult.compositionLedger || groundingEvidence.compositionLedger || null),
                coverageBySlot: slotCoverageBySlot(retrievalRerankResult.queryPlan || {}, retrievalRerankResult.acceptedCandidatesBySlot || {}),
                coverageByObligation: coverageByObligation(
                  retrievalRerankResult.compositionLedger || null,
                  retrievalRerankResult.acceptedCandidatesBySlot || {}
                ),
                obligationVerdicts,
                negativeEvidence,
                conflictsBySlot: scope.conflictsBySlotRows(evidenceConflicts, retrievalRerankResult.slotEvidence || []),
                evidenceConflicts,
                rejectedBySlot: scope.rejectedBySlot(retrievalRerankResult.slotEvidence || []),
                coverage: activationCoverage(intentBriefWithEvidence, summary, languageEvidence, candidateEvidence),
                conflicts: scope.uniqueByJson([
                  ...(intentBrief.coverageGaps || []),
                  ...(intentBrief.causalQuestions || []),
              ]),
              rejectedMatches: intentBrief.alternatives || retrievalRerankResult.rejectedMatches || [],
              evidenceBySpan: evidenceBySpanRows(intentBriefWithEvidence, languageEvidence, candidateEvidence),
              summary,
              groundingEvidence: phaseCarryObject({
                ...groundingEvidence,
                intentBrief: intentBriefWithEvidence,
                  languageEvidence,
                  typedEvidenceBuckets: retrievalRerankResult.typedEvidenceBuckets || groundingEvidence.typedEvidenceBuckets || null,
                  compositionLedger: retrievalRerankResult.compositionLedger || groundingEvidence.compositionLedger || null,
                    queryPlan: retrievalRerankResult.queryPlan || groundingEvidence.queryPlan || null,
                    slotEvidence: retrievalRerankResult.slotEvidence || groundingEvidence.slotEvidence || [],
                    acceptedCandidatesBySlot: retrievalRerankResult.acceptedCandidatesBySlot || groundingEvidence.acceptedCandidatesBySlot || {},
                    missingRequiredSlots: retrievalRerankResult.missingRequiredSlots || groundingEvidence.missingRequiredSlots || [],
                  }),
                };
              }
    
        function slotActivationsFromSlotEvidence(slotEvidence = []) {
              return (slotEvidence || []).flatMap((slot) => (slot.candidates || [])
                .filter((candidate) => candidate.decision === 'accept')
                .map((candidate, index) => phaseCarryObject({
                  id: `activation.${slot.slotId || 'slot'}.${index + 1}`,
                  slotId: slot.slotId || '',
                  slotRole: slot.slotRole || '',
                  entryId: slot.entryId || '',
                  relationIds: slot.relationIds || [],
                  candidateId: candidate.candidateId || '',
                  candidateKind: candidate.candidateType || '',
                  candidateLabel: candidate.candidateText || '',
                  score: Number(candidate.score || 0),
                  source: 'phase3-slot-evidence',
                  supportOnly: false,
                })));
            }
    
        function supportActivationsFromRetrieval(retrievalRerankResult = {}) {
              return (retrievalRerankResult.supportOnlyCandidates || []).map((row, index) => phaseCarryObject({
                id: `support.activation.${index + 1}`,
                slotId: row.slotId || 'support',
                slotRole: row.slotRole || 'support',
                candidateId: row.id || row.candidateId || '',
                candidateLabel: row.label || row.candidateText || '',
                source: 'phase3-support-only',
                supportOnly: true,
                reason: row.reason || row.supportReason || '',
              }));
            }
    
        function slotCoverageBySlot(queryPlan = {}, acceptedCandidatesBySlot = {}) {
              return Object.fromEntries((queryPlan.slots || []).map((slot) => {
                const accepted = acceptedCandidatesBySlot[slot.slotId] || [];
                return [slot.slotId, {
                  slotRole: slot.slotRole || '',
                  entryId: slot.entryId || '',
                  required: slot.required !== false,
                  status: accepted.length ? 'covered' : slot.required === false ? 'optional' : 'missing',
                  candidateIds: accepted.map((candidate) => candidate.id || candidate.candidateId || '').filter(Boolean),
                }];
              }));
            }
    
        function coverageByObligation(compositionLedger = null, acceptedCandidatesBySlot = {}) {
              const obligations = compositionLedger && Array.isArray(compositionLedger.obligations)
                ? compositionLedger.obligations
                : [];
              const acceptedSlotIds = Object.keys(acceptedCandidatesBySlot || {});
              return Object.fromEntries(obligations.map((row) => {
                const obligationId = String(row.obligationId || row.id || '');
                const suffix = obligationId.replace(/^[a-z]+:/, '');
                const slotId = acceptedSlotIds.find((key) => suffix && key.endsWith(suffix));
                const evidenceCount = slotId ? (acceptedCandidatesBySlot[slotId] || []).length : 0;
                return [obligationId, phaseCarryObject({
                  kind: row.kind || '',
                  required: row.required === true,
                  status: row.status || '',
                  covered: evidenceCount > 0,
                  evidenceCount,
                  slotId: slotId || '',
                })];
              }));
            }
    
        function activationRowsFromIntentBrief(intentBrief = {}) {
            const grounded = intentBrief.groundedInterpretation || {};
            if (Array.isArray(intentBrief.activationRows)) return intentBrief.activationRows;
            if (Array.isArray(intentBrief.activationCloud)) return intentBrief.activationCloud;
            return (grounded.acceptedActivations || []).map((row) => ({
              id: row.id || row.candidateId || row.candidateLabel || '',
              spanId: row.spanId || '',
              spanKind: row.spanKind || '',
              spanText: row.spanText || '',
              candidateId: row.candidateId || '',
              candidateLabel: row.candidateLabel || row.label || '',
              candidateKind: row.candidateKind || row.kind || '',
              score: Number(row.score || row.confidence || 0),
              source: row.source || 'intent-brief-grounding',
            }));
          }
    
        function activationCoverage(intentBrief = {}, summary = {}, languageEvidence = {}, candidateEvidence = []) {
            const spans = languageEvidence.spans || intentBrief.languageEvidence && intentBrief.languageEvidence.spans || [];
            const confidence = Number(intentBrief.confidence || summary.confidence || 0);
            return {
              schema: 'simulatte.activationCoverage.v1',
              confidence: Number((confidence || Math.min(0.92, 0.28 + candidateEvidence.length * 0.015)).toFixed(3)),
              evidenceCount: candidateEvidence.length || (intentBrief.retrievedEvidence || []).length,
              spanCount: spans.length,
              activationCount: Number(summary.activationCount || 0),
            };
          }
    
        function evidenceBySpanRows(intentBrief = {}, languageEvidence = null, candidateEvidence = null) {
            const spans = languageEvidence && languageEvidence.spans || intentBrief.languageEvidence && intentBrief.languageEvidence.spans || [];
            const evidence = candidateEvidence || intentBrief.retrievedEvidence || [];
            return spans.map((span) => ({
              spanId: span.id || '',
              text: span.text || '',
              evidenceIds: evidence
                .filter((row) => evidenceSupportsSpan(row, span))
                .map((row) => row.id || row.candidateId || row.cardId || row.primitiveId || '')
                .filter(Boolean),
            }));
          }
    
        function evidenceSupportsSpan(row = {}, span = {}) {
            const spanId = String(span.id || '');
            const spanText = normalizeForEvidence(span.text);
            const rowSpan = String(row.spanId || row.span || '');
            if (spanId && rowSpan.includes(spanId)) return true;
            const rowText = normalizeForEvidence([
              row.label,
              row.id,
              row.candidateId,
              row.canonicalId,
              row.phrase,
              ...(row.aliases || []),
            ].filter(Boolean).join(' '));
            if (!spanText || !rowText) return false;
            return rowText.includes(spanText) || spanText.includes(rowText);
          }
    
        function languageEvidenceFromPhase3Artifact(artifact = {}, intentBrief = {}, groundingEvidence = {}) {
            if (artifact.languageGraph && artifact.languageGraph.schema) {
              return languageEvidenceFromLanguageGraph(artifact.languageGraph);
            }
            if (groundingEvidence.languageEvidence) return phaseCarryObject(groundingEvidence.languageEvidence);
            if (intentBrief.languageEvidence) return phaseCarryObject(intentBrief.languageEvidence);
            return languageEvidenceFromLanguageGraph({});
          }
    
        function languageEvidenceFromLanguageGraph(languageGraph = {}) {
            const spans = (languageGraph.spans || []).map((span, index) => ({
              id: span.id || `span.${index + 1}`,
              kind: span.kind || 'term',
              text: span.text || '',
              start: span.start,
              end: span.end,
              tokenStart: span.tokenStart,
              tokenEnd: span.tokenEnd,
              entityClass: span.entityClass || '',
              semanticRole: span.semanticRole || '',
              visualArchetype: span.visualArchetype || '',
              materialHint: span.materialHint || '',
              shapeHints: scope.arrayClone(span.shapeHints || []),
            })).filter((span) => span.text);
            const spanById = new Map(spans.map((span) => [span.id, span]));
            const predicateFrames = (languageGraph.clauses || []).map((clause, index) => {
              const subject = spanById.get(clause.subjectSpanId) || {};
              const predicate = spanById.get(clause.verbSpanId) || {};
              const object = spanById.get(clause.objectSpanId) || {};
              const text = [subject.text, predicate.text || clause.process, object.text].filter(Boolean).join(' ');
              return {
                id: clause.id || `predicate.${index + 1}`,
                subject: subject.text || '',
                predicate: predicate.text || clause.process || '',
                object: object.text || '',
                result: '',
                text,
              };
            }).filter((frame) => frame.text);
            const rawText = String(languageGraph.sourceText || '');
            return {
              schema: 'simulatte.languageEvidence.v1',
              rawText,
              normalizedText: rawText.toLowerCase(),
              spans,
              predicateFrames,
              quantities: languageGraph.quantities || [],
              negations: languageGraph.negations || [],
              relations: languageGraph.relations || [],
              clauses: languageGraph.clauses || [],
              summary: {
                spanCount: spans.length,
                predicateFrameCount: predicateFrames.length,
                hasCausalLanguage: /\b(cause|drives|because|feedback|controls|forces|moves|flows|heats|cools|reacts|collides)\b/i.test(rawText),
              },
            };
          }
    
        function normalizedEvidenceRowsFromPhase3(retrievalRerankResult = {}, intentBrief = {}) {
            const rows = [];
            // Prompt-owned typed slots define identity. Reserve their place before
            // bulk retrieval rows so a large model result cannot evict them from
            // the bounded Phase 4 grounding input.
            addEvidenceRows(rows, (retrievalRerankResult.slotEvidence || []).flatMap((slot) => (
              (slot.acceptedCandidates || []).filter((row) => row.source === 'prompt-typed-slot')
            )), 'prompt-typed-slot');
            addEvidenceRows(rows, retrievalRerankResult.evidenceRows, 'retrieval-evidence');
            addEvidenceRows(rows, intentBrief.retrievedEvidence, 'intent-brief');
            addEvidenceRows(rows, retrievalRerankResult.rankedPrimitives, 'primitive-index');
            addEvidenceRows(rows, retrievalRerankResult.rankedCards, 'visual-card-index');
            addEvidenceRows(rows, candidateList(retrievalRerankResult.rankedUniverseRows), 'universe-index');
            addEvidenceRows(rows, retrievalRerankResult.semanticRag && retrievalRerankResult.semanticRag.openComponents, 'semantic-rag');
            addEvidenceRows(rows, retrievalRerankResult.spanRetrieval && retrievalRerankResult.spanRetrieval.matches, 'span-retrieval');
            return uniqueEvidenceRows(rows).slice(0, 320);
          }
    
        function addEvidenceRows(out, value, source) {
            candidateList(value).forEach((row, index) => {
              const normalized = normalizeCandidateEvidenceRow(row, source, index);
              if (normalized) out.push(normalized);
            });
          }
    
        function candidateList(value) {
            if (Array.isArray(value)) return value;
            if (!value || typeof value !== 'object') return [];
            if (Array.isArray(value.candidates)) return value.candidates;
            if (Array.isArray(value.matches)) return value.matches;
            if (Array.isArray(value.rows)) return value.rows;
            if (Array.isArray(value.openComponents)) return value.openComponents;
            return [];
          }
    
        function normalizeCandidateEvidenceRow(row = {}, source = 'candidate', index = 0) {
            if (!row || typeof row !== 'object') return null;
            const label = String(
              row.label ||
              row.name ||
              row.title ||
              row.phrase ||
              row.role ||
              row.primitiveId ||
              row.cardId ||
              row.canonicalId ||
              row.id ||
              ''
            ).trim();
            if (!label) return null;
            const id = String(
              row.id ||
              row.candidateId ||
              row.primitiveId ||
              row.cardId ||
              row.canonicalId ||
              `${source}.${scope.slugify(label) || index + 1}`
            );
            const score = Number(row.score || row.confidence || row.similarity || row.finalScore || row.weight || 0.35);
            return phaseCarryObject({
              id,
              label,
              sourceLabel: row.sourceLabel || '',
              aliases: scope.arrayClone(row.aliases),
              canonicalId: row.canonicalId || row.conceptId || row.primitiveId || row.cardId || id,
              semanticType: row.semanticType || row.type || row.kind || row.category || '',
              semanticClass: row.semanticClass || '',
              visualArchetype: row.visualArchetype || '',
              identityEvidence: row.identityEvidence === true,
              indexName: row.indexName || row.source || source,
              score: Number((Number.isFinite(score) ? score : 0.35).toFixed(4)),
              domains: scope.arrayClone(row.domains || row.modules),
              materialId: row.materialId || row.material || '',
              materialIds: scope.arrayClone(row.materialIds || (row.materialId || row.material ? [row.materialId || row.material] : [])),
              operatorHints: scope.uniqueList([...(row.operatorHints || []), ...(row.operatorTypes || [])]).slice(0, 12),
              operatorTypes: scope.uniqueList([...(row.operatorTypes || []), ...(row.operatorHints || [])]).slice(0, 12),
              primitiveHints: scope.uniqueList([row.primitiveId, ...(row.primitiveHints || [])].filter(Boolean)).slice(0, 12),
              visualHints: scope.uniqueList([...(row.visualHints || []), ...(row.shapeHints || []), ...(row.sceneHints || [])]).slice(0, 12),
              shapeHints: scope.arrayClone(row.shapeHints),
              sceneHints: scope.arrayClone(row.sceneHints),
              conceptIds: scope.arrayClone(row.conceptIds || (row.canonicalId ? [row.canonicalId] : [])),
              evidence: scope.arrayClone(row.evidence || [id]),
              source,
              retrievalRole: row.retrievalRole || '',
              supportOnly: row.supportOnly === true,
              matchKind: row.matchKind || '',
              supportReason: row.supportReason || '',
            });
          }
    
        function uniqueEvidenceRows(rows = []) {
            const seen = new Set();
            return rows.filter((row) => {
              const key = `${row.id}:${normalizeForEvidence(row.label)}`;
              if (seen.has(key)) return false;
              seen.add(key);
              return true;
            });
          }
    
        function normalizeForEvidence(value = '') {
            return String(value || '').toLowerCase().replace(/[^a-z0-9]+/g, ' ').trim();
          }
    
        root.SimulattePhaseModuleRegistry.define('physicsModel', 'simulatte-physics-model-activation-fusion.js', {
          phase3PrimitiveCandidateDecision,
          phase3RowMatchesTypedIdentitySpan,
          phase3GeneratedRowMatchesTypedIdentitySpan,
          phase3RowDirectlyMatchesPrompt,
          phase3PhraseInPrompt,
          phase3GenericPromptMatchValue,
          phase3LanguageImpliesWater,
          phase3PrimitiveSort,
          retrievalGroundingEvidence,
          phase3GroundingComponents,
          phaseCarryIntentBrief,
          phaseCarryObject,
          stripForbiddenCarryFields,
          activationCloudFromPhase3Artifact,
          slotActivationsFromSlotEvidence,
          supportActivationsFromRetrieval,
          slotCoverageBySlot,
          coverageByObligation,
          activationRowsFromIntentBrief,
          activationCoverage,
          evidenceBySpanRows,
          evidenceSupportsSpan,
          languageEvidenceFromPhase3Artifact,
          languageEvidenceFromLanguageGraph,
          normalizedEvidenceRowsFromPhase3,
          addEvidenceRows,
          candidateList,
          normalizeCandidateEvidenceRow,
          uniqueEvidenceRows,
          normalizeForEvidence,
        });
    
    })(typeof globalThis !== 'undefined' ? globalThis : window);
    
    (function attachSimulattePhysicsModelPhase3Ledger(root) {
      const scope = root.SimulattePhaseModuleRegistry.family('physicsModel');
    
      if (typeof scope.phaseCarryObject !== 'function' || typeof scope.normalizeForEvidence !== 'function') {
        throw new Error('Phase 3 ledger requires activation-fusion carry and normalization helpers');
      }
    
      function phase3SlotEvidenceStatus(slot = {}, acceptedCandidates = [], supportOnlyCandidates = []) {
        if (slot.slotRole === 'visual') return 'pending';
        if (acceptedCandidates.length > 0) {
          return slot.slotRole === 'medium' && slot.inferred === true ? 'expanded' : 'preserved';
        }
        if (supportOnlyCandidates.length > 0) return 'pending';
        return slot.required === false ? 'unsupported' : 'lost';
      }
    
      function phase3CandidateType(row = {}) {
        if (row.cardId || row.visualHints || row.shapeHints) return 'surface-card';
        if (row.canonicalId || row.conceptId) return 'universe-row';
        if (row.operatorType || row.operatorTypes) return 'operator';
        return 'primitive';
      }
    
      function phase3AcceptedCandidatesBySlot(slotEvidence = []) {
        return Object.fromEntries((slotEvidence || [])
          .filter((slot) => (slot.acceptedCandidates || []).length > 0)
          .map((slot) => [
            slot.slotId,
            (slot.acceptedCandidates || []).slice(),
          ]));
      }
    
      function phase3SupportOnlyCandidates(primitiveCuration = {}, slotEvidence = []) {
        return scope.uniqueById([
          ...(primitiveCuration.supportPrimitives || []).map((row) => scope.phase3EvidenceBucketRow(row)),
          ...(slotEvidence || []).flatMap((slot) => (slot.candidates || [])
            .filter((candidate) => candidate.supportOnly === true)
            .map((candidate) => ({
              id: candidate.candidateId,
              label: candidate.candidateText,
              slotId: slot.slotId,
              slotRole: slot.slotRole,
              supportOnly: true,
              reason: candidate.reason,
            }))),
        ]);
      }
    
      function phase3RejectedGenericCandidates(primitiveCuration = {}, typedEvidenceBuckets = {}) {
        const buckets = typedEvidenceBuckets.buckets || {};
        return scope.uniqueById([
          ...(primitiveCuration.rejectedSupportPrimitives || [])
            .filter(scope.phase3SupportRowIsGeneric)
            .map((row) => scope.phase3EvidenceBucketRow(row)),
          ...(buckets.rejectedGenericEvidence || []),
        ]);
      }
    
      function phase3MissingRequiredSlots(queryPlan = {}, acceptedCandidatesBySlot = {}) {
        return (queryPlan.slots || []).filter((slot) => {
          if (slot.required === false) return false;
          if (slot.slotRole === 'visual') return false;
          return !(acceptedCandidatesBySlot[slot.slotId] || []).length;
        }).map((slot) => scope.phaseCarryObject({
          schema: 'simulatte.phase3MissingRequiredSlot.v1',
          id: slot.slotId || slot.entryId || '',
          slotId: slot.slotId || '',
          slotRole: slot.slotRole || '',
          entryId: slot.entryId || '',
          required: true,
          status: slot.modelEvidenceRequired === true ? 'unsupported' : 'lost',
          reason: slot.modelEvidenceRequired === true
            ? 'required action slot had no model, index, or local capability evidence'
            : 'required retrieval slot had no literal candidate evidence',
        }));
      }
    
      function phase3RerankReceipt(sourceReceipt = null, queryPlan = {}, slotEvidence = [], missingRequiredSlots = [], slotRetrieval = null) {
        const hasModelSlotRetrieval = slotRetrieval && Number(
          slotRetrieval.modelEvidenceSlotCount || slotRetrieval.embeddedSlotCount || 0
        ) > 0;
        return scope.phaseCarryObject({
          schema: 'simulatte.phase3SlotAwareRerankReceipt.v1',
          sourceSchema: sourceReceipt && sourceReceipt.schema || '',
          sourceBackend: sourceReceipt && (sourceReceipt.backend || sourceReceipt.modelBackend) || '',
          sourceModelId: sourceReceipt && (sourceReceipt.modelId || sourceReceipt.rerankerModelId) || '',
          mode: hasModelSlotRetrieval ? 'model-slot-aware-rerank' : 'slot-aware-retrieval-gate',
          queryPlanSchema: queryPlan.schema || '',
          slotRetrievalSchema: slotRetrieval && slotRetrieval.schema || '',
          embeddedSlotCount: slotRetrieval && Number(slotRetrieval.embeddedSlotCount || 0) || 0,
          promptEmbeddingSlotCount: slotRetrieval && Number(slotRetrieval.promptEmbeddingSlotCount || 0) || 0,
          modelEvidenceSlotCount: slotRetrieval && Number(slotRetrieval.modelEvidenceSlotCount || 0) || 0,
          slotEmbeddingDurationMs: slotRetrieval && Number(slotRetrieval.slotEmbeddingDurationMs || 0) || 0,
          slotRerankCallCount: slotRetrieval && Number(slotRetrieval.rerankCallCount || 0) || 0,
          slotRetrievalCandidateCount: slotRetrieval && Number(slotRetrieval.candidateCount || 0) || 0,
          slotCount: slotEvidence.length,
          requiredSlotCount: queryPlan.summary && queryPlan.summary.requiredSlotCount || 0,
          satisfiedSlotCount: (slotEvidence || []).filter((row) => row.acceptedCount > 0).length,
          supportOnlySlotCount: (slotEvidence || [])
            .filter((row) => row.acceptedCount === 0 && row.supportOnlyCount > 0).length,
          missingRequiredSlotCount: missingRequiredSlots.length,
          missingRequiredSlotIds: missingRequiredSlots.map((row) => row.slotId).filter(Boolean),
          source: sourceReceipt || null,
        });
      }
    
      function phase3CompositionLedger(
        typedEvidenceBuckets = {},
        languageGraph = {},
        sourceLedger = null,
        queryPlan = {},
        acceptedCandidatesBySlot = {},
        missingRequiredSlots = []
      ) {
        const buckets = typedEvidenceBuckets.buckets || {};
        const sourceObligations = sourceLedger && Array.isArray(sourceLedger.obligations) ? sourceLedger.obligations : [];
        const obligations = sourceObligations.map((row) => ({
          ...row,
          status: phase3ObligationStatus(row, acceptedCandidatesBySlot, missingRequiredSlots),
          phase: 3,
          receiptId: 'phase3-retrieval-rerank',
        }));
        const add = (row) => obligations.push(scope.phaseCarryObject(row));
        const bucketRowsBySlotRole = {
          actor: buckets.literalPromptObjects || [],
          object: buckets.literalPromptObjects || [],
          part: buckets.literalPromptObjects || [],
          action: buckets.actionEvidence || [],
          environment: buckets.environmentEvidence || [],
          medium: buckets.materialMediumEvidence || [],
        };
        const slotKindByRole = {
          actor: 'entity',
          object: 'entity',
          part: 'part',
          action: 'action',
          environment: 'environment',
          medium: 'medium',
        };
        for (const slot of queryPlan.slots || []) {
          const kind = slotKindByRole[slot.slotRole || ''];
          if (!kind || !slot.entryId) continue;
          const target = String(slot.entryId).replace(/^[a-z]+:/, '');
          if (!target) continue;
          const evidenceRows = scope.phase3FilterRowsForEntry(bucketRowsBySlotRole[slot.slotRole] || [], slot.entryId);
          const accepted = (acceptedCandidatesBySlot[slot.slotId] || []).length > 0;
          const row = {
            id: slot.entryId,
            kind,
            required: slot.required !== false,
            target,
            sourceEvidenceIds: evidenceRows.map((item) => item.id).filter(Boolean).slice(0, 6),
            status: accepted || evidenceRows.length ? 'preserved' : 'pending',
            phase: 3,
          };
          if (kind === 'medium') {
            row.inferred = slot.inferred === true ||
              !scope.phase3PhraseInPrompt(target.replace(/-/g, ' '), languageGraph.sourceText || '');
            if (accepted || evidenceRows.length) row.status = 'expanded';
          }
          add(row);
        }
        const hasCarriedRelationObligations = sourceObligations.some((row) => row.kind === 'relation');
        if (!hasCarriedRelationObligations) {
          for (const predicate of languageGraph.predicates || []) {
            if (!predicate.process || predicate.negated === true) continue;
            const subject = phase3SpanTextById(languageGraph, predicate.subjectSpanId);
            if (!subject) continue;
            const subjectTarget = scope.normalizeForEvidence(subject).replace(/\s+/g, '-');
            const objectText = phase3SpanTextById(languageGraph, predicate.objectSpanId) ||
              predicate.objectText ||
              predicate.implicitObject ||
              '';
            const objectTarget = scope.normalizeForEvidence(objectText).replace(/\s+/g, '-');
            add({
              id: `relation:${subjectTarget}:${predicate.process}:${objectTarget || 'world'}`,
              kind: 'relation',
              required: true,
              subject: subjectTarget,
              action: predicate.process,
              object: objectTarget,
              spatialRelation: predicate.spatialRelation || '',
              causalAffordance: predicate.causalAffordance || '',
              status: 'preserved',
              phase: 3,
            });
          }
        }
        for (const slot of queryPlan.slots || []) {
          if (slot.slotRole !== 'visual' || !slot.entryId) continue;
          add({
            id: slot.entryId,
            kind: 'visual',
            required: slot.required !== false,
            target: String(slot.entryId).replace(/^visual:/, ''),
            status: 'pending',
            phase: 3,
          });
        }
        const losses = (missingRequiredSlots || []).filter((slot) => slot.status !== 'unsupported').map((slot) => ({
          id: `loss:${slot.slotId}`,
          phase: 3,
          entryId: slot.entryId || '',
          reason: slot.reason || 'required slot missing',
          sourceReceiptId: 'phase3-retrieval-rerank',
          nextRequiredAction: 'add slot evidence or mark unsupported',
        }));
        return scope.normalizeCompositionLedger(sourceLedger || {}, {
          sourcePhase: sourceLedger && sourceLedger.sourcePhase || 2,
          currentPhase: 3,
          obligations: scope.uniqueById(obligations),
          phaseDeltas: [
            ...(queryPlan.slots || []).map((slot) => ({
              phase: 3,
              entryId: slot.entryId || '',
              operation: phase3SlotDeltaOperation(slot, acceptedCandidatesBySlot, missingRequiredSlots),
              receiptId: 'phase3-retrieval-rerank',
            })),
            ...sourceObligations.filter((row) => row.constraintKind === 'absence').map((row) => ({
              phase: 3,
              entryId: row.id || '',
              operation: 'preserved',
              receiptId: 'phase3-negation-carry',
            })),
          ],
          losses,
          unsupported: (missingRequiredSlots || []).filter((slot) => slot.status === 'unsupported').map((slot) => ({
            id: `unsupported:${slot.entryId || slot.slotId}`,
            entryId: slot.entryId || '',
            reason: slot.reason,
            source: 'phase3-retrieval-rerank',
            status: 'unsupported',
          })),
        });
      }
    
      function phase3ObligationStatus(row = {}, acceptedCandidatesBySlot = {}, missingRequiredSlots = []) {
        if (row.status === 'pending' || row.kind === 'visual') return row.status || 'pending';
        const missing = (missingRequiredSlots || []).find((slot) => slot.entryId === row.id);
        if (missing) return missing.status === 'unsupported' ? 'unsupported' : 'lost';
        const suffix = row.id ? row.id.replace(/^[a-z]+:/, '') : '';
        const slotId = Object.keys(acceptedCandidatesBySlot || {}).find((key) => key.endsWith(suffix));
        if (slotId && (acceptedCandidatesBySlot[slotId] || []).length) return 'preserved';
        return row.status || 'preserved';
      }
    
      function phase3SlotDeltaOperation(slot = {}, acceptedCandidatesBySlot = {}, missingRequiredSlots = []) {
        if ((acceptedCandidatesBySlot[slot.slotId] || []).length) return 'preserved';
        const missing = (missingRequiredSlots || []).find((row) => row.slotId === slot.slotId);
        if (missing) return missing.status === 'unsupported' ? 'unsupported' : 'lost';
        return 'carried';
      }
    
      function phase3SpanTextById(languageGraph = {}, id = '') {
        const span = (languageGraph.spans || []).find((row) => row.id === id);
        return span && span.text || '';
      }
    
      root.SimulattePhaseModuleRegistry.define('physicsModel', 'simulatte-physics-model-phase3-ledger.js', {
        phase3SlotEvidenceStatus,
        phase3CandidateType,
        phase3AcceptedCandidatesBySlot,
        phase3SupportOnlyCandidates,
        phase3RejectedGenericCandidates,
        phase3MissingRequiredSlots,
        phase3RerankReceipt,
        phase3CompositionLedger,
        phase3ObligationStatus,
        phase3SlotDeltaOperation,
        phase3SpanTextById,
      });
    })(typeof globalThis !== 'undefined' ? globalThis : window);
    
    (function attachSimulattePhysicsModelphasegrounding(root) {
      const scope = root.SimulattePhaseModuleRegistry.family('physicsModel');
    
        function settleUnresolvedParticipants(ledger, graph) {
          if (!ledger || !graph) return ledger;
          const unresolvedSpans = new Set((graph.nodes || [])
            .filter((node) => node.unresolved === true).map((node) => node.spanId));
          const blocked = new Set((ledger.relations || [])
            .filter((row) => (row.sourceSpanIds || []).some((id) => unresolvedSpans.has(id)))
            .map((row) => row.id));
          if (!blocked.size) return ledger;
          const refuse = (row) => blocked.has(row.id) ? { ...row, status: 'unsupported', phase: 4,
            reason: 'relation participant has no grounded implementation', receiptId: 'phase4-grounded-intent' } : row;
          return { ...ledger,
            relations: (ledger.relations || []).map(refuse),
            obligations: (ledger.obligations || []).map(refuse),
            phaseDeltas: [...(ledger.phaseDeltas || []), ...[...blocked].map((entryId) => ({
              phase: 4, entryId, operation: 'unsupported', receiptId: 'phase4-grounded-intent',
            }))],
          };
        }
    
        function uniqueByJson(rows = []) {
            const seen = new Set();
            return rows.filter((row) => {
              const key = JSON.stringify(row);
              if (seen.has(key)) return false;
              seen.add(key);
              return true;
            });
          }
    
        function runPhase4GroundedIntent(phase3Output, runtimeContext = {}) {
            scope.assertPhaseEnvelope(phase3Output, 3, 'Phase 4 input');
            const activationCloud = phase3Output.artifact && phase3Output.artifact.activationCloud || {};
            const languageGraph = phase3Output.artifact && phase3Output.artifact.languageGraph || {};
            const intentRequirements = phase3Output.artifact && phase3Output.artifact.intentRequirements || null;
            scope.worldProof.validateIntentRequirementLedger(intentRequirements);
            const groundingEvidence = activationCloud.groundingEvidence || {};
            const languageEvidence = activationCloud.languageEvidence || groundingEvidence.languageEvidence || {};
            const candidateEvidence = activationCloud.candidateEvidence || [];
            const weightedActivations = activationCloud.weightedActivations || [];
            const acceptedComponents = filterRowsAgainstNegativeEvidence(
              groundingEvidence.components || [],
              activationCloud.negativeEvidence || []
            );
            const intentBrief = phase4IntentBriefFromActivationCloud(activationCloud, groundingEvidence);
            const groundedInterpretation = scope.buildGroundedInterpretation
              ? scope.buildGroundedInterpretation({
                languageEvidence,
                activationCloud: weightedActivations,
                structuredIntent: intentBrief,
                causalGraph: intentBrief.causalGraph || [],
                visualAffordances: visualAffordancesFromIntentBrief(intentBrief),
              })
              : {
                schema: 'simulatte.groundedInterpretation.v1',
                acceptedActivations: [],
                evidenceBindings: [],
                unresolvedSpans: [],
                coverageGaps: [],
                summary: {},
              };
              const acceptedGraph = groundedIntentAcceptedGraph({
                groundingEvidence,
                activationCloud,
                languageEvidence,
                candidateEvidence,
                intentBrief,
                  groundedInterpretation,
                  languageGraph,
                });
              const rejectedGraph = rejectedGraphFromGrounding(acceptedGraph, groundingEvidence, groundedInterpretation);
              const compositionLedger = scope.advanceCompositionLedger(
                settleUnresolvedParticipants(activationCloud.compositionLedger ||
                groundingEvidence.compositionLedger ||
                intentBrief.compositionLedger ||
                null, acceptedGraph),
                4,
                'phase4-grounded-intent'
              );
              if (acceptedGraph) acceptedGraph.compositionLedger = scope.phaseCarryObject(compositionLedger);
              const groundedSceneContract = scope.groundedSceneContractFromPhase4({
                acceptedGraph,
                rejectedGraph,
                activationCloud,
                groundingEvidence,
                intentBrief,
                groundedInterpretation,
                compositionLedger,
              });
              const groundedIntent = {
                schema: 'simulatte.groundedIntent.v1',
                acceptedGraph,
                rejectedGraph,
                typedEvidenceBuckets: scope.phaseCarryObject(
                  activationCloud.typedEvidenceBuckets ||
                  groundingEvidence.typedEvidenceBuckets ||
                  intentBrief.typedEvidenceBuckets ||
                  null
                ),
                  queryPlan: scope.phaseCarryObject(
                    activationCloud.queryPlan ||
                    groundingEvidence.queryPlan ||
                    intentBrief.queryPlan ||
                    null
                  ),
                  slotEvidence: scope.phaseCarryObject(
                    activationCloud.slotEvidence ||
                    groundingEvidence.slotEvidence ||
                    intentBrief.slotEvidence ||
                    []
                  ),
                  acceptedCandidatesBySlot: scope.phaseCarryObject(
                    activationCloud.acceptedCandidatesBySlot ||
                    groundingEvidence.acceptedCandidatesBySlot ||
                    intentBrief.acceptedCandidatesBySlot ||
                    {}
                  ),
                  missingRequiredSlots: scope.phaseCarryObject(
                    activationCloud.missingRequiredSlots ||
                    groundingEvidence.missingRequiredSlots ||
                    intentBrief.missingRequiredSlots ||
                    []
                  ),
                  negativeEvidence: scope.phaseCarryObject(activationCloud.negativeEvidence || []),
                  compositionLedger: scope.phaseCarryObject(compositionLedger),
                groundedSceneContract,
                assumptions: groundingEvidence.assumptions || intentBrief.assumptions || [],
                unsupported: groundingEvidence.unsupported || acceptedGraph && acceptedGraph.unsupported || intentBrief.unsupported || [],
              provenanceByNode: scope.provenanceByNodeRows(acceptedGraph, {
                ...intentBrief,
                evidenceBindings: uniqueById([
                  ...(intentBrief.evidenceBindings || []),
                  ...(groundedInterpretation.evidenceBindings || []),
                ]),
              }),
              contract: groundingEvidence.contract || null,
              components: acceptedComponents,
              params: groundingEvidence.params || {},
              visualSource: groundingEvidence.visualSource || null,
              grounding: {
                schema: groundedInterpretation.schema || '',
                acceptedActivationCount: (groundedInterpretation.acceptedActivations || []).length,
                evidenceBindingCount: (groundedInterpretation.evidenceBindings || []).length,
                coverageGapCount: (groundedInterpretation.coverageGaps || []).length,
              },
            };
            const intentSettlement = scope.worldProof.createIntentSettlementLedger(
              intentRequirements,
              { groundedIntent, groundedSceneContract, compositionLedger }
            );
            const semanticProvenance = scope.worldProof.createSemanticProvenanceLedger(
              intentRequirements,
              { groundedIntent, groundedSceneContract, compositionLedger }
            );
            const worldSpecCandidate = phase3Output.artifact.retrievalRerankResult.worldSpecCandidate;
            if (worldSpecCandidate) {
              if (worldSpecCandidate.schema !== 'simulatte.worldSpecCandidate.v1') throw new Error('Invalid WorldSpec candidate schema');
              groundedIntent.worldSpecInput = scope.buildWorldSpecInput(worldSpecCandidate.intent, worldSpecCandidate.compilerConfig);
              groundedIntent.worldSpecCompilerConfig = worldSpecCandidate.compilerConfig;
              groundedIntent.params = groundedIntent.worldSpecInput.params;
              groundedIntent.controls = groundedIntent.worldSpecInput.controls;
              groundedIntent.visualSource = { ...groundedIntent.visualSource, params: groundedIntent.params };
            }
            return scope.createPhaseEnvelope({
              phase: 4,
              inputSchema: phase3Output.schema,
              runtimeReceiptId: runtimeContext.runtimeReceiptId || phase3Output.runtimeReceiptId,
                artifact: {
                  activationCloud,
                  groundedIntent,
                  groundedSceneContract,
                  intentSettlement,
                  semanticProvenance,
                  compositionLedger,
                },
                receipts: [
                  {
                    id: 'phase4-grounded-intent',
                    schema: 'simulatte.phaseReceipt.v1',
                    acceptedNodes: acceptedGraph && Array.isArray(acceptedGraph.nodes) ? acceptedGraph.nodes.length : 0,
                    acceptedRelations: groundedSceneContract.acceptedRelations.length,
                    acceptedObligations: groundedSceneContract.acceptedObligations.length,
                    unsupported: groundedIntent.unsupported.length,
                    assumptions: groundedIntent.assumptions.length,
                    acceptedIntentRequirements: intentSettlement.acceptedCount,
                    explicitlyRefusedIntentRequirements: intentSettlement.explicitRefusalCount,
                    unresolvedIntentRequirements: intentSettlement.unresolvedCount,
                    lostIntentRequirements: intentSettlement.lostCount,
                    provenSemanticBindings: semanticProvenance.provenCount,
                    missingSemanticBindings: semanticProvenance.missingCount,
                  },
                ],
            });
          }
    
        function phase4IntentBriefFromActivationCloud(activationCloud = {}, groundingEvidence = {}) {
            const carried = groundingEvidence.intentBrief || {};
            const candidateEvidence = activationCloud.candidateEvidence || [];
            const languageEvidence = activationCloud.languageEvidence || groundingEvidence.languageEvidence || {};
            const graphIntentBrief = groundingEvidence.universeGraphCandidates &&
              groundingEvidence.universeGraphCandidates.intentBrief || {};
            const graphVisualIntent = graphIntentBrief.visualIntent || {};
            const graphAffordances = visualAffordancesFromUniverseGraphCandidates(
              groundingEvidence.universeGraphCandidates || null
            );
            const carriedVisualIntent = carried.visualIntent || {};
            const visualIntent = {
              ...graphVisualIntent,
              ...carriedVisualIntent,
              affordances: uniqueById([
                ...graphAffordances,
                ...(carriedVisualIntent.affordances || []),
              ]),
            };
            return scope.phaseCarryObject({
              ...carried,
              schema: carried.schema || scope.INTENT_BRIEF_SCHEMA || 'simulatte.intentBrief.v1',
              prompt: carried.prompt || languageEvidence.rawText || '',
              languageEvidence: carried.languageEvidence || languageEvidence,
              retrievedEvidence: Array.isArray(carried.retrievedEvidence) && carried.retrievedEvidence.length
                ? carried.retrievedEvidence
                : candidateEvidence,
              causalGraph: carried.causalGraph && carried.causalGraph.length ? carried.causalGraph : graphIntentBrief.causalGraph || [],
              activationRows: activationCloud.weightedActivations || [],
                activationSummary: carried.activationSummary || activationCloud.summary || {},
                coverageGaps: carried.coverageGaps || activationCloud.conflicts || [],
                alternatives: carried.alternatives || activationCloud.rejectedMatches || [],
                causalVisualAffordances: uniqueById([
                  ...(carried.causalVisualAffordances || []),
                  ...graphAffordances,
                ]),
                visualIntent,
                  typedEvidenceBuckets: carried.typedEvidenceBuckets || activationCloud.typedEvidenceBuckets || groundingEvidence.typedEvidenceBuckets || null,
                  compositionLedger: carried.compositionLedger || activationCloud.compositionLedger || groundingEvidence.compositionLedger || null,
                  queryPlan: carried.queryPlan || activationCloud.queryPlan || groundingEvidence.queryPlan || null,
                  slotEvidence: carried.slotEvidence || activationCloud.slotEvidence || groundingEvidence.slotEvidence || [],
                  acceptedCandidatesBySlot: carried.acceptedCandidatesBySlot || activationCloud.acceptedCandidatesBySlot || groundingEvidence.acceptedCandidatesBySlot || {},
                  missingRequiredSlots: carried.missingRequiredSlots || activationCloud.missingRequiredSlots || groundingEvidence.missingRequiredSlots || [],
                });
              }
    
        function visualAffordancesFromUniverseGraphCandidates(graph = null) {
            if (!graph || typeof graph !== 'object') return [];
            const graphIntent = graph.intentBrief && graph.intentBrief.visualIntent || {};
            return uniqueById([
              ...(graph.visualAffordances || []),
              ...(graphIntent.affordances || []),
            ].map((row) => scope.phaseCarryObject(row)));
          }
    
        function groundedIntentAcceptedGraph({
            groundingEvidence = {},
            activationCloud = {},
            languageEvidence = {},
            candidateEvidence = [],
            intentBrief = {},
            groundedInterpretation = {},
            languageGraph = {},
          } = {}) {
            if (!scope.groundUniverseGraph) return null;
            if (!groundingEvidence || !Object.keys(groundingEvidence).length) return null;
            const sourceParse = promptParseFromLanguageGraph(languageGraph) || promptParseFromLanguageEvidence(languageEvidence);
            if (!sourceParse) return null;
            const excluded = new Set((languageGraph.spans || []).filter((span) =>
              scope.sceneSpanIsNegated(languageGraph, span)).map((span) => span.id));
            const promptParse = {
              ...sourceParse,
              spans: (sourceParse.spans || []).filter((span) => !excluded.has(span.id)),
              clauses: (sourceParse.clauses || []).filter((row) =>
                ![row.subjectSpanId, row.objectSpanId, row.verbSpanId].some((id) => excluded.has(id))),
              quantities: (sourceParse.quantities || []).filter((row) => !excluded.has(row.targetSpanId)),
              modifiers: (sourceParse.modifiers || []).filter((row) => !excluded.has(row.targetSpanId)),
            };
            const universeCandidateEvidence = candidateEvidenceFromUniverseGraphCandidates(
              groundingEvidence.universeGraphCandidates || null
            );
            const rejectedComponentIds = new Set([
              ...(groundingEvidence.rejectedComponentIds || []),
              ...(groundingEvidence.components || [])
                .filter((row) => row.supportOnly === true)
                .map((row) => row.id || row.primitiveId || row.canonicalId),
            ].flatMap((value) => phase3GroundingIdentityKeys(value)));
            const carriedUniverseCandidates = universeCandidateEvidence.filter((row) => ![
              row.id,
              row.canonicalId,
              ...(row.primitiveHints || []),
              ...(row.conceptIds || []),
            ].flatMap((value) => phase3GroundingIdentityKeys(value))
              .some((value) => rejectedComponentIds.has(value)));
            const negativeEvidence = activationCloud.negativeEvidence || [];
            const groundingCandidateEvidence = filterRowsAgainstNegativeEvidence(scope.uniqueEvidenceRows([
              ...(candidateEvidence || []),
              ...carriedUniverseCandidates,
            ]), negativeEvidence);
            const graph = scope.groundUniverseGraph({
              prompt: languageEvidence.rawText || intentBrief.prompt || '',
              promptParse,
              components: filterRowsAgainstNegativeEvidence(groundingEvidence.components || [], negativeEvidence)
                .filter((row) => row.supportOnly !== true),
              universeMatches: { candidates: groundingCandidateEvidence },
              queryPlan: activationCloud.queryPlan || groundingEvidence.queryPlan || intentBrief.queryPlan || null,
              slotEvidence: activationCloud.slotEvidence || groundingEvidence.slotEvidence || intentBrief.slotEvidence || [],
              intentBrief: {
                ...intentBrief,
                groundedInterpretation,
                retrievedEvidence: groundingCandidateEvidence.length
                  ? groundingCandidateEvidence
                  : intentBrief.retrievedEvidence || [],
              },
            });
            return scope.phaseCarryObject({
                ...graph,
                typedEvidenceBuckets: activationCloud.typedEvidenceBuckets || groundingEvidence.typedEvidenceBuckets || intentBrief.typedEvidenceBuckets || null,
                compositionLedger: activationCloud.compositionLedger || groundingEvidence.compositionLedger || intentBrief.compositionLedger || null,
                queryPlan: activationCloud.queryPlan || groundingEvidence.queryPlan || intentBrief.queryPlan || null,
                slotEvidence: activationCloud.slotEvidence || groundingEvidence.slotEvidence || intentBrief.slotEvidence || [],
                acceptedCandidatesBySlot: activationCloud.acceptedCandidatesBySlot || groundingEvidence.acceptedCandidatesBySlot || intentBrief.acceptedCandidatesBySlot || {},
                missingRequiredSlots: activationCloud.missingRequiredSlots || groundingEvidence.missingRequiredSlots || intentBrief.missingRequiredSlots || [],
              });
            }
    
        function filterRowsAgainstNegativeEvidence(rows = [], negativeEvidence = []) {
            const targets = negativeEvidenceTargets(negativeEvidence);
            if (!targets.length) return rows;
            return (rows || []).filter((row) => !rowMatchesNegativeTarget(row, targets));
          }
    
        function phase3GroundingIdentityKeys(value = '') {
            const normalized = scope.normalizeForEvidence(value);
            if (!normalized) return [];
            const unqualified = normalized.replace(/^(?:artifact|entity|environment|material|primitive|scene|semantic)\s+/, '');
            return unqualified && unqualified !== normalized ? [normalized, unqualified] : [normalized];
          }
    
        function negativeEvidenceTargets(negativeEvidence = []) {
            return uniqueById((negativeEvidence || [])
              .filter((row) => row.kind === 'negated-entry' && !row.negationScope?.properties?.length)
              .map((row) => ({
                id: row.entryId || '',
                label: row.label || row.text || '',
              })))
              .flatMap((row) => [row.id.replace(/^[a-z]+:/, ''), row.label])
              .map((value) => scope.normalizeForEvidence(value).replace(/s$/, ''))
              .filter(Boolean);
          }
    
        function rowMatchesNegativeTarget(row = {}, targets = []) {
            const aliasTokens = (row.aliases || []).filter((alias) => scope.normalizeForEvidence(alias).split(/\s+/).length <= 3);
            const tokens = scope.normalizeForEvidence([
              row.id,
              row.label,
              row.canonicalId,
              row.conceptId,
              row.primitiveId,
              ...aliasTokens,
              ...(row.primitiveHints || []),
            ].filter(Boolean).join(' ')).split(/\s+/).map((token) => token.replace(/s$/, ''));
            const tokenSet = new Set(tokens);
            return targets.some((target) => target && tokenSet.has(target));
          }
    
        function candidateEvidenceFromUniverseGraphCandidates(graph = null) {
            if (!graph || typeof graph !== 'object') return [];
            const rows = [];
            for (const row of graph.nodes || []) {
              rows.push(scope.phaseCarryObject({
                id: row.id || row.canonicalId || '',
                label: row.label || row.canonicalId || row.id || '',
                canonicalId: row.canonicalId || row.id || '',
                semanticType: row.semanticType || row.type || '',
                domains: scope.arrayClone(row.domains),
                materialId: row.materialId || '',
                materialIds: scope.arrayClone(row.materialIds || (row.materialId ? [row.materialId] : [])),
                operatorHints: scope.arrayClone(row.operatorHints || row.operatorTypes),
                operatorTypes: scope.arrayClone(row.operatorTypes || row.operatorHints),
                primitiveHints: scope.arrayClone(row.primitiveHints),
                conceptIds: scope.arrayClone(row.conceptIds),
                shapeHints: scope.arrayClone(row.shapeHints),
                sceneHints: scope.arrayClone(row.sceneHints),
                identityEvidence: row.identityEvidence === true,
                supportOnly: row.supportOnly === true,
                indexName: row.indexName || 'universe-candidate-graph',
                score: Number(row.confidence || row.score || 0.42),
                evidence: scope.arrayClone(row.evidence || [row.id || row.canonicalId].filter(Boolean)),
              }));
            }
            for (const spanRow of graph.candidates || []) {
              for (const row of spanRow.candidates || []) {
                rows.push(scope.phaseCarryObject({
                  id: row.id || row.canonicalId || row.label || '',
                  label: row.label || row.canonicalId || row.id || '',
                  aliases: scope.arrayClone(row.aliases),
                  canonicalId: row.canonicalId || row.id || '',
                  semanticType: row.semanticType || row.type || '',
                  domains: scope.arrayClone(row.domains),
                  materialId: row.materialId || '',
                  materialIds: scope.arrayClone(row.materialIds || (row.materialId ? [row.materialId] : [])),
                  operatorHints: scope.arrayClone(row.operatorHints || row.operatorTypes),
                  operatorTypes: scope.arrayClone(row.operatorTypes || row.operatorHints),
                  primitiveHints: scope.arrayClone(row.primitiveHints),
                  conceptIds: scope.arrayClone(row.conceptIds),
                  shapeHints: scope.arrayClone(row.shapeHints),
                  sceneHints: scope.arrayClone(row.sceneHints),
                  identityEvidence: row.identityEvidence === true,
                  supportOnly: row.supportOnly === true,
                  indexName: row.indexName || 'universe-candidate-graph',
                  score: Number(row.confidence || row.score || 0.42),
                  evidence: scope.arrayClone(row.evidence || [row.id || row.canonicalId || row.label].filter(Boolean)),
                }));
              }
            }
            return scope.uniqueEvidenceRows(rows.filter((row) => row.label));
          }
    
        function promptParseFromLanguageEvidence(languageEvidence = {}) {
            const prompt = String(languageEvidence.rawText || languageEvidence.normalizedText || '');
            const spans = (languageEvidence.spans || []).map((span, index) => ({
              id: span.id || `span.${index + 1}`,
              text: span.text || '',
              kind: span.kind || 'term',
              start: span.start,
              end: span.end,
              tokenStart: span.tokenStart,
              tokenEnd: span.tokenEnd,
              entityClass: span.entityClass || '',
              semanticRole: span.semanticRole || '',
              visualArchetype: span.visualArchetype || '',
              materialHint: span.materialHint || '',
              shapeHints: scope.arrayClone(span.shapeHints || []),
            })).filter((span) => span.text);
            if (!prompt && !spans.length) return null;
            return {
              schema: scope.PROMPT_PARSE_SCHEMA || 'simulatte.promptParse.v1',
              prompt,
              tokens: [],
              spans,
              clauses: languageEvidence.clauses || [],
              modifiers: [],
            };
          }
    
        function promptParseFromLanguageGraph(languageGraph = {}) {
            if (!languageGraph || languageGraph.schema !== 'simulatte.languageGraph.v1') return null;
            const prompt = String(languageGraph.sourceText || '');
            const spans = Array.isArray(languageGraph.spans) ? languageGraph.spans.map((row) => ({ ...row })) : [];
            if (!prompt && !spans.length) return null;
            return {
              schema: scope.PROMPT_PARSE_SCHEMA || 'simulatte.promptParse.v1',
              prompt,
              tokens: Array.isArray(languageGraph.tokens) ? languageGraph.tokens.map((row) => ({ ...row })) : [],
              spans,
              clauses: Array.isArray(languageGraph.clauses) ? languageGraph.clauses.map((row) => ({ ...row })) : [],
              modifiers: Array.isArray(languageGraph.modifiers) ? languageGraph.modifiers.map((row) => ({ ...row })) : [],
              quantities: Array.isArray(languageGraph.quantities) ? languageGraph.quantities.map((row) => ({ ...row })) : [],
            };
          }
    
        function rejectedGraphFromGrounding(acceptedGraph = null, groundingEvidence = {}, groundedInterpretation = {}) {
            return groundingEvidence.rejectedGraph || {
              schema: 'simulatte.rejectedGroundedGraph.v1',
              rejected: acceptedGraph && acceptedGraph.rejected || [],
              unresolved: uniqueById([
                ...(acceptedGraph && acceptedGraph.unresolved || []),
                ...(groundedInterpretation.unresolvedSpans || []),
                ...(groundedInterpretation.coverageGaps || []),
              ]),
            };
          }
    
        function visualAffordancesFromIntentBrief(intentBrief = {}) {
            return [
              ...(intentBrief.causalVisualAffordances || []),
              ...((intentBrief.visualIntent && intentBrief.visualIntent.affordances) || []),
            ];
          }
    
        function uniqueById(rows = []) {
            const seen = new Set();
            return rows.filter((row) => {
              const key = row && (row.id || row.targetId || row.spanId || JSON.stringify(row));
              if (!key || seen.has(key)) return false;
              seen.add(key);
              return true;
            });
          }
    
        function runPhase5SimulationCompile(phase4Output, runtimeContext = {}) {
            scope.assertPhaseEnvelope(phase4Output, 4, 'Phase 5 input');
            const groundedIntent = phase4Output.artifact && phase4Output.artifact.groundedIntent || {};
            const acceptedGraph = groundedIntent.acceptedGraph || null;
            const components = Array.isArray(groundedIntent.components) ? groundedIntent.components : [];
            const contract = groundedIntent.contract || null;
            const params = groundedIntent.params || {};
            const controls = groundedIntent.controls || uniqueControlsFromComponents(components);
            let physicsIR = null;
            if (scope.buildPhysicsIR && acceptedGraph) {
              physicsIR = scope.buildPhysicsIR({
                universeGraph: acceptedGraph,
                objects: components,
                params,
                contract,
              });
            }
            let validationReceipt = physicsIR && scope.validatePhysicsIR ? scope.validatePhysicsIR(physicsIR) : null;
            if (physicsIR && validationReceipt) {
              physicsIR = {
                ...physicsIR,
                receipt: {
                  exact: validationReceipt.exact || [],
                  approximate: validationReceipt.approximate || [],
                  unresolved: validationReceipt.unresolved || [],
                  unsupported: validationReceipt.unsupported || [],
                },
              };
            }
              const solverGraph = physicsIR && scope.compileSolverGraph ? scope.compileSolverGraph(physicsIR, validationReceipt) : null;
              const renderIR = physicsIR && solverGraph && scope.compileRenderIR
                ? scope.attachRenderIRPhaseInputs(scope.compileRenderIR(physicsIR, solverGraph, acceptedGraph), acceptedGraph)
                : null;
              const constructionApproach = groundedIntent.worldSpecCompilerConfig &&
                groundedIntent.worldSpecCompilerConfig.constructionApproach;
              if (renderIR && constructionApproach) {
                renderIR.constructionApproach = scope.phaseContracts.immutableArtifact(constructionApproach);
              }
              const interactionIR = physicsIR && solverGraph && scope.compileInteractionIR
                ? scope.compileInteractionIR({
                  acceptedGraph,
                  physicsIR,
                  solverGraph,
                  renderIR,
                  controls,
                })
                : null;
              const visualSource = groundedIntent.visualSource || {};
              const compositionLedger = scope.advanceCompositionLedger(
                physicsIR && physicsIR.compositionLedger ||
                groundedIntent.compositionLedger ||
                acceptedGraph && acceptedGraph.compositionLedger ||
                null,
                5,
                'phase5-simulation-compile'
              );
              const simulationCompile = {
                schema: scope.SIMULATION_COMPILE_SCHEMA,
                physicsIR,
                validationReceipt,
                solverGraph,
                renderIR,
                interactionIR,
                loweredRelations: relationLoweringRows(physicsIR),
                physicsObligations: physicsObligationsFromLedger(compositionLedger, physicsIR),
                unsupportedPhysics: validationReceipt && Array.isArray(validationReceipt.unsupported)
                  ? validationReceipt.unsupported
                  : [],
                compositionLedger,
                stateChannels: stateChannelsForSolverGraph(solverGraph),
                controls,
                readouts: readoutLabelsForContract(contract),
                visualSource: {
                ...visualSource,
                // Phase 4 has already removed negative evidence. Phase 5 carries its
                // accepted candidates and explicit solver support into Phase 6.
                objects: components,
                params: visualSource.params || params,
                contract: visualSource.contract || contract,
              },
            };
            return scope.createPhaseEnvelope({
              phase: 5,
                inputSchema: phase4Output.schema,
                runtimeReceiptId: runtimeContext.runtimeReceiptId || phase4Output.runtimeReceiptId,
                artifact: { simulationCompile, compositionLedger },
                receipts: [
                  {
                    id: 'phase5-simulation-compile',
                    schema: 'simulatte.phaseReceipt.v1',
                    physicsIR: simulationCompile.physicsIR && simulationCompile.physicsIR.schema || '',
                    solverGraph: simulationCompile.solverGraph && simulationCompile.solverGraph.schema || '',
                    renderIR: simulationCompile.renderIR && simulationCompile.renderIR.schema || '',
                    interactionIR: simulationCompile.interactionIR && simulationCompile.interactionIR.schema || '',
                    interactionTargetCount: simulationCompile.interactionIR &&
                      simulationCompile.interactionIR.targets.length || 0,
                    loweredRelations: simulationCompile.loweredRelations.length,
                    physicsObligations: simulationCompile.physicsObligations.length,
                unsupportedPhysics: simulationCompile.unsupportedPhysics.length,
                stateChannels: simulationCompile.stateChannels.length,
                  },
                ],
              });
            }
    
        function relationLoweringRows(physicsIR = null) {
              return (physicsIR && physicsIR.behaviorRelations || []).map((row) => scope.phaseCarryObject({
                schema: 'simulatte.relationLoweringReceipt.v1',
                relationId: row.id || '',
                agentEntityId: row.agentEntityId || '',
                mediumEntityId: row.mediumEntityId || '',
                process: row.process || '',
                operators: row.operators || [],
                stateChannels: row.stateChannels || [],
                status: (row.operators || []).length ? 'lowered' : 'unsupported',
              }));
            }
    
        // Expectations must stay satisfiable by what the IR emits: behavior bundles in
        // simulatte-physics-ir-behaviors.js plus the coupling operators in the IR builder.
        // Processes the IR cannot lower stay unlisted so their obligations pass through.
        const PHYSICS_OBLIGATION_EXPECTED_OPERATORS = Object.freeze({
          swimming: Object.freeze(['fluid_locomotion', 'buoyancy', 'drag', 'wake_generation', 'body_water_contact', 'partial_submersion']),
          rotate: Object.freeze(['rotational_torque']),
          spins: Object.freeze(['rotational_torque']),
          twists: Object.freeze(['rotational_torque']),
          impact: Object.freeze(['rigid_collision', 'fracture_threshold']),
          jumps: Object.freeze(['rigid_collision', 'fracture_threshold']),
          calving: Object.freeze(['rigid_collision', 'fracture_threshold']),
          heat_transfer: Object.freeze(['heat_transfer']),
          'heat-transfer': Object.freeze(['heat_transfer']),
          heat: Object.freeze(['heat_transfer']),
          cooling: Object.freeze(['heat_transfer']),
          phase_transition: Object.freeze(['phase_transition']),
          'phase-transition': Object.freeze(['phase_transition']),
          freezes: Object.freeze(['phase_transition']),
          flow: Object.freeze(['pressure_flow_lite']),
          diffusion: Object.freeze(['reaction_diffusion']),
          exchanging: Object.freeze(['reaction_diffusion']),
          dissolves: Object.freeze(['reaction_diffusion']),
          deposition: Object.freeze(['particle_deposition']),
          layers: Object.freeze(['particle_deposition']),
          oscillation: Object.freeze(['wave_field']),
          waves: Object.freeze(['wave_field']),
          orbital: Object.freeze(['wave_field']),
          growth: Object.freeze(['growth_decay']),
          growing: Object.freeze(['growth_decay', 'reaction_diffusion']),
          fermentation: Object.freeze(['growth_decay', 'reaction_diffusion']),
          network_flow: Object.freeze(['network_flow']),
          'network-flow': Object.freeze(['network_flow']),
        });
    
        function physicsObligationProcess(row = {}) {
              const explicit = String(row.action || row.process || '').trim().toLowerCase();
              if (explicit) return explicit;
              const id = String(row.id || row.obligationId || '');
              const parts = id.split(':');
              if (parts[0] === 'action' && parts[1]) return parts[1].toLowerCase();
              if (parts[0] === 'relation' && parts[2]) return parts[2].toLowerCase();
              return String(row.target || '').trim().toLowerCase();
            }
    
        function physicsObligationsFromLedger(compositionLedger = null, physicsIR = null) {
              const operatorTypes = new Set((physicsIR && physicsIR.operators || []).map((row) => row.type).filter(Boolean));
              return (compositionLedger && compositionLedger.obligations || [])
                .filter((row) => row.kind === 'relation' || row.kind === 'action')
                .map((row) => {
                  const process = physicsObligationProcess(row);
                  const expectedOperators = PHYSICS_OBLIGATION_EXPECTED_OPERATORS[process] || [];
                  const satisfiedOperators = expectedOperators.filter((type) => operatorTypes.has(type));
                  return scope.phaseCarryObject({
                    schema: 'simulatte.physicsObligationReceipt.v1',
                    obligationId: row.id || '',
                    required: row.required === true,
                    process,
                    expectedOperators: expectedOperators.slice(),
                    satisfiedOperators,
                    status: expectedOperators.length
                      ? satisfiedOperators.length === expectedOperators.length
                        ? 'lowered'
                        : 'unsupported'
                      : row.status || 'preserved',
                  });
                });
            }
    
        function stateChannelsForSolverGraph(solverGraph = null) {
            return Object.keys(solverGraph && solverGraph.channels || {});
          }
    
        function uniqueControlsFromComponents(components = []) {
            const seen = new Set();
            const controls = [];
            for (const component of components || []) {
              for (const control of component && component.controls || []) {
                const normalized = scope.normalizeControl(control);
                const key = normalized.id || normalized.label || JSON.stringify(normalized);
                if (seen.has(key)) continue;
                seen.add(key);
                controls.push(normalized);
              }
            }
            return controls;
          }
    
        function readoutLabelsForContract(contract = null) {
            const graph = contract && contract.graph || {};
            return scope.uniqueList([
              ...(graph.observables || []).map((row) => row && (row.label || row.id || row.kind)).filter(Boolean),
              ...(graph.nodes || []).map((node) => node && node.state && (node.state.label || node.state.kind)).filter(Boolean),
            ]).slice(0, 12);
          }
    
        root.SimulattePhaseModuleRegistry.define('physicsModel', 'simulatte-physics-model-phase-grounding.js', {
          uniqueByJson,
          runPhase4GroundedIntent,
          phase4IntentBriefFromActivationCloud,
          visualAffordancesFromUniverseGraphCandidates,
          groundedIntentAcceptedGraph,
          candidateEvidenceFromUniverseGraphCandidates,
          promptParseFromLanguageEvidence,
          promptParseFromLanguageGraph,
          rejectedGraphFromGrounding,
          visualAffordancesFromIntentBrief,
          uniqueById,
          runPhase5SimulationCompile,
          relationLoweringRows,
          physicsObligationProcess,
          physicsObligationsFromLedger,
          stateChannelsForSolverGraph,
          uniqueControlsFromComponents,
          readoutLabelsForContract,
        });
    
    })(typeof globalThis !== 'undefined' ? globalThis : window);
    
    (function attachSimulattePhysicsModelPhaseVisualExecution(root) {
      const scope = root.SimulattePhaseModuleRegistry.family('physicsModel');
      const renderInput = typeof module === 'object' && module.exports
        ? require('../phase-07-render/simulatte-render-execution-input.js') : root.SimulatteRenderExecutionInput;
      if (!renderInput) throw new Error('Physics compatibility requires the Phase 7 render input adapter');
      const createRenderExecutionInput = renderInput.createRenderExecutionInput;
    
      function phase6InputFromSimulationCompile(phase5Output) {
        scope.assertPhaseEnvelope(phase5Output, 5, 'Phase 6 input');
        const simulationCompile = phase5Output.artifact && phase5Output.artifact.simulationCompile || {};
        const visualSource = simulationCompile.visualSource || {};
        return {
          schema: 'simulatte.phase6.input.v1',
          inputSchema: phase5Output.schema,
          runtimeReceiptId: phase5Output.runtimeReceiptId,
          id: visualSource.specId || 'compiled-scene',
          templateId: visualSource.templateId || 'custom-world',
          name: visualSource.name || 'Compiled Scene',
          kind: visualSource.kind || 'custom',
          modules: visualSource.modules || [],
          objects: visualSource.objects || [],
          controls: simulationCompile.controls || [],
          params: visualSource.params || {},
          contract: visualSource.contract || {},
          physicsIR: simulationCompile.physicsIR || null,
          solverGraph: simulationCompile.solverGraph || null,
          renderIR: simulationCompile.renderIR || null,
          interactionIR: simulationCompile.interactionIR || null,
          simulationCompile,
          phaseArtifacts: { phase5: phase5Output },
        };
      }
    
      function compilePhase6VisualProgram(phase5Output, compositionGraph = null) {
        scope.assertPhaseEnvelope(phase5Output, 5, 'Phase 6 input');
        const phase6Input = phase6InputFromSimulationCompile(phase5Output);
        const nextCompositionGraph = compositionGraph || (
          scope.buildCompositionGraph ? scope.buildCompositionGraph(phase6Input) : null
        );
        const visualProgram = nextCompositionGraph && scope.compileCompositionToRenderProgram
          ? scope.compileCompositionToRenderProgram(nextCompositionGraph, phase6Input)
          : null;
        return { phase6Input, compositionGraph: nextCompositionGraph, visualProgram };
      }
    
      function createVisualCompileEnvelope(phase5Output, compositionGraph = null) {
        const compiled = compilePhase6VisualProgram(phase5Output, compositionGraph);
        return createVisualCompileEnvelopeFromCompiled(phase5Output, compiled);
      }
    
      function createVisualCompileEnvelopeFromCompiled(phase5Output, compiled = {}) {
        scope.assertPhaseEnvelope(phase5Output, 5, 'Phase 6 output builder');
        const visualProgram = compiled.visualProgram || null;
        const visualIR = visualProgram && visualProgram.visualIR || null;
        const sceneRenderPacket = visualProgram && visualProgram.sceneRenderPacket ||
          visualIR && visualIR.sceneRenderPacket ||
          null;
        const compositionLedger = visualIR && visualIR.compositionLedger ||
          sceneRenderPacket && sceneRenderPacket.compositionLedger ||
          null;
        const { visualIR: projectedVisualIR, sceneRenderPacket: projectedPacket,
          rendererPlan: projectedPlan, ...renderProgramFields } = visualProgram || {};
        const visualCompile = {
          schema: scope.VISUAL_COMPILE_SCHEMA,
          visualIR,
          sceneRenderPacket,
          interactionProgram: sceneRenderPacket && sceneRenderPacket.interactionProgram || null,
          renderInstances: visualIR && Array.isArray(visualIR.renderInstances) ? visualIR.renderInstances : [],
          visualObligations: visualObligationsFromLedger(compositionLedger),
          identityPreservation: identityPreservationRows(sceneRenderPacket, compositionLedger),
          compositionLedger,
          camera: visualIR && visualIR.camera || visualProgram && visualProgram.camera || {},
          lights: sceneRenderPacket && sceneRenderPacket.lights ||
            visualIR && visualIR.lighting && visualIR.lighting.lights ||
            [],
          passes: sceneRenderPacket && sceneRenderPacket.passes || [],
          rendererPlan: visualProgram && visualProgram.rendererPlan || null,
          visualAcceptance: visualProgram && visualProgram.visualAcceptance || [],
          compositionGraphId: compiled.compositionGraph && compiled.compositionGraph.graphId || '',
          worldSpecProjection: {
            schema: 'simulatte.worldSpecVisualProjection.v1',
            compositionGraph: compiled.compositionGraph || null,
            renderProgramFields,
          },
        };
        return scope.createPhaseEnvelope({
          phase: 6,
          inputSchema: phase5Output.schema,
          runtimeReceiptId: phase5Output.runtimeReceiptId,
          artifact: { visualCompile, compositionLedger },
          receipts: [{
            id: 'phase6-visual-compile',
            schema: 'simulatte.phaseReceipt.v1',
            visualIR: visualIR && visualIR.schema || '',
            sceneRenderPacket: sceneRenderPacket && sceneRenderPacket.schema || '',
            renderInstances: visualCompile.renderInstances.length,
            obligationCount: visualCompile.compositionLedger &&
              Array.isArray(visualCompile.compositionLedger.obligations)
              ? visualCompile.compositionLedger.obligations.length
              : 0,
            lostObligations: visualCompile.compositionLedger &&
              Array.isArray(visualCompile.compositionLedger.obligations)
              ? visualCompile.compositionLedger.obligations
                .filter((row) => scope.LEDGER_FAILURE_STATUSES.has(row.status)).length
              : 0,
            identityPreservation: visualCompile.identityPreservation.length,
            passes: visualCompile.passes.length,
            interactionTargetCount: visualCompile.interactionProgram &&
              visualCompile.interactionProgram.targetCount || 0,
          }],
        });
      }
    
      function visualObligationsFromLedger(compositionLedger = null) {
        return (compositionLedger && compositionLedger.obligations || [])
          .filter((row) => (row.kind !== 'relation' || row.simulationBinding || row.partBinding) &&
            !/^action:coexists/.test(String(row.id || '')) &&
            (row.kind === 'visual' || row.ownedByPhase === 6 || (
              row.required === true &&
              Array.isArray(row.visualEvidence) &&
              row.visualEvidence.length > 0
            )))
          .map((row) => scope.phaseCarryObject({
            ...row,
            schema: 'simulatte.visualObligationReceipt.v1',
            obligationId: row.id || '',
            target: visualObligationTargetFromLedger(row),
            sourceKind: row.kind || '',
            status: row.status || '',
            evidence: row.visualEvidence || [],
            required: row.required === true,
          }));
      }
    
      function visualObligationTargetFromLedger(row = {}) {
        const explicit = String(row.target || '').trim();
        if (explicit) return explicit;
        return String(row.id || row.obligationId || '')
          .replace(/^[a-z]+:/, '')
          .replace(/[:_-]+/g, ' ')
          .trim();
      }
    
      function identityPreservationRows(sceneRenderPacket = null, compositionLedger = null) {
        const identities = new Set((sceneRenderPacket && sceneRenderPacket.entities || [])
          .map((row) => row.identity && row.identity.type)
          .filter(Boolean));
        return (compositionLedger && compositionLedger.obligations || [])
          .filter((row) => row.kind === 'entity' || /^entity:/.test(row.id || ''))
          .map((row) => {
            const expected = String(row.target || (row.id || '').replace(/^entity:/, '') || '');
            return scope.phaseCarryObject({
              schema: 'simulatte.identityPreservationReceipt.v1',
              sourceEntryId: row.id || '',
              acceptedLabel: row.target || row.id || '',
              packetIdentityType: identities.has(expected) ? expected : '',
              status: identities.has(expected) ? 'preserved' : 'lost',
            });
          });
      }
    
      function runPhase6VisualCompile(phase5Output, compositionGraph = null) {
        return createVisualCompileEnvelope(phase5Output, compositionGraph);
      }
    
      function runPhase7RenderExecution(source, simulationState = null, canvas = null, frameReceipt = {}) {
        let renderExecutionInput = null;
        let inputSchema = '';
        let runtimeReceiptId = 'runtime:unknown';
        if (source && source.schema === scope.RENDER_EXECUTION_INPUT_SCHEMA) {
          if (source.inputSchema !== scope.phaseOutputSchema(6)) {
            throw new Error(
              `Phase 7 input expected ${scope.phaseOutputSchema(6)}, received ${source.inputSchema || 'missing inputSchema'}`
            );
          }
          renderExecutionInput = {
            ...source,
            simulationState: simulationState || source.simulationState || null,
            canvas: canvas || source.canvas || null,
          };
          inputSchema = source.inputSchema;
          runtimeReceiptId = source.runtimeReceiptId || runtimeReceiptId;
        } else {
          scope.assertPhaseEnvelope(source, 6, 'Phase 7 input');
          renderExecutionInput = createRenderExecutionInput(source, simulationState, canvas);
          inputSchema = renderExecutionInput.inputSchema;
          runtimeReceiptId = source.runtimeReceiptId || runtimeReceiptId;
        }
        const sceneRenderPacket = renderExecutionInput.sceneRenderPacket || {};
        if (sceneRenderPacket.schema !== 'simulatte.sceneRenderPacket.v1') {
          throw new Error(
            `Phase 7 input expected sceneRenderPacket simulatte.sceneRenderPacket.v1, received ${sceneRenderPacket.schema || 'missing'}`
          );
        }
        const compositionLedger = scope.advanceCompositionLedger(
          renderExecutionInput.compositionLedger || sceneRenderPacket.compositionLedger || null,
          7,
          'phase7-webgpu-render'
        );
        const visualObligationProof = scope.renderObligationProof(
          sceneRenderPacket,
          renderExecutionInput.visualObligations || [],
          compositionLedger,
          frameReceipt
        );
        const visualObligationProofSummary = scope.summarizeRenderObligationProof(visualObligationProof);
        const objectRealization = scope.objectRealizationForScenePacket(sceneRenderPacket);
        const pixelAudit = frameReceipt.pixelAudit || scope.renderPixelAudit(
          sceneRenderPacket,
          frameReceipt,
          renderExecutionInput.canvas,
          visualObligationProofSummary
        );
        return scope.createPhaseEnvelope({
          phase: 7,
          inputSchema,
          runtimeReceiptId,
          artifact: {
            renderExecution: {
              schema: scope.RENDER_EXECUTION_SCHEMA,
              renderExecutionInputSchema: renderExecutionInput.schema,
              worldProofBinding: renderExecutionInput.worldProofBinding || null,
              replayBaseline: renderExecutionInput.replayBaseline || null,
              intentReceipt: renderExecutionInput.intentReceipt || null,
              semanticReceipt: renderExecutionInput.semanticReceipt || null,
              compilerDeterminismReceipt: renderExecutionInput.compilerDeterminismReceipt || null,
              simulationReproducibilityReceipt:
                renderExecutionInput.simulationReproducibilityReceipt || null,
              safetyReceipt: renderExecutionInput.safetyReceipt || null,
              simulationReceipt: renderExecutionInput.simulationState &&
                renderExecutionInput.simulationState.solverState &&
                renderExecutionInput.simulationState.solverState.executionReceipt || null,
              sceneRenderPacketSchema: sceneRenderPacket.schema || '',
              rendered: frameReceipt.rendered === true,
              packetIdentitySummary: scope.scenePacketIdentitySummary(sceneRenderPacket),
              environmentProgram: sceneRenderPacket.environmentProgram || null,
              objectRealization,
              visualObligationProof,
              visualObligationProofSummary,
              shaderPath: frameReceipt.shaderPath || frameReceipt.renderPath || '',
              pixelAudit,
              compositionLedger,
              renderCount: Number(frameReceipt.renderCount || 0),
              frameMs: Number(frameReceipt.frameMs || 0),
            },
            compositionLedger,
          },
          receipts: [{
            id: 'phase7-webgpu-render',
            schema: 'simulatte.phaseReceipt.v1',
            sceneKind: sceneRenderPacket.sceneKind || '',
            entityCount: Array.isArray(sceneRenderPacket.entities) ? sceneRenderPacket.entities.length : 0,
            fieldCount: Array.isArray(sceneRenderPacket.fields) ? sceneRenderPacket.fields.length : 0,
            effectCount: Array.isArray(sceneRenderPacket.effects) ? sceneRenderPacket.effects.length : 0,
            visualObligationProofs: visualObligationProof.length,
            failedObligations: visualObligationProofSummary.failCount,
            unprovenObligations: visualObligationProofSummary.notProvenCount,
            pixelAuditStatus: pixelAudit.status,
          }],
        });
      }
    
      root.SimulattePhaseModuleRegistry.define(
        'physicsModel',
        'simulatte-physics-model-phase-visual-execution.js',
        {
          phase6InputFromSimulationCompile,
          compilePhase6VisualProgram,
          createVisualCompileEnvelope,
          createVisualCompileEnvelopeFromCompiled,
          visualObligationsFromLedger,
          identityPreservationRows,
          runPhase6VisualCompile,
          createRenderExecutionInput,
          runPhase7RenderExecution,
        }
      );
    })(typeof globalThis !== 'undefined' ? globalThis : window);
    
    (function attachSimulattePhysicsModelphasesimulation(root) {
      const scope = root.SimulattePhaseModuleRegistry.family('physicsModel');
    
        const normalizedSimulationSpecs = new WeakSet();
    
        function reportCompilePhaseProgress(options = {}, stage = '', taskPercent = 0, message = '') {
            if (typeof options.onPhaseProgress !== 'function') return;
            options.onPhaseProgress({
              source: 'simulatte-pipeline-compiler',
              state: 'active',
              stage,
              taskPercent,
              progressScope: 'task',
              message,
            });
          }
    
        function createSpec(templateId = 'magnetic-wheel', overrides = {}) {
            const template = scope.templateById(templateId);
            const name = String(overrides.name || template.name).trim() || template.name;
            const controls = (overrides.controls || template.controls || []).map(scope.normalizeControl);
            const modules = scope.uniqueList(overrides.modules || template.modules || []);
            const objects = scope.normalizeObjects(overrides.objects, template.objects || []);
            const params = scope.normalizeParams(template, overrides.params, controls);
            const compilerConfig = overrides.compilerConfig || overrides.source &&
              overrides.source.compilerConfig || {};
            const shouldCompileCustom = template.id === 'custom-world' && overrides.preserveCompiledWorldSpec !== true;
            const spec = {
              schema: scope.worldSpec.WORLD_SPEC_SCHEMA,
              schemaVersion: scope.worldSpec.WORLD_SPEC_VERSION,
              id: overrides.id || deterministicSpecId(template.id, name, modules, objects, params),
              templateId: template.id,
              name,
              kind: template.kind,
              description: String(overrides.description || template.description),
              modules,
              objects,
              controls,
              params,
              intent: overrides.intent || null,
              contract: overrides.contract || (
                overrides.intent && overrides.intent.resolution
                  ? overrides.intent.resolution.contract || null
                  : null
              ),
              promptParse: overrides.promptParse || null,
              universeGraph: overrides.universeGraph || null,
              physicsIR: overrides.physicsIR || null,
              validationReceipt: overrides.validationReceipt || null,
              solverGraph: overrides.solverGraph || null,
              renderIR: overrides.renderIR || null,
              interactionIR: overrides.interactionIR || null,
              phaseArtifacts: scope.mergePhaseArtifacts(
                overrides.intent && overrides.intent.phaseArtifacts,
                overrides.phaseArtifacts
              ),
              createdAt: overrides.createdAt || new Date(0).toISOString(),
              remixOf: overrides.remixOf || '',
              source: overrides.source || null,
              authorship: overrides.authorship || null,
              determinism: overrides.determinism || defaultWorldSpecDeterminism(params, compilerConfig),
              dependencies: overrides.dependencies || defaultWorldSpecDependencies(),
              safety: overrides.safety || defaultWorldSpecSafety(),
              unsupportedRequirements: overrides.unsupportedRequirements || [],
              unresolvedAmbiguities: overrides.unresolvedAmbiguities || [],
            };
            if (shouldCompileCustom) {
              reportCompilePhaseProgress(overrides, 'simulation', 0, 'Compiling simulation');
              Object.assign(spec, compileCompilerArtifacts(spec, overrides));
            }
            if (spec.phaseArtifacts && spec.phaseArtifacts.phase4 && !spec.phaseArtifacts.phase5) {
              const phase5 = scope.runPhase5SimulationCompile(spec.phaseArtifacts.phase4, scope.runtimeContextFromPhase(spec.phaseArtifacts.phase4));
              const simulationCompile = phase5.artifact && phase5.artifact.simulationCompile || {};
              spec.phaseArtifacts = scope.mergePhaseArtifacts(spec.phaseArtifacts, scope.phaseArtifactSet(null, phase5));
              spec.physicsIR = spec.physicsIR || simulationCompile.physicsIR || null;
              spec.validationReceipt = spec.validationReceipt || simulationCompile.validationReceipt || null;
              spec.solverGraph = spec.solverGraph || simulationCompile.solverGraph || null;
              spec.renderIR = spec.renderIR || simulationCompile.renderIR || null;
              spec.interactionIR = spec.interactionIR || simulationCompile.interactionIR || null;
            }
            if (shouldCompileCustom) {
              reportCompilePhaseProgress(overrides, 'simulation', 100, 'Simulation compiled');
            }
            const declaredConstructionApproach = compilerConfig.constructionApproach &&
              typeof compilerConfig.constructionApproach === 'object'
              ? JSON.parse(JSON.stringify(compilerConfig.constructionApproach))
              : null;
            const preserveVisualProgram = overrides.preserveCompiledWorldSpec === true &&
              Boolean(spec.phaseArtifacts && spec.phaseArtifacts.phase6);
            if (declaredConstructionApproach && !preserveVisualProgram && spec.phaseArtifacts && spec.phaseArtifacts.phase5) {
              const simulationCompile = spec.phaseArtifacts.phase5.artifact &&
                spec.phaseArtifacts.phase5.artifact.simulationCompile;
              if (simulationCompile && simulationCompile.renderIR) {
                simulationCompile.renderIR.constructionApproach = declaredConstructionApproach;
                spec.renderIR = simulationCompile.renderIR;
              }
            }
            if (preserveVisualProgram) {
              validateAcceptedVisualProgram(spec.phaseArtifacts.phase6, overrides.renderProgram, overrides.compositionGraph);
              spec.compositionGraph = overrides.compositionGraph;
              spec.renderProgram = overrides.renderProgram;
            } else if (spec.phaseArtifacts && spec.phaseArtifacts.phase5) {
              reportCompilePhaseProgress(overrides, 'visual', 0, 'Building VisualIR');
              const phase6Compiled = scope.compilePhase6VisualProgram(spec.phaseArtifacts.phase5, overrides.compositionGraph || null);
              spec.compositionGraph = phase6Compiled.compositionGraph;
              spec.renderProgram = phase6Compiled.visualProgram;
              spec.phaseArtifacts = {
                ...spec.phaseArtifacts,
                phase6: scope.createVisualCompileEnvelopeFromCompiled(spec.phaseArtifacts.phase5, phase6Compiled),
              };
              reportCompilePhaseProgress(overrides, 'visual', 100, 'VisualIR ready');
            } else {
              spec.compositionGraph = overrides.compositionGraph || (
                scope.buildCompositionGraph && spec.templateId === 'custom-world' ? scope.buildCompositionGraph(spec) : null
              );
              spec.renderProgram = overrides.renderProgram || (
                spec.compositionGraph && scope.compileCompositionToRenderProgram
                  ? scope.compileCompositionToRenderProgram(spec.compositionGraph, spec)
                  : null
              );
            }
            spec.physicalSpec = overrides.physicalSpec || (
              spec.contract && spec.contract.graph ? compilePhysicalSpec(spec) : null
            );
            const finalized = scope.worldSpec.finalizeWorldSpec(spec, {
              compilerConfig,
            });
            normalizedSimulationSpecs.add(finalized);
            return finalized;
          }
    
        function validateAcceptedVisualProgram(phase6, renderProgram, compositionGraph) {
            scope.assertPhaseEnvelope(phase6, 6, 'WorldSpec visual projection');
            const visualCompile = phase6.artifact.visualCompile;
            if (!renderProgram || !compositionGraph || !visualCompile) {
              throw new Error('WorldSpec visual program requires accepted Phase 6 artifacts');
            }
            // Normalization is a projection of the accepted program. Recompiling a
            // contradiction here would replace both authored pixels and their binding.
            const same = (left, right) => scope.phaseContracts.canonicalJson(left) ===
              scope.phaseContracts.canonicalJson(right);
            if (!same(renderProgram.visualIR, visualCompile.visualIR) ||
                !same(renderProgram.sceneRenderPacket, visualCompile.sceneRenderPacket) ||
                !same(renderProgram.rendererPlan, visualCompile.rendererPlan) ||
                compositionGraph.graphId !== visualCompile.compositionGraphId) {
              throw new Error('WorldSpec visual program contradicts accepted Phase 6 artifact');
            }
          }
    
        function defaultWorldSpecDeterminism(params = {}, compilerConfig = {}) {
            const seed = Number(params.seed);
            const compilerDeterministic = compilerConfig && compilerConfig.deterministicRuntime === true &&
              ['pipeline-worker', 'main-thread'].includes(compilerConfig.compilerLane);
            return {
              schema: 'simulatte.worldSpecDeterminism.v1',
              requiredClasses: compilerDeterministic
                ? ['compiler-deterministic', 'simulation-reproducible', 'replay-identified']
                : ['replay-identified'],
              seed: Number.isFinite(seed) ? seed : null,
              simulationTolerance: compilerDeterministic ? 1e-9 : null,
              pixelPolicy: null,
            };
          }
    
        function defaultWorldSpecDependencies() {
            return {
              schema: 'simulatte.worldSpecDependencies.v1',
              governedPacks: [],
              plugins: [],
              assets: [],
            };
          }
    
        function defaultWorldSpecSafety() {
            return {
              schema: 'simulatte.worldSpecSafety.v1',
              rules: [],
              status: 'not-declared',
            };
          }
    
        function deterministicSpecId(templateId, name, modules, objects, params) {
            const source = JSON.stringify({ templateId, name, modules, objects, params });
            return `${scope.slugify(name)}-${scope.fnv1a32(source).toString(36)}`;
          }
    
        function normalizeSpec(raw) {
            if (!raw || typeof raw !== 'object') return createSpec('magnetic-wheel');
            if (normalizedSimulationSpecs.has(raw)) return raw;
            const template = scope.templateById(raw.templateId);
            return createSpec(template.id, {
              id: raw.id || '',
              name: raw.name || template.name,
              description: raw.description || template.description,
              modules: raw.modules || template.modules || [],
              objects: raw.objects || template.objects || [],
              controls: raw.controls || template.controls || [],
              params: raw.params || {},
              intent: raw.intent || null,
              contract: raw.contract || null,
              compositionGraph: raw.compositionGraph || null,
              renderProgram: raw.renderProgram || null,
              physicalSpec: raw.physicalSpec || null,
              promptParse: raw.promptParse || null,
              universeGraph: raw.universeGraph || null,
              physicsIR: raw.physicsIR || null,
              validationReceipt: raw.validationReceipt || null,
              solverGraph: raw.solverGraph || null,
              renderIR: raw.renderIR || null,
              interactionIR: raw.interactionIR || null,
              phaseArtifacts: raw.phaseArtifacts || null,
              createdAt: raw.createdAt || new Date(0).toISOString(),
              remixOf: raw.remixOf || '',
              source: raw.source || null,
              authorship: raw.authorship || null,
              determinism: raw.determinism || null,
              dependencies: raw.dependencies || null,
              safety: raw.safety || null,
              unsupportedRequirements: raw.unsupportedRequirements || [],
              unresolvedAmbiguities: raw.unresolvedAmbiguities || [],
              preserveCompiledWorldSpec: raw.schema === scope.worldSpec.WORLD_SPEC_SCHEMA &&
                Boolean(raw.physicsIR && raw.solverGraph && raw.renderIR && raw.renderProgram),
            });
          }
    
        function acceptNormalizedWorldSpec(spec) {
            scope.worldSpec.validateWorldSpec(spec);
            normalizedSimulationSpecs.add(spec);
            return spec;
          }
    
        function compileCompilerArtifacts(spec, overrides = {}) {
            const intent = spec.intent || {};
            const phaseArtifacts = scope.mergePhaseArtifacts(
              spec.phaseArtifacts,
              intent.phaseArtifacts,
              overrides.phaseArtifacts
            );
            const phase2Output = phaseArtifacts.phase2 || null;
            const phase4Output = phaseArtifacts.phase4 || null;
            const languageGraph = phase2Output && phase2Output.artifact && phase2Output.artifact.languageGraph || {};
            const groundedIntent = phase4Output && phase4Output.artifact && phase4Output.artifact.groundedIntent || {};
            const prompt = languageGraph.sourceText || spec.source && spec.source.prompt || spec.name || '';
            const promptParse = overrides.promptParse || spec.promptParse || intent.promptParse || (
              scope.parsePrompt ? scope.parsePrompt(prompt) : null
            );
            const selectedUniverseGraph = overrides.universeGraph ||
              spec.universeGraph ||
              groundedIntent.acceptedGraph ||
              intent.universeGraph ||
              (
              scope.groundUniverseGraph && promptParse
                ? scope.groundUniverseGraph({
                  prompt,
                  promptParse,
                  components: spec.objects || [],
                  semanticRag: intent.semanticRag,
                  universeMatches: intent.universeMatches,
                  synthesis: intent.synthesis,
                  cardMatches: intent.cardMatches || [],
                  intentBrief: intent.intentBrief || null,
                })
                : null
              );
            const universeGraph = selectedUniverseGraph;
            const nextIntent = intent && promptParse && universeGraph
              ? { ...intent, promptParse, universeGraph }
              : intent;
            let generatedPhaseArtifacts = {};
            let runtimeContext = phase4Output ? scope.runtimeContextFromPhase(phase4Output) : scope.runtimeContextFromOptions({});
            let nextPhase4 = phase4Output || null;
            if (!nextPhase4) {
              const compatibilityPhase1 = phaseArtifacts.phase1 || scope.runPhase1RuntimeGate(prompt, { allowPrototypeFallback: true });
              const compatibilityPhase2 = phaseArtifacts.phase2 || scope.runPhase2LanguageGraph(compatibilityPhase1);
              const retrievalResources = scope.createPhase3Resources(compatibilityPhase2, scope.runtimeContextFromPhase(compatibilityPhase1), {
                  sourcePromptHash: scope.stableTextHash(prompt),
                  semanticRag: intent.semanticRag,
                  universeMatches: intent.universeMatches || [],
                  intentBrief: intent.intentBrief || null,
                  universeGraph,
                  contract: spec.contract,
                  components: spec.objects || [],
                  visualSource: {
                    specId: spec.id,
                    templateId: spec.templateId,
                    name: spec.name,
                    kind: spec.kind,
                    modules: spec.modules || [],
                    objects: spec.objects || [],
                    params: spec.params || {},
                    contract: spec.contract || null,
                  },
                }
              );
              runtimeContext = scope.runtimeContextFromPhase(compatibilityPhase1);
              const compatibilityPhase3 = scope.runPhase3Retrieval(compatibilityPhase2, retrievalResources);
              nextPhase4 = scope.runPhase4GroundedIntent(compatibilityPhase3, runtimeContext);
              generatedPhaseArtifacts = scope.phaseArtifactSet(
                compatibilityPhase1,
                compatibilityPhase2,
                compatibilityPhase3,
                nextPhase4
              );
            }
            const nextPhase5 = phaseArtifacts.phase5 || scope.runPhase5SimulationCompile(nextPhase4, runtimeContext);
            const simulationCompile = nextPhase5.artifact && nextPhase5.artifact.simulationCompile || {};
            return {
              intent: nextIntent,
              promptParse,
              universeGraph,
              physicsIR: simulationCompile.physicsIR || overrides.physicsIR || spec.physicsIR || null,
              validationReceipt: simulationCompile.validationReceipt || overrides.validationReceipt || spec.validationReceipt || null,
              solverGraph: simulationCompile.solverGraph || overrides.solverGraph || spec.solverGraph || null,
              renderIR: simulationCompile.renderIR || overrides.renderIR || spec.renderIR || null,
              interactionIR: simulationCompile.interactionIR || overrides.interactionIR || spec.interactionIR || null,
              phaseArtifacts: scope.mergePhaseArtifacts(phaseArtifacts, generatedPhaseArtifacts, scope.phaseArtifactSet(nextPhase4, nextPhase5)),
            };
          }
    
        function attachRenderIRPhaseInputs(renderIR, universeGraph) {
            if (!renderIR || typeof renderIR !== 'object') return renderIR;
            return {
              ...renderIR,
              causalAffordances: Array.isArray(universeGraph && universeGraph.visualAffordances)
                ? universeGraph.visualAffordances.slice(0, 8).map((row) => ({ ...row }))
                : [],
              intentBriefReceipt: universeGraph && universeGraph.intentBrief
                ? scope.intentBriefReceipt(universeGraph.intentBrief)
                : null,
              phaseInputs: {
                ...(renderIR.phaseInputs || {}),
                source: 'universeGraph.visualAffordances',
                neighboringIO: true,
              },
            };
          }
    
        function hydrateImportedWorldSpec(raw) {
            scope.worldSpec.validateWorldSpec(raw);
            scope.worldSpec.compilerBaselineContentHash(raw);
            if (raw.phaseArtifacts && raw.phaseArtifacts.phase6) {
              return acceptNormalizedWorldSpec(raw);
            }
            const validationReceipt = validateImportedExecutionProgram(raw);
            const compiled = compileCompilerArtifacts(raw);
            const compiledPhases = compiled.phaseArtifacts || {};
            let phase4 = compiledPhases.phase4;
            if (!phase4) throw importedCompatibilityError('cannot reconstruct Phase 4 grounding');
            if (Number(raw.authorship && raw.authorship.revision || 0) > 0) {
              phase4 = scope.createUserOverridePhase4(phase4, {
                ...raw,
                phaseArtifacts: compiledPhases,
              });
            }
            const compiledPhase5 = scope.runPhase5SimulationCompile(
              phase4,
              scope.runtimeContextFromPhase(phase4)
            );
            const freshSimulationCompile = compiledPhase5.artifact.simulationCompile;
            const simulationCompile = {
              ...freshSimulationCompile,
              physicsIR: raw.physicsIR,
              validationReceipt,
              solverGraph: raw.solverGraph,
              renderIR: raw.renderIR,
              interactionIR: raw.interactionIR,
              controls: raw.controls,
              visualSource: {
                specId: raw.id,
                templateId: raw.templateId,
                name: raw.name,
                kind: raw.kind,
                modules: raw.modules,
                objects: raw.objects,
                params: raw.params,
                contract: raw.contract,
              },
            };
            const phase5Receipt = compiledPhase5.receipts.find((row) => (
              row.id === 'phase5-simulation-compile'
            ));
            const phase5 = scope.createPhaseEnvelope({
              phase: 5,
              inputSchema: phase4.schema,
              runtimeReceiptId: compiledPhase5.runtimeReceiptId,
              artifact: {
                simulationCompile,
                compositionLedger: simulationCompile.compositionLedger,
              },
              receipts: [{
                ...phase5Receipt,
                physicsIR: raw.physicsIR.schema,
                solverGraph: raw.solverGraph.schema,
                renderIR: raw.renderIR.schema,
                interactionIR: raw.interactionIR.schema,
                importAuthority: 'world-spec',
                worldSpecContentHash: raw.contentHash,
              }],
            });
            const phase6 = scope.createVisualCompileEnvelopeFromCompiled(phase5, {
              compositionGraph: raw.compositionGraph,
              visualProgram: raw.renderProgram,
            });
            const hydrated = {
              ...raw,
              intent: compiled.intent,
              promptParse: compiled.promptParse,
              validationReceipt,
              phaseArtifacts: {
                ...compiledPhases,
                phase4,
                phase5,
                phase6,
              },
            };
            if (scope.worldSpec.contentHash(hydrated) !== raw.contentHash) {
              throw importedCompatibilityError('hydration changed executable identity');
            }
            return acceptNormalizedWorldSpec(hydrated);
          }
    
        function validateImportedExecutionProgram(spec) {
            requireImportedSchema(spec.physicsIR, scope.PHYSICAL_IR_SCHEMA, 'physicsIR');
            requireImportedSchema(spec.solverGraph, scope.SOLVER_GRAPH_SCHEMA, 'solverGraph');
            requireImportedSchema(spec.renderIR, scope.RENDER_IR_SCHEMA, 'renderIR');
            requireImportedSchema(spec.interactionIR, scope.INTERACTION_IR_SCHEMA, 'interactionIR');
            requireImportedSchema(spec.compositionGraph, scope.COMPOSITION_SCHEMA, 'compositionGraph');
            requireImportedSchema(spec.renderProgram, scope.RENDER_PROGRAM_SCHEMA, 'renderProgram');
            if (spec.solverGraph.sourceIR !== spec.physicsIR.schema) {
              throw importedCompatibilityError('solverGraph does not bind physicsIR');
            }
            if (spec.renderIR.sourceIR !== spec.physicsIR.schema ||
                spec.renderIR.sourceSolverGraph !== spec.solverGraph.schema) {
              throw importedCompatibilityError('renderIR does not bind the imported simulation program');
            }
            if (spec.renderProgram.sourceGraphId !== spec.compositionGraph.graphId) {
              throw importedCompatibilityError('renderProgram does not bind compositionGraph');
            }
            if (scope.worldSpec.canonicalJson(spec.renderProgram.renderIR) !==
                scope.worldSpec.canonicalJson(spec.renderIR)) {
              throw importedCompatibilityError('renderProgram contains a different renderIR');
            }
            const scenePacket = spec.renderProgram.sceneRenderPacket;
            const visualIR = spec.renderProgram.visualIR;
            requireImportedSchema(scenePacket, 'simulatte.sceneRenderPacket.v1', 'renderProgram.sceneRenderPacket');
            requireImportedSchema(visualIR, 'simulatte.visualIR.v1', 'renderProgram.visualIR');
            if (scope.worldSpec.canonicalJson(visualIR.sceneRenderPacket) !==
                scope.worldSpec.canonicalJson(scenePacket)) {
              throw importedCompatibilityError('visualIR contains a different sceneRenderPacket');
            }
            const validationReceipt = scope.validatePhysicsIR(spec.physicsIR);
            if (validationReceipt.status !== 'valid' || validationReceipt.errors.length) {
              throw importedCompatibilityError('physicsIR validation failed');
            }
            scope.validateInteractionIR(spec.interactionIR);
            return validationReceipt;
          }
    
        function requireImportedSchema(value, schema, field) {
            if (!value || value.schema !== schema) {
              throw importedCompatibilityError(`${field} expected ${schema}`);
            }
          }
    
        function importedCompatibilityError(message) {
            return new scope.worldSpec.WorldSpecError(
              `Imported WorldSpec is incompatible with this runtime: ${message}`,
              '$.compatibility'
            );
          }
    
        function compilePhysicalSpec(spec) {
            const graph = spec.contract && spec.contract.graph || {};
            const renderProgram = spec.renderProgram || {};
            const solverPlan = renderProgram.solverPlan || scope.solverPlanForGraph(graph);
            const solverGraph = spec.solverGraph || null;
            const compiledChannels = spec.phaseArtifacts && spec.phaseArtifacts.phase5 &&
              spec.phaseArtifacts.phase5.artifact.simulationCompile.stateChannels;
            const solverChannels = solverGraph
              ? compiledChannels ? compiledChannels.slice() : Object.keys(solverGraph.channels || {})
              : [];
            if (solverGraph && (new Set(solverChannels).size !== solverChannels.length ||
                solverChannels.length !== Object.keys(solverGraph.channels || {}).length ||
                solverChannels.some(id => !Object.hasOwn(solverGraph.channels, id)))) {
              throw new Error('WorldSpec state channels contradict accepted Phase 5 solver channels');
            }
            const solverSteps = solverGraph ? solverGraph.steps || [] : [];
            const nodes = graph.nodes || [];
            // Prefer the executable solverGraph channels as the source of truth for state
            // hints; fall back to the legacy solverPlan only when no solverGraph compiled.
            // This keeps visual hints from desyncing with the authoritative execution graph.
            const visualStateHints = scope.uniqueList([
              ...(solverGraph ? solverChannels : (solverPlan.state || [])),
              ...nodes.flatMap((node) => node.solverRequirements || []),
            ]);
            const intentBrief = spec.universeGraph && spec.universeGraph.intentBrief || null;
            const intentBriefLedger = scope.intentBriefLedgerCounts(intentBrief);
            const visualPassHints = scope.renderPassesForSolverPlan(solverPlan);
            const nodeIdsByType = (type) => nodes.filter((node) => node.nodeType === type).map((node) => node.id);
            return {
              schema: 'simulatte.physicalSpec.v1',
              sourceGraph: graph.schema || '',
              prompt: spec.renderIR && spec.renderIR.prompt || spec.universeGraph && spec.universeGraph.prompt || spec.name,
              materials: scope.graphMaterialMap(nodes),
              operators: spec.physicsIR && spec.physicsIR.operators ? spec.physicsIR.operators : graph.operators || [],
              executionSource: solverGraph ? 'solverGraph' : 'solverPlan',
              executableSolverGraph: solverGraph ? {
                schema: solverGraph.schema,
                schedule: solverGraph.schedule || [],
                channelCount: solverChannels.length,
                stepCount: solverSteps.length,
                channels: solverChannels,
                steps: solverSteps.map((step) => ({
                  operatorId: step.operatorId,
                  operatorType: step.operatorType,
                  solverId: step.solverId,
                  stage: step.stage,
                  reads: step.reads || [],
                  writes: step.writes || [],
                })),
              } : null,
              stateChannels: solverChannels,
              stateTextures: solverGraph ? solverChannels : visualStateHints,
              visualStateHints,
              sources: nodeIdsByType('source'),
              sinks: nodeIdsByType('sink'),
              boundaries: nodeIdsByType('boundary'),
              sensors: nodeIdsByType('sensor'),
              controllers: nodeIdsByType('controller'),
              particles: scope.particlePlansForNodes(nodes),
              fields: renderProgram.fields || [],
              readouts: spec.contract && spec.contract.readouts || [],
              renderPasses: solverGraph ? scope.renderPassesForSolverGraph(solverGraph) : visualPassHints,
              visualPassHints: solverGraph ? visualPassHints : [],
              debugViews: scope.debugViewsForGraph(graph),
              quality: graph.quality || { score: 1, residualTerms: [] },
              receipt: {
                classifier: spec.intent && spec.intent.classification ? spec.intent.classification.id : '',
                classification: spec.intent && spec.intent.classification
                  ? scope.classificationSummary(spec.intent.classification)
                  : null,
                rerank: spec.intent && spec.intent.rerank ? spec.intent.rerank : null,
                rag: spec.intent && spec.intent.semanticRag ? spec.intent.semanticRag.model.id : '',
                doppler: scope.dopplerReceipt(spec.intent && spec.intent.dopplerIntent),
                synthesis: scope.synthesisReceipt(spec.intent && spec.intent.synthesis),
                renderer: renderProgram.rendererPlan ? renderProgram.rendererPlan.renderer : '',
                visualIdentity: renderProgram.provenance ? renderProgram.provenance.visualIdentity || null : null,
                visualGenome: renderProgram.provenance ? renderProgram.provenance.visualGenome || null : null,
                graphValidation: graph.validation ? graph.validation.status : 'unknown',
                validation: spec.validationReceipt || null,
                intentEvidenceCount: intentBriefLedger.evidenceCount,
                causalEdgeCount: intentBriefLedger.causalEdgeCount,
                causalAffordanceCount: intentBriefLedger.causalAffordanceCount,
                assumptionCount: intentBriefLedger.assumptionCount,
                unsupportedCount: intentBriefLedger.unsupportedCount,
                degradedCount: intentBriefLedger.degradedCount,
                intentBrief: scope.intentBriefReceipt(intentBrief),
                physicsIR: spec.physicsIR ? spec.physicsIR.schema : '',
                solverGraph: spec.solverGraph ? spec.solverGraph.schema : '',
                renderIR: spec.renderIR ? spec.renderIR.schema : '',
              },
            };
          }
    
        root.SimulattePhaseModuleRegistry.define('physicsModel', 'simulatte-physics-model-phase-simulation.js', {
          reportCompilePhaseProgress,
          createSpec,
          normalizeSpec,
          acceptNormalizedWorldSpec,
          hydrateImportedWorldSpec,
          compileCompilerArtifacts,
          attachRenderIRPhaseInputs,
          compilePhysicalSpec,
          deterministicSpecId,
        });
    
    })(typeof globalThis !== 'undefined' ? globalThis : window);
    
    (function attachSimulatteWorldSpecRuntime(root) {
      const registry = typeof module === 'object' && module.exports
        ? require('../../app/runtime/phase-module-registry.js')
        : root.SimulattePhaseModuleRegistry;
      const scope = registry.family('physicsModel');
    
      function serializeSpec(spec) {
        return scope.worldSpec.serializeWorldSpec(scope.normalizeSpec(spec));
      }
    
      function projectWorldSpec(phaseArtifacts) {
        const first = phaseArtifacts && phaseArtifacts.phase1;
        for (let phase = 1; phase <= 6; phase += 1) {
          const current = scope.assertPhaseEnvelope(phaseArtifacts && phaseArtifacts[`phase${phase}`], phase, 'WorldSpec projection');
          if (current.runtimeReceiptId !== first.runtimeReceiptId ||
              current.artifact.compositionLedger?.sourcePromptHash !== first.artifact.compositionLedger?.sourcePromptHash ||
              current.binding?.revision !== first.binding?.revision ||
              current.binding?.producerDigest !== first.binding?.producerDigest) {
            throw new Error(`WorldSpec projection Phase ${phase} belongs to another request or revision`);
          }
        }
        const grounded = phaseArtifacts.phase4.artifact.groundedIntent;
        const input = grounded.worldSpecInput;
        const compilerConfig = grounded.worldSpecCompilerConfig;
        const candidate = phaseArtifacts.phase3.artifact.retrievalRerankResult.worldSpecCandidate;
        const simulation = phaseArtifacts.phase5.artifact.simulationCompile;
        const visualCompile = phaseArtifacts.phase6.artifact.visualCompile;
        const visual = visualCompile.worldSpecProjection;
        if (input?.schema !== 'simulatte.worldSpecInput.v1' || !compilerConfig ||
            candidate?.schema !== 'simulatte.worldSpecCandidate.v1' ||
            visual?.schema !== 'simulatte.worldSpecVisualProjection.v1') {
          throw new Error('WorldSpec projection requires accepted authoring and visual artifacts');
        }
        scope.validateWorldSpecInput(input);
        const { schema, templateId, ...descriptor } = input;
        return scope.createSpec(templateId, {
          ...descriptor,
          intent: { ...candidate.intent, universeGraph: grounded.acceptedGraph,
            phaseArtifacts: scope.phaseArtifactSet(phaseArtifacts.phase1, phaseArtifacts.phase2, phaseArtifacts.phase3, phaseArtifacts.phase4) },
          promptParse: phaseArtifacts.phase2.artifact.promptParse,
          universeGraph: grounded.acceptedGraph,
          physicsIR: simulation.physicsIR,
          validationReceipt: simulation.validationReceipt,
          solverGraph: simulation.solverGraph,
          renderIR: simulation.renderIR,
          interactionIR: simulation.interactionIR,
          compositionGraph: visual.compositionGraph,
          renderProgram: { ...visual.renderProgramFields, visualIR: visualCompile.visualIR,
            sceneRenderPacket: visualCompile.sceneRenderPacket, rendererPlan: visualCompile.rendererPlan },
          phaseArtifacts,
          compilerConfig,
          preserveCompiledWorldSpec: true,
        });
      }
    
      function deserializeSpec(text) {
        const parsed = scope.worldSpec.parseWorldSpec(text);
        if (parsed.schema !== scope.worldSpec.WORLD_SPEC_SCHEMA) return scope.normalizeSpec(parsed);
        return scope.hydrateImportedWorldSpec(parsed);
      }
    
      function recordWorldSpecEdit(inputSpec, input, options = {}) {
        const current = scope.normalizeSpec(inputSpec);
        const edited = scope.worldSpec.prepareUserEdit(current, input, options);
        return scope.acceptNormalizedWorldSpec(edited);
      }
    
      function applyWorldSpecEdit(inputSpec, input, options = {}) {
        const current = scope.normalizeSpec(inputSpec);
        const edited = scope.worldSpec.prepareUserEdit(current, input, options);
        return compileWorldSpecEdits(edited, options);
      }
    
      function compileWorldSpecEdits(edited, options = {}) {
        scope.worldSpec.validateWorldSpec(edited);
        if (edited.authorship.revision === 0) return scope.acceptNormalizedWorldSpec(edited);
        const currentPhase4 = edited.phaseArtifacts && edited.phaseArtifacts.phase4;
        if (!currentPhase4) throw new Error('WorldSpec edit requires the compiled Phase 4 artifact');
        const userOverridePhase4 = scope.createUserOverridePhase4(currentPhase4, edited);
        const intent = edited.intent && typeof edited.intent === 'object'
          ? {
            ...edited.intent,
            prompt: edited.source.prompt,
            components: edited.objects,
            universeGraph: edited.universeGraph,
            phaseArtifacts: null,
            resolution: {
              ...(edited.intent.resolution || {}),
              contract: edited.contract,
            },
          }
          : null;
        return scope.createSpec(edited.templateId, {
          id: edited.id,
          name: edited.name,
          description: edited.description,
          modules: edited.modules,
          objects: edited.objects,
          controls: edited.controls,
          params: edited.params,
          intent,
          contract: edited.contract,
          universeGraph: edited.universeGraph,
          phaseArtifacts: {
            phase1: edited.phaseArtifacts.phase1,
            phase2: edited.phaseArtifacts.phase2,
            phase3: edited.phaseArtifacts.phase3,
            phase4: userOverridePhase4,
          },
          createdAt: edited.createdAt,
          remixOf: edited.remixOf,
          source: edited.source,
          authorship: edited.authorship,
          determinism: edited.determinism,
          dependencies: edited.dependencies,
          safety: edited.safety,
          unsupportedRequirements: edited.unsupportedRequirements,
          unresolvedAmbiguities: edited.unresolvedAmbiguities,
          compilerConfig: edited.source.compilerConfig,
          onPhaseProgress: options.onPhaseProgress,
        });
      }
    
      registry.define('physicsModel', 'simulatte-world-spec-runtime.js', {
        serializeSpec,
        projectWorldSpec,
        deserializeSpec,
        recordWorldSpecEdit,
        applyWorldSpecEdit,
        compileWorldSpecEdits,
      });
    })(typeof globalThis !== 'undefined' ? globalThis : window);
    
    (function attachSimulattePhysicsModelphasevisualrender(root) {
      const scope = root.SimulattePhaseModuleRegistry.family('physicsModel');
    
        function intentBriefLedgerCounts(brief) {
            if (!brief) {
              return {
                evidenceCount: 0,
                causalEdgeCount: 0,
                causalAffordanceCount: 0,
                assumptionCount: 0,
                unsupportedCount: 0,
                degradedCount: 0,
              };
            }
            return {
              evidenceCount: (brief.retrievedEvidence || []).length || Number(brief.evidenceCount || 0),
              causalEdgeCount: (brief.causalGraph || []).length || Number(brief.causalEdgeCount || 0),
              causalAffordanceCount: brief.visualIntent &&
                Array.isArray(brief.visualIntent.affordances)
                ? brief.visualIntent.affordances.length
                : Number(brief.causalAffordanceCount || 0),
              assumptionCount: (brief.assumptions || []).length || Number(brief.assumptionCount || 0),
              unsupportedCount: (brief.unsupported || []).length || Number(brief.unsupportedCount || 0),
              degradedCount: (brief.degradedTo || []).length || Number(brief.degradedCount || 0),
            };
          }
    
        function intentBriefReceipt(brief) {
            if (!brief) return null;
            const counts = intentBriefLedgerCounts(brief);
            return {
              schema: brief.schema || 'simulatte.intentBrief.v1',
              modelStack: brief.modelStack || null,
              evidenceCount: counts.evidenceCount,
              causalEdgeCount: counts.causalEdgeCount,
              groundedCausalEdgeCount: (brief.causalGraph || [])
                .filter((edge) => (edge.evidence || []).length).length,
              causalAffordanceCount: counts.causalAffordanceCount,
              assumptionCount: counts.assumptionCount,
              unsupportedCount: counts.unsupportedCount,
              degradedCount: counts.degradedCount,
              evidenceIds: (brief.retrievedEvidence || []).map((item) => item.id).filter(Boolean).slice(0, 32),
              causalEdgeIds: (brief.causalGraph || []).map((edge) => edge.id || edge.ruleId).filter(Boolean).slice(0, 24)
                .concat((brief.causalEdgeIds || []).slice(0, 24))
                .slice(0, 24),
              causalAffordanceIds: brief.visualIntent && Array.isArray(brief.visualIntent.affordances)
                ? brief.visualIntent.affordances.map((row) => row.id).filter(Boolean).slice(0, 16)
                : (brief.causalAffordanceIds || []).slice(0, 16),
              acceptedActivations: intentBriefAcceptedActivations(brief),
              languageSpans: intentBriefLanguageSpans(brief),
              shaderHints: brief.visualIntent && brief.visualIntent.shaderHints || [],
              motionHints: brief.visualIntent && brief.visualIntent.motionHints || [],
              confidence: Number(brief.confidence || 0),
              validation: brief.validation ? {
                valid: brief.validation.valid,
                errors: brief.validation.errors || [],
                warnings: brief.validation.warnings || [],
              } : null,
            };
          }
    
        function intentBriefAcceptedActivations(brief) {
            const rows = brief && brief.groundedInterpretation &&
              Array.isArray(brief.groundedInterpretation.acceptedActivations)
              ? brief.groundedInterpretation.acceptedActivations
              : [];
            return rows.slice(0, 48).map((row) => ({
              activationId: row.activationId || row.id || '',
              spanId: row.spanId || '',
              spanKind: row.spanKind || '',
              spanText: row.spanText || '',
              candidateId: row.candidateId || '',
              candidateKind: row.candidateKind || '',
              candidateLabel: row.candidateLabel || '',
              score: Number(row.score || 0),
              source: row.source || '',
              operatorHints: row.hints && Array.isArray(row.hints.operator) ? row.hints.operator.slice(0, 8) : [],
              visualHints: row.hints && Array.isArray(row.hints.visual) ? row.hints.visual.slice(0, 8) : [],
              primitiveHints: row.hints && Array.isArray(row.hints.primitive) ? row.hints.primitive.slice(0, 8) : [],
            }));
          }
    
        function intentBriefLanguageSpans(brief) {
            const spans = brief && brief.languageEvidence && Array.isArray(brief.languageEvidence.spans)
              ? brief.languageEvidence.spans
              : [];
            return spans
              .filter((span) => span && span.text && [
                'clause', 'predicate-frame', 'verb-phrase', 'noun-phrase', 'modifier',
                'entity', 'material', 'environment', 'observable', 'process', 'term',
              ].includes(span.kind || ''))
              .slice(0, 48)
              .map((span) => ({
                id: span.id || '',
                kind: span.kind || 'span',
                text: span.text || '',
              }));
          }
    
        function graphMaterialMap(nodes) {
            return Object.fromEntries((nodes || [])
              .filter((node) => node.material)
              .map((node) => [node.id, node.material]));
          }
    
        function solverPlanForGraph(graph) {
            const regimes = new Set((graph.nodes || []).map((node) => node.visualRegime).filter(Boolean));
            const families = [];
            if (regimes.has('fluid')) families.push('particle-advection');
            if (regimes.has('thermal')) families.push('heat-diffusion');
            if (regimes.has('optical')) families.push('ray-optics');
            if (regimes.has('magnetic')) families.push('magnetic-vector-field');
            if (regimes.has('electrical')) families.push('electric-potential-field');
            if (regimes.has('granular')) families.push('granular-settling');
            if (regimes.has('biological')) families.push('growth-diffusion');
            if (regimes.has('soft')) families.push('membrane-relaxation');
            if (regimes.has('acoustic')) families.push('wave-equation');
            if (regimes.has('phase')) families.push('phase-boundary');
            if (!families.length) families.push('scalar-coupled-state');
            return { families, state: scope.uniqueList((graph.nodes || []).flatMap((node) => node.solverRequirements || [])) };
          }
    
        function renderPassesForSolverGraph(solverGraph) {
            if (!solverGraph || !Array.isArray(solverGraph.steps)) return [];
            const names = {
              heat_source: 'thermal-source-solve',
              heat_transfer: 'heat-transfer-solve',
              advection: 'advection-solve',
              diffusion: 'diffusion-solve',
              phase_transition: 'phase-boundary-solve',
              rotational_torque: 'rotational-mechanics-solve',
              rigid_collision: 'rigid-collision-solve',
              fracture_threshold: 'fracture-threshold-solve',
              pressure_flow_lite: 'pressure-flow-solve',
              wave_field: 'wave-field-solve',
              reaction_diffusion: 'reaction-diffusion-solve',
              network_flow: 'network-flow-solve',
              oscillator: 'oscillator-solve',
              growth_decay: 'growth-decay-solve',
              fluid_locomotion: 'fluid-locomotion-solve',
              buoyancy: 'buoyancy-solve',
              drag: 'drag-solve',
              wake_generation: 'wake-generation-solve',
              body_water_contact: 'body-water-contact-solve',
              partial_submersion: 'partial-submersion-solve',
            };
            return scope.uniqueList(solverGraph.steps.map((step) => names[step.operatorType] || `${step.operatorType || 'operator'}-solve`));
          }
    
        function particlePlansForNodes(nodes) {
            return (nodes || [])
              .filter((node) => node.primitiveProgram)
              .map((node) => ({
                nodeId: node.id,
                visualRegime: node.visualRegime,
                material: node.primitiveProgram.material,
                parts: node.primitiveProgram.parts,
              }));
          }
    
        function renderPassesForSolverPlan(plan) {
            const families = plan.families || [];
            return scope.uniqueList([
              'state-upload',
              ...families.map((family) => `${family}-solve`),
              'material-field-render',
              'particle-render',
              'composite',
              'debug-readback',
            ]);
          }
    
        function debugViewsForGraph(graph) {
            return scope.uniqueList([
              'coverage',
              'physical-graph',
              ...(graph.quality && graph.quality.residualTerms && graph.quality.residualTerms.length ? ['residual-terms'] : []),
              ...(graph.validation && graph.validation.status === 'repaired' ? ['repairs'] : []),
            ]);
          }
    
        function dopplerReceipt(dopplerIntent) {
            if (!dopplerIntent) return null;
            return {
              schema: scope.DOPPLER_INTENT_SCHEMA || 'simulatte.dopplerIntentHints.v1',
              source: dopplerIntent.source || 'doppler-residual-intent',
              model: dopplerIntent.model ? dopplerIntent.model.id : '',
              primitiveCount: (dopplerIntent.primitives || []).length,
              regimes: dopplerIntent.regimes || [],
              operators: dopplerIntent.operators || [],
            };
          }
    
        function spanRetrievalReceipt(spanRetrieval) {
            if (!spanRetrieval) return null;
            return {
              schema: spanRetrieval.schema || 'simulatte.spanEmbeddingRetrieval.v1',
              model: spanRetrieval.model || '',
              disabledReason: spanRetrieval.disabledReason || '',
              spanCount: Number(spanRetrieval.spanCount || 0),
              embeddedSpanCount: Number(spanRetrieval.embeddedSpanCount || 0),
              cachedSpanCount: Number(spanRetrieval.cachedSpanCount || 0),
              candidateCount: Number(spanRetrieval.candidateCount || 0),
              config: spanRetrieval.config || null,
            };
          }
    
        function contractForComponent(contract, id) {
            return {
              geometry: contract && contract.geometry ? contract.geometry[id] || null : null,
              ports: contract && contract.ports ? contract.ports[id] || null : null,
              slots: contract && contract.recipeSlots ? contract.recipeSlots[id] || [] : [],
            };
          }
    
        function averageMaterialProperties(materials = {}) {
            const values = Object.values(materials);
            if (!values.length) return {};
            const totals = {};
            for (const material of values) {
              for (const [key, value] of Object.entries(material)) {
                totals[key] = (totals[key] || 0) + Number(value || 0);
              }
            }
            return Object.fromEntries(Object.entries(totals).map(([key, value]) => [key, value / values.length]));
          }
    
        function interactionTotals(contract) {
            const totals = {};
            for (const rule of contract && contract.interactions || []) {
              for (const [key, value] of Object.entries(rule.params || {})) {
                totals[key] = (totals[key] || 0) + Number(value || 0);
              }
            }
            return totals;
          }
    
        function operatorTotals(contract) {
            const totals = {};
            const operators = contract && contract.graph ? contract.graph.operators || [] : [];
            for (const operator of operators) {
              if (operator.id === 'combustion') {
                totals.heat = (totals.heat || 0) + 0.18;
                totals.matter = (totals.matter || 0) - 0.04;
              } else if (operator.id === 'advection') {
                totals.motion = (totals.motion || 0) + 0.12;
              } else if (operator.id === 'erosion') {
                totals.matter = (totals.matter || 0) + 0.14;
                totals.stability = (totals.stability || 0) - 0.04;
              } else if (operator.id === 'refraction') {
                totals.field = (totals.field || 0) + 0.08;
              } else if (operator.id === 'queueService') {
                totals.motion = (totals.motion || 0) - 0.04;
              } else if (operator.id === 'magnetism') {
                totals.field = (totals.field || 0) + 0.12;
              }
            }
            return totals;
          }
    
        function applyContractDefaults(params, contract) {
            if (!contract) return;
            const material = averageMaterialProperties(contract.materials);
            const interactions = interactionTotals(contract);
            const use = (key, value) => {
              if (Number.isFinite(value)) params[key] = scope.clamp01(Number(value));
            };
            use('density', material.density);
            use('hardness', material.hardness);
            use('conductivity', material.conductivity);
            use('combustibility', material.combustibility + (interactions.fire || 0));
            use('moisture', material.moisture);
            use('opacity', material.opacity);
            if (Number.isFinite(material.refractiveIndex)) {
              params.refractiveIndex = scope.clamp(material.refractiveIndex, 1, 2.6);
            }
            use('magnetization', material.magnetization);
            use('viscosity', material.viscosity);
            use('phaseThreshold', material.phasePoint);
            if (Number.isFinite(interactions.heat)) {
              params.heatTransfer = scope.clamp01((params.heatTransfer || 0) + interactions.heat);
            }
            if (Number.isFinite(interactions.field)) {
              params.fieldStrength = scope.clamp01((params.fieldStrength || 0) + interactions.field);
            }
            if (Number.isFinite(interactions.matter)) {
              params.complexity = scope.clamp01((params.complexity || 0.5) + interactions.matter * 0.25);
            }
          }
    
        function applyCompiledParameterHints(hintText, params, addControl = () => {}) {
            const evidenceText = String(hintText || '').toLowerCase();
            const has = (...terms) => terms.some((term) => evidenceText.includes(term));
            const assign = (values) => {
              for (const [key, value] of Object.entries(values)) {
                params[key] = value;
                addControl(key);
              }
            };
    
            if ((has('sunlit', 'solar') && has('rotor', 'wheel')) || has('alternating magnets')) {
              assign({
                irradiance: 1040,
                magneticStrength: 0.9,
                sliderAmplitude: 0.68,
                sliderPhase: 0.12,
                loadTorque: 0.28,
                friction: 0.055,
                driveTiming: 0.64,
              });
            }
            if (has('dry pine', 'combustion', 'smoke lift', 'damp pockets')) {
              assign({
                combustibility: 0.88,
                moisture: 0.18,
                windSpeed: 0.52,
                flowRate: 0.38,
                heatTransfer: 0.74,
                opacity: 0.62,
                damping: 0.07,
              });
            }
            if (has('collimated', 'prismatic', 'refractive split') || has('glass lens', 'prism')) {
              assign({
                lightIntensity: 0.92,
                refractiveIndex: 1.68,
                opacity: 0.08,
                fieldStrength: 0.62,
                heatTransfer: 0.14,
                signalNoise: 0.04,
              });
            }
            if (has('rush-hour', 'demand queue', 'throughput meter', 'noisy packets')) {
              assign({
                queueBacklog: 0.78,
                serviceRate: 0.42,
                marketDemand: 0.74,
                networkLatency: 0.44,
                signalDelay: 0.32,
                signalNoise: 0.18,
              });
            }
            if (has('steep rain', 'rain channel', 'sediment fan', 'gravity slope')) {
              assign({
                flowRate: 0.82,
                erosionRate: 0.62,
                terrainSlope: 0.54,
                gravity: 0.18,
                granularFriction: 0.32,
                moisture: 0.76,
              });
            }
          }
    
        function parameterHintTextForIntent(intent = {}, contract = null) {
            const brief = intent.intentBrief || {};
            const contractGraph = contract && contract.graph || {};
            return [
              intent.title,
              ...(intent.domains || []),
              ...(intent.components || []).map((component) => [
                component.id,
                component.type,
                component.role,
                component.layer,
                component.material,
                component.visualRegime,
                component.assembly,
                component.phrase,
                ...(component.domains || []),
              ].filter(Boolean).join(' ')),
              ...(contractGraph.nodes || []).map((node) => [
                node.id,
                node.label,
                node.nodeType,
                node.material,
                node.role,
                ...(node.domains || []),
                ...(node.solverRequirements || []),
              ].filter(Boolean).join(' ')),
              ...(contractGraph.operators || []).map((operator) => [
                operator.id,
                operator.type,
                operator.label,
                operator.family,
              ].filter(Boolean).join(' ')),
              ...(brief.retrievedEvidence || []).map((row) => [
                row.id,
                row.label,
                row.indexName,
                ...(row.primitiveHints || []),
                ...(row.operatorHints || []),
                ...(row.visualHints || []),
              ].filter(Boolean).join(' ')),
              ...(brief.groundedInterpretation && brief.groundedInterpretation.acceptedActivations || []).map((row) => [
                row.candidateId,
                row.candidateLabel,
                row.candidateKind,
              ].filter(Boolean).join(' ')),
              ...(brief.causalGraph || []).map((edge) => [
                edge.id,
                edge.relationType,
                edge.operatorType,
                edge.sourceLabel,
                edge.targetLabel,
                edge.mechanism,
              ].filter(Boolean).join(' ')),
            ].filter(Boolean).join(' ');
          }
    
        function graphNodeForSpec(contract, id) {
            const nodes = contract && contract.graph ? contract.graph.nodes || [] : [];
            return nodes.find((node) => node.id === id) || null;
          }
    
        function createIntentFromPrompt(promptText = '', options = {}) {
          const phase1Output = scope.runPhase1RuntimeGate(promptText, options);
          scope.reportCompilePhaseProgress(options, 'language', 0, 'Parsing language');
          const phase2Output = scope.runPhase2LanguageGraph(phase1Output);
          scope.reportCompilePhaseProgress(options, 'language', 100, 'Language graph ready');
          scope.reportCompilePhaseProgress(options, 'retrieval-start', 0, 'Building retrieval evidence');
          const runtimeContext = scope.runtimeContextFromPhase(phase1Output);
          const { intent, phase3Output } = scope.retrieveIntentCandidates(phase2Output, runtimeContext, options);
          scope.reportCompilePhaseProgress(options, 'retrieval-start', 100, 'Retrieval and activation fused');
          scope.reportCompilePhaseProgress(options, 'grounding', 0, 'Grounding intent');
          const phase4Output = scope.runPhase4GroundedIntent(phase3Output, runtimeContext);
          scope.reportCompilePhaseProgress(options, 'grounding', 100, 'Grounded intent ready');
          intent.phaseArtifacts = scope.phaseArtifactSet(phase1Output, phase2Output, phase3Output, phase4Output);
          return intent;
        }
    
        root.SimulattePhaseModuleRegistry.define('physicsModel', 'simulatte-physics-model-phase-visual-render.js', {
          intentBriefLedgerCounts,
          intentBriefReceipt,
          intentBriefAcceptedActivations,
          intentBriefLanguageSpans,
          graphMaterialMap,
          solverPlanForGraph,
          renderPassesForSolverGraph,
          particlePlansForNodes,
          renderPassesForSolverPlan,
          debugViewsForGraph,
          dopplerReceipt,
          spanRetrievalReceipt,
          contractForComponent,
          averageMaterialProperties,
          interactionTotals,
          operatorTotals,
          applyContractDefaults,
          applyCompiledParameterHints,
          parameterHintTextForIntent,
          graphNodeForSpec,
          createIntentFromPrompt,
        });
    
    })(typeof globalThis !== 'undefined' ? globalThis : window);
    
    (function attachSimulattePhysicsModelstatesolvers(root) {
      const scope = root.SimulattePhaseModuleRegistry.family('physicsModel');
      const DEFAULT_SIMULATION_PROOF_POLICY = Object.freeze({
        schema: 'simulatte.simulationReproducibilityPolicy.v1',
        stepCount: 8,
        stepSeconds: 1 / 60,
        maxStateNodes: 100000,
      });
    
        function addSynthesisComponents(synthesis, addDomain, addComponent, intent = null) {
            if (!synthesis || !synthesis.synthGraph) return;
            for (const node of synthesis.synthGraph.nodes || []) {
              const componentId = scope.slugify(node.id);
              const matchedSpan = node.match && String(node.match.span || '').trim();
              const componentPhrase = matchedSpan && matchedSpan !== String(synthesis.prompt || '').trim()
                ? matchedSpan
                : node.label;
              const domains = scope.uniqueList([
                'synth',
                node.nodeType,
                node.class,
                ...(node.materials || []),
                ...(node.behaviors || []),
                ...(node.constraints || []),
              ].filter(Boolean));
              addDomain(...domains);
              addComponent(
                componentId,
                node.nodeType,
                node.label,
                {},
                [],
                node.match ? node.match.score : 0.72,
                {
                  layer: 'component',
                  domains,
                  material: materialForSynthesisNode(node),
                  visualRegime: visualRegimeForSynthesisNode(node),
                  assembly: node.class || node.cardId,
                  phrase: componentPhrase,
                  source: 'embedding-guided-synth-node',
                  primitiveProgram: null,
                  geometry: {
                    kind: node.nodeType,
                    shapes: node.morphology ? node.morphology.shapes || [] : [],
                    parts: node.morphology ? node.morphology.parts || [] : [],
                    scale: node.morphology ? node.morphology.scale || 'nominal' : 'nominal',
                  },
                  ports: node.ports || [],
                  slots: node.morphology ? node.morphology.parts || [] : [],
                  synthesis: {
                    cardId: node.cardId,
                    nodeType: node.nodeType,
                    match: node.match || null,
                  },
                }
              );
              if (intent && Array.isArray(intent.conceptGraph)) {
                intent.conceptGraph.push({
                  id: componentId,
                  score: node.match ? node.match.score : 0.72,
                  domains,
                  prior: null,
                  phrase: componentPhrase,
                  source: 'embedding-guided-synth-node',
                });
              }
            }
            for (const event of synthesis.synthGraph.events || []) {
              const componentId = scope.slugify(event.id);
              const domains = scope.uniqueList(['synth', 'event', event.type, ...(event.physics || [])]);
              addDomain(...domains);
              addComponent(
                componentId,
                'event',
                event.type,
                {},
                [],
                0.82,
                {
                  layer: 'composition',
                  domains,
                  material: '',
                  visualRegime: visualRegimeForSynthesisText(`${event.type} ${(event.physics || []).join(' ')}`),
                  assembly: 'event',
                  phrase: event.type,
                  source: 'embedding-guided-synth-event',
                  primitiveProgram: null,
                  geometry: { kind: 'event', participants: event.participants || [] },
                  ports: event.participants || [],
                  slots: event.physics || [],
                  synthesis: {
                    cardId: event.cardId,
                    eventType: event.type,
                    participants: event.participants || [],
                  },
                }
              );
              if (intent && Array.isArray(intent.conceptGraph)) {
                intent.conceptGraph.push({
                  id: componentId,
                  score: 0.82,
                  domains,
                  prior: null,
                  phrase: event.type,
                  source: 'embedding-guided-synth-event',
                });
              }
            }
            for (const environment of synthesis.synthGraph.environment || []) {
              const label = environment.label || environment.id || 'environment';
              const componentId = `environment-${scope.slugify(environment.id || label)}`;
              const domains = scope.uniqueList(['synth', 'environment', scope.slugify(label)].filter(Boolean));
              addDomain(...domains);
              const environmentRegime = visualRegimeForSynthesisText(label);
              addComponent(
                componentId,
                'environment',
                label,
                {},
                [],
                0.68,
                {
                  layer: 'scene',
                  domains,
                  material: /swamp|marsh|wetland|water/i.test(label) ? 'water' : '',
                  visualRegime: environmentRegime,
                  assembly: 'environment',
                  phrase: label,
                  source: 'embedding-guided-synth-environment',
                  primitiveProgram: null,
                  geometry: { kind: 'environment', label },
                  ports: [],
                  slots: [],
                  synthesis: {
                    environmentId: environment.id || label,
                    source: environment.source || '',
                  },
                }
              );
              if (intent && Array.isArray(intent.conceptGraph)) {
                intent.conceptGraph.push({
                  id: componentId,
                  score: 0.68,
                  domains,
                  prior: null,
                  phrase: label,
                  source: 'embedding-guided-synth-environment',
                });
              }
            }
          }
    
        function materialForSynthesisNode(node) {
            const materials = node.materials || [];
            if (materials.includes('soft_tissue')) return 'membrane';
            if (materials.includes('ferrofluid')) return 'ferrofluid';
            if (materials.includes('fur')) return 'protein';
            if (materials.includes('steel')) return 'metal';
            if (materials.includes('gold')) return 'gold';
            if (materials.includes('lava')) return 'lava';
            if (materials.includes('ice')) return 'ice';
            if (materials.includes('quartz')) return 'quartz';
            if (materials.includes('leaf')) return 'leaf';
            if (materials.includes('rubber_material')) return 'rubber';
            if (materials.includes('glass_material')) return 'glass';
            if (materials.includes('water_material')) return 'water';
            if (materials.includes('air_material')) return 'air';
            return materials.find((material) => scope.primitiveById(material)) || '';
          }
    
        function visualRegimeForSynthesisNode(node) {
            const values = [
              node.class,
              ...(node.materials || []),
              ...(node.behaviors || []),
              ...(node.constraints || []),
              node.cardId,
            ].join(' ');
            return visualRegimeForSynthesisText(values);
          }
    
        function visualRegimeForSynthesisText(values) {
            if (/\bchemical|reaction|polymer|epoxy|plating|catalyst|ammonia|electrolyzer|crystal|glaze|paint/i.test(values)) return 'chemistry';
            if (/\bserver|cyber|blockchain|search|recommendation|compiler|database|logic|tensor|network_packet|packet/i.test(values)) return 'digital';
            if (/\bmarket|policy|carbon|housing|supply|demand|power grid|auction|dispatch|queue|traffic|rail|airport|port/i.test(values)) return 'operations';
            if (/\bspace|planet|asteroid|mars|venus|europa|titan|radio|telescope|probe|orbit|satellite|reentry|rocket|spacecraft/i.test(values)) return 'space';
            if (/\bhurricane|tornado|earthquake|tsunami|storm|wildfire|mine|tunnel|fault|hazard|urban heat|air quality/i.test(values)) return 'hazard';
            if (/\bmammal|rodent|tissue|gait|soft|clinical|hospital|prosthetic|surgery|rehab|organ|cell|dna|ribosome|mitochondria/i.test(values)) return 'biological';
            if (/\becology|fish|bird|pollinator|plant|crop|greenhouse|soil|algae|compost|landfill|oyster|peatland/i.test(values)) return 'ecological';
            if (/\bspacecraft|rocket|orbit|thrust|satellite/i.test(values)) return 'mechanical';
            if (/\bsubmarine|submersible|underwater|diving|swimming/i.test(values)) return 'fluid';
            if (/\bturbine|propeller|rotation|pumping/i.test(values)) return 'mechanical';
            if (/\blava|magma|molten|volcano/i.test(values)) return 'thermal';
            if (/\bpiano|keyboard|instrument|acoustic_resonance/i.test(values)) return 'acoustic';
            if (/\balgae|plant_cluster|glowing|photosynthesis/i.test(values)) return 'biological';
            if (/\bstorm|hurricane|rainstorm/i.test(values)) return 'fluid';
            if (/\bice|quartz|crystal|castle|tower/i.test(values)) return 'phase';
            if (/\bwheel|rotating|axle|apparatus|rigid/i.test(values)) return 'mechanical';
            if (/\bferrofluid|magnetic_fluid|magnetizes|spikes/i.test(values)) return 'magnetic';
            if (/\bwater|flow|pipe|pump/i.test(values)) return 'fluid';
            if (/\bheat|fire|thermal/i.test(values)) return 'thermal';
            if (/\blens|glass|optics/i.test(values)) return 'optical';
            if (/\bmagnet|rotor/i.test(values)) return 'magnetic';
            return 'mechanical';
          }
    
        function synthesisPrimitiveRows(synthesis) {
            if (!synthesis || typeof scope.groundedPrimitiveRows !== 'function') return [];
            return scope.groundedPrimitiveRows(synthesis, scope.catalog);
          }
    
        function shouldPreferSynthGraph(promptText, synthesis) {
            if (!synthesis || !synthesis.validation || synthesis.validation.valid !== true) return false;
            if (hasCatalogCriticalDomain(promptText)) return false;
            const graph = synthesis.synthGraph || {};
            const relations = graph.relations || [];
            const events = graph.events || [];
            const hasCompositionalRelation = relations.some((relation) => (
              relation.type === 'inside' ||
              relation.type === 'attached_to' ||
              relation.type === 'drives'
            ));
            const hasWorldEvent = events.some((event) => ['collision', 'falling', 'break'].includes(event.type));
            if ((!hasWorldEvent && !hasCompositionalRelation) || (graph.nodes || []).length < 2) return false;
            return !/\b(perpetual|solar magnetic|magnetic wheel|generator)\b/i.test(String(promptText || ''));
          }
    
        function hasCatalogCriticalDomain(promptText) {
            return /\b(logistics|warehouse|inventory|supply chain|market|demand|queue|backlog|sensor|feedback|control|controller|data recorder|audit trace|telemetry|traffic|network)\b/i
              .test(String(promptText || ''));
          }
    
        function synthesisReceipt(synthesis) {
            if (!synthesis) return null;
            return {
              schema: synthesis.schema || scope.SYNTHESIS_SCHEMA || '',
              model: synthesis.model ? synthesis.model.id : '',
              retriever: synthesis.model ? synthesis.model.retriever : '',
              planner: synthesis.model ? synthesis.model.planner : '',
              valid: synthesis.validation ? synthesis.validation.valid : false,
              warnings: synthesis.validation ? synthesis.validation.warnings || [] : [],
              repairs: synthesis.validation ? synthesis.validation.repairs || [] : [],
              nodes: synthesis.synthGraph ? synthesis.synthGraph.nodes.length : 0,
              relations: synthesis.synthGraph ? synthesis.synthGraph.relations.length : 0,
              events: synthesis.synthGraph ? synthesis.synthGraph.events.length : 0,
              groundedPrimitives: synthesis.groundedGraph ? synthesis.groundedGraph.primitiveIds.length : 0,
            };
          }
    
        function semanticOpenPrimitives(semanticRag) {
            return (semanticRag && semanticRag.openComponents || []).map((component) => ({
              id: component.id,
              type: component.type || 'component',
              role: component.role || component.phrase || component.id,
              layer: component.layer || 'component',
              domains: component.domains || [],
              params: component.params || {},
              controls: component.controls || [],
              score: Number(component.score || 0.42),
              material: component.material || '',
              visualRegime: component.visualRegime || '',
              assembly: component.assembly || '',
              phrase: component.phrase || '',
              source: component.source || 'open-semantic-rag',
              primitiveProgram: component.primitiveProgram || (
                scope.buildPrimitiveProgram ? scope.buildPrimitiveProgram(component) : null
              ),
              recipe: [],
              text: component.phrase || component.role || '',
            }));
          }
    
        function lexicalSpanPrimitives(promptParse = {}, semanticRag = null) {
            const coveredPhrases = new Set((semanticRag && semanticRag.openComponents || [])
              .map((row) => normalizeLanguageAnchorText(row && (row.phrase || row.role || '')))
              .filter(Boolean));
            return (promptParse && promptParse.spans || [])
              .filter((span) => span && span.text && ['entity', 'material', 'environment'].includes(span.kind))
              .filter((span) => !languageAnchorSpanIsNegated(promptParse, span))
              .filter((span) => span.syntacticPromotion !== 'open-noun-phrase' ||
                span.entityClass || span.visualArchetype || span.domains?.length)
              .filter((span) => !coveredPhrases.has(normalizeLanguageAnchorText(span.text)))
              .slice(0, 24)
              .map((span, index) => {
                const phrase = String(span.text).trim();
                const visualRegime = visualRegimeForSynthesisText(`${span.kind} ${phrase}`);
                const assembly = span.kind === 'environment' ? 'field' : span.kind === 'material' ? 'material' : span.kind === 'process' ? 'effect' : 'component';
                const id = `language-${scope.slugify(phrase)}-${scope.slugify(span.id || index + 1)}`;
                return {
                  id,
                  type: assembly,
                  role: phrase,
                  layer: 'language-anchor',
                  domains: scope.uniqueList(['phase2-language-anchor', span.kind, visualRegime]),
                  params: {},
                  controls: [],
                  // These rows preserve otherwise-unmapped prompt language for visual compilation.
                  // They deliberately rank below catalog and grounded retrieval evidence so they
                  // cannot replace an authoritative Phase 4 concept for the same span.
                  score: 0.52,
                  material: span.kind === 'material' ? scope.slugify(phrase) : '',
                  visualRegime,
                  assembly,
                  phrase,
                  source: 'phase2-language-anchor',
                  pinned: true,
                  primitiveProgram: scope.buildPrimitiveProgram ? scope.buildPrimitiveProgram({
                    id,
                    phrase,
                    visualRegime,
                    assembly,
                    seed: index + 1,
                  }) : null,
                  recipe: [],
                  text: phrase,
                  languageSpanId: span.id || '',
                };
              });
          }
    
        function normalizeLanguageAnchorText(value = '') {
            return String(value || '').toLowerCase().replace(/[^a-z0-9]+/g, ' ').trim();
          }
    
        function languageAnchorSpanIsNegated(promptParse = {}, span = {}) {
            const start = Number(span && span.tokenStart);
            if (!Number.isInteger(start)) return false;
            return (promptParse.tokens || []).slice(Math.max(0, start - 3), start)
              .some((token) => /^(without|no|not|never|exclude|avoid)$/.test(String(token && token.text || '').toLowerCase()));
          }
    
        function dopplerHintPrimitives(dopplerIntent, promptText) {
            const hints = dopplerIntent && Array.isArray(dopplerIntent.primitives)
              ? dopplerIntent.primitives
              : [];
            if (!hints.length) return [];
            const rows = hints
              .map((hint) => {
                const primitive = scope.primitiveById(hint.primitiveId);
                if (!primitive) return null;
                return {
                  ...primitive,
                  score: Number(Math.max(0.62, Number(hint.score || 0)).toFixed(4)),
                  source: 'doppler-residual',
                  phrase: hint.reason || primitive.text || primitive.role || '',
                };
              })
              .filter(Boolean);
            return scope.withPrimitiveDependencies(rows, promptText)
              .map((primitive) => {
                const hint = hints.find((item) => item.primitiveId === primitive.id);
                return {
                  ...primitive,
                  score: Number(Math.max(primitive.score || 0, hint ? hint.score : 0).toFixed(4)),
                  source: hint ? 'doppler-residual' : primitive.source || 'doppler-dependency',
                  phrase: hint && hint.reason ? hint.reason : primitive.phrase || primitive.text || '',
                };
              });
          }
    
        function explicitPromptPrimitiveRows(classification, promptText) {
            const prompt = String(promptText || '').toLowerCase();
            if (!classification || !Array.isArray(classification.priors) || !prompt) return [];
            const rows = classification.priors
              .filter((prior) => {
                const id = String(prior.primitiveId || '');
                const phrase = id.replace(/[-_]+/g, ' ');
                return phrase.length > 4 && prompt.includes(phrase);
              })
              .map((prior) => {
                const primitive = scope.primitiveById(prior.primitiveId);
                if (!primitive) return null;
                return {
                  ...primitive,
                  score: Number(Math.max(Number(prior.score || 0), 0.58).toFixed(4)),
                  source: 'prompt-explicit',
                  phrase: prior.primitiveId.replace(/[-_]+/g, ' '),
                  pinned: true,
                };
              })
              .filter(Boolean);
            const ensure = (primitiveId, score, phrase) => {
              if (rows.some((row) => row.id === primitiveId)) return;
              const primitive = scope.primitiveById(primitiveId);
              if (!primitive) return;
              rows.push({
                ...primitive,
                score,
                source: 'prompt-family',
                phrase,
                pinned: true,
              });
            };
            if (/\bterrain\b/.test(prompt) && /\berosion\b/.test(prompt)) {
              ensure('terrain-heightfield', 0.64, 'terrain erosion');
              ensure('erosion-channel', 0.6, 'terrain erosion');
            }
            if (/\briver\b/.test(prompt) && /\berosion\b/.test(prompt)) {
              ensure('water', 0.58, 'river erosion');
              ensure('fluid-advection', 0.54, 'river erosion');
            }
            if (/\bswim(?:s|ming)?\b|\bswam\b|\bunderwater\b/.test(prompt)) {
              ensure('water', 0.62, 'swimming');
              ensure('fluid-advection', 0.58, 'swimming');
              ensure('pressure', 0.54, 'swimming');
            }
            if (/\bsand\b|\bgrains?\b|\bgranular\b|\bpowder\b/.test(prompt)) {
              ensure('granular-bed', 0.62, 'granular prompt');
              ensure('sand', 0.58, 'granular prompt');
            }
            if (/\bbubbles?\b|\bfloat(?:s|ing)?\b|\bbuoyan(?:t|cy)\b/.test(prompt)) {
              ensure('buoyant-body', 0.62, 'buoyancy prompt');
              ensure('water', 0.56, 'buoyancy prompt');
            }
            if (/\bprismatic\b|\bprism\b|\blaser beam\b/.test(prompt)) {
              ensure('optical-prism', 0.62, 'prismatic optics');
            }
            if (/\b(detector|phototube|calorimeter|instrument|probe|sensor)\b/.test(prompt)) {
              ensure('sensor-array', 0.68, prompt.match(/\b(neutrino detector|particle detector|detector|phototube array|calorimeter)\b/)?.[0] || 'instrument detector');
            }
            if (/\b(readout|readouts|telemetry|measurement)\b/.test(prompt)) {
              ensure('data-recorder', 0.64, prompt.match(/\b(calorimeter readouts|phase readout|readouts?|telemetry|measurement)\b/)?.[0] || 'instrument readout');
            }
            if (/\b(photon|photons|cherenkov|light cone|photon cone|photon cones|laser|beam)\b/.test(prompt)) {
              ensure('light-source', 0.62, prompt.match(/\b(cherenkov|photon cones?|light cone|laser beam|photon)\b/)?.[0] || 'photon cone');
              ensure('optics', 0.6, prompt.match(/\b(cherenkov|photon cones?|light|optics)\b/)?.[0] || 'optical photons');
              ensure('radiation', 0.56, prompt.match(/\b(photon|photons|radiation)\b/)?.[0] || 'photon radiation');
            }
            if (/\b(water tank|underground water tank|tank|pressure vessel|chamber)\b/.test(prompt)) {
              ensure('pressure-vessel', 0.62, prompt.match(/\b(underground water tank|water tank|pressure vessel|chamber|tank)\b/)?.[0] || 'tank boundary');
              ensure('water-volume', 0.6, prompt.match(/\b(underground water tank|water tank|water)\b/)?.[0] || 'water tank');
            }
            if (/\b(neutrino|muon|particle track|particle tracks|collider)\b/.test(prompt)) {
              ensure('particle-set', 0.58, prompt.match(/\b(neutrino|muon|particle tracks?|collider)\b/)?.[0] || 'particle track evidence');
            }
            return rows;
          }
    
        function mergeRankedPrimitives(...rowSets) {
            const byId = new Map();
            for (const primitive of rowSets.flat()) {
              if (!primitive || !primitive.id) continue;
              const existing = byId.get(primitive.id);
              if (existing) {
                const preferPrimitive = Number(primitive.score || 0) > Number(existing.score || 0);
                byId.set(primitive.id, {
                  ...(preferPrimitive ? existing : primitive),
                  ...(preferPrimitive ? primitive : existing),
                  score: Math.max(Number(existing.score || 0), Number(primitive.score || 0)),
                  pinned: Boolean(existing.pinned || primitive.pinned),
                });
              } else {
                byId.set(primitive.id, primitive);
              }
            }
            const sorted = Array.from(byId.values())
              .sort((a, b) => Number(b.score || 0) - Number(a.score || 0) || a.id.localeCompare(b.id));
            const pinned = sorted.filter((primitive) => primitive.pinned);
            const selected = pinned.slice();
            for (const primitive of sorted) {
              if (selected.length >= 56) break;
              if (primitive.pinned || selected.some((item) => item.id === primitive.id)) continue;
              selected.push(primitive);
            }
            return selected
              .sort((a, b) => Number(b.score || 0) - Number(a.score || 0) || a.id.localeCompare(b.id));
          }
    
        function worldSpecCompilerConfig(overrides = {}) {
            const deterministicRuntime = overrides.deterministicRuntime === true;
            return Object.fromEntries(Object.entries({
              schema: 'simulatte.worldSpecCompilerConfig.v1',
              deterministicRuntime,
              compilerLane: overrides.compilerLane || '',
              simulationProof: overrides.simulationProof && typeof overrides.simulationProof === 'object'
                ? overrides.simulationProof
                : deterministicRuntime ? DEFAULT_SIMULATION_PROOF_POLICY : null,
              params: overrides.params && typeof overrides.params === 'object' ? overrides.params : {},
              retrievalPhase: overrides.retrievalPhase || '',
              classificationTierId: overrides.classificationTierId || '',
              classificationTierPolicy: overrides.classificationTierPolicy || null,
              classificationCalibration: overrides.classificationCalibration || null,
              embeddingModel: overrides.embeddingModel || '',
              embeddingBackend: overrides.embeddingBackend || '',
              modelSelection: overrides.modelSelection || null,
              constructionApproach: overrides.constructionApproach &&
                typeof overrides.constructionApproach === 'object'
                ? overrides.constructionApproach
                : null,
              allowPrototypeFallback: overrides.allowPrototypeFallback === true ? true : null,
            }).filter(([, value]) => value !== '' && value !== null));
          }
    
        function resolveIntentToSpec(intentInput, overrides = {}) {
            const intent = intentInput && intentInput.schema === 'simulatte.intent.v1'
              ? intentInput : scope.createIntentFromPrompt('');
            if (intent.phaseArtifacts && intent.phaseArtifacts.phase3) {
              const phases = Object.fromEntries([1, 2, 3].map(phase => [`phase${phase}`,
                scope.phaseContracts.legacyPhaseProjection(intent.phaseArtifacts[`phase${phase}`])]));
              const candidate = {
                schema: 'simulatte.worldSpecCandidate.v1',
                intent: scope.phaseContracts.immutableArtifact({ ...intent, phaseArtifacts: {} }),
                compilerConfig: worldSpecCompilerConfig(overrides),
              };
              phases.phase3 = { ...phases.phase3, artifact: { ...phases.phase3.artifact,
                retrievalRerankResult: { ...phases.phase3.artifact.retrievalRerankResult, worldSpecCandidate: candidate } } };
              phases.phase4 = scope.runPhase4GroundedIntent(phases.phase3);
              return compileWorldSpecPhases(phases, overrides);
            }
            const { schema, templateId, ...worldSpecInput } = scope.buildWorldSpecInput(intent, overrides);
            return scope.createSpec(templateId, {
              ...worldSpecInput,
              intent,
              onPhaseProgress: overrides.onPhaseProgress,
              phaseArtifacts: intent.phaseArtifacts || null,
              compilerConfig: worldSpecCompilerConfig(overrides),
            });
          }
    
        function createSpecFromPrompt(promptText = '', overrides = {}) {
            const intent = scope.createIntentFromPrompt(promptText, overrides);
            return compileWorldSpecPhases(intent.phaseArtifacts, overrides);
          }
    
        function compileWorldSpecPhases(phases, overrides) {
            scope.reportCompilePhaseProgress(overrides, 'simulation', 0, 'Compiling simulation');
            const phase5 = scope.runPhase5SimulationCompile(phases.phase4);
            scope.reportCompilePhaseProgress(overrides, 'simulation', 100, 'Simulation compiled');
            scope.reportCompilePhaseProgress(overrides, 'visual', 0, 'Building VisualIR');
            const phase6 = scope.runPhase6VisualCompile(phase5);
            scope.reportCompilePhaseProgress(overrides, 'visual', 100, 'VisualIR ready');
            return scope.projectWorldSpec({ ...phases, phase5, phase6 });
          }
    
        function titleFromPrompt(words) {
            const stop = new Set(['a', 'an', 'and', 'the', 'with', 'to', 'of', 'for', 'from', 'that', 'uses', 'use', 'build', 'make', 'create', 'simulate', 'simulation']);
            const keep = words.filter((word) => !stop.has(word)).slice(0, 6);
            if (!keep.length) return '';
            return keep.map((word) => word.charAt(0).toUpperCase() + word.slice(1)).join(' ');
          }
    
        function seedFromString(text) {
            return scope.fnv1a32(text || '') % 100000;
          }
    
        function remixSpec(inputSpec, overrides = {}) {
            const spec = scope.normalizeSpec(inputSpec);
            const params = { ...spec.params };
            // Reproducible remix: seed from an explicit override when provided, otherwise
            // from the spec identity. No wall-clock entropy on the compute path, so the
            // same spec (or same seed) always remixes to the same parameters.
            const seed = Number.isFinite(Number(overrides.seed))
              ? Number(overrides.seed)
              : seedFromString(spec.id || spec.name || '');
            const remixIdentity = seedFromString([
              spec.id,
              seed,
              overrides.name || '',
            ].join(':'));
            let keyIndex = 0;
            for (const [key, , min, max] of scope.controlsForSpec(spec)) {
              const span = Number(max) - Number(min);
              const drift = span * (scope.hashNoise(seed + keyIndex, key.length + spec.id.length) - 0.5) * 0.12;
              params[key] = scope.clamp(Number(params[key]) + drift, Number(min), Number(max));
              keyIndex += 1;
            }
            return scope.createSpec(spec.templateId, {
              ...spec,
              ...overrides,
              id: overrides.id || `${scope.slugify(overrides.name || spec.name)}-remix-${remixIdentity.toString(36)}`,
              name: overrides.name || `${spec.name} Remix`,
              modules: overrides.modules || spec.modules,
              objects: overrides.objects || spec.objects,
              controls: overrides.controls || spec.controls,
              params: { ...params, ...(overrides.params || {}) },
              remixOf: spec.id,
            });
          }
    
        function createSimulationState(spec) {
            const normalized = scope.normalizeSpec(spec);
            let state;
            if (normalized.templateId === 'blank-world') state = scope.createBlankState(normalized);
            else if (normalized.templateId === 'custom-world') state = scope.createCustomState(normalized);
            else if (normalized.templateId === 'fluid-vortex') state = createFluidState(normalized.params);
            else if (normalized.templateId === 'reaction-diffusion') state = scope.createReactionState(normalized.params);
            else state = createState(normalized.params);
            return scope.withInteractionState
              ? scope.withInteractionState(state, normalized.interactionIR)
              : state;
          }
    
        function stepSimulation(inputState, spec, dt) {
            const normalized = scope.normalizeSpec(spec);
            if (normalized.templateId === 'blank-world') return scope.stepBlankState(inputState, normalized, dt);
            if (normalized.templateId === 'custom-world') return scope.stepCustomState(inputState, normalized, dt);
            if (normalized.templateId === 'fluid-vortex') return stepFluidState(inputState, normalized.params, dt);
            if (normalized.templateId === 'reaction-diffusion') return scope.stepReactionState(inputState, normalized.params, dt);
            return stepState(inputState, normalized.params, dt);
          }
    
        function solarPower(params) {
            return Math.max(0, params.irradiance) * Math.max(0, params.panelArea) * scope.clamp(params.panelEfficiency, 0, 1);
          }
    
        function magnetPosition(angle, radius) {
            return {
              x: Math.cos(angle) * radius,
              y: Math.sin(angle) * radius,
            };
          }
    
        function createState(params = {}) {
            const next = { ...scope.DEFAULT_PARAMS, ...params };
            return {
              kind: 'magnetic-wheel',
              t: 0,
              theta: 0.12,
              omega: 0,
              sliderAngle: 0,
              sliderVelocity: 0,
              solarBufferJ: 0,
              solarInputJ: 0,
              actuatorWorkJ: 0,
              wheelWorkJ: 0,
              loadOutputJ: 0,
              frictionLossJ: 0,
              generatorLossJ: 0,
              lastTorque: 0,
              lastMagneticTorque: 0,
              lastActuatorPower: 0,
              lastSolarPower: solarPower(next),
              lastLoadPower: 0,
              params: next,
            };
          }
    
        function magneticTorque(state, params) {
            const wheelMagnets = 10;
            const wheelRadius = 1.0;
            const sliderRadius = 1.42;
            const stator = magnetPosition(state.sliderAngle, sliderRadius);
            let torque = 0;
            for (let i = 0; i < wheelMagnets; i += 1) {
              const pole = i % 2 === 0 ? 1 : -1;
              const angle = state.theta + (i / wheelMagnets) * scope.TAU;
              const rotor = magnetPosition(angle, wheelRadius);
              const dx = rotor.x - stator.x;
              const dy = rotor.y - stator.y;
              const dist2 = Math.max(0.055, dx * dx + dy * dy);
              const tangent = { x: -Math.sin(angle), y: Math.cos(angle) };
              const forceScale = params.magneticStrength * pole / (dist2 * Math.sqrt(dist2));
              const tangentialForce = (dx * tangent.x + dy * tangent.y) * forceScale;
              torque += tangentialForce * wheelRadius;
            }
            return scope.clamp(torque, -2.8, 2.8);
          }
    
        function sliderTargetAngle(state, params) {
            const sunCycle = Math.sin(state.t * 0.42);
            const commutation = state.theta + params.sliderPhase * scope.TAU;
            return scope.wrapAngle(commutation + sunCycle * params.sliderAmplitude);
          }
    
        function stepState(inputState, inputParams, dtInput) {
            const params = { ...inputState.params, ...inputParams };
            const state = { ...inputState, params };
            const dt = scope.clamp(Number(dtInput || 0.016), 0.001, 0.05);
            const sunPower = solarPower(params);
            state.solarInputJ += sunPower * dt;
            state.solarBufferJ += sunPower * dt;
    
            const target = sliderTargetAngle(state, params);
            const sliderError = scope.shortestAngle(state.sliderAngle, target);
            const desiredVelocity = scope.clamp(sliderError * 8, -3.6, 3.6);
            const velocityDelta = desiredVelocity - state.sliderVelocity;
            const actuatorPowerRequest = Math.abs(velocityDelta) * 9.5 + Math.abs(desiredVelocity) * 1.2;
            const actuatorPower = Math.min(state.solarBufferJ / dt, actuatorPowerRequest);
            const actuatorScale = actuatorPowerRequest > 0 ? actuatorPower / actuatorPowerRequest : 1;
            state.sliderVelocity += velocityDelta * actuatorScale * scope.clamp(params.actuatorEfficiency, 0.05, 1);
            state.sliderVelocity *= 0.92;
            state.sliderAngle = scope.wrapAngle(state.sliderAngle + state.sliderVelocity * dt);
            state.solarBufferJ = Math.max(0, state.solarBufferJ - actuatorPower * dt);
            state.actuatorWorkJ += actuatorPower * dt;
    
            let magTorque = magneticTorque(state, params);
            const predictedOmega = state.omega + (magTorque / Math.max(0.05, params.wheelInertia)) * dt;
            const fieldPowerRequest = Math.max(0, magTorque * predictedOmega) / scope.clamp(params.actuatorEfficiency, 0.05, 1);
            const fieldPower = Math.min(state.solarBufferJ / dt, fieldPowerRequest);
            const fieldScale = fieldPowerRequest > 0 ? fieldPower / fieldPowerRequest : 1;
            magTorque *= fieldScale;
            state.solarBufferJ = Math.max(0, state.solarBufferJ - fieldPower * dt);
            state.actuatorWorkJ += fieldPower * dt;
            const loadTorque = Math.sign(state.omega || magTorque || 1) * Math.min(Math.abs(params.loadTorque), Math.abs(state.omega) * 0.18 + 0.08);
            const frictionTorque = state.omega * params.friction;
            const netTorque = magTorque - frictionTorque - loadTorque;
            const alpha = netTorque / Math.max(0.05, params.wheelInertia);
            state.omega += alpha * dt;
            state.omega *= 0.999;
            state.theta = scope.wrapAngle(state.theta + state.omega * dt);
    
            const magneticPower = magTorque * state.omega;
            const loadPower = Math.max(0, loadTorque * state.omega);
            const frictionPower = Math.max(0, frictionTorque * state.omega);
            const generatorLoss = loadPower * 0.08;
            state.wheelWorkJ += magneticPower * dt;
            state.loadOutputJ += loadPower * dt;
            state.frictionLossJ += frictionPower * dt;
            state.generatorLossJ += generatorLoss * dt;
            state.t += dt;
            state.lastTorque = netTorque;
            state.lastMagneticTorque = magTorque;
            state.lastActuatorPower = actuatorPower + fieldPower;
            state.lastSolarPower = sunPower;
            state.lastLoadPower = loadPower;
            return state;
          }
    
        function kineticEnergy(state) {
            return 0.5 * state.params.wheelInertia * state.omega * state.omega;
          }
    
        function energyLedger(state) {
            const stored = kineticEnergy(state) + state.solarBufferJ;
            const spent = state.actuatorWorkJ + state.loadOutputJ + state.frictionLossJ + state.generatorLossJ + stored;
            return {
              solarInputJ: state.solarInputJ,
              actuatorWorkJ: state.actuatorWorkJ,
              wheelKineticJ: kineticEnergy(state),
              loadOutputJ: state.loadOutputJ,
              frictionLossJ: state.frictionLossJ,
              generatorLossJ: state.generatorLossJ,
              solarBufferJ: state.solarBufferJ,
              balanceErrorJ: state.solarInputJ - spent,
              rpm: state.omega * 60 / scope.TAU,
              torqueNm: state.lastTorque,
              magneticTorqueNm: state.lastMagneticTorque,
              solarPowerW: state.lastSolarPower,
              actuatorPowerW: state.lastActuatorPower,
              loadPowerW: state.lastLoadPower,
            };
          }
    
        function createFluidState(params = {}) {
            const next = { ...scope.templateById('fluid-vortex').params, ...params };
            const particles = Array.from({ length: 360 }, (_, index) => ({
              x: scope.hashNoise(3, index),
              y: scope.hashNoise(7, index),
              vx: 0,
              vy: 0,
              age: scope.hashNoise(11, index),
            }));
            return {
              kind: 'fluid-vortex',
              t: 0,
              particles,
              pressure: 0,
              vorticity: 0,
              mixing: 0,
              dragLossJ: 0,
              flowInputJ: 0,
              params: next,
            };
          }
    
        function stepFluidState(inputState, inputParams, dtInput) {
            const params = { ...inputState.params, ...inputParams };
            const dt = scope.clamp(Number(dtInput || 0.016), 0.001, 0.05);
            const state = {
              ...inputState,
              params,
              particles: inputState.particles.map((particle) => ({ ...particle })),
            };
            const obstacle = { x: 0.56, y: 0.52, r: params.obstacleRadius };
            let vorticity = 0;
            let pressure = 0;
            let mixing = 0;
            for (let i = 0; i < state.particles.length; i += 1) {
              const p = state.particles[i];
              const dx = p.x - obstacle.x;
              const dy = p.y - obstacle.y;
              const dist = Math.max(0.018, Math.hypot(dx, dy));
              const nx = dx / dist;
              const ny = dy / dist;
              const wake = Math.exp(-dist / Math.max(0.04, obstacle.r * 2.8));
              const swirl = params.vortexStrength * wake;
              const noise = (scope.hashNoise(Math.floor(state.t * 30), i) - 0.5) * params.turbulence;
              p.vx += (params.inletFlow * 0.55 + -ny * swirl + noise) * dt;
              p.vy += (nx * swirl + params.gravity + noise * 0.35) * dt;
              p.vx *= 1 - params.viscosity * dt * 1.8;
              p.vy *= 1 - params.viscosity * dt * 1.8;
              p.x += p.vx * dt;
              p.y += p.vy * dt;
              if (dist < obstacle.r) {
                p.x = obstacle.x + nx * obstacle.r;
                p.y = obstacle.y + ny * obstacle.r;
                p.vx += nx * 0.4;
                p.vy += ny * 0.4;
                pressure += 1;
              }
              if (p.x > 1.04 || p.y < -0.04 || p.y > 1.04) {
                p.x = -0.03;
                p.y = scope.hashNoise(i, Math.floor(state.t * 10));
                p.vx = params.inletFlow;
                p.vy = 0;
                p.age = 0;
              }
              if (p.x < -0.06) p.x = 1.03;
              p.age = scope.clamp01(p.age + dt * 0.08);
              vorticity += Math.abs(p.vx * ny - p.vy * nx);
              mixing += p.age * (1 - Math.abs(p.y - 0.5) * 1.2);
            }
            const count = state.particles.length || 1;
            state.t += dt;
            state.vorticity = vorticity / count;
            state.pressure = pressure / count * 100;
            state.mixing = scope.clamp01(mixing / count);
            state.flowInputJ += Math.max(0, params.inletFlow) * dt * 12;
            state.dragLossJ += state.vorticity * params.viscosity * dt * 7;
            return state;
          }
    
        root.SimulattePhaseModuleRegistry.define('physicsModel', 'simulatte-physics-model-state-solvers.js', {
          DEFAULT_SIMULATION_PROOF_POLICY,
          addSynthesisComponents,
          materialForSynthesisNode,
          visualRegimeForSynthesisNode,
          visualRegimeForSynthesisText,
          synthesisPrimitiveRows,
          shouldPreferSynthGraph,
          hasCatalogCriticalDomain,
          synthesisReceipt,
          semanticOpenPrimitives,
          lexicalSpanPrimitives,
          dopplerHintPrimitives,
          explicitPromptPrimitiveRows,
          mergeRankedPrimitives,
          worldSpecCompilerConfig,
          resolveIntentToSpec,
          createSpecFromPrompt,
          titleFromPrompt,
          seedFromString,
          remixSpec,
          createSimulationState,
          stepSimulation,
          solarPower,
          magnetPosition,
          createState,
          magneticTorque,
          sliderTargetAngle,
          stepState,
          kineticEnergy,
          energyLedger,
          createFluidState,
          stepFluidState,
        });
    
    })(typeof globalThis !== 'undefined' ? globalThis : window);
    
    (function attachSimulatteSimulationReproducibility(root) {
      const registry = typeof module === 'object' && module.exports
        ? require('../../app/runtime/phase-module-registry.js')
        : root.SimulattePhaseModuleRegistry;
      const scope = registry.family('physicsModel');
      const MAX_PROOF_STEPS = 1024;
      const MAX_PROOF_STEP_SECONDS = 1;
    
      function createSimulationReproducibilityReceiptForSpec(inputSpec, options = {}) {
        const spec = scope.normalizeSpec(inputSpec);
        const requiredClasses = spec.determinism && Array.isArray(spec.determinism.requiredClasses)
          ? spec.determinism.requiredClasses : [];
        if (!requiredClasses.includes('simulation-reproducible')) return null;
        const binding = scope.worldProof.createWorldProofBinding(spec, {
          buildId: options.buildId,
          runtimeId: options.runtimeId,
        });
        const policy = binding && binding.simulationReproducibility &&
          binding.simulationReproducibility.policy || null;
        let baselineState;
        let replayState;
        let error = null;
        try {
          validateExecutionPolicy(policy);
          baselineState = runFixedStepSimulation(spec, policy);
          replayState = runFixedStepSimulation(spec, policy);
        } catch (executionError) {
          error = executionError;
        }
        return scope.worldProof.createSimulationReproducibilityReceipt({
          binding,
          baselineState,
          replayState,
          independentExecution: !error,
          error,
        });
      }
    
      function runFixedStepSimulation(spec, policy) {
        let state = scope.createSimulationState(spec);
        for (let index = 0; index < policy.stepCount; index += 1) {
          state = scope.stepSimulation(state, spec, policy.stepSeconds);
        }
        return state;
      }
    
      function createSimulationPlaybackClock(spec) {
        const policy = spec.source && spec.source.compilerConfig && spec.source.compilerConfig.simulationProof ||
          scope.DEFAULT_SIMULATION_PROOF_POLICY;
        validateExecutionPolicy(policy);
        const stepSeconds = policy.stepSeconds;
        let accumulatedSeconds = 0;
        return Object.freeze({
          stepSeconds,
          advance(state, currentSpec, elapsedSeconds) {
            if (!Number.isFinite(elapsedSeconds) || elapsedSeconds < 0) {
              throw proofPolicyError('SIMULATTE_PLAYBACK_INTERVAL_INVALID', 'Playback interval must be finite and non-negative');
            }
            accumulatedSeconds += elapsedSeconds;
            const available = Math.floor((accumulatedSeconds + stepSeconds * 1e-9) / stepSeconds);
            // Retain excess work as debt instead of changing the simulation timestep.
            const steps = Math.min(available, 64);
            for (let index = 0; index < steps; index += 1) {
              state = scope.stepSimulation(state, currentSpec, stepSeconds);
              accumulatedSeconds = Math.max(0, accumulatedSeconds - stepSeconds);
            }
            return state;
          },
        });
      }
    
      function validateExecutionPolicy(policy) {
        if (!policy || policy.schema !== 'simulatte.simulationReproducibilityPolicy.v1') {
          throw proofPolicyError('SIMULATTE_SIMULATION_PROOF_POLICY_MISSING', 'Simulation proof policy is missing');
        }
        if (!Number.isInteger(policy.stepCount) || policy.stepCount < 1 || policy.stepCount > MAX_PROOF_STEPS) {
          throw proofPolicyError(
            'SIMULATTE_SIMULATION_PROOF_POLICY_UNSAFE',
            `Simulation proof stepCount must be between 1 and ${MAX_PROOF_STEPS}`
          );
        }
        if (!Number.isFinite(policy.stepSeconds) || policy.stepSeconds <= 0 ||
            policy.stepSeconds > MAX_PROOF_STEP_SECONDS) {
          throw proofPolicyError(
            'SIMULATTE_SIMULATION_PROOF_POLICY_UNSAFE',
            `Simulation proof stepSeconds must be greater than 0 and at most ${MAX_PROOF_STEP_SECONDS}`
          );
        }
        if (!Number.isInteger(policy.maxStateNodes) || policy.maxStateNodes < 1) {
          throw proofPolicyError(
            'SIMULATTE_SIMULATION_PROOF_POLICY_UNSAFE',
            'Simulation proof maxStateNodes must be a positive integer'
          );
        }
      }
    
      function proofPolicyError(code, message) {
        const error = new Error(message);
        error.code = code;
        return error;
      }
    
      registry.define('physicsModel', 'simulatte-simulation-reproducibility.js', {
        createSimulationReproducibilityReceiptForSpec,
        runFixedStepSimulation,
        createSimulationPlaybackClock,
      });
    })(typeof globalThis !== 'undefined' ? globalThis : window);
    
    (function attachSimulatteSafetyProof(root) {
      const registry = typeof module === 'object' && module.exports
        ? require('../../app/runtime/phase-module-registry.js')
        : root.SimulattePhaseModuleRegistry;
      const scope = registry.family('physicsModel');
      const MAX_SAFETY_STEPS = 1024;
      const MAX_SAFETY_STEP_SECONDS = 1;
    
      function createSafetyProofReceiptForSpec(inputSpec, options = {}) {
        const spec = scope.normalizeSpec(inputSpec);
        if (!spec.safety || spec.safety.status !== 'declared') return null;
        const binding = scope.worldProof.createWorldProofBinding(spec, {
          buildId: options.buildId,
          runtimeId: options.runtimeId,
        });
        const policy = binding && binding.simulationReproducibility &&
          binding.simulationReproducibility.policy || null;
        let baselineCheckpoints;
        let replayCheckpoints;
        let error = null;
        try {
          validateSafetyExecutionPolicy(policy);
          baselineCheckpoints = runSafetyExecution(spec, policy);
          replayCheckpoints = runSafetyExecution(spec, policy);
        } catch (executionError) {
          error = executionError;
        }
        return scope.worldProof.createSafetyProofReceipt({
          binding,
          baselineCheckpoints,
          replayCheckpoints,
          independentExecution: !error,
          error,
        });
      }
    
      function runSafetyExecution(spec, policy) {
        const rules = spec.safety.rules;
        let state = scope.createSimulationState(spec);
        const checkpoints = [scope.worldProof.captureSafetyCheckpoint(rules, state, 0)];
        for (let index = 0; index < policy.stepCount; index += 1) {
          state = scope.stepSimulation(state, spec, policy.stepSeconds);
          checkpoints.push(scope.worldProof.captureSafetyCheckpoint(rules, state, index + 1));
        }
        return checkpoints;
      }
    
      function validateSafetyExecutionPolicy(policy) {
        if (!policy || policy.schema !== 'simulatte.simulationReproducibilityPolicy.v1') {
          throw safetyPolicyError('SIMULATTE_SAFETY_PROOF_POLICY_MISSING', 'Safety proof policy is missing');
        }
        if (!Number.isInteger(policy.stepCount) || policy.stepCount < 1 ||
            policy.stepCount > MAX_SAFETY_STEPS) {
          throw safetyPolicyError(
            'SIMULATTE_SAFETY_PROOF_POLICY_UNSAFE',
            `Safety proof stepCount must be between 1 and ${MAX_SAFETY_STEPS}`
          );
        }
        if (!Number.isFinite(policy.stepSeconds) || policy.stepSeconds <= 0 ||
            policy.stepSeconds > MAX_SAFETY_STEP_SECONDS) {
          throw safetyPolicyError(
            'SIMULATTE_SAFETY_PROOF_POLICY_UNSAFE',
            `Safety proof stepSeconds must be greater than 0 and at most ${MAX_SAFETY_STEP_SECONDS}`
          );
        }
      }
    
      function safetyPolicyError(code, message) {
        const error = new Error(message);
        error.code = code;
        return error;
      }
    
      registry.define('physicsModel', 'simulatte-safety-proof.js', {
        createSafetyProofReceiptForSpec,
        runSafetyExecution,
      });
    })(typeof globalThis !== 'undefined' ? globalThis : window);
    
    (function attachSimulattePhysicsModelspecapi(root) {
      const scope = root.SimulattePhaseModuleRegistry.family('physicsModel');
    
        function createReactionState(params = {}) {
            const next = { ...scope.templateById('reaction-diffusion').params, ...params };
            const size = scope.FIELD_GRID;
            const a = new Float32Array(size * size).fill(1);
            const b = new Float32Array(size * size);
            const heat = new Float32Array(size * size);
            const center = size / 2;
            for (let y = 0; y < size; y += 1) {
              for (let x = 0; x < size; x += 1) {
                const dist = Math.hypot(x - center, y - center);
                if (dist < size * 0.12 || scope.hashNoise(x, y) > 0.986) {
                  const idx = y * size + x;
                  b[idx] = 0.9;
                  a[idx] = 0.25;
                }
              }
            }
            return {
              kind: 'reaction-diffusion',
              t: 0,
              size,
              a,
              b,
              heat,
              conversion: 0,
              front: 0,
              entropy: 0,
              params: next,
            };
          }
    
        function laplace(field, size, x, y) {
            const xm = (x + size - 1) % size;
            const xp = (x + 1) % size;
            const ym = (y + size - 1) % size;
            const yp = (y + 1) % size;
            const c = field[y * size + x];
            return (
              field[y * size + xm] +
              field[y * size + xp] +
              field[ym * size + x] +
              field[yp * size + x] -
              4 * c
            );
          }
    
        function stepReactionState(inputState, inputParams, dtInput) {
            const params = { ...inputState.params, ...inputParams };
            const dt = scope.clamp(Number(dtInput || 0.016), 0.001, 0.05);
            const size = inputState.size || scope.FIELD_GRID;
            const a = new Float32Array(inputState.a);
            const b = new Float32Array(inputState.b);
            const heat = new Float32Array(inputState.heat);
            const nextA = new Float32Array(a.length);
            const nextB = new Float32Array(b.length);
            const nextHeat = new Float32Array(heat.length);
            let massB = 0;
            let front = 0;
            let entropy = 0;
            const scale = dt * 8;
            for (let y = 0; y < size; y += 1) {
              for (let x = 0; x < size; x += 1) {
                const idx = y * size + x;
                const av = a[idx];
                const bv = b[idx];
                const reaction = av * bv * bv * (0.75 + params.catalyst * 0.45);
                const da = params.diffusionA * laplace(a, size, x, y) - reaction + params.feedRate * (1 - av);
                const db = params.diffusionB * laplace(b, size, x, y) + reaction - (params.killRate + params.feedRate) * bv;
                const nvA = scope.clamp(av + da * scale, 0, 1);
                const nvB = scope.clamp(bv + db * scale, 0, 1);
                nextA[idx] = nvA;
                nextB[idx] = nvB;
                nextHeat[idx] = scope.clamp(heat[idx] + reaction * scale * 0.22 - params.cooling * heat[idx] * dt, 0, 1);
                massB += nvB;
                front += Math.abs(nvB - bv);
                const local = scope.clamp01(nvB);
                entropy += local > 0 && local < 1 ? -local * Math.log(local) : 0;
              }
            }
            const cells = size * size;
            return {
              kind: 'reaction-diffusion',
              t: inputState.t + dt,
              size,
              a: nextA,
              b: nextB,
              heat: nextHeat,
              conversion: massB / cells,
              front: front / cells,
              entropy: entropy / cells,
              params,
            };
          }
    
        function createBlankState(spec) {
            return {
              kind: 'blank-world',
              t: 0,
              params: { ...scope.templateById('blank-world').params, ...spec.params },
              modules: [],
              objects: [],
            };
          }
    
        function stepBlankState(inputState, spec, dtInput) {
            const dt = scope.clamp(Number(dtInput || 0.016), 0.001, 0.05);
            return {
              ...inputState,
              t: inputState.t + dt,
              params: { ...inputState.params, ...spec.params },
            };
          }
    
        function hasModule(specOrState, moduleName) {
            return (specOrState.modules || []).includes(moduleName);
          }
    
        function isMagneticMachine(spec) {
            return hasModule(spec, 'electromagnetism') &&
              (spec.objects || []).some((object) => /wheel|rotor|slider|magnet/i.test(`${object.id} ${object.role}`));
          }
    
        function createCustomParticles(spec) {
            const count = 120 + Math.round(scope.clamp(spec.params.complexity ?? 0.5, 0, 1) * 220) + (spec.objects || []).length * 16;
            return Array.from({ length: count }, (_, index) => ({
              x: scope.hashNoise(19, index),
              y: scope.hashNoise(23, index),
              vx: (scope.hashNoise(29, index) - 0.5) * 0.08,
              vy: (scope.hashNoise(31, index) - 0.5) * 0.08,
              phase: scope.hashNoise(37, index),
              kind: index % Math.max(1, (spec.objects || []).length),
            }));
          }
    
        function createComponentStates(spec) {
            const graphNodes = spec.contract && spec.contract.graph ? spec.contract.graph.nodes || [] : [];
            const graphStates = Object.fromEntries(graphNodes.map((node) => [node.id, node.state || {}]));
            return Object.fromEntries((spec.objects || []).map((object) => [
              object.id,
              {
                ...(graphStates[object.id] || {}),
                ...(object.state || {}),
              },
            ]));
          }
    
        function stepComponentStates(inputStates, spec, params, dt) {
            const next = {};
            const interactions = scope.interactionTotals(spec.contract);
            const operators = scope.operatorTotals(spec.contract);
            const heatDelta = ((params.heatTransfer || 0) * 0.02 + (operators.heat || 0)) * dt;
            const moistureDelta = ((params.moisture || 0) * 0.01 + Math.min(0, interactions.fire || 0) * 0.02) * dt;
            for (const object of spec.objects || []) {
              const previous = inputStates && inputStates[object.id] ? inputStates[object.id] : object.state || {};
              const isFire = /flame|combustion|fire/.test(object.id);
              const isQueue = /queue|market|traffic/.test(object.id);
              const isWater = /water|river|lake/.test(object.id);
              next[object.id] = {
                temperature: scope.clamp01((previous.temperature ?? 0.5) + heatDelta + (isFire ? 0.018 : 0)),
                moisture: scope.clamp01((previous.moisture ?? 0) + moistureDelta + (isWater ? 0.006 : -0.002) * dt),
                charge: scope.clamp((previous.charge ?? 0) + (params.electricField || 0) * dt * 0.01, -1, 1),
                pressure: scope.clamp01((previous.pressure ?? 0) + (params.pressure || 0) * dt * 0.01),
                backlog: scope.clamp01((previous.backlog ?? 0) + (isQueue ? (params.queueBacklog || 0) * dt * 0.02 : 0)),
                fuel: scope.clamp01((previous.fuel ?? 0) - (isFire ? Math.max(0, params.combustibility || 0) * dt * 0.008 : 0)),
                mass: Math.max(0, (previous.mass ?? 0.2) - (isFire ? dt * 0.001 : 0)),
                velocity: scope.clamp01((previous.velocity ?? 0) + (params.flowRate || params.windSpeed || 0) * dt * 0.02),
                health: scope.clamp01((previous.health ?? 1) - Math.max(0, params.infectionRate || 0) * dt * 0.006),
                inventory: scope.clamp01((previous.inventory ?? 0) + (isQueue ? (params.marketDemand || 0) * dt * 0.012 : 0)),
              };
            }
            return next;
          }
    
        function componentStatesFromSolverState(spec, solverState) {
            const channels = solverState && solverState.channels || {};
            const baseStates = createComponentStates(spec);
            const renderObjects = spec.renderIR && Array.isArray(spec.renderIR.objects) ? spec.renderIR.objects : [];
            const byPhysicalRef = new Map(renderObjects.map((object) => [object.physicalRef, object]));
            const entries = [];
            for (const object of spec.objects || []) {
              const renderObject = byPhysicalRef.get(object.id) ||
                renderObjects.find((row) => row.semanticRef && String(row.semanticRef).includes(object.id)) ||
                null;
              const entityId = renderObject ? renderObject.physicalRef : object.id;
              entries.push([object.id, {
                ...(baseStates[object.id] || {}),
                ...componentStateForEntity(entityId, channels),
              }]);
            }
            for (const renderObject of renderObjects) {
              if (entries.some(([id]) => id === renderObject.physicalRef)) continue;
              entries.push([renderObject.physicalRef, componentStateForEntity(renderObject.physicalRef, channels)]);
            }
            return Object.fromEntries(entries);
          }
    
        function componentStateForEntity(entityId, channels) {
            const state = {};
            for (const [channel, value] of Object.entries(channels || {})) {
              if (!channel.endsWith(`:${entityId}`)) continue;
              const key = channel.split(':')[0];
              state[key] = cloneChannelValue(value);
            }
            return state;
          }
    
        function particlesFromSolverState(spec, solverState) {
            const objects = spec.renderIR && Array.isArray(spec.renderIR.objects)
              ? spec.renderIR.objects
              : [];
            const channels = solverState && solverState.channels || {};
            const rows = [];
            const maxObjects = Math.min(objects.length, 10);
            for (let objectIndex = 0; objectIndex < maxObjects; objectIndex += 1) {
              const object = objects[objectIndex];
              const position = channelVector(channels[`position:${object.physicalRef}`], {
                x: 0.24 + objectIndex * 0.055,
                y: 0.5,
              });
              const velocity = channelVector(
                channels[`flowVelocity:${object.physicalRef}`] || channels[`velocity:${object.physicalRef}`],
                { x: 0, y: 0 }
              );
              const activity = channelMagnitude(channels[`temperature:${object.physicalRef}`]) +
                channelMagnitude(channels[`angularVelocity:${object.physicalRef}`]) +
                channelMagnitude(channels[`damage:${object.physicalRef}`]);
              for (let i = 0; i < 8; i += 1) {
                const phase = scope.hashNoise(objectIndex + 43, i + 11);
                rows.push({
                  x: scope.clamp(position.x + (phase - 0.5) * 0.16 + velocity.x * 0.02, 0.02, 0.98),
                  y: scope.clamp(position.y + (scope.hashNoise(i + 17, objectIndex + 5) - 0.5) * 0.12 + velocity.y * 0.02, 0.02, 0.98),
                  vx: velocity.x * 0.04,
                  vy: velocity.y * 0.04,
                  phase,
                  kind: objectIndex,
                  activity,
                });
              }
            }
            return rows;
          }
    
        function deriveSolverSummary(solverState, spec) {
            if (scope.deriveChannelSummary && solverState && solverState.channels) {
              return scope.deriveChannelSummary(
                solverState.channels,
                spec.solverGraph ? spec.solverGraph.channelMetadata || {} : {}
              );
            }
            return {
              energy: 0,
              motion: 0,
              field: 0,
              matter: 0,
              heat: 0,
              stability: 1,
            };
          }
    
        function channelVector(value, fallback) {
            if (value && typeof value === 'object') {
              const x = Number(value.x);
              const y = Number(value.y);
              return {
                x: Number.isFinite(x) ? x : fallback.x,
                y: Number.isFinite(y) ? y : fallback.y,
              };
            }
            return fallback;
          }
    
        function channelMagnitude(value) {
            if (value && typeof value === 'object') {
              const x = Number(value.x || 0);
              const y = Number(value.y || 0);
              return Number.isFinite(x + y) ? Math.hypot(x, y) : 0;
            }
            const number = Number(value);
            return Number.isFinite(number) ? Math.abs(number) : 0;
          }
    
        function cloneChannelValue(value) {
            if (value && typeof value === 'object') return { ...value };
            return value;
          }
    
        function createCustomState(spec) {
            const params = { ...scope.templateById('custom-world').params, ...spec.params };
            const solverState = spec.solverGraph && scope.createSolverState
              ? scope.createSolverState(spec.solverGraph)
              : null;
            if (solverState) {
              const summary = solverState.summary || deriveSolverSummary(solverState, spec);
              return {
                kind: 'custom-world',
                t: solverState.t,
                params,
                modules: spec.modules,
                objects: spec.objects,
                solverState,
                channelValues: solverState.channels,
                componentStates: componentStatesFromSolverState(spec, solverState),
                particles: particlesFromSolverState(spec, solverState),
                machine: null,
                fluid: null,
                reaction: null,
                energy: summary.energy,
                motion: summary.motion,
                field: summary.field,
                matter: summary.matter,
                heat: summary.heat,
                stability: summary.stability,
              };
            }
            return {
              kind: 'custom-world',
              t: 0,
              params,
              modules: spec.modules,
              objects: spec.objects,
              componentStates: createComponentStates(spec),
              particles: createCustomParticles({ ...spec, params }),
              machine: isMagneticMachine(spec) ? scope.createState(params) : null,
              fluid: hasModule(spec, 'fluid') ? scope.createFluidState({
                ...params,
                inletFlow: params.inletFlow ?? params.flowRate,
                vortexStrength: params.vortexStrength ?? params.fieldStrength,
              }) : null,
              reaction: hasModule(spec, 'chemistry') ? createReactionState(params) : null,
              energy: 0,
              motion: 0,
              field: 0,
              matter: 0,
              heat: 0,
              stability: 1,
            };
          }
    
        function stepCustomState(inputState, spec, dtInput) {
            const params = { ...inputState.params, ...spec.params };
            if (spec.solverGraph && scope.stepSolverState) {
              const sourceState = inputState.solverState || (
                scope.createSolverState ? scope.createSolverState(spec.solverGraph) : null
              );
              if (sourceState) {
                const solverState = scope.stepSolverState(sourceState, spec.solverGraph, dtInput);
                const summary = solverState.summary || deriveSolverSummary(solverState, spec);
                return {
                  ...inputState,
                  t: solverState.t,
                  params,
                  modules: spec.modules,
                  objects: spec.objects,
                  solverState,
                  channelValues: solverState.channels,
                  componentStates: componentStatesFromSolverState(spec, solverState),
                  particles: particlesFromSolverState(spec, solverState),
                  machine: null,
                  fluid: null,
                  reaction: null,
                  energy: summary.energy,
                  motion: summary.motion,
                  field: summary.field,
                  matter: summary.matter,
                  heat: summary.heat,
                  stability: summary.stability,
                };
              }
            }
            const contract = spec.contract || null;
            const interactions = scope.interactionTotals(contract);
            const operatorEffect = scope.operatorTotals(contract);
            const dt = scope.clamp(Number(dtInput || 0.016), 0.001, 0.05);
            const state = {
              ...inputState,
              params,
              modules: spec.modules,
              objects: spec.objects,
              componentStates: stepComponentStates(inputState.componentStates, spec, params, dt),
              particles: inputState.particles.map((particle) => ({ ...particle })),
            };
            if (state.machine) state.machine = scope.stepState(state.machine, params, dt);
            if (state.fluid) {
              state.fluid = scope.stepFluidState(state.fluid, {
                ...params,
                inletFlow: params.inletFlow ?? params.flowRate,
                vortexStrength: params.vortexStrength ?? params.fieldStrength,
              }, dt);
            }
            if (state.reaction) state.reaction = stepReactionState(state.reaction, params, dt);
    
            const field = (params.fieldStrength || 0) +
              (params.magneticStrength || 0) * 0.7 +
              (params.electricField || 0) * 0.52 +
              (interactions.field || 0) * 0.25 +
              (operatorEffect.field || 0) +
              (hasModule(spec, 'gravity') ? Math.abs(params.gravity || 0) : 0);
            const drive = (params.energyInput || 0) + scope.solarPower({ ...scope.DEFAULT_PARAMS, ...params }) / 900;
            const swirl = (params.turbulence || 0) + (params.vortexStrength || 0) * 0.28;
            const damping = scope.clamp(params.damping ?? params.friction ?? 0.08, 0, 0.95);
            const spring = hasModule(spec, 'elasticity') ? scope.clamp(params.springConstant || 0, 0, 1.6) : 0;
            const thermal = hasModule(spec, 'thermal') ? scope.clamp(params.thermalFlux || params.heatTransfer || 0, 0, 1.5) : 0;
            const wave = hasModule(spec, 'wave') || hasModule(spec, 'acoustics') ? scope.clamp(params.waveAmplitude || 0, 0, 1.2) : 0;
            const acoustic = hasModule(spec, 'acoustics') ? scope.clamp(params.soundFrequency || 0.42, 0.05, 1.4) : 0;
            const buoyancy = hasModule(spec, 'buoyancy') ? scope.clamp(params.buoyancy || 0, -0.4, 1.2) : 0;
            const wind = hasModule(spec, 'fluid') ? scope.clamp(params.windSpeed || 0, -1.2, 1.2) : 0;
            const charge = hasModule(spec, 'electricity') || hasModule(spec, 'plasma') ? scope.clamp(params.charge || params.electricField || 0, -1.2, 1.2) : 0;
            const granular = hasModule(spec, 'granular') ? scope.clamp(params.granularFriction || 0.38, 0, 1) : 0;
            const restitution = hasModule(spec, 'collision') ? scope.clamp(params.restitution || 0.72, 0, 1) : 0;
            const control = hasModule(spec, 'control') ? scope.clamp(params.controlGain || 0, 0, 1.5) : 0;
            const signalNoise = hasModule(spec, 'signal') || hasModule(spec, 'noise') ? scope.clamp(params.signalNoise || 0, 0, 1) : 0;
            const latency = hasModule(spec, 'network') ? scope.clamp(params.networkLatency || params.signalDelay || 0, 0, 1.5) : 0;
            const queue = hasModule(spec, 'queue') ? scope.clamp(params.queueBacklog || 0, 0, 1) : 0;
            const service = hasModule(spec, 'queue') || hasModule(spec, 'logistics') ? scope.clamp(params.serviceRate || 0.5, 0.05, 1.5) : 0;
            const terrain = hasModule(spec, 'terrain') ? scope.clamp(params.terrainSlope || 0, -1, 1) : 0;
            const erosion = hasModule(spec, 'erosion') ? scope.clamp(params.erosionRate || 0, 0, 1) : 0;
            const biology = hasModule(spec, 'biology') ? scope.clamp(params.populationGrowth || 0, 0, 1.4) : 0;
            const infection = hasModule(spec, 'biology') || hasModule(spec, 'diffusion') ? scope.clamp(params.infectionRate || 0, 0, 1.2) : 0;
            const adhesion = hasModule(spec, 'surface') ? scope.clamp(params.adhesion || 0, 0, 1.2) : 0;
            const cohesion = hasModule(spec, 'cohesion') || hasModule(spec, 'material') ? scope.clamp(params.cohesion || 0, 0, 1.2) : 0;
            const phase = hasModule(spec, 'phase-change') ? scope.clamp(params.phaseThreshold || 0.5, 0, 1) : 0;
            const latentHeat = hasModule(spec, 'phase-change') ? scope.clamp(params.latentHeat || 0, 0, 1.4) : 0;
            const market = hasModule(spec, 'economics') || hasModule(spec, 'market') ? scope.clamp(params.marketDemand || 0, 0, 1.5) : 0;
            const elasticity = hasModule(spec, 'economics') || hasModule(spec, 'market') ? scope.clamp(params.priceElasticity || 0, 0, 1.2) : 0;
            const solarRadiation = hasModule(spec, 'radiation') ? scope.clamp((params.irradiance || 0) / 1200, 0, 1.5) : 0;
            const fire = hasModule(spec, 'fire') ? scope.clamp((params.combustibility || 0) + (interactions.fire || 0) * 0.3, 0, 1.2) : 0;
            const water = hasModule(spec, 'water') || hasModule(spec, 'liquid') ? scope.clamp(params.moisture || 0.5, 0, 1) : 0;
            const solid = hasModule(spec, 'solid') || hasModule(spec, 'rock') || hasModule(spec, 'wood') ? scope.clamp(params.hardness || 0, 0, 1.5) : 0;
            const metal = hasModule(spec, 'metal') ? scope.clamp(params.conductivity || 0, 0, 1.5) : 0;
            const magneticMaterial = hasModule(spec, 'magnetic') ? scope.clamp(params.magnetization || params.magneticStrength || 0, 0, 1.5) : 0;
            const glass = hasModule(spec, 'glass') ? scope.clamp(1 - (params.opacity || 0), 0, 1) : 0;
            const atomic = hasModule(spec, 'atomic') ? scope.clamp((params.atomicMass || 28) / 120, 0, 2) : 0;
            const bond = hasModule(spec, 'atomic') || hasModule(spec, 'cohesion') ? scope.clamp(params.bondStrength || 0, 0, 1.5) : 0;
            const ionization = hasModule(spec, 'atomic') || hasModule(spec, 'plasma') ? scope.clamp(params.ionization || 0, 0, 1.5) : 0;
            let motionSum = 0;
            for (let i = 0; i < state.particles.length; i += 1) {
              const p = state.particles[i];
              const cx = p.x - 0.5;
              const cy = p.y - 0.5;
              const radius = Math.max(0.03, Math.hypot(cx, cy));
              const tangentX = -cy / radius;
              const tangentY = cx / radius;
              const noise = scope.hashNoise(Math.floor(state.t * 24), i) - 0.5;
              const phase = state.t * (1.8 + acoustic * 4.2) + p.phase * scope.TAU;
              const waveForce = Math.sin(p.x * 10 + phase) * wave;
              const springForceX = -cx * spring * 0.42;
              const springForceY = -cy * spring * 0.42;
              const electricForce = charge / Math.max(0.08, radius * radius);
              const controlPull = control * (0.5 - radius) * 0.08;
              const queuePulse = queue * Math.sin(state.t * (1.2 + service) + p.phase * scope.TAU) * 0.06;
              const terrainPush = terrain * (0.22 + erosion * 0.18);
              const biologyPush = biology * Math.sin(p.x * 7 + state.t * 0.9) * 0.035;
              const infectionPush = infection * Math.cos(p.y * 9 - state.t * 1.1) * 0.03;
              const cohesionPull = (cohesion + bond * 0.72 + atomic * 0.18) * (0.5 - radius) * 0.05;
              const refractionDrift = glass * Math.sin(p.y * 8 + state.t * 0.7) * 0.026;
              const fireLift = fire * (1 - water * 0.72 + Math.min(0, interactions.fire || 0) * 0.18) * 0.18;
              const materialInertia = 1 + solid * 0.44 + metal * 0.28 + atomic * 0.22;
              p.vx += (
                tangentX * (field + magneticMaterial * 0.46 + ionization * 0.22) * 0.18 +
                drive * (0.04 + market * 0.016 + solarRadiation * 0.018) +
                springForceX +
                cx * (electricForce + magneticMaterial * 0.14 + metal * 0.08) * 0.018 +
                wind * 0.22 +
                controlPull * cx +
                cohesionPull * cx +
                queuePulse +
                terrainPush +
                biologyPush +
                refractionDrift +
                noise * (swirl * 0.18 + thermal * 0.16 + signalNoise * 0.22 + fire * 0.16)
              ) * dt;
              p.vy += (
                tangentY * (field + magneticMaterial * 0.46 + ionization * 0.22) * 0.18 +
                (params.gravity || 0) * 0.34 -
                (buoyancy + water * 0.22) * 0.26 -
                fireLift +
                springForceY +
                waveForce * 0.16 +
                cy * (electricForce + magneticMaterial * 0.14 + metal * 0.08) * 0.014 +
                controlPull * cy +
                cohesionPull * cy -
                terrainPush * 0.34 +
                infectionPush +
                noise * (swirl * 0.12 + thermal * 0.12 + signalNoise * 0.18 + fire * 0.14)
              ) * dt;
              const granularDrag = granular && p.y > 0.63 ? 1 + granular * 2.8 : 1;
              const surfaceDrag = adhesion && (p.y > 0.78 || p.x < 0.12 || p.x > 0.88) ? 1 + adhesion * 2.2 : 1;
              const latencyDrag = 1 + latency * 0.24 + Math.max(0, queue - service * 0.5) * 0.28;
              const waterDrag = 1 + water * 0.55;
              p.vx *= 1 - damping * granularDrag * surfaceDrag * latencyDrag * waterDrag * materialInertia * dt * 2.4;
              p.vy *= 1 - damping * granularDrag * surfaceDrag * latencyDrag * waterDrag * materialInertia * dt * 2.4;
              p.x += p.vx * dt;
              p.y += p.vy * dt;
              if (restitution > 0) {
                if (p.x < 0.04 || p.x > 0.96) {
                  p.x = scope.clamp(p.x, 0.04, 0.96);
                  p.vx *= -restitution;
                }
                if (p.y < 0.06 || p.y > 0.94) {
                  p.y = scope.clamp(p.y, 0.06, 0.94);
                  p.vy *= -restitution;
                }
              } else {
                if (p.x < -0.04) p.x = 1.04;
                if (p.x > 1.04) p.x = -0.04;
                if (p.y < -0.04) p.y = 1.04;
                if (p.y > 1.04) p.y = -0.04;
              }
              motionSum += Math.hypot(p.vx, p.vy);
            }
    
            const machineLedger = state.machine ? scope.energyLedger(state.machine) : null;
            const chemistryHeat = state.reaction ? maxField(state.reaction.heat) : 0;
            const fluidMotion = state.fluid ? state.fluid.vorticity : 0;
            state.t += dt;
            state.energy += (drive + solarRadiation * 0.42 + fire * 0.36 + market * (1 - elasticity * 0.22) + queue * 0.12) * dt * 10;
            state.motion = motionSum / Math.max(1, state.particles.length) +
              (machineLedger ? Math.abs(machineLedger.rpm) / 80 : 0) +
              fluidMotion +
              Math.max(0, interactions.motion || 0) * 0.04 +
              Math.max(0, operatorEffect.motion || 0) * 0.04;
            state.field = field + magneticMaterial * 0.34 + metal * 0.12 + control * 0.16 + signalNoise * 0.08 + latency * 0.05;
            state.matter = (state.fluid ? state.fluid.mixing : 0) +
              (state.reaction ? state.reaction.conversion : 0) +
              granular * 0.12 +
              buoyancy * 0.06 +
              biology * 0.1 +
              erosion * 0.07 +
              cohesion * 0.04 +
              solid * 0.05 +
              atomic * 0.04 +
              (interactions.matter || 0) * 0.08 +
              (operatorEffect.matter || 0) * 0.08;
            state.heat = chemistryHeat +
              (params.heatTransfer || 0) * 0.12 +
              thermal * 0.18 +
              fire * 0.28 +
              solarRadiation * 0.18 +
              metal * 0.05 +
              (interactions.heat || 0) * 0.08 +
              (operatorEffect.heat || 0) * 0.08 +
              (params.plasmaTemperature || 0) * 0.22 +
              latentHeat * Math.max(0, state.heat - phase * 0.1) +
              (machineLedger ? Math.max(0, machineLedger.actuatorPowerW) / 600 : 0);
            state.stability = scope.clamp01(1 -
              Math.abs(state.field - drive) * 0.14 -
              swirl * 0.11 -
              chemistryHeat * 0.08 -
              thermal * 0.04 -
              fire * (0.12 - water * 0.05) -
              Math.abs(charge) * 0.04 -
              ionization * 0.05 -
              signalNoise * 0.07 -
              latency * 0.05 -
              Math.max(0, queue - service) * 0.1 -
              infection * 0.06 +
              control * 0.05 +
              solid * 0.03 +
              bond * 0.03 +
              (interactions.stability || 0) * 0.08 +
              (operatorEffect.stability || 0) * 0.08);
            return state;
          }
    
        function formatMetric(value, digits = 1) {
            if (!Number.isFinite(value)) return '0';
            return value.toFixed(digits);
          }
    
        function readoutValues(state, spec) {
            if (spec.templateId === 'blank-world') {
              return {
                modules: '0',
                objects: '0',
                forces: '0',
                sources: '0',
                sinks: '0',
                canvas: formatMetric(state.params.canvasScale, 2),
              };
            }
            if (spec.templateId === 'custom-world') {
              const usesContractReadouts = customSpecHasContractReadouts(spec);
              const channelReadouts = hasCompiledSpecArtifacts(spec) && !usesContractReadouts && state.solverState
                ? channelReadoutValues(state, spec)
                : null;
              if (channelReadouts) return channelReadouts;
              const generic = {
                energy: formatMetric(state.energy, 1),
                motion: formatMetric(state.motion * 100, 1),
                field: formatMetric(state.field, 2),
                matter: formatMetric(state.matter * 100, 0),
                heat: formatMetric(state.heat * 100, 0),
                stability: formatMetric(state.stability * 100, 0),
              };
              const labels = readoutLabelsForSpec(spec);
              return Object.fromEntries(labels.map((label) => [
                label,
                contextualReadoutValue(label, state, spec, generic),
              ]));
            }
            if (spec.templateId === 'fluid-vortex') {
              return {
                flow: formatMetric(state.params.inletFlow, 2),
                pressure: formatMetric(state.pressure, 1),
                vorticity: formatMetric(state.vorticity, 2),
                mixing: formatMetric(state.mixing * 100, 0),
                drag: formatMetric(state.dragLossJ, 1),
                age: formatMetric(state.t, 1),
              };
            }
            if (spec.templateId === 'reaction-diffusion') {
              const massB = state.conversion * state.size * state.size;
              return {
                conversion: formatMetric(state.conversion * 100, 1),
                heat: formatMetric(maxField(state.heat) * 100, 0),
                front: formatMetric(state.front * 1000, 2),
                'mass b': formatMetric(massB, 0),
                entropy: formatMetric(state.entropy, 3),
                time: formatMetric(state.t, 1),
              };
            }
            const ledger = scope.energyLedger(state);
            return {
              rpm: formatMetric(ledger.rpm, 1),
              torque: formatMetric(ledger.torqueNm, 2),
              solar: formatMetric(ledger.solarPowerW, 0),
              load: formatMetric(ledger.loadPowerW, 1),
              actuator: formatMetric(ledger.actuatorPowerW, 1),
              balance: formatMetric(ledger.balanceErrorJ, 2),
            };
          }
    
        function maxField(field) {
            let max = 0;
            for (const value of field || []) max = Math.max(max, value);
            return max;
          }
    
        function readoutLabelsForSpec(spec) {
            if (spec.templateId === 'custom-world') {
              if (!hasCompiledSpecArtifacts(spec)) return scope.templateById(spec.templateId).readouts;
              const contract = spec.contract || null;
              if (contract && Array.isArray(contract.readouts) && contract.readouts.length) {
                return contract.readouts.slice(0, 6);
              }
              const renderReadouts = spec.renderIR && Array.isArray(spec.renderIR.readouts)
                ? spec.renderIR.readouts
                : [];
              if (renderReadouts.length) {
                return renderReadouts.slice(0, 6).map((readout) => (
                  String(readout.label || readout.channel || 'readout').replace(/([A-Z])/g, ' $1').trim()
                ));
              }
              return scope.templateById(spec.templateId).readouts;
            }
            return scope.templateById(spec.templateId).readouts;
          }
    
        function customSpecHasContractReadouts(spec) {
            const contract = spec.contract || null;
            return Boolean(contract && Array.isArray(contract.readouts) && contract.readouts.length);
          }
    
        function hasCompiledSpecArtifacts(spec) {
            const intentBrief = spec && spec.intent && spec.intent.intentBrief;
            return Boolean(
              intentBrief && intentBrief.schema &&
              (
                spec && spec.renderIR && spec.renderIR.schema ||
                spec && spec.universeGraph && spec.universeGraph.schema ||
                spec && spec.physicsIR && spec.physicsIR.schema
              )
            );
          }
    
        function channelReadoutValues(state, spec) {
            const bindings = spec.renderIR && Array.isArray(spec.renderIR.readouts)
              ? spec.renderIR.readouts
              : spec.physicsIR && Array.isArray(spec.physicsIR.readouts)
                ? spec.physicsIR.readouts
                : [];
            if (!bindings.length) return null;
            const channels = state.solverState && state.solverState.channels || {};
            const rows = bindings.slice(0, 6).map((binding) => {
              const label = String(binding.label || binding.channel || 'readout').replace(/([A-Z])/g, ' $1').trim();
              return [label, formatMetric(channelMagnitude(channels[binding.channel]), 2)];
            });
            if (!rows.length) return null;
            return Object.fromEntries(rows);
          }
    
        function contextualReadoutValue(label, state, spec, generic) {
            const params = spec.params || {};
            const ledger = state.machine ? scope.energyLedger(state.machine) : null;
            switch (label) {
              case 'fuel load':
                return formatMetric((params.combustibility || 0) * (1 - (params.moisture || 0) * 0.35) * 100, 0);
              case 'burn front':
                return formatMetric((state.heat + state.motion * 0.08) * 100, 0);
              case 'smoke':
                return formatMetric(((params.opacity || 0) * 0.5 + state.heat * 0.3) * 100, 0);
              case 'moisture':
                return formatMetric((params.moisture || 0) * 100, 0);
              case 'wind':
                return formatMetric(Math.abs(params.windSpeed || params.flowRate || 0) * 100, 0);
              case 'containment':
                return formatMetric(state.stability * 100, 0);
              case 'water flow':
                return formatMetric((params.flowRate || params.inletFlow || 0) * 100, 0);
              case 'erosion rate':
                return formatMetric((params.erosionRate || 0) * 100, 0);
              case 'sediment':
                return formatMetric(state.matter * 100, 0);
              case 'slope':
                return formatMetric(Math.abs(params.terrainSlope || params.gravity || 0) * 100, 0);
              case 'terrain loss':
                return formatMetric((state.matter * (params.erosionRate || 0.1)) * 100, 0);
              case 'light':
                return formatMetric((params.lightIntensity || 0) * 100, 0);
              case 'refraction':
                return formatMetric(params.refractiveIndex || 1, 2);
              case 'beam split':
                return formatMetric((state.field + (params.lightIntensity || 0) * 0.2) * 100, 0);
              case 'focus':
                return formatMetric(state.stability * 100, 0);
              case 'grid load':
                return formatMetric((state.energy * 0.12 + (params.marketDemand || 0) * 60) % 100, 0);
              case 'queue backlog':
                return formatMetric((params.queueBacklog || 0) * 100, 0);
              case 'throughput':
                return formatMetric((params.serviceRate || 0) * (1 - (params.queueBacklog || 0) * 0.4) * 100, 0);
              case 'delay':
                return formatMetric((params.networkLatency || params.signalDelay || 0) * 100, 0);
              case 'demand':
                return formatMetric((params.marketDemand || 0) * 100, 0);
              case 'source':
                return formatMetric((params.energyInput || params.irradiance / 1200 || 0) * 100, 0);
              case 'loss':
                return formatMetric((1 - state.stability + state.heat * 0.05) * 100, 0);
              case 'balance':
                return ledger ? formatMetric(ledger.balanceErrorJ, 2) : generic.stability;
              case 'rpm':
                return ledger ? formatMetric(ledger.rpm, 1) : generic.motion;
              case 'timing':
                return formatMetric((params.driveTiming || params.signalDelay || 0) * 100, 0);
              default:
                return generic[label] || '0';
            }
          }
    
        root.SimulattePhaseModuleRegistry.define('physicsModel', 'simulatte-physics-model-spec-api.js', {
          createReactionState,
          laplace,
          stepReactionState,
          createBlankState,
          stepBlankState,
          hasModule,
          isMagneticMachine,
          createCustomParticles,
          createComponentStates,
          stepComponentStates,
          componentStatesFromSolverState,
          componentStateForEntity,
          particlesFromSolverState,
          deriveSolverSummary,
          channelVector,
          channelMagnitude,
          cloneChannelValue,
          createCustomState,
          stepCustomState,
          formatMetric,
          readoutValues,
          maxField,
          readoutLabelsForSpec,
          customSpecHasContractReadouts,
          hasCompiledSpecArtifacts,
          channelReadoutValues,
          contextualReadoutValue,
        });
    
    })(typeof globalThis !== 'undefined' ? globalThis : window);
    
    (function attachSimulattePhysicsModelmetrics(root) {
      const scope = root.SimulattePhaseModuleRegistry.family('physicsModel');
    
        function stateLabel(state, spec) {
            if (spec.templateId === 'blank-world') {
              return 'blank construction plane';
            }
            if (spec.templateId === 'custom-world') {
              const sceneKind = spec.renderProgram && spec.renderProgram.rendererPlan
                ? spec.renderProgram.rendererPlan.sceneKind
                : '';
              if (sceneKind === 'magnetic-machine') return 'composed magnetic machine';
              if (sceneKind === 'fire') return 'elemental reaction world';
              if (sceneKind === 'optics' || sceneKind === 'thin-film') return 'composed optics world';
              if (sceneKind === 'city') return 'composed operations network';
              if (sceneKind === 'watershed') return 'terrain flow world';
              if (sceneKind === 'biology') return 'composed control biology';
              if (sceneKind === 'acoustic') return 'composed wave world';
              if (sceneKind === 'granular') return 'granular physics world';
              if (sceneKind === 'ferrofluid') return 'magnetic fluid world';
                if (sceneKind === 'thermal-plume') return 'thermal plume world';
                if (sceneKind === 'mechanical') return 'mechanical constraint world';
                if (sceneKind === 'weather-atmosphere') return 'weather atmosphere volume';
                if (sceneKind === 'ocean-cryosphere') return 'ocean cryosphere system';
                if (sceneKind === 'grid-energy') return 'energy grid stability field';
                if (sceneKind === 'robotics-control') return 'robotics control workspace';
                if (sceneKind === 'manufacturing-line') return 'manufacturing line field';
                if (sceneKind === 'quantum-instrument') return 'quantum instrument field';
                if (sceneKind === 'chemistry-lab') return 'oscillating chemistry lab';
              if (sceneKind === 'cultural-material') return 'cultural material conservation';
              if (sceneKind === 'venue-crowd') return 'crowd venue field';
              if (sceneKind === 'sport-motion') return 'sport trajectory world';
              if (sceneKind === 'space-instrument') return 'deep space instrument field';
              if (sceneKind === 'planetary-space') return 'planetary space environment';
              if (sceneKind === 'evolution-ecology') return 'evolution ecology landscape';
              if (sceneKind === 'agro-waste-loop') return 'agro waste loop';
              if (sceneKind === 'hazard-atmosphere') return 'hazard atmosphere world';
              if (sceneKind === 'civic-market') return 'civic market network';
              if (sceneKind === 'digital-network') return 'digital network system';
              if (sceneKind === 'clinical-control') return 'clinical control field';
              if (sceneKind === 'restoration-water') return 'restoration water system';
              if (sceneKind === 'advanced-energy') return 'advanced energy chemistry';
              if (scope.hasModule(spec, 'terrain') && scope.hasModule(spec, 'logistics')) return 'composed terrain market';
              if (scope.hasModule(spec, 'phase-change') && scope.hasModule(spec, 'network')) return 'composed phase network';
              if (scope.hasModule(spec, 'biology') && scope.hasModule(spec, 'control')) return 'composed control biology';
              if (scope.hasModule(spec, 'atomic') && scope.hasModule(spec, 'metal')) return 'atomic material world';
              if (scope.hasModule(spec, 'fire') && scope.hasModule(spec, 'water')) return 'elemental reaction world';
              if (scope.hasModule(spec, 'glass') && scope.hasModule(spec, 'magnetic')) return 'raw material optics';
              if (scope.hasModule(spec, 'rock') || scope.hasModule(spec, 'wood') || scope.hasModule(spec, 'metal')) return 'raw material world';
              if (scope.hasModule(spec, 'chemistry') && scope.hasModule(spec, 'fluid')) return 'composed fluid chemistry';
              if (scope.hasModule(spec, 'electromagnetism') && scope.hasModule(spec, 'solar')) return 'composed magnetic machine';
              if (scope.hasModule(spec, 'queue') || scope.hasModule(spec, 'network')) return 'composed operations network';
              if (scope.hasModule(spec, 'optics') && scope.hasModule(spec, 'plasma')) return 'prismatic plasma world';
              if (scope.hasModule(spec, 'optics')) return 'composed optics world';
              if (scope.hasModule(spec, 'plasma') || scope.hasModule(spec, 'electricity')) return 'charged plasma world';
              if (scope.hasModule(spec, 'acoustics') || scope.hasModule(spec, 'wave')) return 'composed wave world';
              if (scope.hasModule(spec, 'granular')) return 'granular physics world';
              if (scope.hasModule(spec, 'elasticity') || scope.hasModule(spec, 'collision')) return 'mechanical constraint world';
              if (scope.hasModule(spec, 'fluid')) return 'composed flow world';
              if (scope.hasModule(spec, 'chemistry')) return 'composed reaction world';
              return 'composed physics world';
            }
            if (spec.templateId === 'fluid-vortex') {
              return state.vorticity > 0.35 ? 'turbulent wake' : 'laminar drift';
            }
            if (spec.templateId === 'reaction-diffusion') {
              return state.front > 0.0004 ? 'reaction front active' : 'diffusing';
            }
            const ledger = scope.energyLedger(state);
            return Math.abs(state.omega) < 0.05 && state.t > 2
              ? 'stalled'
              : ledger.loadPowerW > 0.2
                ? 'spinning under load'
                : 'seeking torque';
          }
    
        root.SimulattePhaseModuleRegistry.define('physicsModel', 'simulatte-physics-model-metrics.js', {
          stateLabel,
        });
    
    })(typeof globalThis !== 'undefined' ? globalThis : window);
    
    (function attachSimulattePhysicsModelcompatibility(root) {
      const scope = root.SimulattePhaseModuleRegistry.family('physicsModel');
    
        const LEDGER_FAILURE_STATUSES = Object.freeze(new Set(['lost', 'failed', 'wrong-identity', 'not-proven']));
    
        const PHASE_CARRY_FORBIDDEN_FIELD_NAMES = Object.freeze([
            'activationCloud',
            'rankedPrimitives',
            'rankedCards',
            'rankedUniverseRows',
            'semanticRag',
            'physicsIR',
            'renderIR',
            'visualIR',
            'renderProgram',
          ]);
    
        const PHASE3_GENERIC_PROMPT_MATCH_VALUES = Object.freeze(new Set([
            'body',
            'component',
            'constraint',
            'entity',
            'field',
            'material',
            'math',
            'object',
            'physics',
            'process',
          ]));
    
        root.SimulattePhaseModuleRegistry.define('physicsModel', 'simulatte-physics-model-compatibility.js', {
          LEDGER_FAILURE_STATUSES,
          PHASE_CARRY_FORBIDDEN_FIELD_NAMES,
          PHASE3_GENERIC_PROMPT_MATCH_VALUES,
        });
    
    })(typeof globalThis !== 'undefined' ? globalThis : window);
    
    (function attachSimulattePhysicsModel(root) {
      if (typeof module === 'object' && module.exports) {
        require('./simulatte-physics-model-dependencies.js');
        require('./simulatte-physics-model-contracts.js');
        require('./simulatte-physics-model-phase-runtime-language.js');
        require('./simulatte-physics-model-phase-retrieval-boundary.js');
        require('./simulatte-physics-model-phase-retrieval.js');
        require('./simulatte-physics-model-activation-verdicts.js');
        require('./simulatte-physics-model-activation-fusion.js');
        require('./simulatte-physics-model-phase3-ledger.js');
        require('./simulatte-interaction-ir.js');
        require('../phase-04-grounded-intent/simulatte-semantic-provenance.js');
        require('../phase-04-grounded-intent/simulatte-world-spec-input.js');
        require('./simulatte-physics-model-phase-grounding.js');
        require('../phase-04-grounded-intent/simulatte-user-override-grounding.js');
        require('../phase-04-grounded-intent/simulatte-intent-proof.js');
        require('../phase-04-grounded-intent/simulatte-semantic-proof.js');
        require('./simulatte-physics-model-phase-visual-execution.js');
        require('./simulatte-physics-model-phase-simulation.js');
        require('./simulatte-world-spec-runtime.js');
        require('../phase-03-retrieval/simulatte-candidate-composition.js');
        require('./simulatte-physics-model-phase-visual-render.js');
        require('./simulatte-physics-model-state-solvers.js');
        require('./simulatte-simulation-reproducibility.js');
        require('./simulatte-safety-proof.js');
        require('./simulatte-physics-model-spec-api.js');
        require('./simulatte-physics-model-metrics.js');
        require('./simulatte-physics-model-compatibility.js');
      }
      const scope = root.SimulattePhaseModuleRegistry.family('physicsModel');
      let api;
    
        api = {
        ...scope.catalog,
        COMPOSITION_SCHEMA: scope.COMPOSITION_SCHEMA,
        INTENT_CLASSIFICATION_SCHEMA: scope.INTENT_CLASSIFICATION_SCHEMA,
        DETERMINISTIC_TFIDF_RANKER_ID: scope.DETERMINISTIC_TFIDF_RANKER_ID,
        NEGATION_RE: scope.NEGATION_RE,
        PHYSICAL_IR_SCHEMA: scope.PHYSICAL_IR_SCHEMA,
        PHASE_OUTPUT_SCHEMAS: scope.PHASE_OUTPUT_SCHEMAS,
        PROMPT_PARSE_SCHEMA: scope.PROMPT_PARSE_SCHEMA,
        RENDER_PROGRAM_SCHEMA: scope.RENDER_PROGRAM_SCHEMA,
        RENDER_EXECUTION_INPUT_SCHEMA: scope.RENDER_EXECUTION_INPUT_SCHEMA,
        RENDER_IR_SCHEMA: scope.RENDER_IR_SCHEMA,
        SEMANTIC_RAG_SCHEMA: scope.SEMANTIC_RAG_SCHEMA,
        SOLVER_GRAPH_SCHEMA: scope.SOLVER_GRAPH_SCHEMA,
        ENERGY_LEDGER_SCHEMA: scope.ENERGY_LEDGER_SCHEMA,
        CHECKPOINT_SCHEMA: scope.CHECKPOINT_SCHEMA,
        INTERACTION_IR_SCHEMA: scope.INTERACTION_IR_SCHEMA,
        INTERACTION_TRANSITION_STATE_SCHEMA: scope.INTERACTION_TRANSITION_STATE_SCHEMA,
        SYNTHESIS_SCHEMA: scope.SYNTHESIS_SCHEMA,
        OBLIGATION_VERDICTS: scope.OBLIGATION_VERDICTS,
        UNIVERSE_GRAPH_SCHEMA: scope.UNIVERSE_GRAPH_SCHEMA,
        VALIDATION_RECEIPT_SCHEMA: scope.VALIDATION_RECEIPT_SCHEMA,
        buildPrimitiveProgram: scope.buildPrimitiveProgram,
        buildCompositionGraph: scope.buildCompositionGraph,
        buildPhysicsIR: scope.buildPhysicsIR,
        classificationSummary: scope.classificationSummary,
        classifyIntentPrompt: scope.classifyIntentPrompt,
        compileCompositionToRenderProgram: scope.compileCompositionToRenderProgram,
        compileRenderIR: scope.compileRenderIR,
        compileInteractionIR: scope.compileInteractionIR,
        compileSolverGraph: scope.compileSolverGraph,
        createPhaseEnvelope: scope.createPhaseEnvelope,
        assertPhaseEnvelope: scope.assertPhaseEnvelope,
        validatePhaseEnvelope: scope.validatePhaseEnvelope,
        validatePhase1RuntimeReady: scope.validatePhase1RuntimeReady,
        validatePhase2LanguageGraph: scope.validatePhase2LanguageGraph,
        validatePhase3RetrievalRerank: scope.validatePhase3RetrievalRerank,
        validatePhase4GroundedIntent: scope.validatePhase4GroundedIntent,
        validatePhase5SimulationCompile: scope.validatePhase5SimulationCompile,
        validatePhase6VisualCompile: scope.validatePhase6VisualCompile,
        validatePhase7RenderExecution: scope.validatePhase7RenderExecution,
        validatePhase8SceneProof: scope.validatePhase8SceneProof,
        runPhase1RuntimeGate: scope.runPhase1RuntimeGate,
        runPhase2LanguageGraph: scope.runPhase2LanguageGraph,
        runPhase3Retrieval: scope.runPhase3Retrieval,
        retrieveIntentCandidates: scope.retrieveIntentCandidates,
        runtimeContextFromOptions: scope.runtimeContextFromOptions,
        runPhase4GroundedIntent: scope.runPhase4GroundedIntent,
        runPhase5SimulationCompile: scope.runPhase5SimulationCompile,
        runPhase6VisualCompile: scope.runPhase6VisualCompile,
        runPhase7RenderExecution: scope.runPhase7RenderExecution,
        runPhase8SceneProof: scope.runPhase8SceneProof,
        obligationVerdictRows: scope.obligationVerdictRows,
        evidenceConflictRows: scope.evidenceConflictRows,
        conflictsBySlotRows: scope.conflictsBySlotRows,
        createRenderExecutionInput: scope.createRenderExecutionInput,
        createBlankState: scope.createBlankState,
        createComponentStates: scope.createComponentStates,
        createCustomState: scope.createCustomState,
        createFluidState: scope.createFluidState,
        createIntentFromPrompt: scope.createIntentFromPrompt,
        createSemanticRag: scope.createSemanticRag,
        createReactionState: scope.createReactionState,
        createSimulationState: scope.createSimulationState,
        createSimulationPlaybackClock: scope.createSimulationPlaybackClock,
        createSimulationReproducibilityReceiptForSpec:
          scope.createSimulationReproducibilityReceiptForSpec,
        createIntentProofReceiptForSpec: scope.createIntentProofReceiptForSpec,
        createSemanticProofReceiptForSpec: scope.createSemanticProofReceiptForSpec,
        createSafetyProofReceiptForSpec: scope.createSafetyProofReceiptForSpec,
        createInteractionCommand: scope.createInteractionCommand,
        createInteractionState: scope.createInteractionState,
        createSolverState: scope.createSolverState,
        createEnergyLedger: scope.createEnergyLedger,
        createSolverCheckpoint: scope.createSolverCheckpoint,
        createSpec: scope.createSpec,
        createSpecFromPrompt: scope.createSpecFromPrompt,
        createState: scope.createState,
        deserializeSpec: scope.deserializeSpec,
        applyWorldSpecEdit: scope.applyWorldSpecEdit,
        compileWorldSpecEdits: scope.compileWorldSpecEdits,
        projectWorldSpec: scope.projectWorldSpec,
        deserializeSolverCheckpoint: scope.deserializeSolverCheckpoint,
        energyLedger: scope.energyLedger,
        formatMetric: scope.formatMetric,
        groundedPrimitiveRows: scope.groundedPrimitiveRows,
        groundUniverseGraph: scope.groundUniverseGraph,
        hydrateImportedWorldSpec: scope.hydrateImportedWorldSpec,
        hasModule: scope.hasModule,
        isMagneticMachine: scope.isMagneticMachine,
        kineticEnergy: scope.kineticEnergy,
        magnetPosition: scope.magnetPosition,
        magneticTorque: scope.magneticTorque,
        maxField: scope.maxField,
        normalizeSpec: scope.normalizeSpec,
        operatorTotals: scope.operatorTotals,
        parsePrompt: scope.parsePrompt,
        rankPrimitivesForClassification: scope.rankPrimitivesForClassification,
        readoutLabelsForSpec: scope.readoutLabelsForSpec,
        readoutValues: scope.readoutValues,
        remixSpec: scope.remixSpec,
        recordWorldSpecEdit: scope.recordWorldSpecEdit,
        restoreSolverCheckpoint: scope.restoreSolverCheckpoint,
        resolveIntentToSpec: scope.resolveIntentToSpec,
        serializeSpec: scope.serializeSpec,
        serializeSolverCheckpoint: scope.serializeSolverCheckpoint,
        sliderTargetAngle: scope.sliderTargetAngle,
        solarPower: scope.solarPower,
        stateLabel: scope.stateLabel,
        stepSolverState: scope.stepSolverState,
        stepBlankState: scope.stepBlankState,
        stepComponentStates: scope.stepComponentStates,
        stepCustomState: scope.stepCustomState,
        stepFluidState: scope.stepFluidState,
        stepReactionState: scope.stepReactionState,
        stepSimulation: scope.stepSimulation,
        applyInteractionCommands: scope.applyInteractionCommands,
        stepState: scope.stepState,
        applyGridBoundaryFlux: scope.applyGridBoundaryFlux,
        buildGridGhostLayer: scope.buildGridGhostLayer,
        synthesizeWorldIntent: scope.synthesizeWorldIntent,
        titleFromPrompt: scope.titleFromPrompt,
        validatePhysicsIR: scope.validatePhysicsIR,
      };
      root.SimulattePhaseModuleRegistry.finalize('physicsModel', {
        requiredExports: Object.keys(api).filter((name) => (
          root.SimulattePhaseModuleRegistry.ownerOf('physicsModel', name)
        )),
      });
      Object.freeze(api);
    
      if (typeof module === 'object' && module.exports) {
          module.exports = api;
        }
      root.SimulattePhysicsModel = api;
    })(typeof globalThis !== 'undefined' ? globalThis : window);
    
  operator: 'match'
  stack: |-
    TestContext.<anonymous> (/home/clocksmith/deco/simulatte/tests/js-shape-suite.cjs:2380:12)
    Test.runInAsyncScope (node:async_hooks:214:14)
    Test.run (node:internal/test_runner/test:1047:25)
    Test.processPendingSubtests (node:internal/test_runner/test:744:18)
    Test.postRun (node:internal/test_runner/test:1173:19)
    Test.run (node:internal/test_runner/test:1101:12)
    async Test.processPendingSubtests (node:internal/test_runner/test:744:7)
  ...
# Subtest: composition shape inference does not classify catalog provenance as cats
ok 11 - composition shape inference does not classify catalog provenance as cats
  ---
  duration_ms: 2.138996
  type: 'test'
  ...
# Subtest: Phase 6 composition accepts semantic authority only from its Phase 5 render boundary
ok 12 - Phase 6 composition accepts semantic authority only from its Phase 5 render boundary
  ---
  duration_ms: 1.853858
  type: 'test'
  ...
# Subtest: pipeline phases load Phase 3 retrieval boundary checks before retrieval work
ok 13 - pipeline phases load Phase 3 retrieval boundary checks before retrieval work
  ---
  duration_ms: 0.210221
  type: 'test'
  ...
1..13
# tests 13
# suites 0
# pass 12
# fail 1
# cancelled 0
# skipped 0
# todo 0
# duration_ms 198.209908

--- js-shape-model-data.test.cjs (cancelled) ---
TEST-RUN files=11/21 tests=73 passed=9 failed=2
