TAP version 13
# Subtest: WorldSpec normalization preserves the accepted bound visual artifact across worker transfer
not ok 1 - WorldSpec normalization preserves the accepted bound visual artifact across worker transfer
  ---
  duration_ms: 1636.274455
  type: 'test'
  location: '/home/clocksmith/deco/simulatte/tests/create-phase-runner.test.cjs:161:1'
  failureType: 'testCodeFailure'
  error: |-
    Expected values to be strictly deep-equal:
    + actual - expected
    ... Skipped lines
    
      {
        artifact: {
          compositionLedger: {
            currentPhase: 6,
            entries: [
    ...
        },
    -   binding: {
    -     artifactDigest: 'sha256:2446551967017a5dca2e75d72cabc6bc9abd78e216b3373ee123ea9eb83823e6',
    -     dependencies: [],
    -     dependencyDigest: 'sha256:4f53cda18c2baa0c0354bb5f9a3ecbe5ed12ab4d8e11ba873c2f11161202b945',
    -     envelopeDigest: 'sha256:3a0a6c0bde5df58c2b80e2fbbbe35e730df4ebe19202bccd5a281490d93d4745',
    -     invocationDigest: 'sha256:44136fa355b3678a1146ad16f7e8649e94fb4fc21fe77e8310c060f61caaff8a',
    -     predecessorDigest: 'sha256:b4d59f5ba0f28e11be42aaa3cf9064027160f50a944373e3a4de9755f7c73052',
    -     producer: {
    -       buildDigest: 'sha256:aaaaaaaaaaaaaaaaaaaaaaaaaaaaaaaaaaaaaaaaaaaaaaaaaaaaaaaaaaaaaaaa',
    -       id: 'test-phase-transform'
    -     },
    -     producerDigest: 'sha256:40c135c8e5fbf871cb7786d980d05fa0200c24e2da2e672e424aa85b24db8b09',
    -     revision: 1,
    -     schema: 'simulatte.phaseBinding.v2'
    -   },
        inputSchema: 'simulatte.phase5.output.v3',
        phase: 6,
        receipts: [
          {
            id: 'phase6-visual-compile',
    ...
        runtimeReceiptId: 'runtime:21xk',
    +   schema: 'simulatte.phase6.output.v2'
    -   schema: 'simulatte.phase6.output.v3'
      }
    
  code: 'ERR_ASSERTION'
  name: 'AssertionError'
  expected:
    artifact:
      compositionLedger:
        currentPhase: 6
        entries:
          0:
            evidenceIds:
              0: 'promptIngress.sourceText'
            id: 'prompt:source'
            kind: 'prompt'
            label: 'source prompt'
            required: true
            source: 'prompt'
            status: 'preserved'
            supportOnly: false
          1:
            evidenceIds:
              0: 'span2'
            id: 'entity:cat'
            inferred: false
            kind: 'entity'
            label: 'cats'
            localGeometryGrammarId: 'object-grammar.cat'
            negated: false
            operatorTypes:
            poseHint: ''
            required: true
            semanticClass: 'biological-agent'
            shapeHints:
              0: 'cat'
            source: 'prompt'
            sourceSpanIds:
              0: 'span2'
            status: 'preserved'
            supportOnly: false
            visualArchetype: 'cat'
        facts:
          catMaterialIds:
          dogMaterialIds:
          genericEvidenceByObligation:
            entity:cat:
              0: 'phase6:entity:surface-cat-1'
              1: 'phase6:render-instance:instance:geometry:geometry-surface-cat-1'
            visual:prompt-count-cat-2-exact-explicit-quantity:
              0: 'phase6:entity:surface-cat-1'
              1: 'phase6:render-instance:instance:geometry:geometry-surface-cat-1'
          hasCat: true
          hasDog: false
          hasLake: false
          hasSpeciesDistinct: false
          hasSubmersion: false
          hasSwimming: false
          hasWake: false
          hasWater: false
          promptVisualSettlements:
            visual:prompt-count-cat-2-exact-explicit-quantity:
              evidence:
                0: 'cardinality:cat:2'
              schema: 'simulatte.promptVisualObligationSettlement.v1'
              status: 'preserved'
          submersionRows:
          swimRows:
          wakeRows:
        losses:
        obligations:
          0:
            id: 'entity:cat'
            kind: 'entity'
            mustPreserveIds:
              0: 'entity:cat'
            ownedByPhase: 3
            phase: 6
            receiptId: 'phase3-retrieval-rerank'
            required: true
            sourceRelationId: ''
            status: 'preserved'
            visualEvidence:
              0: 'phase6:entity:surface-cat-1'
              1: 'phase6:render-instance:instance:geometry:geometry-surface-cat-1'
              2: 'scene-identity:cat'
          1:
            constraintKind: 'count'
            countMode: 'exact'
            countSource: 'explicit-quantity'
            expectedCount: 2
            id: 'visual:prompt-count-cat-2-exact-explicit-quantity'
            kind: 'visual'
            ownedByPhase: 6
            phase: 6
            required: true
            status: 'preserved'
            target: 'Cats'
            targetIdentity: 'cat'
            targetNodeId: 'prompt-body-cat'
            visualEvidence:
              0: 'cardinality:cat:2'
              1: 'phase6:entity:surface-cat-1'
              2: 'phase6:render-instance:instance:geometry:geometry-surface-cat-1'
              3: 'scene-identity:cat'
          2:
            id: 'visual:compiled-scene-packet'
            kind: 'visual'
            ownedByPhase: 6
            phase: 6
            required: true
            status: 'preserved'
            target: 'cats'
            visualEvidence:
              0: 'phase6:render-instance:instance:geometry:geometry-surface-cat-1'
        phaseDeltas:
          0:
            entryId: 'prompt:source'
            operation: 'preserved'
            phase: 1
            receiptId: 'phase1-runtime-context'
          1:
            entryId: 'entity:cat'
            operation: 'preserved'
            phase: 2
            receiptId: 'phase2-language-graph'
          2:
            entryId: 'entity:cat'
            operation: 'preserved'
            phase: 3
            receiptId: 'phase3-retrieval-rerank'
          3:
            operation: 'carried'
            phase: 4
            receiptId: 'phase4-grounded-intent'
          4:
            entryId: 'entity:cat'
            operation: 'preserved'
            phase: 6
            receiptId: 'phase6-visual-compile'
          5:
            entryId: 'visual:prompt-count-cat-2-exact-explicit-quantity'
            operation: 'preserved'
            phase: 6
            receiptId: 'phase6-visual-compile'
          6:
            entryId: 'visual:compiled-scene-packet'
            operation: 'preserved'
            phase: 6
            receiptId: 'phase6-visual-compile'
        relations:
        schema: 'simulatte.sceneCompositionLedger.v1'
        sourcePhase: 1
        sourcePromptHash: 'fnv1a:6bb1d2ea'
        summary:
          failedCount: 0
          loweredCount: 0
          obligationCount: 3
          preservedCount: 3
        unsupported:
      visualCompile:
        camera:
          archetype: 'subject-three-quarter'
          atoms:
            0:
              category: 'camera'
              evidence:
                0: 'object-identity:surface-cat-1'
                1: 'object-shape:animal-body'
              id: 'identity-animal-three-quarter-framing'
              label: 'Identity Animal Three Quarter Framing'
              sourceMappingIds:
              sourceObjectIds:
                0: 'surface-cat-1'
              stagingOnly: true
          depth: 'layered'
          framing: 'subject-three-quarter'
          mode: 'grounded-perspective-depth'
          scale: 'bench'
          scaleTier: 'landscape'
        compositionGraphId: 'compiled-scene-cg'
        compositionLedger:
          currentPhase: 6
          entries:
            0:
              evidenceIds:
                0: 'promptIngress.sourceText'
              id: 'prompt:source'
              kind: 'prompt'
              label: 'source prompt'
              required: true
              source: 'prompt'
              status: 'preserved'
              supportOnly: false
            1:
              evidenceIds:
                0: 'span2'
              id: 'entity:cat'
              inferred: false
              kind: 'entity'
              label: 'cats'
              localGeometryGrammarId: 'object-grammar.cat'
              negated: false
              operatorTypes:
              poseHint: ''
              required: true
              semanticClass: 'biological-agent'
              shapeHints:
                0: 'cat'
              source: 'prompt'
              sourceSpanIds:
                0: 'span2'
              status: 'preserved'
              supportOnly: false
              visualArchetype: 'cat'
          facts:
            catMaterialIds:
            dogMaterialIds:
            genericEvidenceByObligation:
              entity:cat:
                0: 'phase6:entity:surface-cat-1'
                1: 'phase6:render-instance:instance:geometry:geometry-surface-cat-1'
              visual:prompt-count-cat-2-exact-explicit-quantity:
                0: 'phase6:entity:surface-cat-1'
                1: 'phase6:render-instance:instance:geometry:geometry-surface-cat-1'
            hasCat: true
            hasDog: false
            hasLake: false
            hasSpeciesDistinct: false
            hasSubmersion: false
            hasSwimming: false
            hasWake: false
            hasWater: false
            promptVisualSettlements:
              visual:prompt-count-cat-2-exact-explicit-quantity:
                evidence:
                  0: 'cardinality:cat:2'
                schema: 'simulatte.promptVisualObligationSettlement.v1'
                status: 'preserved'
            submersionRows:
            swimRows:
            wakeRows:
          losses:
          obligations:
            0:
              id: 'entity:cat'
              kind: 'entity'
              mustPreserveIds:
                0: 'entity:cat'
              ownedByPhase: 3
              phase: 6
              receiptId: 'phase3-retrieval-rerank'
              required: true
              sourceRelationId: ''
              status: 'preserved'
              visualEvidence:
                0: 'phase6:entity:surface-cat-1'
                1: 'phase6:render-instance:instance:geometry:geometry-surface-cat-1'
                2: 'scene-identity:cat'
            1:
              constraintKind: 'count'
              countMode: 'exact'
              countSource: 'explicit-quantity'
              expectedCount: 2
              id: 'visual:prompt-count-cat-2-exact-explicit-quantity'
              kind: 'visual'
              ownedByPhase: 6
              phase: 6
              required: true
              status: 'preserved'
              target: 'Cats'
              targetIdentity: 'cat'
              targetNodeId: 'prompt-body-cat'
              visualEvidence:
                0: 'cardinality:cat:2'
                1: 'phase6:entity:surface-cat-1'
                2: 'phase6:render-instance:instance:geometry:geometry-surface-cat-1'
                3: 'scene-identity:cat'
            2:
              id: 'visual:compiled-scene-packet'
              kind: 'visual'
              ownedByPhase: 6
              phase: 6
              required: true
              status: 'preserved'
              target: 'cats'
              visualEvidence:
                0: 'phase6:render-instance:instance:geometry:geometry-surface-cat-1'
          phaseDeltas:
            0:
              entryId: 'prompt:source'
              operation: 'preserved'
              phase: 1
              receiptId: 'phase1-runtime-context'
            1:
              entryId: 'entity:cat'
              operation: 'preserved'
              phase: 2
              receiptId: 'phase2-language-graph'
            2:
              entryId: 'entity:cat'
              operation: 'preserved'
              phase: 3
              receiptId: 'phase3-retrieval-rerank'
            3:
              operation: 'carried'
              phase: 4
              receiptId: 'phase4-grounded-intent'
            4:
              entryId: 'entity:cat'
              operation: 'preserved'
              phase: 6
              receiptId: 'phase6-visual-compile'
            5:
              entryId: 'visual:prompt-count-cat-2-exact-explicit-quantity'
              operation: 'preserved'
              phase: 6
              receiptId: 'phase6-visual-compile'
            6:
              entryId: 'visual:compiled-scene-packet'
              operation: 'preserved'
              phase: 6
              receiptId: 'phase6-visual-compile'
          relations:
          schema: 'simulatte.sceneCompositionLedger.v1'
          sourcePhase: 1
          sourcePromptHash: 'fnv1a:6bb1d2ea'
          summary:
            failedCount: 0
            loweredCount: 0
            obligationCount: 3
            preservedCount: 3
          unsupported:
        identityPreservation:
          0:
            acceptedLabel: 'entity:cat'
            packetIdentityType: 'cat'
            schema: 'simulatte.identityPreservationReceipt.v1'
            sourceEntryId: 'entity:cat'
            status: 'preserved'
        interactionProgram:
          actions:
            0:
              commandKind: 'select'
              id: 'select'
              requiredCapability: 'select'
              schema: 'simulatte.interactionAction.v1'
            1:
              commandKind: 'hover'
              id: 'hover'
              requiredCapability: 'select'
              schema: 'simulatte.interactionAction.v1'
            2:
              commandKind: 'clear-hover'
              id: 'clear-hover'
              requiredCapability: ''
              schema: 'simulatte.interactionAction.v1'
            3:
              commandKind: 'grab'
              id: 'grab'
              requiredCapability: 'drag'
              schema: 'simulatte.interactionAction.v1'
            4:
              commandKind: 'drag'
              id: 'drag'
              requiredCapability: 'drag'
              schema: 'simulatte.interactionAction.v1'
            5:
              commandKind: 'release'
              id: 'release'
              requiredCapability: 'drag'
              schema: 'simulatte.interactionAction.v1'
            6:
              commandKind: 'nudge'
              id: 'nudge'
              requiredCapability: 'nudge'
              schema: 'simulatte.interactionAction.v1'
            7:
              commandKind: 'impulse'
              id: 'impulse'
              requiredCapability: 'impulse'
              schema: 'simulatte.interactionAction.v1'
            8:
              commandKind: 'clear-selection'
              id: 'clear-selection'
              requiredCapability: ''
              schema: 'simulatte.interactionAction.v1'
          bindings:
            0:
              actionId: 'hover'
              device: 'pointer'
              event: 'pointermove'
              id: 'pointer-hover'
              schema: 'simulatte.interactionBinding.v1'
            1:
              actionId: 'select'
              button: 0
              device: 'pointer'
              event: 'pointerdown'
              id: 'pointer-select'
              schema: 'simulatte.interactionBinding.v1'
            2:
              actionId: 'grab'
              button: 0
              device: 'pointer'
              event: 'pointerdown'
              id: 'pointer-grab'
              schema: 'simulatte.interactionBinding.v1'
            3:
              actionId: 'drag'
              button: 0
              device: 'pointer'
              event: 'pointerdrag'
              id: 'pointer-drag'
              schema: 'simulatte.interactionBinding.v1'
            4:
              actionId: 'release'
              button: 0
              device: 'pointer'
              event: 'pointerup'
              id: 'pointer-release'
              schema: 'simulatte.interactionBinding.v1'
            5:
              actionId: 'nudge'
              code: 'ArrowLeft'
              device: 'keyboard'
              event: 'keydown'
              id: 'keyboard-left'
              schema: 'simulatte.interactionBinding.v1'
              vector:
                0: -0.035
                1: 0
            6:
              actionId: 'nudge'
              code: 'ArrowRight'
              device: 'keyboard'
              event: 'keydown'
              id: 'keyboard-right'
              schema: 'simulatte.interactionBinding.v1'
              vector:
                0: 0.035
                1: 0
            7:
              actionId: 'nudge'
              code: 'ArrowUp'
              device: 'keyboard'
              event: 'keydown'
              id: 'keyboard-up'
              schema: 'simulatte.interactionBinding.v1'
              vector:
                0: 0
                1: -0.035
            8:
              actionId: 'nudge'
              code: 'ArrowDown'
              device: 'keyboard'
              event: 'keydown'
              id: 'keyboard-down'
              schema: 'simulatte.interactionBinding.v1'
              vector:
                0: 0
                1: 0.035
            9:
              actionId: 'impulse'
              code: 'Space'
              device: 'keyboard'
              event: 'keydown'
              id: 'keyboard-impulse'
              schema: 'simulatte.interactionBinding.v1'
              vector:
                0: 0
                1: -0.7
            10:
              actionId: 'clear-selection'
              code: 'Escape'
              device: 'keyboard'
              event: 'keydown'
              id: 'keyboard-clear'
              schema: 'simulatte.interactionBinding.v1'
          commandOrdering: 'monotonic-sequence-then-arrival-order'
          compiler: 'simulatte.phase6.scene-interaction.compiler.v1'
          coordinateSystem: 'normalized-canvas'
          mappings:
            0:
              capabilities:
                0: 'select'
                1: 'drag'
                2: 'nudge'
                3: 'impulse'
              channels:
                adjust: ''
                angle: 'angle:prompt-body-cat'
                angularVelocity: 'angularVelocity:prompt-body-cat'
                force: 'force:prompt-body-cat'
                position: 'position:prompt-body-cat'
                torque: 'torque:prompt-body-cat'
                velocity: 'velocity:prompt-body-cat'
              initialPosition:
                0: 0.22
                1: 0.34
              packetEntityId: 'surface-cat-1:instance:1'
              physicalEntityId: 'prompt-body-cat'
              pickId: 'surface-cat-1:instance:1'
              schema: 'simulatte.sceneInteractionTargetMap.v1'
              targetId: 'target:prompt-body-cat'
            1:
              capabilities:
                0: 'select'
                1: 'drag'
                2: 'nudge'
                3: 'impulse'
              channels:
                adjust: ''
                angle: 'angle:prompt-body-cat'
                angularVelocity: 'angularVelocity:prompt-body-cat'
                force: 'force:prompt-body-cat'
                position: 'position:prompt-body-cat'
                torque: 'torque:prompt-body-cat'
                velocity: 'velocity:prompt-body-cat'
              initialPosition:
                0: 0.22
                1: 0.34
              packetEntityId: 'surface-cat-1:instance:2'
              physicalEntityId: 'prompt-body-cat'
              pickId: 'surface-cat-1:instance:2'
              schema: 'simulatte.sceneInteractionTargetMap.v1'
              targetId: 'target:prompt-body-cat'
          receipt:
            mappedTargetCount: 2
            phase: 6
            schema: 'simulatte.sceneInteractionCompileReceipt.v1'
            sourceTargetCount: 1
            unmappedTargetIds:
          schema: 'simulatte.sceneInteractionProgram.v1'
          sourceProgramContentHash: 'fnv1a32:07a8db79'
          sourceProgramSchema: 'simulatte.interactionIR.v1'
          targetCount: 2
        lights:
          0:
            color:
              0: 0.96
              1: 0.96
              2: 0.9
            direction:
              0: -0.36
              1: -0.58
              2: 0.72
            id: 'key'
            intensity: 0.86
            kind: 'directional'
          1:
            color:
              0: 0.28
              1: 0.36
              2: 0.44
            id: 'fill'
            intensity: 0.34
            kind: 'ambient'
        passes:
          0: 'background'
          1: 'entities'
        renderInstances:
          0:
            animation:
              affects:
                0: 'surface-cat-1'
              amplitude: 0
              kind: 'static-pose'
              phase: 0
              speed: 0
              stateBinding: 'simulation-time'
            collider:
              bounds:
                0: 0.39904000000000006
                1: 0.25982
                2: 0.32974
                3: 0.1108
              kind: 'ellipse'
              pickId: 'surface-cat-1'
              selectable: true
            confidence: 0.96
            drawOrder: 0
            entityId: 'surface-cat-1'
            evidence:
              0: 'prompt.actor.cat'
              1: 'phase3-prompt-identity'
              2: 'intent-component'
              3: 'semantic-surface-grounder'
              4: 'shape:animal-body'
              5: 'material:soft_tissue'
              6: 'regime:biological'
              7: 'phrase:cats'
              8: 'construction-card:entity.cat'
              9: 'graphics-atom:identity-animal-torso'
              10: 'graphics-atom:identity-animal-head'
              11: 'graphics-atom:identity-animal-limb-rig'
            fieldId: ''
            geometry:
              bounds:
                0: 0.39904000000000006
                1: 0.25982
                2: 0.32974
                3: 0.1108
              constraints:
                0: 'non-overlap'
              id: 'geometry:surface-cat-1'
              instancing:
                count: 12
                mode: 'swarm'
              kind: 'anchored'
              primitive: 'cat-body'
            geometryId: 'geometry:surface-cat-1'
            id: 'instance:geometry:geometry-surface-cat-1'
            identity:
              aliases:
                0: 'cats'
                1: 'cat'
                2: 'prompt.actor.cat'
                3: 'surface-cat-1'
                4: 'generated entity cat: small_mammal'
                5: 'cat-a'
              category: 'animal'
              directlyGrounded: true
              label: 'cats'
              material: 'soft_tissue'
              physicalRef: 'prompt-body-cat'
              primitive: 'cat-body'
              renderClass: 'biological-agent'
              role: 'primary'
              schema: 'simulatte.sceneEntityIdentity.v1'
              semanticClass: 'cat'
              semanticRef: 'prompt.body.cat'
              sourceLabel: 'cats'
              type: 'cat'
              visualArchetype: 'cat'
            layerSlot: 'biological-agent'
            material:
              emissive: false
              emissiveStrength: 0
              fill: '#b7b4aa'
              id: 'soft_tissue'
              kind: 'biological'
              metallic: 0
              opacity: 0.56
              roughness: 0.56
              shader: 'fibrous-cellular-mesh'
              stroke: '#66635c'
            materialId: 'soft_tissue'
            primitive: 'cat-body'
            processId: ''
            reason: 'source graph row is prompt-grounded visual intent'
            sceneKind: 'biology'
            schema: 'simulatte.renderInstance.v1'
            shader: 'fibrous-cellular-mesh'
            sourceGraphId: 'surface-cat-1'
            sourceIds:
              0: 'surface-cat-1'
              1: 'prompt.body.cat'
              2: 'prompt-body-cat'
              3: 'cat-a'
            status: 'accepted'
            transform:
              anchor:
                0: 0.5
                1: 0.5
              position:
                0: 0.56391
                1: 0.31522
                2: 0.469
              rotation:
                0: 0
                1: 0
                2: 0
              scale:
                0: 0.32974
                1: 0.1108
                2: 1
            type: 'geometry'
          1:
            animation:
              affects:
              amplitude: 0.035
              kind: 'state-pulse'
              phase: 0.647
              speed: 0.34
              stateBinding: 'simulation-time'
            collider:
              bounds:
                0: 0.154918513066582
                1: 0.2381834348560505
                2: 0.72
                3: 0.46
              kind: 'bounds'
              pickId: 'graphics-atom:composition-topology-field-map'
              selectable: true
            confidence: 0.64
            drawOrder: 200
            entityId: 'graphics-atom:composition-topology-field-map'
            evidence:
              0: 'graphics-atom:composition-topology-field-map'
              1: 'visual-dialect:biology/animal-gait'
              2: 'composition-topology:field-map'
              3: 'material:soft_tissue'
              4: 'family:biological'
            fieldId: ''
            geometry:
              bounds:
                0: 0.154918513066582
                1: 0.2381834348560505
                2: 0.72
                3: 0.46
              constraints:
              id: 'geometry:atom:composition-topology-field-map'
              instancing: ~
              kind: 'anchored'
              primitive: 'sectioned-surface'
            geometryId: 'geometry:atom:composition-topology-field-map'
            id: 'instance:geometry:geometry-atom-composition-topology-field-map'
            identity:
              category: 'field'
              label: 'field'
              physicalRef: ''
              primitive: 'sectioned-surface'
              renderClass: 'field-sheet'
              schema: 'simulatte.sceneEntityIdentity.v1'
              semanticRef: ''
              type: 'field'
            layerSlot: 'field-sheet'
            material:
              emissive: false
              emissiveStrength: 0
              fill: '#b7b4aa'
              id: 'soft_tissue'
              kind: 'biological'
              metallic: 0
              opacity: 0.56
              roughness: 0.56
              shader: 'fibrous-cellular-mesh'
              stroke: '#66635c'
            materialId: 'soft_tissue'
            primitive: 'sectioned-surface'
            processId: ''
            reason: 'graphics atom geometry compiled from accepted VisualIR operator mapping'
            sceneKind: 'biology'
            schema: 'simulatte.renderInstance.v1'
            shader: 'fibrous-cellular-mesh'
            sourceGraphId: 'graphics-atom:composition-topology-field-map'
            sourceIds:
              0: 'graphics-atom:composition-topology-field-map'
            status: 'accepted'
            transform:
              anchor:
                0: 0.5
                1: 0.5
              position:
                0: 0.514918513066582
                1: 0.4681834348560505
                2: 0.772
              rotation:
                0: 0
                1: 0
                2: -0.041451460155996364
              scale:
                0: 0.72
                1: 0.46
                2: 1
            type: 'geometry'
        rendererPlan:
          dominantRegime: 'biological'
          passOrder:
            0: 'clear'
            1: 'nutrient-field'
            2: 'membranes'
            3: 'growth-front'
            4: 'cells'
          renderer: 'simulatte.regime.biology.v1'
          sceneKind: 'biology'
          schema: 'simulatte.rendererPlan.v1'
          visualGenome:
            cameraArchetype: 'wide-establishing'
            compositionTopology: 'field-map'
            dialect:
              geometryGrammar: 'limb-pairs-and-body-contours'
              layoutGrammar: 'gait-cell-field'
              motionGrammar: 'stride-and-track-pairs'
              paletteAnchor: 'field-green-ochre'
            evidence:
              candidateScores:
                0:
                  id: 'biology/animal-gait'
                  matchedTerms:
                    0:
                      term: 'cat'
                      weight: 5
                    1:
                      term: 'animal'
                      weight: 4
                    2:
                      term: 'mammal'
                      weight: 3
                  score: 12
                1:
                  id: 'biology/plant-growth'
                  matchedTerms:
                  score: 0
                2:
                  id: 'biology/microbiome'
                  matchedTerms:
                  score: 0
                3:
                  id: 'biology/fermentation'
                  matchedTerms:
                  score: 0
                4:
                  id: 'biology/protein-folding'
                  matchedTerms:
                  score: 0
              fieldIds:
              matchedTerms:
                0:
                  term: 'cat'
                  weight: 5
                1:
                  term: 'animal'
                  weight: 4
                2:
                  term: 'mammal'
                  weight: 3
              objectIds:
                0: 'surface-cat-1'
              schema: 'simulatte.visualDialectEvidence.v1'
              semanticRows:
              solverSteps:
                0: 'interaction_kinematics'
              sourceMode: 'prompt-grounded-compiled-objects'
            fieldSignature: 2166136261
            id: 'vg_tmi2t9'
            morphology:
              asymmetry: 0.339
              bandCount: 7
              fieldComplexity: 5
              flowCurl: 0.286
              grain: 0.348
              layoutMode: 'field-map'
              objectScale: 0.942
              particleDensity: 41
              strokeWeight: 2.32
              textureKind: 'contour-hatch'
            motifs:
              0: 'animal-gait-cells'
              1: 'limb-track-pairs'
              2: 'fur-contour-bands'
              3: 'branch-network'
              4: 'cellular-mesh'
              5: 'membrane-rims'
            objectSignature: 3974801144
            palette:
              accentHue: 106
              contrast: 0.72
              hue: 10
              lightness: 0.58
              shadowHue: 226
              warmth: 0.42
            scaleTier: 'landscape'
            sceneKind: 'biology'
            schema: 'simulatte.visualGenome.v1'
            seed: 1791314109
            semanticVisuals:
              archetypes:
              atlas: 'simulatte.semanticVisualAtlas.v1'
              materials:
              overlays:
              processes:
              quality:
                addressableTokens: 0
                coverage: 1
                layerCount: 0
                matchedTokens: 0
                semanticTokens: 14
                unmatchedTokens:
              sceneKind: 'biology'
              schema: 'simulatte.semanticVisualPlan.v1'
              signature: 2641672348
            source: 'compiled-artifact-seeded-procedural'
            sourceHash: 2498739006
            stochastic:
              dimensions:
                0: 'semantic-atlas'
                1: 'semantic-archetype'
                2: 'material-shader'
                3: 'process-overlay'
                4: 'ngram-dna'
                5: 'texture'
                6: 'motif'
                7: 'field-density'
              mode: 'deterministic-compiled-artifact-seeded'
              sampler: 'hash-noise'
            tokens:
              0: 'biology'
              1: 'surface'
              2: 'cat'
              3: 'animal'
              4: 'soft'
              5: 'tissue'
              6: 'entity'
              7: 'small'
              8: 'mammal'
              9: 'cats'
              10: 'biological'
              11: 'grounder'
              12: 'interaction'
              13: 'kinematics'
            visualDialect: 'biology/animal-gait'
            visualDna:
              catalog: 'simulatte.proceduralVisualBase.v1'
              densityBias: 1.15
              hash: 338849929
              laneBias: 2
              ngramCount: 39
              ngrams:
                0:
                  hash: 3227513398
                  hue: 358
                  index: 0
                  lane: 4
                  mark: 7
                  n: 3
                  text: 'biology surface cat'
                  weight: 0.618
                1:
                  hash: 1631598911
                  hue: 71
                  index: 0
                  lane: 5
                  mark: 8
                  n: 2
                  text: 'biology surface'
                  weight: 0.925
                2:
                  hash: 1646341445
                  hue: 245
                  index: 0
                  lane: 0
                  mark: 2
                  n: 1
                  text: 'biology'
                  weight: 0.642
                3:
                  hash: 1497688086
                  hue: 246
                  index: 1
                  lane: 6
                  mark: 3
                  n: 3
                  text: 'surface cat animal'
                  weight: 0.518
                4:
                  hash: 350648623
                  hue: 343
                  index: 1
                  lane: 3
                  mark: 1
                  n: 2
                  text: 'surface cat'
                  weight: 0.787
                5:
                  hash: 1975648720
                  hue: 40
                  index: 1
                  lane: 3
                  mark: 4
                  n: 1
                  text: 'surface'
                  weight: 0.483
                6:
                  hash: 979699224
                  hue: 264
                  index: 2
                  lane: 0
                  mark: 3
                  n: 3
                  text: 'cat animal soft'
                  weight: 0.728
                7:
                  hash: 63528063
                  hue: 303
                  index: 2
                  lane: 4
                  mark: 6
                  n: 2
                  text: 'cat animal'
                  weight: 0.707
                8:
                  hash: 633420050
                  hue: 50
                  index: 2
                  lane: 4
                  mark: 5
                  n: 1
                  text: 'cat'
                  weight: 0.718
                9:
                  hash: 3658756194
                  hue: 234
                  index: 3
                  lane: 2
                  mark: 0
                  n: 3
                  text: 'animal soft tissue'
                  weight: 0.704
                10:
                  hash: 2173795864
                  hue: 304
                  index: 3
                  lane: 2
                  mark: 7
                  n: 2
                  text: 'animal soft'
                  weight: 0.855
                11:
                  hash: 1349003953
                  hue: 73
                  index: 3
                  lane: 3
                  mark: 1
                  n: 1
                  text: 'animal'
                  weight: 0.999
                12:
                  hash: 3182152092
                  hue: 132
                  index: 4
                  lane: 0
                  mark: 6
                  n: 3
                  text: 'soft tissue entity'
                  weight: 0.757
                13:
                  hash: 3941371714
                  hue: 274
                  index: 4
                  lane: 0
                  mark: 4
                  n: 2
                  text: 'soft tissue'
                  weight: 0.98
                14:
                  hash: 2916725840
                  hue: 80
                  index: 4
                  lane: 0
                  mark: 8
                  n: 1
                  text: 'soft'
                  weight: 0.755
                15:
                  hash: 1969883708
                  hue: 68
                  index: 5
                  lane: 2
                  mark: 5
                  n: 3
                  text: 'tissue entity small'
                  weight: 0.643
                16:
                  hash: 2407704544
                  hue: 64
                  index: 5
                  lane: 0
                  mark: 1
                  n: 2
                  text: 'tissue entity'
                  weight: 0.915
                17:
                  hash: 3622008386
                  hue: 146
                  index: 5
                  lane: 3
                  mark: 2
                  n: 1
                  text: 'tissue'
                  weight: 0.481
                18:
                  hash: 2516563591
                  hue: 151
                  index: 6
                  lane: 3
                  mark: 7
                  n: 3
                  text: 'entity small mammal'
                  weight: 0.736
                19:
                  hash: 1132469739
                  hue: 99
                  index: 6
                  lane: 2
                  mark: 0
                  n: 2
                  text: 'entity small'
                  weight: 0.836
                20:
                  hash: 342179643
                  hue: 3
                  index: 6
                  lane: 1
                  mark: 3
                  n: 1
                  text: 'entity'
                  weight: 0.504
                21:
                  hash: 3252145426
                  hue: 106
                  index: 7
                  lane: 5
                  mark: 7
                  n: 3
                  text: 'small mammal cats'
                  weight: 0.737
                22:
                  hash: 3106298484
                  hue: 324
                  index: 7
                  lane: 2
                  mark: 0
                  n: 2
                  text: 'small mammal'
                  weight: 0.917
                23:
                  hash: 2381444438
                  hue: 158
                  index: 7
                  lane: 2
                  mark: 5
                  n: 1
                  text: 'small'
                  weight: 0.857
                24:
                  hash: 2584301379
                  hue: 339
                  index: 8
                  lane: 2
                  mark: 6
                  n: 3
                  text: 'mammal cats biological'
                  weight: 0.846
                25:
                  hash: 1005171893
                  hue: 53
                  index: 8
                  lane: 5
                  mark: 8
                  n: 2
                  text: 'mammal cats'
                  weight: 0.667
                26:
                  hash: 4271547811
                  hue: 211
                  index: 8
                  lane: 6
                  mark: 4
                  n: 1
                  text: 'mammal'
                  weight: 0.672
                27:
                  hash: 2074393775
                  hue: 335
                  index: 9
                  lane: 6
                  mark: 2
                  n: 3
                  text: 'cats biological grounder'
                  weight: 0.919
                28:
                  hash: 2318184592
                  hue: 232
                  index: 9
                  lane: 3
                  mark: 7
                  n: 2
                  text: 'cats biological'
                  weight: 0.456
                29:
                  hash: 493299056
                  hue: 56
                  index: 9
                  lane: 5
                  mark: 2
                  n: 1
                  text: 'cats'
                  weight: 0.881
                30:
                  hash: 154007260
                  hue: 340
                  index: 10
                  lane: 1
                  mark: 7
                  n: 3
                  text: 'biological grounder interaction'
                  weight: 0.532
                31:
                  hash: 2972025115
                  hue: 115
                  index: 10
                  lane: 3
                  mark: 7
                  n: 2
                  text: 'biological grounder'
                  weight: 0.915
              paletteShift: -19
              schema: 'simulatte.compiledVisualDna.v1'
              tokenCount: 14
          visualIdentity:
            cameraArchetype: 'wide-establishing'
            compositionTopology: 'field-map'
            dominantRegime: 'biological'
            fieldKinds:
            materialSignature: 'soft_tissue'
            motifs:
              0: 'animal-gait-cells'
              1: 'limb-track-pairs'
              2: 'fur-contour-bands'
              3: 'branch-network'
              4: 'cellular-mesh'
              5: 'membrane-rims'
            objectCount: 1
            scaleTier: 'landscape'
            sceneKind: 'biology'
            schema: 'simulatte.visualIdentity.v1'
            shapeSignature: 'animal-body'
            solverFamilies:
            visualDialect: 'biology/animal-gait'
            visualGenomeId: 'vg_tmi2t9'
            visualGenomeSeed: 1791314109
          visualObjectLedger:
            acceptedCount: 1
            acceptedIds:
              0: 'surface-cat-1'
            promptGroundedCount: 1
            rejectedCount: 5
            rejectedIds:
              0: 'biomass'
              1: 'membrane'
              2: 'soft-body'
              3: 'diffusion'
              4: 'growth-decay'
            rows:
              0:
                confidence: 0.96
                id: 'surface-cat-1'
                phrase: 'cats'
                promptGrounded: true
                reason: 'source graph row is prompt-grounded visual intent'
                sceneKind: 'biology'
                schema: 'simulatte.visualObjectAcceptance.v1'
                sourceGraphId: 'surface-cat-1'
                sourceIds:
                  0: 'surface-cat-1'
                  1: 'prompt.body.cat'
                  2: 'prompt-body-cat'
                  3: 'cat-a'
                sourceKind: 'semantic-surface-grounder'
                status: 'accepted'
                supportOnly: false
              1:
                confidence: 0.22
                id: 'biomass'
                phrase: 'biomass material'
                promptGrounded: false
                reason: 'catalog solver support kept out of visual evidence'
                sceneKind: 'biology'
                schema: 'simulatte.visualObjectAcceptance.v1'
                sourceGraphId: 'biomass'
                sourceIds:
                  0: 'biomass'
                sourceKind: 'catalog'
                status: 'rejected'
                supportOnly: true
              2:
                confidence: 0.22
                id: 'membrane'
                phrase: 'membrane material'
                promptGrounded: false
                reason: 'catalog solver support kept out of visual evidence'
                sceneKind: 'biology'
                schema: 'simulatte.visualObjectAcceptance.v1'
                sourceGraphId: 'membrane'
                sourceIds:
                  0: 'membrane'
                sourceKind: 'catalog'
                status: 'rejected'
                supportOnly: true
              3:
                confidence: 0.22
                id: 'soft-body'
                phrase: 'soft body physics'
                promptGrounded: false
                reason: 'catalog solver support kept out of visual evidence'
                sceneKind: 'biology'
                schema: 'simulatte.visualObjectAcceptance.v1'
                sourceGraphId: 'soft-body'
                sourceIds:
                  0: 'soft-body'
                sourceKind: 'catalog'
                status: 'rejected'
                supportOnly: true
              4:
                confidence: 0.28
                id: 'diffusion'
                phrase: 'diffusion physics'
                promptGrounded: false
                reason: 'field evidence is rendered by the compiled field program'
                sceneKind: 'biology'
                schema: 'simulatte.visualObjectAcceptance.v1'
                sourceGraphId: 'diffusion'
                sourceIds:
                  0: 'diffusion'
                sourceKind: 'catalog'
                status: 'rejected'
                supportOnly: true
              5:
                confidence: 0.22
                id: 'growth-decay'
                phrase: 'growth decay physics'
                promptGrounded: false
                reason: 'catalog solver support kept out of visual evidence'
                sceneKind: 'biology'
                schema: 'simulatte.visualObjectAcceptance.v1'
                sourceGraphId: 'growth-decay'
                sourceIds:
                  0: 'growth-decay'
                sourceKind: 'catalog'
                status: 'rejected'
                supportOnly: true
            sceneKind: 'biology'
            schema: 'simulatte.visualObjectAcceptanceLedger.v1'
          visualRecipe: ~
        sceneRenderPacket:
          camera:
            archetype: 'subject-three-quarter'
            atoms:
              0:
                category: 'camera'
                evidence:
                  0: 'object-identity:surface-cat-1'
                  1: 'object-shape:animal-body'
                id: 'identity-animal-three-quarter-framing'
                label: 'Identity Animal Three Quarter Framing'
                sourceMappingIds:
                sourceObjectIds:
                  0: 'surface-cat-1'
                stagingOnly: true
            coordinateSystem: 'normalized-canvas'
            depth: 'layered'
            framing: 'subject-three-quarter'
            mode: 'grounded-perspective-depth'
            scale: 'bench'
            scaleTier: 'landscape'
          cameraArchetype: 'wide-establishing'
          compiler: 'simulatte.visual-ir.scene-render-packet.compiler.v1'
          compositionLedger:
            currentPhase: 6
            entries:
              0:
                evidenceIds:
                  0: 'promptIngress.sourceText'
                id: 'prompt:source'
                kind: 'prompt'
                label: 'source prompt'
                required: true
                source: 'prompt'
                status: 'preserved'
                supportOnly: false
              1:
                evidenceIds:
                  0: 'span2'
                id: 'entity:cat'
                inferred: false
                kind: 'entity'
                label: 'cats'
                localGeometryGrammarId: 'object-grammar.cat'
                negated: false
                operatorTypes:
                poseHint: ''
                required: true
                semanticClass: 'biological-agent'
                shapeHints:
                  0: 'cat'
                source: 'prompt'
                sourceSpanIds:
                  0: 'span2'
                status: 'preserved'
                supportOnly: false
                visualArchetype: 'cat'
            facts:
              catMaterialIds:
              dogMaterialIds:
              genericEvidenceByObligation:
                entity:cat:
                  0: 'phase6:entity:surface-cat-1'
                  1: 'phase6:render-instance:instance:geometry:geometry-surface-cat-1'
                visual:prompt-count-cat-2-exact-explicit-quantity:
                  0: 'phase6:entity:surface-cat-1'
                  1: 'phase6:render-instance:instance:geometry:geometry-surface-cat-1'
              hasCat: true
              hasDog: false
              hasLake: false
              hasSpeciesDistinct: false
              hasSubmersion: false
              hasSwimming: false
              hasWake: false
              hasWater: false
              promptVisualSettlements:
                visual:prompt-count-cat-2-exact-explicit-quantity:
                  evidence:
                    0: 'cardinality:cat:2'
                  schema: 'simulatte.promptVisualObligationSettlement.v1'
                  status: 'preserved'
              submersionRows:
              swimRows:
              wakeRows:
            losses:
            obligations:
              0:
                id: 'entity:cat'
                kind: 'entity'
                mustPreserveIds:
                  0: 'entity:cat'
                ownedByPhase: 3
                phase: 6
                receiptId: 'phase3-retrieval-rerank'
                required: true
                sourceRelationId: ''
                status: 'preserved'
                visualEvidence:
                  0: 'phase6:entity:surface-cat-1'
                  1: 'phase6:render-instance:instance:geometry:geometry-surface-cat-1'
                  2: 'scene-identity:cat'
              1:
                constraintKind: 'count'
                countMode: 'exact'
                countSource: 'explicit-quantity'
                expectedCount: 2
                id: 'visual:prompt-count-cat-2-exact-explicit-quantity'
                kind: 'visual'
                ownedByPhase: 6
                phase: 6
                required: true
                status: 'preserved'
                target: 'Cats'
                targetIdentity: 'cat'
                targetNodeId: 'prompt-body-cat'
                visualEvidence:
                  0: 'cardinality:cat:2'
                  1: 'phase6:entity:surface-cat-1'
                  2: 'phase6:render-instance:instance:geometry:geometry-surface-cat-1'
                  3: 'scene-identity:cat'
              2:
                id: 'visual:compiled-scene-packet'
                kind: 'visual'
                ownedByPhase: 6
                phase: 6
                required: true
                status: 'preserved'
                target: 'cats'
                visualEvidence:
                  0: 'phase6:render-instance:instance:geometry:geometry-surface-cat-1'
            phaseDeltas:
              0:
                entryId: 'prompt:source'
                operation: 'preserved'
                phase: 1
                receiptId: 'phase1-runtime-context'
              1:
                entryId: 'entity:cat'
                operation: 'preserved'
                phase: 2
                receiptId: 'phase2-language-graph'
              2:
                entryId: 'entity:cat'
                operation: 'preserved'
                phase: 3
                receiptId: 'phase3-retrieval-rerank'
              3:
                operation: 'carried'
                phase: 4
                receiptId: 'phase4-grounded-intent'
              4:
                entryId: 'entity:cat'
                operation: 'preserved'
                phase: 6
                receiptId: 'phase6-visual-compile'
              5:
                entryId: 'visual:prompt-count-cat-2-exact-explicit-quantity'
                operation: 'preserved'
                phase: 6
                receiptId: 'phase6-visual-compile'
              6:
                entryId: 'visual:compiled-scene-packet'
                operation: 'preserved'
                phase: 6
                receiptId: 'phase6-visual-compile'
            relations:
            schema: 'simulatte.sceneCompositionLedger.v1'
            sourcePhase: 1
            sourcePromptHash: 'fnv1a:6bb1d2ea'
            summary:
              failedCount: 0
              loweredCount: 0
              obligationCount: 3
              preservedCount: 3
            unsupported:
          compositionTopology: 'field-map'
          coordinateSystem:
            bounds:
              0: 0
              1: 0
              2: 1
              3: 1
            origin: 'top-left'
            space: 'normalized-canvas'
          effects:
          entities:
            0:
              animation:
                affects:
                  0: 'surface-cat-1'
                amplitude: 0
                kind: 'static-pose'
                phase: 0
                speed: 0
                stateBinding: 'simulation-time'
              cardinality: 1
              cardinalityReceipt:
                instanceCount: 2
                instanceIndex: 1
                schema: 'simulatte.cardinalityRealization.v1'
                sourceEntityId: 'surface-cat-1'
              collider:
                bounds:
                  0: 0.14182532780203694
                  1: 0.4150535976318046
                  2: 0.3636352617113281
                  3: 0.12682129889246901
                capabilities:
                  0: 'select'
                  1: 'drag'
                  2: 'nudge'
                  3: 'impulse'
                draggable: true
                kind: 'ellipse'
                pickId: 'surface-cat-1:instance:1'
                selectable: true
                targetId: 'target:prompt-body-cat'
              confidence: 0.96
              directlyGrounded: true
              drawOrder: 0
              evidence:
                0: 'prompt.actor.cat'
                1: 'phase3-prompt-identity'
                2: 'intent-component'
                3: 'semantic-surface-grounder'
                4: 'shape:animal-body'
                5: 'material:soft_tissue'
                6: 'regime:biological'
                7: 'phrase:cats'
                8: 'construction-card:entity.cat'
                9: 'graphics-atom:identity-animal-torso'
                10: 'graphics-atom:identity-animal-head'
                11: 'graphics-atom:identity-animal-limb-rig'
              geometry:
                bounds:
                  0: 0.14182532780203694
                  1: 0.4150535976318046
                  2: 0.3636352617113281
                  3: 0.12682129889246901
                constraints:
                  0: 'non-overlap'
                coverage:
                  grammarId: 'object-grammar.cat'
                  identityType: 'cat'
                  literal: true
                  minScale:
                    0: 0.19
                    1: 0.115
                  partCount: 9
                  partIds:
                    0: 'body'
                    1: 'head'
                    2: 'ear-left'
                    3: 'ear-right'
                    4: 'front-leg'
                    5: 'back-leg'
                    6: 'tail'
                    7: 'eye-left'
                    8: 'eye-right'
                  primitiveCount: 3
                  realized: true
                  schema: 'simulatte.objectGeometryCoverage.v1'
                id: 'geometry:surface-cat-1'
                instancing:
                  count: 12
                  mode: 'swarm'
                kind: 'anchored'
                primitive: 'cat-body'
                program:
                  constructionReceipt:
                    basisIds:
                      0: 'ground.small-mammal-body'
                    candidateIds:
                      0: 'entity.cat'
                    exactTargetMatch: true
                    inputPartHintCount: 4
                    literalSlotMatch: true
                    modelEvaluated: false
                    rerankEvaluated: false
                    schema: 'simulatte.constructiveGeometryReceipt.v1'
                    sourceCardIds:
                      0: 'entity.cat'
                    targetEntryId: 'entity:cat'
                    targetIdentityBound: true
                  constructionSelectionReceipt:
                    attempt: 0
                    candidates:
                      0:
                        grammarId: 'object-grammar.cat'
                        obligationScore: 63.75
                        score: 63.75
                        selectionRole: 'identity-catalog'
                        status: 'selected'
                        targetFitScore: 25
                      1:
                        grammarId: 'object-grammar.animal'
                        obligationScore: 38.75
                        score: 38.75
                        selectionRole: 'category-catalog'
                        status: 'eligible'
                        targetFitScore: 25
                      2:
                        grammarId: 'object-grammar.constructive.quadruped.balanced'
                        obligationScore: -0.25
                        score: -0.25
                        selectionRole: 'model-construction'
                        status: 'eligible'
                        targetFitScore: -32
                      3:
                        grammarId: 'object-grammar.constructive.quadruped.elongated'
                        obligationScore: -0.25
                        score: -0.25
                        selectionRole: 'model-construction'
                        status: 'eligible'
                        targetFitScore: -32
                      4:
                        grammarId: 'object-grammar.constructive.quadruped.compact'
                        obligationScore: -0.25
                        score: -0.25
                        selectionRole: 'model-construction'
                        status: 'eligible'
                        targetFitScore: -32
                    rejectedGrammarIds:
                    schema: 'simulatte.constructionSelectionReceipt.v3'
                    searchExhausted: false
                    seed: 0
                    selectedGrammarId: 'object-grammar.cat'
                    strategy: 'prompt-obligation-coverage'
                  grammarId: 'object-grammar.cat'
                  graphicsAtomBindings:
                    camera:
                      0: 'identity-animal-three-quarter-framing'
                    geometry:
                      0: 'identity-animal-torso'
                      1: 'identity-animal-head'
                      2: 'identity-animal-limb-rig'
                    materials:
                      0: 'identity-biological-surface'
                    motion:
                    schema: 'simulatte.entityGraphicsAtomBindings.v1'
                    sourceObjectIds:
                      0: 'cat-a'
                      1: 'prompt-body-cat'
                      2: 'prompt.body.cat'
                      3: 'surface-cat-1'
                  identityType: 'cat'
                  literal: true
                  minScale:
                    0: 0.19
                    1: 0.115
                  morphology:
                    accentPatterns:
                      0: 'soft-rim'
                    contourProfiles:
                      0: 'superellipse'
                      1: 'leaf'
                      2: 'tapered-capsule'
                    identityType: 'cat'
                    schema: 'simulatte.objectMorphologyProgram.v1'
                    seed: 1891058870
                    surfacePatterns:
                      0: 'fur'
                  morphologyReceipt:
                    accentPatterns:
                      0: 'soft-rim'
                    boundedAccentRuleCount: 11
                    boundedContourRuleCount: 12
                    boundedSurfaceRuleCount: 11
                    complexity: 'O(9 parts * 34 bounded rules)'
                    contourDiversity: 0.6
                    contourProfiles:
                      0: 'superellipse'
                      1: 'leaf'
                      2: 'tapered-capsule'
                    distinctivePartCount: 8
                    dynamicAccentPartCount: 9
                    featureClasses:
                      0: 'generic'
                      1: 'head'
                      2: 'ear'
                      3: 'front'
                      4: 'back'
                      5: 'tail'
                      6: 'eye'
                    featureCoverage: 0.8889
                    grammarId: 'object-grammar.cat'
                    identityType: 'cat'
                    partCount: 9
                    pass: true
                    schema: 'simulatte.objectMorphologyReceipt.v1'
                    signatureContourCount: 2
                    specificityScore: 0.8011
                    surfacePatterns:
                      0: 'fur'
                  parts:
                    0:
                      accentParameters:
                        0: 5
                        1: 0.134
                        2: 0.04
                        3: 0.8443
                      accentPattern: 'soft-rim'
                      center:
                        0: -0.08
                        1: 0.03
                      contourProfile: 'superellipse'
                      fill: '#c8a46b'
                      id: 'body'
                      opacity: 1
                      order: 0
                      primitive: 'superellipse'
                      rotation: 0
                      shapeParameters:
                        0: 0.3314
                        1: 0.3657
                        2: 0.1901
                        3: 0.1448
                      size:
                        0: 0.59
                        1: 0.43
                      surfaceParameters:
                        0: 13
                        1: 0.1419
                        2: 0.16
                        3: 0.1446
                      surfacePattern: 'fur'
                      texture: ''
                      visualFeatureClass: 'generic'
                    1:
                      accentParameters:
                        0: 11
                        1: 0.1216
                        2: 0.04
                        3: 0.0647
                      accentPattern: 'soft-rim'
                      center:
                        0: 0.31
                        1: -0.08
                      contourProfile: 'superellipse'
                      fill: '#d8b87d'
                      id: 'head'
                      opacity: 1
                      order: 1
                      primitive: 'superellipse'
                      rotation: 0
                      shapeParameters:
                        0: 0.4698
                        1: 0.2889
                        2: 0.2564
                        3: 0.4396
                      size:
                        0: 0.29
                        1: 0.37
                      surfaceParameters:
                        0: 7
                        1: 0.1919
                        2: 0.16
                        3: 0.1445
                      surfacePattern: 'fur'
                      texture: ''
                      visualFeatureClass: 'head'
                    2:
                      accentParameters:
                        0: 8
                        1: 0.159
                        2: 0.04
                        3: 0.0379
                      accentPattern: 'soft-rim'
                      center:
                        0: 0.23
                        1: -0.34
                      contourProfile: 'leaf'
                      fill: '#9a774a'
                      id: 'ear-left'
                      opacity: 1
                      order: 2
                      primitive: 'leaf'
                      rotation: 0
                      shapeParameters:
                        0: 0.617
                        1: 0.5431
                        2: 0.1017
                        3: 0.9769
                      size:
                        0: 0.15
                        1: 0.25
                      surfaceParameters:
                        0: 10
                        1: 0.0967
                        2: 0.16
                        3: 0.0474
                      surfacePattern: 'fur'
                      texture: ''
                      visualFeatureClass: 'ear'
                    3:
                      accentParameters:
                        0: 10
                        1: 0.1799
                        2: 0.04
                        3: 0.4087
                      accentPattern: 'soft-rim'
                      center:
                        0: 0.39
                        1: -0.34
                      contourProfile: 'leaf'
                      fill: '#9a774a'
                      id: 'ear-right'
                      opacity: 1
                      order: 3
                      primitive: 'leaf'
                      rotation: 0
                      shapeParameters:
                        0: 0.5518
                        1: 0.6178
                        2: 0.2848
                        3: 0.9467
                      size:
                        0: 0.15
                        1: 0.25
                      surfaceParameters:
                        0: 5
                        1: 0.1324
                        2: 0.16
                        3: 0.1482
                      surfacePattern: 'fur'
                      texture: ''
                      visualFeatureClass: 'ear'
                    4:
                      accentParameters:
                        0: 7
                        1: 0.1133
                        2: 0.04
                        3: 0.9612
                      accentPattern: 'soft-rim'
                      center:
                        0: 0.15
                        1: 0.3
                      contourProfile: 'tapered-capsule'
                      fill: '#aa8656'
                      id: 'front-leg'
                      opacity: 1
                      order: 4
                      primitive: 'tapered-capsule'
                      rotation: 1.5107963267948965
                      shapeParameters:
                        0: 0.644
                        1: 0.4884
                        2: 0.1217
                        3: 0.0826
                      size:
                        0: 0.34
                        1: 0.08
                      surfaceParameters:
                        0: 9
                        1: 0.1572
                        2: 0.16
                        3: 0.0532
                      surfacePattern: 'fur'
                      texture: ''
                      visualFeatureClass: 'front'
                    5:
                      accentParameters:
                        0: 10
                        1: 0.1514
                        2: 0.04
                        3: 0.4411
                      accentPattern: 'soft-rim'
                      center:
                        0: -0.28
                        1: 0.29
                      contourProfile: 'tapered-capsule'
                      fill: '#aa8656'
                      id: 'back-leg'
                      opacity: 1
                      order: 5
                      primitive: 'tapered-capsule'
                      rotation: 1.6307963267948966
                      shapeParameters:
                        0: 0.7571
                        1: 0.3729
                        2: 0.2896
                        3: 0.5534
                      size:
                        0: 0.34
                        1: 0.08
                      surfaceParameters:
                        0: 16
                        1: 0.1491
                        2: 0.16
                        3: 0.055
                      surfacePattern: 'fur'
                      texture: ''
                      visualFeatureClass: 'back'
                    6:
                      accentParameters:
                        0: 12
                        1: 0.1565
                        2: 0.04
                        3: 0.4005
                      accentPattern: 'soft-rim'
                      center:
                        0: -0.43
                        1: -0.11
                      contourProfile: 'tapered-capsule'
                      fill: '#aa8656'
                      id: 'tail'
                      opacity: 1
                      order: 6
                      primitive: 'tapered-capsule'
                      rotation: -0.58
                      shapeParameters:
                        0: 0.6709
                        1: 0.8492
                        2: 0.1373
                        3: 0.8978
                      size:
                        0: 0.43
                        1: 0.075
                      surfaceParameters:
                        0: 15
                        1: 0.1453
                        2: 0.16
                        3: 0.1147
                      surfacePattern: 'fur'
                      texture: ''
                      visualFeatureClass: 'tail'
                    7:
                      accentParameters:
                        0: 6
                        1: 0.1005
                        2: 0.04
                        3: 0.2741
                      accentPattern: 'soft-rim'
                      center:
                        0: 0.27
                        1: -0.1
                      contourProfile: 'superellipse'
                      fill: '#14221a'
                      id: 'eye-left'
                      opacity: 1
                      order: 7
                      primitive: 'superellipse'
                      rotation: 0
                      shapeParameters:
                        0: 0.6174
                        1: 0.175
                        2: 0.1744
                        3: 0.2088
                      size:
                        0: 0.04
                        1: 0.055
                      surfaceParameters:
                        0: 11
                        1: 0.0976
                        2: 0.16
                        3: 0.1156
                      surfacePattern: 'fur'
                      texture: ''
                      visualFeatureClass: 'eye'
                    8:
                      accentParameters:
                        0: 5
                        1: 0.1061
                        2: 0.04
                        3: 0.095
                      accentPattern: 'soft-rim'
                      center:
                        0: 0.37
                        1: -0.1
                      contourProfile: 'superellipse'
                      fill: '#14221a'
                      id: 'eye-right'
                      opacity: 1
                      order: 8
                      primitive: 'superellipse'
                      rotation: 0
                      shapeParameters:
                        0: 0.4031
                        1: 0.2812
                        2: 0.2421
                        3: 0.903
                      size:
                        0: 0.04
                        1: 0.055
                      surfaceParameters:
                        0: 13
                        1: 0.1594
                        2: 0.16
                        3: 0.1665
                      surfacePattern: 'fur'
                      texture: ''
                      visualFeatureClass: 'eye'
                  pose: ''
                  promptPropertyBindings:
                  schema: 'simulatte.objectGeometryProgram.v1'
                  selectionRole: 'identity-catalog'
                  source: 'phase6-data-owned-part-graph'
                  sourcePrimitive: 'cat-body'
                  visualArchetype: 'cat'
                  zOrder: 33
              id: 'surface-cat-1:instance:1'
              identity:
                aliases:
                  0: 'cats'
                  1: 'cat'
                  2: 'prompt.actor.cat'
                  3: 'surface-cat-1'
                  4: 'generated entity cat: small_mammal'
                  5: 'cat-a'
                category: 'animal'
                directlyGrounded: true
                label: 'cats'
                material: 'soft_tissue'
                physicalRef: 'prompt-body-cat'
                primitive: 'cat-body'
                renderClass: 'biological-agent'
                role: 'primary'
                schema: 'simulatte.sceneEntityIdentity.v1'
                semanticClass: 'cat'
                semanticRef: 'prompt.body.cat'
                sourceLabel: 'cats'
                type: 'cat'
                visualArchetype: 'cat'
              interaction:
                capabilities:
                  0: 'select'
                  1: 'drag'
                  2: 'nudge'
                  3: 'impulse'
                schema: 'simulatte.sceneInteractionBinding.v1'
                sourceProgram: 'simulatte.interactionIR.v1'
                targetId: 'target:prompt-body-cat'
              label: 'cats'
              layerSlot: 'biological-agent'
              layoutConstraints:
              layoutReceipt:
                initialAnchor:
                  0: 0.56391
                  1: 0.31522
                placementSeed: 1533497926
                placementStrategy: 'golden-angle-field'
                relationCount: 0
                relationIds:
                sceneKind: 'biology'
                schema: 'simulatte.constraintLayoutReceipt.v1'
                solver: 'typed-spatial-constraints'
                topology: 'field-map'
              layoutRelationRoles:
              material:
                emissive: false
                emissiveStrength: 0
                fill: '#b7b4aa'
                id: 'soft_tissue'
                kind: 'biological'
                metallic: 0
                opacity: 0.56
                roughness: 0.56
                shader: 'fibrous-cellular-mesh'
                stroke: '#66635c'
              physicalRef: 'prompt-body-cat'
              properties:
              reason: 'source graph row is prompt-grounded visual intent'
              renderCodes:
                animationCode: 0.5
                categoryCode: 1
                layerCode: 1
                packetKindCode: 1
                schema: 'simulatte.sceneRenderCodes.v1'
                semanticCode: 2
                variantCode: 0.279046
              renderPriority: 23.92
              representedEntityIds:
                0: 'surface-cat-1'
                1: 'prompt.body.cat'
                2: 'prompt-body-cat'
                3: 'cat-a'
                4: 'entity:cat'
              schema: 'simulatte.sceneEntity.v1'
              semanticRef: 'prompt.body.cat'
              sourceGraphId: 'surface-cat-1'
              sourceIds:
                0: 'surface-cat-1'
                1: 'prompt.body.cat'
                2: 'prompt-body-cat'
                3: 'cat-a'
              stateBindings:
                rotation: 'angle:prompt-body-cat'
                rotationRate: 'angularVelocity:prompt-body-cat'
              supportOnly: false
              transform:
                anchor:
                  0: 0.5
                  1: 0.5
                position:
                  0: 0.323642958657701
                  1: 0.47846424707803914
                  2: 0
                rotation:
                  0: 0
                  1: 0
                  2: 0
                scale:
                  0: 0.3636352617113281
                  1: 0.12682129889246901
                  2: 1
              visualTraits:
            1:
              animation:
                affects:
                  0: 'surface-cat-1'
                amplitude: 0
                kind: 'static-pose'
                phase: 0.5
                speed: 0
                stateBinding: 'simulation-time'
              cardinality: 1
              cardinalityReceipt:
                instanceCount: 2
                instanceIndex: 2
                schema: 'simulatte.cardinalityRealization.v1'
                sourceEntityId: 'surface-cat-1'
              collider:
                bounds:
                  0: 0.5490968209187244
                  1: 0.4150535976318046
                  2: 0.3636352617113281
                  3: 0.12682129889246901
                capabilities:
                  0: 'select'
                  1: 'drag'
                  2: 'nudge'
                  3: 'impulse'
                draggable: true
                kind: 'ellipse'
                pickId: 'surface-cat-1:instance:2'
                selectable: true
                targetId: 'target:prompt-body-cat'
              confidence: 0.96
              directlyGrounded: true
              drawOrder: 0
              evidence:
                0: 'prompt.actor.cat'
                1: 'phase3-prompt-identity'
                2: 'intent-component'
                3: 'semantic-surface-grounder'
                4: 'shape:animal-body'
                5: 'material:soft_tissue'
                6: 'regime:biological'
                7: 'phrase:cats'
                8: 'construction-card:entity.cat'
                9: 'graphics-atom:identity-animal-torso'
                10: 'graphics-atom:identity-animal-head'
                11: 'graphics-atom:identity-animal-limb-rig'
              geometry:
                bounds:
                  0: 0.5490968209187244
                  1: 0.4150535976318046
                  2: 0.3636352617113281
                  3: 0.12682129889246901
                constraints:
                  0: 'non-overlap'
                coverage:
                  grammarId: 'object-grammar.cat'
                  identityType: 'cat'
                  literal: true
                  minScale:
                    0: 0.19
                    1: 0.115
                  partCount: 9
                  partIds:
                    0: 'body'
                    1: 'head'
                    2: 'ear-left'
                    3: 'ear-right'
                    4: 'front-leg'
                    5: 'back-leg'
                    6: 'tail'
                    7: 'eye-left'
                    8: 'eye-right'
                  primitiveCount: 3
                  realized: true
                  schema: 'simulatte.objectGeometryCoverage.v1'
                id: 'geometry:surface-cat-1'
                instancing:
                  count: 12
                  mode: 'swarm'
                kind: 'anchored'
                primitive: 'cat-body'
                program:
                  constructionReceipt:
                    basisIds:
                      0: 'ground.small-mammal-body'
                    candidateIds:
                      0: 'entity.cat'
                    exactTargetMatch: true
                    inputPartHintCount: 4
                    literalSlotMatch: true
                    modelEvaluated: false
                    rerankEvaluated: false
                    schema: 'simulatte.constructiveGeometryReceipt.v1'
                    sourceCardIds:
                      0: 'entity.cat'
                    targetEntryId: 'entity:cat'
                    targetIdentityBound: true
                  constructionSelectionReceipt:
                    attempt: 0
                    candidates:
                      0:
                        grammarId: 'object-grammar.cat'
                        obligationScore: 63.75
                        score: 63.75
                        selectionRole: 'identity-catalog'
                        status: 'selected'
                        targetFitScore: 25
                      1:
                        grammarId: 'object-grammar.animal'
                        obligationScore: 38.75
                        score: 38.75
                        selectionRole: 'category-catalog'
                        status: 'eligible'
                        targetFitScore: 25
                      2:
                        grammarId: 'object-grammar.constructive.quadruped.balanced'
                        obligationScore: -0.25
                        score: -0.25
                        selectionRole: 'model-construction'
                        status: 'eligible'
                        targetFitScore: -32
                      3:
                        grammarId: 'object-grammar.constructive.quadruped.elongated'
                        obligationScore: -0.25
                        score: -0.25
                        selectionRole: 'model-construction'
                        status: 'eligible'
                        targetFitScore: -32
                      4:
                        grammarId: 'object-grammar.constructive.quadruped.compact'
                        obligationScore: -0.25
                        score: -0.25
                        selectionRole: 'model-construction'
                        status: 'eligible'
                        targetFitScore: -32
                    rejectedGrammarIds:
                    schema: 'simulatte.constructionSelectionReceipt.v3'
                    searchExhausted: false
                    seed: 0
                    selectedGrammarId: 'object-grammar.cat'
                    strategy: 'prompt-obligation-coverage'
                  grammarId: 'object-grammar.cat'
                  graphicsAtomBindings:
                    camera:
                      0: 'identity-animal-three-quarter-framing'
                    geometry:
                      0: 'identity-animal-torso'
                      1: 'identity-animal-head'
                      2: 'identity-animal-limb-rig'
                    materials:
                      0: 'identity-biological-surface'
                    motion:
                    schema: 'simulatte.entityGraphicsAtomBindings.v1'
                    sourceObjectIds:
                      0: 'cat-a'
                      1: 'prompt-body-cat'
                      2: 'prompt.body.cat'
                      3: 'surface-cat-1'
                  identityType: 'cat'
                  literal: true
                  minScale:
                    0: 0.19
                    1: 0.115
                  morphology:
                    accentPatterns:
                      0: 'soft-rim'
                    contourProfiles:
                      0: 'superellipse'
                      1: 'leaf'
                      2: 'tapered-capsule'
                    identityType: 'cat'
                    schema: 'simulatte.objectMorphologyProgram.v1'
                    seed: 1891058870
                    surfacePatterns:
                      0: 'fur'
                  morphologyReceipt:
                    accentPatterns:
                      0: 'soft-rim'
                    boundedAccentRuleCount: 11
                    boundedContourRuleCount: 12
                    boundedSurfaceRuleCount: 11
                    complexity: 'O(9 parts * 34 bounded rules)'
                    contourDiversity: 0.6
                    contourProfiles:
                      0: 'superellipse'
                      1: 'leaf'
                      2: 'tapered-capsule'
                    distinctivePartCount: 8
                    dynamicAccentPartCount: 9
                    featureClasses:
                      0: 'generic'
                      1: 'head'
                      2: 'ear'
                      3: 'front'
                      4: 'back'
                      5: 'tail'
                      6: 'eye'
                    featureCoverage: 0.8889
                    grammarId: 'object-grammar.cat'
                    identityType: 'cat'
                    partCount: 9
                    pass: true
                    schema: 'simulatte.objectMorphologyReceipt.v1'
                    signatureContourCount: 2
                    specificityScore: 0.8011
                    surfacePatterns:
                      0: 'fur'
                  parts:
                    0:
                      accentParameters:
                        0: 5
                        1: 0.134
                        2: 0.04
                        3: 0.8443
                      accentPattern: 'soft-rim'
                      center:
                        0: -0.08
                        1: 0.03
                      contourProfile: 'superellipse'
                      fill: '#c8a46b'
                      id: 'body'
                      opacity: 1
                      order: 0
                      primitive: 'superellipse'
                      rotation: 0
                      shapeParameters:
                        0: 0.3314
                        1: 0.3657
                        2: 0.1901
                        3: 0.1448
                      size:
                        0: 0.59
                        1: 0.43
                      surfaceParameters:
                        0: 13
                        1: 0.1419
                        2: 0.16
                        3: 0.1446
                      surfacePattern: 'fur'
                      texture: ''
                      visualFeatureClass: 'generic'
                    1:
                      accentParameters:
                        0: 11
                        1: 0.1216
                        2: 0.04
                        3: 0.0647
                      accentPattern: 'soft-rim'
                      center:
                        0: 0.31
                        1: -0.08
                      contourProfile: 'superellipse'
                      fill: '#d8b87d'
                      id: 'head'
                      opacity: 1
                      order: 1
                      primitive: 'superellipse'
                      rotation: 0
                      shapeParameters:
                        0: 0.4698
                        1: 0.2889
                        2: 0.2564
                        3: 0.4396
                      size:
                        0: 0.29
                        1: 0.37
                      surfaceParameters:
                        0: 7
                        1: 0.1919
                        2: 0.16
                        3: 0.1445
                      surfacePattern: 'fur'
                      texture: ''
                      visualFeatureClass: 'head'
                    2:
                      accentParameters:
                        0: 8
                        1: 0.159
                        2: 0.04
                        3: 0.0379
                      accentPattern: 'soft-rim'
                      center:
                        0: 0.23
                        1: -0.34
                      contourProfile: 'leaf'
                      fill: '#9a774a'
                      id: 'ear-left'
                      opacity: 1
                      order: 2
                      primitive: 'leaf'
                      rotation: 0
                      shapeParameters:
                        0: 0.617
                        1: 0.5431
                        2: 0.1017
                        3: 0.9769
                      size:
                        0: 0.15
                        1: 0.25
                      surfaceParameters:
                        0: 10
                        1: 0.0967
                        2: 0.16
                        3: 0.0474
                      surfacePattern: 'fur'
                      texture: ''
                      visualFeatureClass: 'ear'
                    3:
                      accentParameters:
                        0: 10
                        1: 0.1799
                        2: 0.04
                        3: 0.4087
                      accentPattern: 'soft-rim'
                      center:
                        0: 0.39
                        1: -0.34
                      contourProfile: 'leaf'
                      fill: '#9a774a'
                      id: 'ear-right'
                      opacity: 1
                      order: 3
                      primitive: 'leaf'
                      rotation: 0
                      shapeParameters:
                        0: 0.5518
                        1: 0.6178
                        2: 0.2848
                        3: 0.9467
                      size:
                        0: 0.15
                        1: 0.25
                      surfaceParameters:
                        0: 5
                        1: 0.1324
                        2: 0.16
                        3: 0.1482
                      surfacePattern: 'fur'
                      texture: ''
                      visualFeatureClass: 'ear'
                    4:
                      accentParameters:
                        0: 7
                        1: 0.1133
                        2: 0.04
                        3: 0.9612
                      accentPattern: 'soft-rim'
                      center:
                        0: 0.15
                        1: 0.3
                      contourProfile: 'tapered-capsule'
                      fill: '#aa8656'
                      id: 'front-leg'
                      opacity: 1
                      order: 4
                      primitive: 'tapered-capsule'
                      rotation: 1.5107963267948965
                      shapeParameters:
                        0: 0.644
                        1: 0.4884
                        2: 0.1217
                        3: 0.0826
                      size:
                        0: 0.34
                        1: 0.08
                      surfaceParameters:
                        0: 9
                        1: 0.1572
                        2: 0.16
                        3: 0.0532
                      surfacePattern: 'fur'
                      texture: ''
                      visualFeatureClass: 'front'
                    5:
                      accentParameters:
                        0: 10
                        1: 0.1514
                        2: 0.04
                        3: 0.4411
                      accentPattern: 'soft-rim'
                      center:
                        0: -0.28
                        1: 0.29
                      contourProfile: 'tapered-capsule'
                      fill: '#aa8656'
                      id: 'back-leg'
                      opacity: 1
                      order: 5
                      primitive: 'tapered-capsule'
                      rotation: 1.6307963267948966
                      shapeParameters:
                        0: 0.7571
                        1: 0.3729
                        2: 0.2896
                        3: 0.5534
                      size:
                        0: 0.34
                        1: 0.08
                      surfaceParameters:
                        0: 16
                        1: 0.1491
                        2: 0.16
                        3: 0.055
                      surfacePattern: 'fur'
                      texture: ''
                      visualFeatureClass: 'back'
                    6:
                      accentParameters:
                        0: 12
                        1: 0.1565
                        2: 0.04
                        3: 0.4005
                      accentPattern: 'soft-rim'
                      center:
                        0: -0.43
                        1: -0.11
                      contourProfile: 'tapered-capsule'
                      fill: '#aa8656'
                      id: 'tail'
                      opacity: 1
                      order: 6
                      primitive: 'tapered-capsule'
                      rotation: -0.58
                      shapeParameters:
                        0: 0.6709
                        1: 0.8492
                        2: 0.1373
                        3: 0.8978
                      size:
                        0: 0.43
                        1: 0.075
                      surfaceParameters:
                        0: 15
                        1: 0.1453
                        2: 0.16
                        3: 0.1147
                      surfacePattern: 'fur'
                      texture: ''
                      visualFeatureClass: 'tail'
                    7:
                      accentParameters:
                        0: 6
                        1: 0.1005
                        2: 0.04
                        3: 0.2741
                      accentPattern: 'soft-rim'
                      center:
                        0: 0.27
                        1: -0.1
                      contourProfile: 'superellipse'
                      fill: '#14221a'
                      id: 'eye-left'
                      opacity: 1
                      order: 7
                      primitive: 'superellipse'
                      rotation: 0
                      shapeParameters:
                        0: 0.6174
                        1: 0.175
                        2: 0.1744
                        3: 0.2088
                      size:
                        0: 0.04
                        1: 0.055
                      surfaceParameters:
                        0: 11
                        1: 0.0976
                        2: 0.16
                        3: 0.1156
                      surfacePattern: 'fur'
                      texture: ''
                      visualFeatureClass: 'eye'
                    8:
                      accentParameters:
                        0: 5
                        1: 0.1061
                        2: 0.04
                        3: 0.095
                      accentPattern: 'soft-rim'
                      center:
                        0: 0.37
                        1: -0.1
                      contourProfile: 'superellipse'
                      fill: '#14221a'
                      id: 'eye-right'
                      opacity: 1
                      order: 8
                      primitive: 'superellipse'
                      rotation: 0
                      shapeParameters:
                        0: 0.4031
                        1: 0.2812
                        2: 0.2421
                        3: 0.903
                      size:
                        0: 0.04
                        1: 0.055
                      surfaceParameters:
                        0: 13
                        1: 0.1594
                        2: 0.16
                        3: 0.1665
                      surfacePattern: 'fur'
                      texture: ''
                      visualFeatureClass: 'eye'
                  pose: ''
                  promptPropertyBindings:
                  schema: 'simulatte.objectGeometryProgram.v1'
                  selectionRole: 'identity-catalog'
                  source: 'phase6-data-owned-part-graph'
                  sourcePrimitive: 'cat-body'
                  visualArchetype: 'cat'
                  zOrder: 33
              id: 'surface-cat-1:instance:2'
              identity:
                aliases:
                  0: 'cats'
                  1: 'cat'
                  2: 'prompt.actor.cat'
                  3: 'surface-cat-1'
                  4: 'generated entity cat: small_mammal'
                  5: 'cat-a'
                category: 'animal'
                directlyGrounded: true
                label: 'cats'
                material: 'soft_tissue'
                physicalRef: 'prompt-body-cat'
                primitive: 'cat-body'
                renderClass: 'biological-agent'
                role: 'primary'
                schema: 'simulatte.sceneEntityIdentity.v1'
                semanticClass: 'cat'
                semanticRef: 'prompt.body.cat'
                sourceLabel: 'cats'
                type: 'cat'
                visualArchetype: 'cat'
              interaction:
                capabilities:
                  0: 'select'
                  1: 'drag'
                  2: 'nudge'
                  3: 'impulse'
                schema: 'simulatte.sceneInteractionBinding.v1'
                sourceProgram: 'simulatte.interactionIR.v1'
                targetId: 'target:prompt-body-cat'
              label: 'cats'
              layerSlot: 'biological-agent'
              layoutConstraints:
              layoutReceipt:
                initialAnchor:
                  0: 0.56391
                  1: 0.31522
                placementSeed: 1533497926
                placementStrategy: 'golden-angle-field'
                relationCount: 0
                relationIds:
                sceneKind: 'biology'
                schema: 'simulatte.constraintLayoutReceipt.v1'
                solver: 'typed-spatial-constraints'
                topology: 'field-map'
              layoutRelationRoles:
              material:
                emissive: false
                emissiveStrength: 0
                fill: '#b7b4aa'
                id: 'soft_tissue'
                kind: 'biological'
                metallic: 0
                opacity: 0.56
                roughness: 0.56
                shader: 'fibrous-cellular-mesh'
                stroke: '#66635c'
              physicalRef: 'prompt-body-cat'
              properties:
              reason: 'source graph row is prompt-grounded visual intent'
              renderCodes:
                animationCode: 0.5
                categoryCode: 1
                layerCode: 1
                packetKindCode: 1
                schema: 'simulatte.sceneRenderCodes.v1'
                semanticCode: 2
                variantCode: 0.279046
              renderPriority: 23.92
              representedEntityIds:
                0: 'surface-cat-1'
                1: 'prompt.body.cat'
                2: 'prompt-body-cat'
                3: 'cat-a'
                4: 'entity:cat'
              schema: 'simulatte.sceneEntity.v1'
              semanticRef: 'prompt.body.cat'
              sourceGraphId: 'surface-cat-1'
              sourceIds:
                0: 'surface-cat-1'
                1: 'prompt.body.cat'
                2: 'prompt-body-cat'
                3: 'cat-a'
              stateBindings:
                rotation: 'angle:prompt-body-cat'
                rotationRate: 'angularVelocity:prompt-body-cat'
              supportOnly: false
              transform:
                anchor:
                  0: 0.5
                  1: 0.5
                position:
                  0: 0.7309144517743884
                  1: 0.47846424707803914
                  2: 0
                rotation:
                  0: 0
                  1: 0
                  2: 0
                scale:
                  0: 0.3636352617113281
                  1: 0.12682129889246901
                  2: 1
              visualTraits:
          environmentProgram: ~
          fields:
          interactionProgram:
            actions:
              0:
                commandKind: 'select'
                id: 'select'
                requiredCapability: 'select'
                schema: 'simulatte.interactionAction.v1'
              1:
                commandKind: 'hover'
                id: 'hover'
                requiredCapability: 'select'
                schema: 'simulatte.interactionAction.v1'
              2:
                commandKind: 'clear-hover'
                id: 'clear-hover'
                requiredCapability: ''
                schema: 'simulatte.interactionAction.v1'
              3:
                commandKind: 'grab'
                id: 'grab'
                requiredCapability: 'drag'
                schema: 'simulatte.interactionAction.v1'
              4:
                commandKind: 'drag'
                id: 'drag'
                requiredCapability: 'drag'
                schema: 'simulatte.interactionAction.v1'
              5:
                commandKind: 'release'
                id: 'release'
                requiredCapability: 'drag'
                schema: 'simulatte.interactionAction.v1'
              6:
                commandKind: 'nudge'
                id: 'nudge'
                requiredCapability: 'nudge'
                schema: 'simulatte.interactionAction.v1'
              7:
                commandKind: 'impulse'
                id: 'impulse'
                requiredCapability: 'impulse'
                schema: 'simulatte.interactionAction.v1'
              8:
                commandKind: 'clear-selection'
                id: 'clear-selection'
                requiredCapability: ''
                schema: 'simulatte.interactionAction.v1'
            bindings:
              0:
                actionId: 'hover'
                device: 'pointer'
                event: 'pointermove'
                id: 'pointer-hover'
                schema: 'simulatte.interactionBinding.v1'
              1:
                actionId: 'select'
                button: 0
                device: 'pointer'
                event: 'pointerdown'
                id: 'pointer-select'
                schema: 'simulatte.interactionBinding.v1'
              2:
                actionId: 'grab'
                button: 0
                device: 'pointer'
                event: 'pointerdown'
                id: 'pointer-grab'
                schema: 'simulatte.interactionBinding.v1'
              3:
                actionId: 'drag'
                button: 0
                device: 'pointer'
                event: 'pointerdrag'
                id: 'pointer-drag'
                schema: 'simulatte.interactionBinding.v1'
              4:
                actionId: 'release'
                button: 0
                device: 'pointer'
                event: 'pointerup'
                id: 'pointer-release'
                schema: 'simulatte.interactionBinding.v1'
              5:
                actionId: 'nudge'
                code: 'ArrowLeft'
                device: 'keyboard'
                event: 'keydown'
                id: 'keyboard-left'
                schema: 'simulatte.interactionBinding.v1'
                vector:
                  0: -0.035
                  1: 0
              6:
                actionId: 'nudge'
                code: 'ArrowRight'
                device: 'keyboard'
                event: 'keydown'
                id: 'keyboard-right'
                schema: 'simulatte.interactionBinding.v1'
                vector:
                  0: 0.035
                  1: 0
              7:
                actionId: 'nudge'
                code: 'ArrowUp'
                device: 'keyboard'
                event: 'keydown'
                id: 'keyboard-up'
                schema: 'simulatte.interactionBinding.v1'
                vector:
                  0: 0
                  1: -0.035
              8:
                actionId: 'nudge'
                code: 'ArrowDown'
                device: 'keyboard'
                event: 'keydown'
                id: 'keyboard-down'
                schema: 'simulatte.interactionBinding.v1'
                vector:
                  0: 0
                  1: 0.035
              9:
                actionId: 'impulse'
                code: 'Space'
                device: 'keyboard'
                event: 'keydown'
                id: 'keyboard-impulse'
                schema: 'simulatte.interactionBinding.v1'
                vector:
                  0: 0
                  1: -0.7
              10:
                actionId: 'clear-selection'
                code: 'Escape'
                device: 'keyboard'
                event: 'keydown'
                id: 'keyboard-clear'
                schema: 'simulatte.interactionBinding.v1'
            commandOrdering: 'monotonic-sequence-then-arrival-order'
            compiler: 'simulatte.phase6.scene-interaction.compiler.v1'
            coordinateSystem: 'normalized-canvas'
            mappings:
              0:
                capabilities:
                  0: 'select'
                  1: 'drag'
                  2: 'nudge'
                  3: 'impulse'
                channels:
                  adjust: ''
                  angle: 'angle:prompt-body-cat'
                  angularVelocity: 'angularVelocity:prompt-body-cat'
                  force: 'force:prompt-body-cat'
                  position: 'position:prompt-body-cat'
                  torque: 'torque:prompt-body-cat'
                  velocity: 'velocity:prompt-body-cat'
                initialPosition:
                  0: 0.22
                  1: 0.34
                packetEntityId: 'surface-cat-1:instance:1'
                physicalEntityId: 'prompt-body-cat'
                pickId: 'surface-cat-1:instance:1'
                schema: 'simulatte.sceneInteractionTargetMap.v1'
                targetId: 'target:prompt-body-cat'
              1:
                capabilities:
                  0: 'select'
                  1: 'drag'
                  2: 'nudge'
                  3: 'impulse'
                channels:
                  adjust: ''
                  angle: 'angle:prompt-body-cat'
                  angularVelocity: 'angularVelocity:prompt-body-cat'
                  force: 'force:prompt-body-cat'
                  position: 'position:prompt-body-cat'
                  torque: 'torque:prompt-body-cat'
                  velocity: 'velocity:prompt-body-cat'
                initialPosition:
                  0: 0.22
                  1: 0.34
                packetEntityId: 'surface-cat-1:instance:2'
                physicalEntityId: 'prompt-body-cat'
                pickId: 'surface-cat-1:instance:2'
                schema: 'simulatte.sceneInteractionTargetMap.v1'
                targetId: 'target:prompt-body-cat'
            receipt:
              mappedTargetCount: 2
              phase: 6
              schema: 'simulatte.sceneInteractionCompileReceipt.v1'
              sourceTargetCount: 1
              unmappedTargetIds:
            schema: 'simulatte.sceneInteractionProgram.v1'
            sourceProgramContentHash: 'fnv1a32:07a8db79'
            sourceProgramSchema: 'simulatte.interactionIR.v1'
            targetCount: 2
          lights:
            0:
              color:
                0: 0.96
                1: 0.96
                2: 0.9
              direction:
                0: -0.36
                1: -0.58
                2: 0.72
              id: 'key'
              intensity: 0.86
              kind: 'directional'
            1:
              color:
                0: 0.28
                1: 0.36
                2: 0.44
              id: 'fill'
              intensity: 0.34
              kind: 'ambient'
          passes:
            0: 'background'
            1: 'entities'
          receipts:
            cameraArchetype: 'wide-establishing'
            compositionLedger:
              failedCount: 0
              obligationCount: 3
              preservedCount: 3
              schema: 'simulatte.sceneCompositionLedger.v1'
            compositionTopology: 'field-map'
            effectCount: 0
            entityCount: 2
            fieldCount: 0
            framing:
              centerOffset: 0.00001
              entityCount: 2
              framedBounds:
                0: 0.1
                1: 0.41949
                2: 0.80001
                3: 0.121
              graspContacts:
              method: 'group-bounds-fit'
              minimumProjectedArea: 0.09
              pass: true
              projectedArea: 0.09223
              readableCount: 2
              scaleFactor: 1.69696
              schema: 'simulatte.sceneFramingReceipt.v1'
              sourceBounds:
                0: 0.31212
                1: 0.28047
                2: 0.47143
                3: 0.07131
              surfaceContacts:
              targetBounds:
                0: 0.1
                1: 0.12
                2: 0.8
                3: 0.72
            interaction:
              mappedTargetCount: 2
              phase: 6
              schema: 'simulatte.sceneInteractionCompileReceipt.v1'
              sourceTargetCount: 1
              unmappedTargetIds:
            primaryArtifact: 'sceneRenderPacket'
            renderCodeCount: 2
            scaleTier: 'landscape'
            source: 'visualIR.acceptedRows'
            visualDialect: 'biology/animal-gait'
          scaleTier: 'landscape'
          sceneKind: 'biology'
          schema: 'simulatte.sceneRenderPacket.v1'
          time:
            stateBinding: 'simulation-time'
            unit: 'seconds'
          uniforms:
            atmosphere:
              boundedSlotCount: 16
              compiler: 'phase6-scene-mix-atmosphere'
              complexity: 'O(16)'
              dominantSlot: 'biological'
              layerCount: 1
              layers:
                0:
                  id: 'atmosphere:biological'
                  intensity: 1
                  motif: 'floating-organic-motes'
                  slot: 'biological'
              schema: 'simulatte.sceneAtmosphereProgram.v1'
              source: 'sceneRenderPacket.uniforms.sceneMix'
            atomUniforms:
              0: 0
              1: 0
              2: 0
              3: 0
              4: 0
              5: 0
              6: 0
              7: 0
              8: 0
              9: 0
              10: 0
              11: 0
              12: 0
              13: 0
              14: 0
              15: 0
              16: 0
              17: 0
              18: 0
              19: 0
              20: 0
              21: 0
              22: 0
              23: 0
            compiler: 'simulatte.visual-ir.scene-render-packet.uniforms.v1'
            palette:
              0: 0.2511
              1: 0.1419
              2: 0.1201
              3: 1
              4: 0.8555
              5: 0.3963
              6: 0.3045
              7: 1
              8: 0.1187
              9: 0.1695
              10: 0.3365
              11: 1
              12: 0.4686
              13: 0.9016
              14: 0.3368
              15: 1
            phase: 6
            sceneId: 7
            sceneMix:
              0: 0
              1: 0
              2: 0
              3: 0
              4: 0
              5: 0
              6: 1
              7: 0
              8: 0
              9: 0
              10: 0
              11: 0
              12: 0
              13: 0
              14: 0
              15: 0
            schema: 'simulatte.sceneRenderPacketUniforms.v1'
            source: 'sceneRenderPacket.renderCodes'
            visualLayers:
              0: 1
              1: 0
              2: 0
              3: 0
              4: 0
              5: 0
              6: 0
              7: 0
              8: 0
              9: 0
              10: 0
              11: 0
              12: 0
              13: 0
              14: 0
              15: 0
              16: 0
              17: 0
              18: 0
              19: 0
              20: 0
              21: 0
              22: 0
              23: 0
          visualDialect: 'biology/animal-gait'
        schema: 'simulatte.visualCompile.v2'
        visualAcceptance:
          0:
            confidence: 0.96
            id: 'surface-cat-1'
            phrase: 'cats'
            promptGrounded: true
            reason: 'source graph row is prompt-grounded visual intent'
            sceneKind: 'biology'
            schema: 'simulatte.visualObjectAcceptance.v1'
            sourceGraphId: 'surface-cat-1'
            sourceIds:
              0: 'surface-cat-1'
              1: 'prompt.body.cat'
              2: 'prompt-body-cat'
              3: 'cat-a'
            sourceKind: 'semantic-surface-grounder'
            status: 'accepted'
            supportOnly: false
          1:
            confidence: 0.22
            id: 'biomass'
            phrase: 'biomass material'
            promptGrounded: false
            reason: 'catalog solver support kept out of visual evidence'
            sceneKind: 'biology'
            schema: 'simulatte.visualObjectAcceptance.v1'
            sourceGraphId: 'biomass'
            sourceIds:
              0: 'biomass'
            sourceKind: 'catalog'
            status: 'rejected'
            supportOnly: true
          2:
            confidence: 0.22
            id: 'membrane'
            phrase: 'membrane material'
            promptGrounded: false
            reason: 'catalog solver support kept out of visual evidence'
            sceneKind: 'biology'
            schema: 'simulatte.visualObjectAcceptance.v1'
            sourceGraphId: 'membrane'
            sourceIds:
              0: 'membrane'
            sourceKind: 'catalog'
            status: 'rejected'
            supportOnly: true
          3:
            confidence: 0.22
            id: 'soft-body'
            phrase: 'soft body physics'
            promptGrounded: false
            reason: 'catalog solver support kept out of visual evidence'
            sceneKind: 'biology'
            schema: 'simulatte.visualObjectAcceptance.v1'
            sourceGraphId: 'soft-body'
            sourceIds:
              0: 'soft-body'
            sourceKind: 'catalog'
            status: 'rejected'
            supportOnly: true
          4:
            confidence: 0.28
            id: 'diffusion'
            phrase: 'diffusion physics'
            promptGrounded: false
            reason: 'field evidence is rendered by the compiled field program'
            sceneKind: 'biology'
            schema: 'simulatte.visualObjectAcceptance.v1'
            sourceGraphId: 'diffusion'
            sourceIds:
              0: 'diffusion'
            sourceKind: 'catalog'
            status: 'rejected'
            supportOnly: true
          5:
            confidence: 0.22
            id: 'growth-decay'
            phrase: 'growth decay physics'
            promptGrounded: false
            reason: 'catalog solver support kept out of visual evidence'
            sceneKind: 'biology'
            schema: 'simulatte.visualObjectAcceptance.v1'
            sourceGraphId: 'growth-decay'
            sourceIds:
              0: 'growth-decay'
            sourceKind: 'catalog'
            status: 'rejected'
            supportOnly: true
        visualIR:
          camera:
            archetype: 'subject-three-quarter'
            atoms:
              0:
                category: 'camera'
                evidence:
                  0: 'object-identity:surface-cat-1'
                  1: 'object-shape:animal-body'
                id: 'identity-animal-three-quarter-framing'
                label: 'Identity Animal Three Quarter Framing'
                sourceMappingIds:
                sourceObjectIds:
                  0: 'surface-cat-1'
                stagingOnly: true
            depth: 'layered'
            framing: 'subject-three-quarter'
            mode: 'grounded-perspective-depth'
            scale: 'bench'
            scaleTier: 'landscape'
          causalAffordances:
          compiler: 'simulatte.visual-ir.compiler.v1'
          compositionLedger:
            currentPhase: 6
            entries:
              0:
                evidenceIds:
                  0: 'promptIngress.sourceText'
                id: 'prompt:source'
                kind: 'prompt'
                label: 'source prompt'
                required: true
                source: 'prompt'
                status: 'preserved'
                supportOnly: false
              1:
                evidenceIds:
                  0: 'span2'
                id: 'entity:cat'
                inferred: false
                kind: 'entity'
                label: 'cats'
                localGeometryGrammarId: 'object-grammar.cat'
                negated: false
                operatorTypes:
                poseHint: ''
                required: true
                semanticClass: 'biological-agent'
                shapeHints:
                  0: 'cat'
                source: 'prompt'
                sourceSpanIds:
                  0: 'span2'
                status: 'preserved'
                supportOnly: false
                visualArchetype: 'cat'
            facts:
              catMaterialIds:
              dogMaterialIds:
              genericEvidenceByObligation:
                entity:cat:
                  0: 'phase6:entity:surface-cat-1'
                  1: 'phase6:render-instance:instance:geometry:geometry-surface-cat-1'
                visual:prompt-count-cat-2-exact-explicit-quantity:
                  0: 'phase6:entity:surface-cat-1'
                  1: 'phase6:render-instance:instance:geometry:geometry-surface-cat-1'
              hasCat: true
              hasDog: false
              hasLake: false
              hasSpeciesDistinct: false
              hasSubmersion: false
              hasSwimming: false
              hasWake: false
              hasWater: false
              promptVisualSettlements:
                visual:prompt-count-cat-2-exact-explicit-quantity:
                  evidence:
                    0: 'cardinality:cat:2'
                  schema: 'simulatte.promptVisualObligationSettlement.v1'
                  status: 'preserved'
              submersionRows:
              swimRows:
              wakeRows:
            losses:
            obligations:
              0:
                id: 'entity:cat'
                kind: 'entity'
                mustPreserveIds:
                  0: 'entity:cat'
                ownedByPhase: 3
                phase: 6
                receiptId: 'phase3-retrieval-rerank'
                required: true
                sourceRelationId: ''
                status: 'preserved'
                visualEvidence:
                  0: 'phase6:entity:surface-cat-1'
                  1: 'phase6:render-instance:instance:geometry:geometry-surface-cat-1'
                  2: 'scene-identity:cat'
              1:
                constraintKind: 'count'
                countMode: 'exact'
                countSource: 'explicit-quantity'
                expectedCount: 2
                id: 'visual:prompt-count-cat-2-exact-explicit-quantity'
                kind: 'visual'
                ownedByPhase: 6
                phase: 6
                required: true
                status: 'preserved'
                target: 'Cats'
                targetIdentity: 'cat'
                targetNodeId: 'prompt-body-cat'
                visualEvidence:
                  0: 'cardinality:cat:2'
                  1: 'phase6:entity:surface-cat-1'
                  2: 'phase6:render-instance:instance:geometry:geometry-surface-cat-1'
                  3: 'scene-identity:cat'
              2:
                id: 'visual:compiled-scene-packet'
                kind: 'visual'
                ownedByPhase: 6
                phase: 6
                required: true
                status: 'preserved'
                target: 'cats'
                visualEvidence:
                  0: 'phase6:render-instance:instance:geometry:geometry-surface-cat-1'
            phaseDeltas:
              0:
                entryId: 'prompt:source'
                operation: 'preserved'
                phase: 1
                receiptId: 'phase1-runtime-context'
              1:
                entryId: 'entity:cat'
                operation: 'preserved'
                phase: 2
                receiptId: 'phase2-language-graph'
              2:
                entryId: 'entity:cat'
                operation: 'preserved'
                phase: 3
                receiptId: 'phase3-retrieval-rerank'
              3:
                operation: 'carried'
                phase: 4
                receiptId: 'phase4-grounded-intent'
              4:
                entryId: 'entity:cat'
                operation: 'preserved'
                phase: 6
                receiptId: 'phase6-visual-compile'
              5:
                entryId: 'visual:prompt-count-cat-2-exact-explicit-quantity'
                operation: 'preserved'
                phase: 6
                receiptId: 'phase6-visual-compile'
              6:
                entryId: 'visual:compiled-scene-packet'
                operation: 'preserved'
                phase: 6
                receiptId: 'phase6-visual-compile'
            relations:
            schema: 'simulatte.sceneCompositionLedger.v1'
            sourcePhase: 1
            sourcePromptHash: 'fnv1a:6bb1d2ea'
            summary:
              failedCount: 0
              loweredCount: 0
              obligationCount: 3
              preservedCount: 3
            unsupported:
          compositionTopology: 'field-map'
          entities:
            0:
              aliases:
                0: 'cats'
                1: 'cat'
                2: 'prompt.actor.cat'
                3: 'surface-cat-1'
                4: 'generated entity cat: small_mammal'
                5: 'cat-a'
              behavior: ~
              cardinality: 2
              confidence: 0.96
              construction:
                affordanceHints:
                basisIds:
                  0: 'ground.small-mammal-body'
                basisPartHints:
                  0: 'torso capsule'
                  1: 'head ellipsoid'
                  2: 'limb contact points'
                  3: 'soft collision shell'
                behaviorHints:
                  0: 'gait_force'
                  1: 'jumping'
                classHints:
                  0: 'small_mammal'
                groundingIds:
                  0: 'ground.small-mammal-body'
                hypothesisId: 'construction:slot.actor.cat:1'
                hypothesisRank: 1
                materialHints:
                  0: 'soft_tissue'
                  1: 'fur'
                  2: 'biomass'
                  3: 'gel'
                  4: 'membrane'
                partHints:
                  0: 'torso capsule'
                  1: 'head ellipsoid'
                  2: 'limb contact points'
                  3: 'soft collision shell'
                provenance:
                  candidateId: 'entity.cat'
                  exactTargetMatch: true
                  literalSlotMatch: true
                  modelEvaluated: false
                  modelRerankRank: ~
                  modelRerankScore: ~
                  modelScore: ~
                  rerankEvaluated: false
                  source: 'phase3-prototype-lexical-construction-index'
                  targetIdentityBound: true
                  vectorHash: ''
                relationHints:
                scaleHints:
                schema: 'simulatte.constructionProgramInput.v1'
                shapeHints:
                  0: 'articulated_body'
                sourceCardIds:
                  0: 'entity.cat'
                sourceLabels:
                  0: 'cat'
                sourcePartHints:
                targetEntryId: 'entity:cat'
              constructionApproachAttempt: 0
              constructionApproachId: 'prompt-obligation-coverage'
              constructionApproachRejectedGrammarIds:
              constructionApproachSeed: 0
              constructionHypotheses:
                0:
                  affordanceHints:
                  basisIds:
                    0: 'ground.small-mammal-body'
                  basisPartHints:
                    0: 'torso capsule'
                    1: 'head ellipsoid'
                    2: 'limb contact points'
                    3: 'soft collision shell'
                  behaviorHints:
                    0: 'gait_force'
                    1: 'jumping'
                  classHints:
                    0: 'small_mammal'
                  groundingIds:
                    0: 'ground.small-mammal-body'
                  hypothesisId: 'construction:slot.actor.cat:1'
                  hypothesisRank: 1
                  materialHints:
                    0: 'soft_tissue'
                    1: 'fur'
                    2: 'biomass'
                    3: 'gel'
                    4: 'membrane'
                  partHints:
                    0: 'torso capsule'
                    1: 'head ellipsoid'
                    2: 'limb contact points'
                    3: 'soft collision shell'
                  provenance:
                    candidateId: 'entity.cat'
                    exactTargetMatch: true
                    literalSlotMatch: true
                    modelEvaluated: false
                    modelRerankRank: ~
                    modelRerankScore: ~
                    modelScore: ~
                    rerankEvaluated: false
                    source: 'phase3-prototype-lexical-construction-index'
                    targetIdentityBound: true
                    vectorHash: ''
                  relationHints:
                  scaleHints:
                  schema: 'simulatte.constructionProgramInput.v1'
                  shapeHints:
                    0: 'articulated_body'
                  sourceCardIds:
                    0: 'entity.cat'
                  sourceLabels:
                    0: 'cat'
                  sourcePartHints:
                  targetEntryId: 'entity:cat'
              constructionProvenance:
                0:
                  candidateId: 'entity.cat'
                  exactTargetMatch: true
                  literalSlotMatch: true
                  modelEvaluated: false
                  modelRerankRank: ~
                  modelRerankScore: ~
                  modelScore: ~
                  rerankEvaluated: false
                  source: 'phase3-prototype-lexical-construction-index'
                  targetIdentityBound: true
                  vectorHash: ''
              directlyGrounded: true
              domainTags:
                0: 'body'
                1: 'biological-agent'
                2: 'soft'
                3: 'entity'
                4: 'small-mammal'
                5: 'soft_tissue'
                6: 'fur'
                7: 'gait-force'
                8: 'jumping'
                9: 'synth'
                10: 'small_mammal'
                11: 'biomass'
                12: 'gait_force'
                13: 'growth_decay'
              evidence:
                0: 'prompt.actor.cat'
                1: 'phase3-prompt-identity'
                2: 'intent-component'
                3: 'semantic-surface-grounder'
                4: 'shape:animal-body'
                5: 'material:soft_tissue'
                6: 'regime:biological'
                7: 'phrase:cats'
                8: 'construction-card:entity.cat'
                9: 'graphics-atom:identity-animal-torso'
                10: 'graphics-atom:identity-animal-head'
                11: 'graphics-atom:identity-animal-limb-rig'
                12: 'graphics-atom:identity-biological-surface'
                13: 'graphics-atom:identity-animal-three-quarter-framing'
              graphicsAtomBindings:
                camera:
                  0: 'identity-animal-three-quarter-framing'
                geometry:
                  0: 'identity-animal-torso'
                  1: 'identity-animal-head'
                  2: 'identity-animal-limb-rig'
                materials:
                  0: 'identity-biological-surface'
                motion:
                schema: 'simulatte.entityGraphicsAtomBindings.v1'
                sourceObjectIds:
                  0: 'cat-a'
                  1: 'prompt-body-cat'
                  2: 'prompt.body.cat'
                  3: 'surface-cat-1'
              id: 'surface-cat-1'
              kind: 'agent'
              label: 'cats'
              layoutConstraints:
              layoutReceipt:
                initialAnchor:
                  0: 0.56391
                  1: 0.31522
                placementSeed: 1533497926
                placementStrategy: 'golden-angle-field'
                relationCount: 0
                relationIds:
                sceneKind: 'biology'
                schema: 'simulatte.constraintLayoutReceipt.v1'
                solver: 'typed-spatial-constraints'
                topology: 'field-map'
              layoutRelationRoles:
              material: 'soft_tissue'
              partGraph:
              physicalRef: 'prompt-body-cat'
              physicsOperators:
                0: 'interaction_kinematics'
              pose:
                h: 0.1108
                rotation: 0
                w: 0.32974
                x: 0.56391
                y: 0.31522
              poseHint: ~
              properties:
              reason: 'source graph row is prompt-grounded visual intent'
              role: 'primary'
              semanticClass: 'cat'
              semanticRef: 'prompt.body.cat'
              shape: 'animal-body'
              shapeHints:
                0: 'cat'
              sourceGraphId: 'surface-cat-1'
              sourceIds:
                0: 'surface-cat-1'
                1: 'prompt.body.cat'
                2: 'prompt-body-cat'
                3: 'cat-a'
              sourceKind: 'semantic-surface-grounder'
              sourceLabel: 'cats'
              sourceObject: 'surface-cat-1'
              stateBindings:
                rotation: 'angle:prompt-body-cat'
                rotationRate: 'angularVelocity:prompt-body-cat'
              status: 'accepted'
              supportOnly: false
              visualArchetype: 'cat'
              visualRegime: 'biological'
          fields:
          geometry:
            0:
              confidence: 0.96
              constraints:
                0: 'non-overlap'
              entityId: 'surface-cat-1'
              evidence:
                0: 'prompt.actor.cat'
                1: 'phase3-prompt-identity'
                2: 'intent-component'
                3: 'semantic-surface-grounder'
                4: 'shape:animal-body'
                5: 'material:soft_tissue'
                6: 'regime:biological'
                7: 'phrase:cats'
                8: 'construction-card:entity.cat'
                9: 'graphics-atom:identity-animal-torso'
                10: 'graphics-atom:identity-animal-head'
                11: 'graphics-atom:identity-animal-limb-rig'
                12: 'graphics-atom:identity-biological-surface'
                13: 'graphics-atom:identity-animal-three-quarter-framing'
              graphicsAtomBindings:
                camera:
                  0: 'identity-animal-three-quarter-framing'
                geometry:
                  0: 'identity-animal-torso'
                  1: 'identity-animal-head'
                  2: 'identity-animal-limb-rig'
                materials:
                  0: 'identity-biological-surface'
                motion:
                schema: 'simulatte.entityGraphicsAtomBindings.v1'
                sourceObjectIds:
                  0: 'cat-a'
                  1: 'prompt-body-cat'
                  2: 'prompt.body.cat'
                  3: 'surface-cat-1'
              id: 'geometry:surface-cat-1'
              instancing:
                count: 12
                mode: 'swarm'
              layout: 'anchored'
              primitive: 'cat-body'
              reason: 'source graph row is prompt-grounded visual intent'
              scale: 'specified'
              sourceGraphId: 'surface-cat-1'
              sourceIds:
                0: 'surface-cat-1'
                1: 'prompt.body.cat'
                2: 'prompt-body-cat'
                3: 'cat-a'
              sourceKind: 'semantic-surface-grounder'
              status: 'accepted'
            1:
              atomId: 'composition-topology-field-map'
              confidence: 0.64
              description: 'Graphics atom composition-topology-field-map'
              entityId: 'graphics-atom:composition-topology-field-map'
              evidence:
                0: 'graphics-atom:composition-topology-field-map'
                1: 'visual-dialect:biology/animal-gait'
                2: 'composition-topology:field-map'
              id: 'geometry:atom:composition-topology-field-map'
              label: 'Composition topology field-map'
              order: 200
              primitive: 'sectioned-surface'
              reason: 'graphics atom geometry compiled from accepted VisualIR operator mapping'
              sceneKind: 'biology'
              status: 'accepted'
          graphicsAtoms:
            atlas: 'simulatte.visualOperatorAtlas.v1'
            atlasId: 'simulatte-visual-operator-atlas-v1'
            camera:
              0:
                category: 'camera'
                evidence:
                  0: 'object-identity:surface-cat-1'
                  1: 'object-shape:animal-body'
                id: 'identity-animal-three-quarter-framing'
                label: 'Identity Animal Three Quarter Framing'
                sourceMappingIds:
                sourceObjectIds:
                  0: 'surface-cat-1'
                stagingOnly: true
            compiler: 'simulatte.visualOperatorCompiler.v1'
            contextHash: 'fnv1a32:58f4f80a'
            fields:
            geometry:
              0:
                category: 'geometry'
                evidence:
                  0: 'visual-dialect:biology/animal-gait'
                  1: 'composition-topology:field-map'
                id: 'composition-topology-field-map'
                label: 'Composition topology field-map'
                sourceMappingIds:
              1:
                category: 'geometry'
                evidence:
                  0: 'object-identity:surface-cat-1'
                  1: 'object-shape:animal-body'
                id: 'identity-animal-torso'
                label: 'Identity Animal Torso'
                sourceMappingIds:
                sourceObjectIds:
                  0: 'surface-cat-1'
                stagingOnly: false
              2:
                category: 'geometry'
                evidence:
                  0: 'object-identity:surface-cat-1'
                  1: 'object-shape:animal-body'
                id: 'identity-animal-head'
                label: 'Identity Animal Head'
                sourceMappingIds:
                sourceObjectIds:
                  0: 'surface-cat-1'
                stagingOnly: false
              3:
                category: 'geometry'
                evidence:
                  0: 'object-identity:surface-cat-1'
                  1: 'object-shape:animal-body'
                id: 'identity-animal-limb-rig'
                label: 'Identity Animal Limb Rig'
                sourceMappingIds:
                sourceObjectIds:
                  0: 'surface-cat-1'
                stagingOnly: false
            languageSignals:
              0:
                id: 'activation.0004'
                kind: 'catalog-candidate'
                score: 1
                slots:
                source: 'accepted-activation'
                text: 'entity cats'
              1:
                id: 'activation.0003'
                kind: 'catalog-candidate'
                score: 0.68
                slots:
                source: 'accepted-activation'
                text: 'entity cats'
              2:
                id: 'activation.0001'
                kind: 'catalog-candidate'
                score: 0.46
                slots:
                source: 'accepted-activation'
                text: 'quantity two'
              3:
                id: 'activation.0002'
                kind: 'catalog-candidate'
                score: 0.3511
                slots:
                source: 'accepted-activation'
                text: 'quantity two'
              4:
                id: 'span2'
                kind: 'entity'
                score: 0.34
                slots:
                source: 'language-span'
                text: 'cats'
            mappings:
            materials:
              0:
                category: 'material'
                evidence:
                  0: 'object-identity:surface-cat-1'
                  1: 'object-shape:animal-body'
                id: 'identity-biological-surface'
                label: 'Identity Biological Surface'
                sourceMappingIds:
                sourceObjectIds:
                  0: 'surface-cat-1'
                stagingOnly: false
            motion:
            processes:
            receipts:
              0:
                id: 'receipt:identity:surface-cat-1'
                objectId: 'surface-cat-1'
                reason: 'Identity graphics compiled from accepted object shape animal-body'
                scientificOperator: false
                shape: 'animal-body'
            rejections:
              0:
                id: 'visual.operator.biological-growth.v1'
                matchedTerms:
                  0: 'biology'
                  1: 'biological'
                  2: 'cat'
                  3: 'cats'
                  4: 'animal'
                  5: 'mammal'
                reason: 'missing-executable-or-causal-evidence'
                score: 1.74
              1:
                id: 'visual.operator.heat-transfer.v1'
                matchedTerms:
                reason: 'missing-executable-or-causal-evidence'
                score: 0
              2:
                id: 'visual.operator.fluid-advection.v1'
                matchedTerms:
                reason: 'missing-executable-or-causal-evidence'
                score: 0
              3:
                id: 'visual.operator.stress-fracture.v1'
                matchedTerms:
                reason: 'missing-executable-or-causal-evidence'
                score: 0
              4:
                id: 'visual.operator.structural-stress.v1'
                matchedTerms:
                reason: 'missing-executable-or-causal-evidence'
                score: 0
              5:
                id: 'visual.operator.control-feedback.v1'
                matchedTerms:
                reason: 'missing-executable-or-causal-evidence'
                score: 0
              6:
                id: 'visual.operator.orbital-gravity.v1'
                matchedTerms:
                reason: 'missing-executable-or-causal-evidence'
                score: 0
              7:
                id: 'visual.operator.electromagnetic-field.v1'
                matchedTerms:
                reason: 'missing-executable-or-causal-evidence'
                score: 0
              8:
                id: 'visual.operator.optical-ray.v1'
                matchedTerms:
                reason: 'missing-executable-or-causal-evidence'
                score: 0
              9:
                id: 'visual.operator.thin-film-interference.v1'
                matchedTerms:
                reason: 'missing-executable-or-causal-evidence'
                score: 0
            schema: 'simulatte.graphicsAtomPlan.v1'
            source: 'handwritten-operator-graphics-basis'
            uniforms:
              bySlot:
                acoustic: 0
                biological: 0
                chemical: 0
                combustion: 0
                constraint: 0
                density: 0
                electromagnetic: 0
                emission: 0
                feedback: 0
                fluid: 0
                granular: 0
                instrument: 0
                measurement: 0
                motion: 0
                network: 0
                optical: 0
                orbital: 0
                phase: 0
                quantum: 0
                robotic: 0
                signal: 0
                stress: 0
                surface: 0
                thermal: 0
              order:
                0: 'thermal'
                1: 'fluid'
                2: 'stress'
                3: 'feedback'
                4: 'orbital'
                5: 'electromagnetic'
                6: 'optical'
                7: 'quantum'
                8: 'acoustic'
                9: 'biological'
                10: 'chemical'
                11: 'network'
                12: 'granular'
                13: 'instrument'
                14: 'combustion'
                15: 'phase'
                16: 'robotic'
                17: 'measurement'
                18: 'motion'
                19: 'density'
                20: 'emission'
                21: 'constraint'
                22: 'signal'
                23: 'surface'
              schema: 'simulatte.graphicsAtomUniforms.v1'
              values:
                0: 0
                1: 0
                2: 0
                3: 0
                4: 0
                5: 0
                6: 0
                7: 0
                8: 0
                9: 0
                10: 0
                11: 0
                12: 0
                13: 0
                14: 0
                15: 0
                16: 0
                17: 0
                18: 0
                19: 0
                20: 0
                21: 0
                22: 0
                23: 0
            wgslOperators:
          intentText: 'render:prompt-body-cat cats body soft_tissue biology prompt.body.cat prompt-body-cat'
          interactionProgram:
            actions:
              0:
                commandKind: 'select'
                id: 'select'
                requiredCapability: 'select'
                schema: 'simulatte.interactionAction.v1'
              1:
                commandKind: 'hover'
                id: 'hover'
                requiredCapability: 'select'
                schema: 'simulatte.interactionAction.v1'
              2:
                commandKind: 'clear-hover'
                id: 'clear-hover'
                requiredCapability: ''
                schema: 'simulatte.interactionAction.v1'
              3:
                commandKind: 'grab'
                id: 'grab'
                requiredCapability: 'drag'
                schema: 'simulatte.interactionAction.v1'
              4:
                commandKind: 'drag'
                id: 'drag'
                requiredCapability: 'drag'
                schema: 'simulatte.interactionAction.v1'
              5:
                commandKind: 'release'
                id: 'release'
                requiredCapability: 'drag'
                schema: 'simulatte.interactionAction.v1'
              6:
                commandKind: 'nudge'
                id: 'nudge'
                requiredCapability: 'nudge'
                schema: 'simulatte.interactionAction.v1'
              7:
                commandKind: 'impulse'
                id: 'impulse'
                requiredCapability: 'impulse'
                schema: 'simulatte.interactionAction.v1'
              8:
                commandKind: 'clear-selection'
                id: 'clear-selection'
                requiredCapability: ''
                schema: 'simulatte.interactionAction.v1'
            bindings:
              0:
                actionId: 'hover'
                device: 'pointer'
                event: 'pointermove'
                id: 'pointer-hover'
                schema: 'simulatte.interactionBinding.v1'
              1:
                actionId: 'select'
                button: 0
                device: 'pointer'
                event: 'pointerdown'
                id: 'pointer-select'
                schema: 'simulatte.interactionBinding.v1'
              2:
                actionId: 'grab'
                button: 0
                device: 'pointer'
                event: 'pointerdown'
                id: 'pointer-grab'
                schema: 'simulatte.interactionBinding.v1'
              3:
                actionId: 'drag'
                button: 0
                device: 'pointer'
                event: 'pointerdrag'
                id: 'pointer-drag'
                schema: 'simulatte.interactionBinding.v1'
              4:
                actionId: 'release'
                button: 0
                device: 'pointer'
                event: 'pointerup'
                id: 'pointer-release'
                schema: 'simulatte.interactionBinding.v1'
              5:
                actionId: 'nudge'
                code: 'ArrowLeft'
                device: 'keyboard'
                event: 'keydown'
                id: 'keyboard-left'
                schema: 'simulatte.interactionBinding.v1'
                vector:
                  0: -0.035
                  1: 0
              6:
                actionId: 'nudge'
                code: 'ArrowRight'
                device: 'keyboard'
                event: 'keydown'
                id: 'keyboard-right'
                schema: 'simulatte.interactionBinding.v1'
                vector:
                  0: 0.035
                  1: 0
              7:
                actionId: 'nudge'
                code: 'ArrowUp'
                device: 'keyboard'
                event: 'keydown'
                id: 'keyboard-up'
                schema: 'simulatte.interactionBinding.v1'
                vector:
                  0: 0
                  1: -0.035
              8:
                actionId: 'nudge'
                code: 'ArrowDown'
                device: 'keyboard'
                event: 'keydown'
                id: 'keyboard-down'
                schema: 'simulatte.interactionBinding.v1'
                vector:
                  0: 0
                  1: 0.035
              9:
                actionId: 'impulse'
                code: 'Space'
                device: 'keyboard'
                event: 'keydown'
                id: 'keyboard-impulse'
                schema: 'simulatte.interactionBinding.v1'
                vector:
                  0: 0
                  1: -0.7
              10:
                actionId: 'clear-selection'
                code: 'Escape'
                device: 'keyboard'
                event: 'keydown'
                id: 'keyboard-clear'
                schema: 'simulatte.interactionBinding.v1'
            commandOrdering: 'monotonic-sequence-then-arrival-order'
            compiler: 'simulatte.phase6.scene-interaction.compiler.v1'
            coordinateSystem: 'normalized-canvas'
            mappings:
              0:
                capabilities:
                  0: 'select'
                  1: 'drag'
                  2: 'nudge'
                  3: 'impulse'
                channels:
                  adjust: ''
                  angle: 'angle:prompt-body-cat'
                  angularVelocity: 'angularVelocity:prompt-body-cat'
                  force: 'force:prompt-body-cat'
                  position: 'position:prompt-body-cat'
                  torque: 'torque:prompt-body-cat'
                  velocity: 'velocity:prompt-body-cat'
                initialPosition:
                  0: 0.22
                  1: 0.34
                packetEntityId: 'surface-cat-1:instance:1'
                physicalEntityId: 'prompt-body-cat'
                pickId: 'surface-cat-1:instance:1'
                schema: 'simulatte.sceneInteractionTargetMap.v1'
                targetId: 'target:prompt-body-cat'
              1:
                capabilities:
                  0: 'select'
                  1: 'drag'
                  2: 'nudge'
                  3: 'impulse'
                channels:
                  adjust: ''
                  angle: 'angle:prompt-body-cat'
                  angularVelocity: 'angularVelocity:prompt-body-cat'
                  force: 'force:prompt-body-cat'
                  position: 'position:prompt-body-cat'
                  torque: 'torque:prompt-body-cat'
                  velocity: 'velocity:prompt-body-cat'
                initialPosition:
                  0: 0.22
                  1: 0.34
                packetEntityId: 'surface-cat-1:instance:2'
                physicalEntityId: 'prompt-body-cat'
                pickId: 'surface-cat-1:instance:2'
                schema: 'simulatte.sceneInteractionTargetMap.v1'
                targetId: 'target:prompt-body-cat'
            receipt:
              mappedTargetCount: 2
              phase: 6
              schema: 'simulatte.sceneInteractionCompileReceipt.v1'
              sourceTargetCount: 1
              unmappedTargetIds:
            schema: 'simulatte.sceneInteractionProgram.v1'
            sourceProgramContentHash: 'fnv1a32:07a8db79'
            sourceProgramSchema: 'simulatte.interactionIR.v1'
            targetCount: 2
          lighting:
            contrast: 0.72
            keyHue: 10
            model: 'soft-lab'
            rimHue: 106
            shadowHue: 226
          materials:
            0:
              confidence: 0.96
              emissive: false
              evidence:
                0: 'material:soft_tissue'
                1: 'family:biological'
              family: 'biological'
              fill: '#b7b4aa'
              id: 'soft_tissue'
              opacity: 0.56
              reason: 'material selected from accepted object surface-cat-1'
              roughness: 0.56
              shader: 'fibrous-cellular-mesh'
              sourceGraphId: 'surface-cat-1'
              status: 'accepted'
              stroke: '#66635c'
          motion:
            0:
              confidence: 0.2
              density: 24
              grammar: 'bounded-state-pulses'
              id: 'motion:state-pulse'
              phase: 0
              processId: 'process:coupled-state'
              reason: 'fallback motion only; no accepted process motion was available'
              speed: 0.28
              status: 'rejected'
          operators:
            0:
              id: 'camera-frame'
              reason: 'sets explanatory view before drawing'
              stage: 'camera'
            1:
              id: 'material-shaders'
              reason: 'draws material-specific surface and volume cues'
              stage: 'material'
            2:
              id: 'geometry-instances'
              reason: 'places objects, agents, media, and instruments'
              stage: 'geometry'
            3:
              id: 'field-overlays'
              reason: 'renders scalar/vector fields as contours, rays, or graph pressure'
              stage: 'field'
            4:
              id: 'process-motion'
              reason: 'animates evolving physical processes'
              stage: 'process'
            5:
              id: 'receipt-marks'
              reason: 'adds minimal evidence ticks for why marks exist'
              stage: 'receipt'
            6:
              id: 'visual-operator-atlas'
              reason: 'composes reusable graphics atoms from grounded physical operators'
              stage: 'operator-basis'
          painterKind: 'biology'
          processes:
          receipts:
            0:
              acceptedCount: 1
              count: 1
              id: 'receipt:entities'
              reason: '1 grounded visual entities compiled from graph objects'
              rejectedSourceObjectCount: 5
              sourceGraphIds:
                0: 'surface-cat-1'
            1:
              acceptedCount: 1
              count: 1
              id: 'receipt:materials'
              reason: '1 material shader rows selected from object materials and semantic plan'
            2:
              acceptedCount: 0
              count: 0
              id: 'receipt:fields'
              reason: '0 visible field encodings compiled from PhysicsIR/render fields'
            3:
              acceptedCount: 0
              count: 0
              id: 'receipt:processes'
              reason: '0 process motion grammars compiled from solver families'
            4:
              acceptedCount: 1
              acceptedIds:
                0: 'surface-cat-1'
              count: 6
              id: 'receipt:visual-object-acceptance'
              reason: '1 accepted visual graph objects; 5 support objects rejected from visual evidence'
              rejectedCount: 5
              rejectedIds:
                0: 'biomass'
                1: 'membrane'
                2: 'soft-body'
                3: 'diffusion'
                4: 'growth-decay'
            5:
              acceptedCount: 2
              count: 2
              id: 'receipt:render-instances'
              instanceIds:
                0: 'instance:geometry:geometry-surface-cat-1'
                1: 'instance:geometry:geometry-atom-composition-topology-field-map'
              layerSlots:
                0: 'biological-agent'
                1: 'field-sheet'
              reason: '2 explicit render instances compiled from accepted VisualIR rows'
            6:
              count: 7
              id: 'receipt:operators'
              reason: '7 low-level renderer operators scheduled'
            7:
              count: 0
              id: 'receipt:recipe'
              reason: 'no style recipe; VisualIR uses object and field structure'
            8:
              affordanceIds:
              causalRelationIds:
              count: 0
              id: 'receipt:causal-affordances'
              motionHints:
              reason: '0 causal affordance rows compiled into visual program hints'
              shaderHints:
            9:
              atlasId: 'simulatte-visual-operator-atlas-v1'
              compiler: 'simulatte.visualOperatorCompiler.v1'
              count: 6
              fieldAtoms:
              geometryAtoms:
                0: 'composition-topology-field-map'
                1: 'identity-animal-torso'
                2: 'identity-animal-head'
                3: 'identity-animal-limb-rig'
              id: 'receipt:graphics-atoms'
              languageSignalCount: 5
              languageSignals:
                0: 'activation.0004'
                1: 'activation.0003'
                2: 'activation.0001'
                3: 'activation.0002'
                4: 'span2'
              mappingIds:
              materialAtoms:
                0: 'identity-biological-surface'
              motionAtoms:
              processAtoms:
              reason: '6 reusable graphics atoms compiled from the visual operator atlas'
              uniformSlots:
              wgslOperators:
            10:
              assumptionCount: 0
              assumptions:
              causalEdgeCount: 0
              causalEdgeIds:
              causalEdges:
              degradedCount: 0
              degradedTo:
              evidenceCount: 0
              evidenceIds:
              motionHints:
              sceneKind: 'biology'
              schema: 'simulatte.visualIntentBriefReceipt.v1'
              shaderHints:
              unsupported:
              unsupportedCount: 0
              visualAffordanceCount: 0
              visualAffordances:
            11:
              id: 'receipt:composition-ledger'
              lostCount: 0
              lostIds:
              obligationCount: 3
              preservedCount: 3
              schema: 'simulatte.phaseReceipt.v1'
            12:
              agentCount: 0
              agentIds:
              effectIds:
              id: 'receipt:swimming-visual-obligations'
              lowered: false
              materialIds:
              schema: 'simulatte.phaseReceipt.v1'
              species:
              wakeFieldIds:
          rejectedRows:
            0:
              id: 'biomass'
              reason: 'catalog solver support kept out of visual evidence'
              schema: 'simulatte.visualRejectedRow.v1'
              sourceGraphId: 'biomass'
              sourceKind: 'catalog'
              status: 'rejected'
              supportOnly: true
            1:
              id: 'membrane'
              reason: 'catalog solver support kept out of visual evidence'
              schema: 'simulatte.visualRejectedRow.v1'
              sourceGraphId: 'membrane'
              sourceKind: 'catalog'
              status: 'rejected'
              supportOnly: true
            2:
              id: 'soft-body'
              reason: 'catalog solver support kept out of visual evidence'
              schema: 'simulatte.visualRejectedRow.v1'
              sourceGraphId: 'soft-body'
              sourceKind: 'catalog'
              status: 'rejected'
              supportOnly: true
            3:
              id: 'diffusion'
              reason: 'field evidence is rendered by the compiled field program'
              schema: 'simulatte.visualRejectedRow.v1'
              sourceGraphId: 'diffusion'
              sourceKind: 'catalog'
              status: 'rejected'
              supportOnly: true
            4:
              id: 'growth-decay'
              reason: 'catalog solver support kept out of visual evidence'
              schema: 'simulatte.visualRejectedRow.v1'
              sourceGraphId: 'growth-decay'
              sourceKind: 'catalog'
              status: 'rejected'
              supportOnly: true
            5:
              id: 'visual.operator.biological-growth.v1'
              reason: 'missing-executable-or-causal-evidence'
              schema: 'simulatte.visualRejectedRow.v1'
              sourceKind: 'graphics-atom'
              status: 'rejected'
            6:
              id: 'visual.operator.heat-transfer.v1'
              reason: 'missing-executable-or-causal-evidence'
              schema: 'simulatte.visualRejectedRow.v1'
              sourceKind: 'graphics-atom'
              status: 'rejected'
            7:
              id: 'visual.operator.fluid-advection.v1'
              reason: 'missing-executable-or-causal-evidence'
              schema: 'simulatte.visualRejectedRow.v1'
              sourceKind: 'graphics-atom'
              status: 'rejected'
            8:
              id: 'visual.operator.stress-fracture.v1'
              reason: 'missing-executable-or-causal-evidence'
              schema: 'simulatte.visualRejectedRow.v1'
              sourceKind: 'graphics-atom'
              status: 'rejected'
            9:
              id: 'visual.operator.structural-stress.v1'
              reason: 'missing-executable-or-causal-evidence'
              schema: 'simulatte.visualRejectedRow.v1'
              sourceKind: 'graphics-atom'
              status: 'rejected'
            10:
              id: 'visual.operator.control-feedback.v1'
              reason: 'missing-executable-or-causal-evidence'
              schema: 'simulatte.visualRejectedRow.v1'
              sourceKind: 'graphics-atom'
              status: 'rejected'
            11:
              id: 'visual.operator.orbital-gravity.v1'
              reason: 'missing-executable-or-causal-evidence'
              schema: 'simulatte.visualRejectedRow.v1'
              sourceKind: 'graphics-atom'
              status: 'rejected'
            12:
              id: 'visual.operator.electromagnetic-field.v1'
              reason: 'missing-executable-or-causal-evidence'
              schema: 'simulatte.visualRejectedRow.v1'
              sourceKind: 'graphics-atom'
              status: 'rejected'
            13:
              id: 'visual.operator.optical-ray.v1'
              reason: 'missing-executable-or-causal-evidence'
              schema: 'simulatte.visualRejectedRow.v1'
              sourceKind: 'graphics-atom'
              status: 'rejected'
            14:
              id: 'visual.operator.thin-film-interference.v1'
              reason: 'missing-executable-or-causal-evidence'
              schema: 'simulatte.visualRejectedRow.v1'
              sourceKind: 'graphics-atom'
              status: 'rejected'
          renderInstances:
            0:
              animation:
                affects:
                  0: 'surface-cat-1'
                amplitude: 0
                kind: 'static-pose'
                phase: 0
                speed: 0
                stateBinding: 'simulation-time'
              collider:
                bounds:
                  0: 0.39904000000000006
                  1: 0.25982
                  2: 0.32974
                  3: 0.1108
                kind: 'ellipse'
                pickId: 'surface-cat-1'
                selectable: true
              confidence: 0.96
              drawOrder: 0
              entityId: 'surface-cat-1'
              evidence:
                0: 'prompt.actor.cat'
                1: 'phase3-prompt-identity'
                2: 'intent-component'
                3: 'semantic-surface-grounder'
                4: 'shape:animal-body'
                5: 'material:soft_tissue'
                6: 'regime:biological'
                7: 'phrase:cats'
                8: 'construction-card:entity.cat'
                9: 'graphics-atom:identity-animal-torso'
                10: 'graphics-atom:identity-animal-head'
                11: 'graphics-atom:identity-animal-limb-rig'
              fieldId: ''
              geometry:
                bounds:
                  0: 0.39904000000000006
                  1: 0.25982
                  2: 0.32974
                  3: 0.1108
                constraints:
                  0: 'non-overlap'
                id: 'geometry:surface-cat-1'
                instancing:
                  count: 12
                  mode: 'swarm'
                kind: 'anchored'
                primitive: 'cat-body'
              geometryId: 'geometry:surface-cat-1'
              id: 'instance:geometry:geometry-surface-cat-1'
              identity:
                aliases:
                  0: 'cats'
                  1: 'cat'
                  2: 'prompt.actor.cat'
                  3: 'surface-cat-1'
                  4: 'generated entity cat: small_mammal'
                  5: 'cat-a'
                category: 'animal'
                directlyGrounded: true
                label: 'cats'
                material: 'soft_tissue'
                physicalRef: 'prompt-body-cat'
                primitive: 'cat-body'
                renderClass: 'biological-agent'
                role: 'primary'
                schema: 'simulatte.sceneEntityIdentity.v1'
                semanticClass: 'cat'
                semanticRef: 'prompt.body.cat'
                sourceLabel: 'cats'
                type: 'cat'
                visualArchetype: 'cat'
              layerSlot: 'biological-agent'
              material:
                emissive: false
                emissiveStrength: 0
                fill: '#b7b4aa'
                id: 'soft_tissue'
                kind: 'biological'
                metallic: 0
                opacity: 0.56
                roughness: 0.56
                shader: 'fibrous-cellular-mesh'
                stroke: '#66635c'
              materialId: 'soft_tissue'
              primitive: 'cat-body'
              processId: ''
              reason: 'source graph row is prompt-grounded visual intent'
              sceneKind: 'biology'
              schema: 'simulatte.renderInstance.v1'
              shader: 'fibrous-cellular-mesh'
              sourceGraphId: 'surface-cat-1'
              sourceIds:
                0: 'surface-cat-1'
                1: 'prompt.body.cat'
                2: 'prompt-body-cat'
                3: 'cat-a'
              status: 'accepted'
              transform:
                anchor:
                  0: 0.5
                  1: 0.5
                position:
                  0: 0.56391
                  1: 0.31522
                  2: 0.469
                rotation:
                  0: 0
                  1: 0
                  2: 0
                scale:
                  0: 0.32974
                  1: 0.1108
                  2: 1
              type: 'geometry'
            1:
              animation:
                affects:
                amplitude: 0.035
                kind: 'state-pulse'
                phase: 0.647
                speed: 0.34
                stateBinding: 'simulation-time'
              collider:
                bounds:
                  0: 0.154918513066582
                  1: 0.2381834348560505
                  2: 0.72
                  3: 0.46
                kind: 'bounds'
                pickId: 'graphics-atom:composition-topology-field-map'
                selectable: true
              confidence: 0.64
              drawOrder: 200
              entityId: 'graphics-atom:composition-topology-field-map'
              evidence:
                0: 'graphics-atom:composition-topology-field-map'
                1: 'visual-dialect:biology/animal-gait'
                2: 'composition-topology:field-map'
                3: 'material:soft_tissue'
                4: 'family:biological'
              fieldId: ''
              geometry:
                bounds:
                  0: 0.154918513066582
                  1: 0.2381834348560505
                  2: 0.72
                  3: 0.46
                constraints:
                id: 'geometry:atom:composition-topology-field-map'
                instancing: ~
                kind: 'anchored'
                primitive: 'sectioned-surface'
              geometryId: 'geometry:atom:composition-topology-field-map'
              id: 'instance:geometry:geometry-atom-composition-topology-field-map'
              identity:
                category: 'field'
                label: 'field'
                physicalRef: ''
                primitive: 'sectioned-surface'
                renderClass: 'field-sheet'
                schema: 'simulatte.sceneEntityIdentity.v1'
                semanticRef: ''
                type: 'field'
              layerSlot: 'field-sheet'
              material:
                emissive: false
                emissiveStrength: 0
                fill: '#b7b4aa'
                id: 'soft_tissue'
                kind: 'biological'
                metallic: 0
                opacity: 0.56
                roughness: 0.56
                shader: 'fibrous-cellular-mesh'
                stroke: '#66635c'
              materialId: 'soft_tissue'
              primitive: 'sectioned-surface'
              processId: ''
              reason: 'graphics atom geometry compiled from accepted VisualIR operator mapping'
              sceneKind: 'biology'
              schema: 'simulatte.renderInstance.v1'
              shader: 'fibrous-cellular-mesh'
              sourceGraphId: 'graphics-atom:composition-topology-field-map'
              sourceIds:
                0: 'graphics-atom:composition-topology-field-map'
              status: 'accepted'
              transform:
                anchor:
                  0: 0.5
                  1: 0.5
                position:
                  0: 0.514918513066582
                  1: 0.4681834348560505
                  2: 0.772
                rotation:
                  0: 0
                  1: 0
                  2: -0.041451460155996364
                scale:
                  0: 0.72
                  1: 0.46
                  2: 1
              type: 'geometry'
          scale: 'bench'
          scaleTier: 'landscape'
          sceneKind: 'biology'
          sceneRenderPacket:
            camera:
              archetype: 'subject-three-quarter'
              atoms:
                0:
                  category: 'camera'
                  evidence:
                    0: 'object-identity:surface-cat-1'
                    1: 'object-shape:animal-body'
                  id: 'identity-animal-three-quarter-framing'
                  label: 'Identity Animal Three Quarter Framing'
                  sourceMappingIds:
                  sourceObjectIds:
                    0: 'surface-cat-1'
                  stagingOnly: true
              coordinateSystem: 'normalized-canvas'
              depth: 'layered'
              framing: 'subject-three-quarter'
              mode: 'grounded-perspective-depth'
              scale: 'bench'
              scaleTier: 'landscape'
            cameraArchetype: 'wide-establishing'
            compiler: 'simulatte.visual-ir.scene-render-packet.compiler.v1'
            compositionLedger:
              currentPhase: 6
              entries:
                0:
                  evidenceIds:
                    0: 'promptIngress.sourceText'
                  id: 'prompt:source'
                  kind: 'prompt'
                  label: 'source prompt'
                  required: true
                  source: 'prompt'
                  status: 'preserved'
                  supportOnly: false
                1:
                  evidenceIds:
                    0: 'span2'
                  id: 'entity:cat'
                  inferred: false
                  kind: 'entity'
                  label: 'cats'
                  localGeometryGrammarId: 'object-grammar.cat'
                  negated: false
                  operatorTypes:
                  poseHint: ''
                  required: true
                  semanticClass: 'biological-agent'
                  shapeHints:
                    0: 'cat'
                  source: 'prompt'
                  sourceSpanIds:
                    0: 'span2'
                  status: 'preserved'
                  supportOnly: false
                  visualArchetype: 'cat'
              facts:
                catMaterialIds:
                dogMaterialIds:
                genericEvidenceByObligation:
                  entity:cat:
                    0: 'phase6:entity:surface-cat-1'
                    1: 'phase6:render-instance:instance:geometry:geometry-surface-cat-1'
                  visual:prompt-count-cat-2-exact-explicit-quantity:
                    0: 'phase6:entity:surface-cat-1'
                    1: 'phase6:render-instance:instance:geometry:geometry-surface-cat-1'
                hasCat: true
                hasDog: false
                hasLake: false
                hasSpeciesDistinct: false
                hasSubmersion: false
                hasSwimming: false
                hasWake: false
                hasWater: false
                promptVisualSettlements:
                  visual:prompt-count-cat-2-exact-explicit-quantity:
                    evidence:
                      0: 'cardinality:cat:2'
                    schema: 'simulatte.promptVisualObligationSettlement.v1'
                    status: 'preserved'
                submersionRows:
                swimRows:
                wakeRows:
              losses:
              obligations:
                0:
                  id: 'entity:cat'
                  kind: 'entity'
                  mustPreserveIds:
                    0: 'entity:cat'
                  ownedByPhase: 3
                  phase: 6
                  receiptId: 'phase3-retrieval-rerank'
                  required: true
                  sourceRelationId: ''
                  status: 'preserved'
                  visualEvidence:
                    0: 'phase6:entity:surface-cat-1'
                    1: 'phase6:render-instance:instance:geometry:geometry-surface-cat-1'
                    2: 'scene-identity:cat'
                1:
                  constraintKind: 'count'
                  countMode: 'exact'
                  countSource: 'explicit-quantity'
                  expectedCount: 2
                  id: 'visual:prompt-count-cat-2-exact-explicit-quantity'
                  kind: 'visual'
                  ownedByPhase: 6
                  phase: 6
                  required: true
                  status: 'preserved'
                  target: 'Cats'
                  targetIdentity: 'cat'
                  targetNodeId: 'prompt-body-cat'
                  visualEvidence:
                    0: 'cardinality:cat:2'
                    1: 'phase6:entity:surface-cat-1'
                    2: 'phase6:render-instance:instance:geometry:geometry-surface-cat-1'
                    3: 'scene-identity:cat'
                2:
                  id: 'visual:compiled-scene-packet'
                  kind: 'visual'
                  ownedByPhase: 6
                  phase: 6
                  required: true
                  status: 'preserved'
                  target: 'cats'
                  visualEvidence:
                    0: 'phase6:render-instance:instance:geometry:geometry-surface-cat-1'
              phaseDeltas:
                0:
                  entryId: 'prompt:source'
                  operation: 'preserved'
                  phase: 1
                  receiptId: 'phase1-runtime-context'
                1:
                  entryId: 'entity:cat'
                  operation: 'preserved'
                  phase: 2
                  receiptId: 'phase2-language-graph'
                2:
                  entryId: 'entity:cat'
                  operation: 'preserved'
                  phase: 3
                  receiptId: 'phase3-retrieval-rerank'
                3:
                  operation: 'carried'
                  phase: 4
                  receiptId: 'phase4-grounded-intent'
                4:
                  entryId: 'entity:cat'
                  operation: 'preserved'
                  phase: 6
                  receiptId: 'phase6-visual-compile'
                5:
                  entryId: 'visual:prompt-count-cat-2-exact-explicit-quantity'
                  operation: 'preserved'
                  phase: 6
                  receiptId: 'phase6-visual-compile'
                6:
                  entryId: 'visual:compiled-scene-packet'
                  operation: 'preserved'
                  phase: 6
                  receiptId: 'phase6-visual-compile'
              relations:
              schema: 'simulatte.sceneCompositionLedger.v1'
              sourcePhase: 1
              sourcePromptHash: 'fnv1a:6bb1d2ea'
              summary:
                failedCount: 0
                loweredCount: 0
                obligationCount: 3
                preservedCount: 3
              unsupported:
            compositionTopology: 'field-map'
            coordinateSystem:
              bounds:
                0: 0
                1: 0
                2: 1
                3: 1
              origin: 'top-left'
              space: 'normalized-canvas'
            effects:
            entities:
              0:
                animation:
                  affects:
                    0: 'surface-cat-1'
                  amplitude: 0
                  kind: 'static-pose'
                  phase: 0
                  speed: 0
                  stateBinding: 'simulation-time'
                cardinality: 1
                cardinalityReceipt:
                  instanceCount: 2
                  instanceIndex: 1
                  schema: 'simulatte.cardinalityRealization.v1'
                  sourceEntityId: 'surface-cat-1'
                collider:
                  bounds:
                    0: 0.14182532780203694
                    1: 0.4150535976318046
                    2: 0.3636352617113281
                    3: 0.12682129889246901
                  capabilities:
                    0: 'select'
                    1: 'drag'
                    2: 'nudge'
                    3: 'impulse'
                  draggable: true
                  kind: 'ellipse'
                  pickId: 'surface-cat-1:instance:1'
                  selectable: true
                  targetId: 'target:prompt-body-cat'
                confidence: 0.96
                directlyGrounded: true
                drawOrder: 0
                evidence:
                  0: 'prompt.actor.cat'
                  1: 'phase3-prompt-identity'
                  2: 'intent-component'
                  3: 'semantic-surface-grounder'
                  4: 'shape:animal-body'
                  5: 'material:soft_tissue'
                  6: 'regime:biological'
                  7: 'phrase:cats'
                  8: 'construction-card:entity.cat'
                  9: 'graphics-atom:identity-animal-torso'
                  10: 'graphics-atom:identity-animal-head'
                  11: 'graphics-atom:identity-animal-limb-rig'
                geometry:
                  bounds:
                    0: 0.14182532780203694
                    1: 0.4150535976318046
                    2: 0.3636352617113281
                    3: 0.12682129889246901
                  constraints:
                    0: 'non-overlap'
                  coverage:
                    grammarId: 'object-grammar.cat'
                    identityType: 'cat'
                    literal: true
                    minScale:
                      0: 0.19
                      1: 0.115
                    partCount: 9
                    partIds:
                      0: 'body'
                      1: 'head'
                      2: 'ear-left'
                      3: 'ear-right'
                      4: 'front-leg'
                      5: 'back-leg'
                      6: 'tail'
                      7: 'eye-left'
                      8: 'eye-right'
                    primitiveCount: 3
                    realized: true
                    schema: 'simulatte.objectGeometryCoverage.v1'
                  id: 'geometry:surface-cat-1'
                  instancing:
                    count: 12
                    mode: 'swarm'
                  kind: 'anchored'
                  primitive: 'cat-body'
                  program:
                    constructionReceipt:
                      basisIds:
                        0: 'ground.small-mammal-body'
                      candidateIds:
                        0: 'entity.cat'
                      exactTargetMatch: true
                      inputPartHintCount: 4
                      literalSlotMatch: true
                      modelEvaluated: false
                      rerankEvaluated: false
                      schema: 'simulatte.constructiveGeometryReceipt.v1'
                      sourceCardIds:
                        0: 'entity.cat'
                      targetEntryId: 'entity:cat'
                      targetIdentityBound: true
                    constructionSelectionReceipt:
                      attempt: 0
                      candidates:
                        0:
                          grammarId: 'object-grammar.cat'
                          obligationScore: 63.75
                          score: 63.75
                          selectionRole: 'identity-catalog'
                          status: 'selected'
                          targetFitScore: 25
                        1:
                          grammarId: 'object-grammar.animal'
                          obligationScore: 38.75
                          score: 38.75
                          selectionRole: 'category-catalog'
                          status: 'eligible'
                          targetFitScore: 25
                        2:
                          grammarId: 'object-grammar.constructive.quadruped.balanced'
                          obligationScore: -0.25
                          score: -0.25
                          selectionRole: 'model-construction'
                          status: 'eligible'
                          targetFitScore: -32
                        3:
                          grammarId: 'object-grammar.constructive.quadruped.elongated'
                          obligationScore: -0.25
                          score: -0.25
                          selectionRole: 'model-construction'
                          status: 'eligible'
                          targetFitScore: -32
                        4:
                          grammarId: 'object-grammar.constructive.quadruped.compact'
                          obligationScore: -0.25
                          score: -0.25
                          selectionRole: 'model-construction'
                          status: 'eligible'
                          targetFitScore: -32
                      rejectedGrammarIds:
                      schema: 'simulatte.constructionSelectionReceipt.v3'
                      searchExhausted: false
                      seed: 0
                      selectedGrammarId: 'object-grammar.cat'
                      strategy: 'prompt-obligation-coverage'
                    grammarId: 'object-grammar.cat'
                    graphicsAtomBindings:
                      camera:
                        0: 'identity-animal-three-quarter-framing'
                      geometry:
                        0: 'identity-animal-torso'
                        1: 'identity-animal-head'
                        2: 'identity-animal-limb-rig'
                      materials:
                        0: 'identity-biological-surface'
                      motion:
                      schema: 'simulatte.entityGraphicsAtomBindings.v1'
                      sourceObjectIds:
                        0: 'cat-a'
                        1: 'prompt-body-cat'
                        2: 'prompt.body.cat'
                        3: 'surface-cat-1'
                    identityType: 'cat'
                    literal: true
                    minScale:
                      0: 0.19
                      1: 0.115
                    morphology:
                      accentPatterns:
                        0: 'soft-rim'
                      contourProfiles:
                        0: 'superellipse'
                        1: 'leaf'
                        2: 'tapered-capsule'
                      identityType: 'cat'
                      schema: 'simulatte.objectMorphologyProgram.v1'
                      seed: 1891058870
                      surfacePatterns:
                        0: 'fur'
                    morphologyReceipt:
                      accentPatterns:
                        0: 'soft-rim'
                      boundedAccentRuleCount: 11
                      boundedContourRuleCount: 12
                      boundedSurfaceRuleCount: 11
                      complexity: 'O(9 parts * 34 bounded rules)'
                      contourDiversity: 0.6
                      contourProfiles:
                        0: 'superellipse'
                        1: 'leaf'
                        2: 'tapered-capsule'
                      distinctivePartCount: 8
                      dynamicAccentPartCount: 9
                      featureClasses:
                        0: 'generic'
                        1: 'head'
                        2: 'ear'
                        3: 'front'
                        4: 'back'
                        5: 'tail'
                        6: 'eye'
                      featureCoverage: 0.8889
                      grammarId: 'object-grammar.cat'
                      identityType: 'cat'
                      partCount: 9
                      pass: true
                      schema: 'simulatte.objectMorphologyReceipt.v1'
                      signatureContourCount: 2
                      specificityScore: 0.8011
                      surfacePatterns:
                        0: 'fur'
                    parts:
                      0:
                        accentParameters:
                          0: 5
                          1: 0.134
                          2: 0.04
                          3: 0.8443
                        accentPattern: 'soft-rim'
                        center:
                          0: -0.08
                          1: 0.03
                        contourProfile: 'superellipse'
                        fill: '#c8a46b'
                        id: 'body'
                        opacity: 1
                        order: 0
                        primitive: 'superellipse'
                        rotation: 0
                        shapeParameters:
                          0: 0.3314
                          1: 0.3657
                          2: 0.1901
                          3: 0.1448
                        size:
                          0: 0.59
                          1: 0.43
                        surfaceParameters:
                          0: 13
                          1: 0.1419
                          2: 0.16
                          3: 0.1446
                        surfacePattern: 'fur'
                        texture: ''
                        visualFeatureClass: 'generic'
                      1:
                        accentParameters:
                          0: 11
                          1: 0.1216
                          2: 0.04
                          3: 0.0647
                        accentPattern: 'soft-rim'
                        center:
                          0: 0.31
                          1: -0.08
                        contourProfile: 'superellipse'
                        fill: '#d8b87d'
                        id: 'head'
                        opacity: 1
                        order: 1
                        primitive: 'superellipse'
                        rotation: 0
                        shapeParameters:
                          0: 0.4698
                          1: 0.2889
                          2: 0.2564
                          3: 0.4396
                        size:
                          0: 0.29
                          1: 0.37
                        surfaceParameters:
                          0: 7
                          1: 0.1919
                          2: 0.16
                          3: 0.1445
                        surfacePattern: 'fur'
                        texture: ''
                        visualFeatureClass: 'head'
                      2:
                        accentParameters:
                          0: 8
                          1: 0.159
                          2: 0.04
                          3: 0.0379
                        accentPattern: 'soft-rim'
                        center:
                          0: 0.23
                          1: -0.34
                        contourProfile: 'leaf'
                        fill: '#9a774a'
                        id: 'ear-left'
                        opacity: 1
                        order: 2
                        primitive: 'leaf'
                        rotation: 0
                        shapeParameters:
                          0: 0.617
                          1: 0.5431
                          2: 0.1017
                          3: 0.9769
                        size:
                          0: 0.15
                          1: 0.25
                        surfaceParameters:
                          0: 10
                          1: 0.0967
                          2: 0.16
                          3: 0.0474
                        surfacePattern: 'fur'
                        texture: ''
                        visualFeatureClass: 'ear'
                      3:
                        accentParameters:
                          0: 10
                          1: 0.1799
                          2: 0.04
                          3: 0.4087
                        accentPattern: 'soft-rim'
                        center:
                          0: 0.39
                          1: -0.34
                        contourProfile: 'leaf'
                        fill: '#9a774a'
                        id: 'ear-right'
                        opacity: 1
                        order: 3
                        primitive: 'leaf'
                        rotation: 0
                        shapeParameters:
                          0: 0.5518
                          1: 0.6178
                          2: 0.2848
                          3: 0.9467
                        size:
                          0: 0.15
                          1: 0.25
                        surfaceParameters:
                          0: 5
                          1: 0.1324
                          2: 0.16
                          3: 0.1482
                        surfacePattern: 'fur'
                        texture: ''
                        visualFeatureClass: 'ear'
                      4:
                        accentParameters:
                          0: 7
                          1: 0.1133
                          2: 0.04
                          3: 0.9612
                        accentPattern: 'soft-rim'
                        center:
                          0: 0.15
                          1: 0.3
                        contourProfile: 'tapered-capsule'
                        fill: '#aa8656'
                        id: 'front-leg'
                        opacity: 1
                        order: 4
                        primitive: 'tapered-capsule'
                        rotation: 1.5107963267948965
                        shapeParameters:
                          0: 0.644
                          1: 0.4884
                          2: 0.1217
                          3: 0.0826
                        size:
                          0: 0.34
                          1: 0.08
                        surfaceParameters:
                          0: 9
                          1: 0.1572
                          2: 0.16
                          3: 0.0532
                        surfacePattern: 'fur'
                        texture: ''
                        visualFeatureClass: 'front'
                      5:
                        accentParameters:
                          0: 10
                          1: 0.1514
                          2: 0.04
                          3: 0.4411
                        accentPattern: 'soft-rim'
                        center:
                          0: -0.28
                          1: 0.29
                        contourProfile: 'tapered-capsule'
                        fill: '#aa8656'
                        id: 'back-leg'
                        opacity: 1
                        order: 5
                        primitive: 'tapered-capsule'
                        rotation: 1.6307963267948966
                        shapeParameters:
                          0: 0.7571
                          1: 0.3729
                          2: 0.2896
                          3: 0.5534
                        size:
                          0: 0.34
                          1: 0.08
                        surfaceParameters:
                          0: 16
                          1: 0.1491
                          2: 0.16
                          3: 0.055
                        surfacePattern: 'fur'
                        texture: ''
                        visualFeatureClass: 'back'
                      6:
                        accentParameters:
                          0: 12
                          1: 0.1565
                          2: 0.04
                          3: 0.4005
                        accentPattern: 'soft-rim'
                        center:
                          0: -0.43
                          1: -0.11
                        contourProfile: 'tapered-capsule'
                        fill: '#aa8656'
                        id: 'tail'
                        opacity: 1
                        order: 6
                        primitive: 'tapered-capsule'
                        rotation: -0.58
                        shapeParameters:
                          0: 0.6709
                          1: 0.8492
                          2: 0.1373
                          3: 0.8978
                        size:
                          0: 0.43
                          1: 0.075
                        surfaceParameters:
                          0: 15
                          1: 0.1453
                          2: 0.16
                          3: 0.1147
                        surfacePattern: 'fur'
                        texture: ''
                        visualFeatureClass: 'tail'
                      7:
                        accentParameters:
                          0: 6
                          1: 0.1005
                          2: 0.04
                          3: 0.2741
                        accentPattern: 'soft-rim'
                        center:
                          0: 0.27
                          1: -0.1
                        contourProfile: 'superellipse'
                        fill: '#14221a'
                        id: 'eye-left'
                        opacity: 1
                        order: 7
                        primitive: 'superellipse'
                        rotation: 0
                        shapeParameters:
                          0: 0.6174
                          1: 0.175
                          2: 0.1744
                          3: 0.2088
                        size:
                          0: 0.04
                          1: 0.055
                        surfaceParameters:
                          0: 11
                          1: 0.0976
                          2: 0.16
                          3: 0.1156
                        surfacePattern: 'fur'
                        texture: ''
                        visualFeatureClass: 'eye'
                      8:
                        accentParameters:
                          0: 5
                          1: 0.1061
                          2: 0.04
                          3: 0.095
                        accentPattern: 'soft-rim'
                        center:
                          0: 0.37
                          1: -0.1
                        contourProfile: 'superellipse'
                        fill: '#14221a'
                        id: 'eye-right'
                        opacity: 1
                        order: 8
                        primitive: 'superellipse'
                        rotation: 0
                        shapeParameters:
                          0: 0.4031
                          1: 0.2812
                          2: 0.2421
                          3: 0.903
                        size:
                          0: 0.04
                          1: 0.055
                        surfaceParameters:
                          0: 13
                          1: 0.1594
                          2: 0.16
                          3: 0.1665
                        surfacePattern: 'fur'
                        texture: ''
                        visualFeatureClass: 'eye'
                    pose: ''
                    promptPropertyBindings:
                    schema: 'simulatte.objectGeometryProgram.v1'
                    selectionRole: 'identity-catalog'
                    source: 'phase6-data-owned-part-graph'
                    sourcePrimitive: 'cat-body'
                    visualArchetype: 'cat'
                    zOrder: 33
                id: 'surface-cat-1:instance:1'
                identity:
                  aliases:
                    0: 'cats'
                    1: 'cat'
                    2: 'prompt.actor.cat'
                    3: 'surface-cat-1'
                    4: 'generated entity cat: small_mammal'
                    5: 'cat-a'
                  category: 'animal'
                  directlyGrounded: true
                  label: 'cats'
                  material: 'soft_tissue'
                  physicalRef: 'prompt-body-cat'
                  primitive: 'cat-body'
                  renderClass: 'biological-agent'
                  role: 'primary'
                  schema: 'simulatte.sceneEntityIdentity.v1'
                  semanticClass: 'cat'
                  semanticRef: 'prompt.body.cat'
                  sourceLabel: 'cats'
                  type: 'cat'
                  visualArchetype: 'cat'
                interaction:
                  capabilities:
                    0: 'select'
                    1: 'drag'
                    2: 'nudge'
                    3: 'impulse'
                  schema: 'simulatte.sceneInteractionBinding.v1'
                  sourceProgram: 'simulatte.interactionIR.v1'
                  targetId: 'target:prompt-body-cat'
                label: 'cats'
                layerSlot: 'biological-agent'
                layoutConstraints:
                layoutReceipt:
                  initialAnchor:
                    0: 0.56391
                    1: 0.31522
                  placementSeed: 1533497926
                  placementStrategy: 'golden-angle-field'
                  relationCount: 0
                  relationIds:
                  sceneKind: 'biology'
                  schema: 'simulatte.constraintLayoutReceipt.v1'
                  solver: 'typed-spatial-constraints'
                  topology: 'field-map'
                layoutRelationRoles:
                material:
                  emissive: false
                  emissiveStrength: 0
                  fill: '#b7b4aa'
                  id: 'soft_tissue'
                  kind: 'biological'
                  metallic: 0
                  opacity: 0.56
                  roughness: 0.56
                  shader: 'fibrous-cellular-mesh'
                  stroke: '#66635c'
                physicalRef: 'prompt-body-cat'
                properties:
                reason: 'source graph row is prompt-grounded visual intent'
                renderCodes:
                  animationCode: 0.5
                  categoryCode: 1
                  layerCode: 1
                  packetKindCode: 1
                  schema: 'simulatte.sceneRenderCodes.v1'
                  semanticCode: 2
                  variantCode: 0.279046
                renderPriority: 23.92
                representedEntityIds:
                  0: 'surface-cat-1'
                  1: 'prompt.body.cat'
                  2: 'prompt-body-cat'
                  3: 'cat-a'
                  4: 'entity:cat'
                schema: 'simulatte.sceneEntity.v1'
                semanticRef: 'prompt.body.cat'
                sourceGraphId: 'surface-cat-1'
                sourceIds:
                  0: 'surface-cat-1'
                  1: 'prompt.body.cat'
                  2: 'prompt-body-cat'
                  3: 'cat-a'
                stateBindings:
                  rotation: 'angle:prompt-body-cat'
                  rotationRate: 'angularVelocity:prompt-body-cat'
                supportOnly: false
                transform:
                  anchor:
                    0: 0.5
                    1: 0.5
                  position:
                    0: 0.323642958657701
                    1: 0.47846424707803914
                    2: 0
                  rotation:
                    0: 0
                    1: 0
                    2: 0
                  scale:
                    0: 0.3636352617113281
                    1: 0.12682129889246901
                    2: 1
                visualTraits:
              1:
                animation:
                  affects:
                    0: 'surface-cat-1'
                  amplitude: 0
                  kind: 'static-pose'
                  phase: 0.5
                  speed: 0
                  stateBinding: 'simulation-time'
                cardinality: 1
                cardinalityReceipt:
                  instanceCount: 2
                  instanceIndex: 2
                  schema: 'simulatte.cardinalityRealization.v1'
                  sourceEntityId: 'surface-cat-1'
                collider:
                  bounds:
                    0: 0.5490968209187244
                    1: 0.4150535976318046
                    2: 0.3636352617113281
                    3: 0.12682129889246901
                  capabilities:
                    0: 'select'
                    1: 'drag'
                    2: 'nudge'
                    3: 'impulse'
                  draggable: true
                  kind: 'ellipse'
                  pickId: 'surface-cat-1:instance:2'
                  selectable: true
                  targetId: 'target:prompt-body-cat'
                confidence: 0.96
                directlyGrounded: true
                drawOrder: 0
                evidence:
                  0: 'prompt.actor.cat'
                  1: 'phase3-prompt-identity'
                  2: 'intent-component'
                  3: 'semantic-surface-grounder'
                  4: 'shape:animal-body'
                  5: 'material:soft_tissue'
                  6: 'regime:biological'
                  7: 'phrase:cats'
                  8: 'construction-card:entity.cat'
                  9: 'graphics-atom:identity-animal-torso'
                  10: 'graphics-atom:identity-animal-head'
                  11: 'graphics-atom:identity-animal-limb-rig'
                geometry:
                  bounds:
                    0: 0.5490968209187244
                    1: 0.4150535976318046
                    2: 0.3636352617113281
                    3: 0.12682129889246901
                  constraints:
                    0: 'non-overlap'
                  coverage:
                    grammarId: 'object-grammar.cat'
                    identityType: 'cat'
                    literal: true
                    minScale:
                      0: 0.19
                      1: 0.115
                    partCount: 9
                    partIds:
                      0: 'body'
                      1: 'head'
                      2: 'ear-left'
                      3: 'ear-right'
                      4: 'front-leg'
                      5: 'back-leg'
                      6: 'tail'
                      7: 'eye-left'
                      8: 'eye-right'
                    primitiveCount: 3
                    realized: true
                    schema: 'simulatte.objectGeometryCoverage.v1'
                  id: 'geometry:surface-cat-1'
                  instancing:
                    count: 12
                    mode: 'swarm'
                  kind: 'anchored'
                  primitive: 'cat-body'
                  program:
                    constructionReceipt:
                      basisIds:
                        0: 'ground.small-mammal-body'
                      candidateIds:
                        0: 'entity.cat'
                      exactTargetMatch: true
                      inputPartHintCount: 4
                      literalSlotMatch: true
                      modelEvaluated: false
                      rerankEvaluated: false
                      schema: 'simulatte.constructiveGeometryReceipt.v1'
                      sourceCardIds:
                        0: 'entity.cat'
                      targetEntryId: 'entity:cat'
                      targetIdentityBound: true
                    constructionSelectionReceipt:
                      attempt: 0
                      candidates:
                        0:
                          grammarId: 'object-grammar.cat'
                          obligationScore: 63.75
                          score: 63.75
                          selectionRole: 'identity-catalog'
                          status: 'selected'
                          targetFitScore: 25
                        1:
                          grammarId: 'object-grammar.animal'
                          obligationScore: 38.75
                          score: 38.75
                          selectionRole: 'category-catalog'
                          status: 'eligible'
                          targetFitScore: 25
                        2:
                          grammarId: 'object-grammar.constructive.quadruped.balanced'
                          obligationScore: -0.25
                          score: -0.25
                          selectionRole: 'model-construction'
                          status: 'eligible'
                          targetFitScore: -32
                        3:
                          grammarId: 'object-grammar.constructive.quadruped.elongated'
                          obligationScore: -0.25
                          score: -0.25
                          selectionRole: 'model-construction'
                          status: 'eligible'
                          targetFitScore: -32
                        4:
                          grammarId: 'object-grammar.constructive.quadruped.compact'
                          obligationScore: -0.25
                          score: -0.25
                          selectionRole: 'model-construction'
                          status: 'eligible'
                          targetFitScore: -32
                      rejectedGrammarIds:
                      schema: 'simulatte.constructionSelectionReceipt.v3'
                      searchExhausted: false
                      seed: 0
                      selectedGrammarId: 'object-grammar.cat'
                      strategy: 'prompt-obligation-coverage'
                    grammarId: 'object-grammar.cat'
                    graphicsAtomBindings:
                      camera:
                        0: 'identity-animal-three-quarter-framing'
                      geometry:
                        0: 'identity-animal-torso'
                        1: 'identity-animal-head'
                        2: 'identity-animal-limb-rig'
                      materials:
                        0: 'identity-biological-surface'
                      motion:
                      schema: 'simulatte.entityGraphicsAtomBindings.v1'
                      sourceObjectIds:
                        0: 'cat-a'
                        1: 'prompt-body-cat'
                        2: 'prompt.body.cat'
                        3: 'surface-cat-1'
                    identityType: 'cat'
                    literal: true
                    minScale:
                      0: 0.19
                      1: 0.115
                    morphology:
                      accentPatterns:
                        0: 'soft-rim'
                      contourProfiles:
                        0: 'superellipse'
                        1: 'leaf'
                        2: 'tapered-capsule'
                      identityType: 'cat'
                      schema: 'simulatte.objectMorphologyProgram.v1'
                      seed: 1891058870
                      surfacePatterns:
                        0: 'fur'
                    morphologyReceipt:
                      accentPatterns:
                        0: 'soft-rim'
                      boundedAccentRuleCount: 11
                      boundedContourRuleCount: 12
                      boundedSurfaceRuleCount: 11
                      complexity: 'O(9 parts * 34 bounded rules)'
                      contourDiversity: 0.6
                      contourProfiles:
                        0: 'superellipse'
                        1: 'leaf'
                        2: 'tapered-capsule'
                      distinctivePartCount: 8
                      dynamicAccentPartCount: 9
                      featureClasses:
                        0: 'generic'
                        1: 'head'
                        2: 'ear'
                        3: 'front'
                        4: 'back'
                        5: 'tail'
                        6: 'eye'
                      featureCoverage: 0.8889
                      grammarId: 'object-grammar.cat'
                      identityType: 'cat'
                      partCount: 9
                      pass: true
                      schema: 'simulatte.objectMorphologyReceipt.v1'
                      signatureContourCount: 2
                      specificityScore: 0.8011
                      surfacePatterns:
                        0: 'fur'
                    parts:
                      0:
                        accentParameters:
                          0: 5
                          1: 0.134
                          2: 0.04
                          3: 0.8443
                        accentPattern: 'soft-rim'
                        center:
                          0: -0.08
                          1: 0.03
                        contourProfile: 'superellipse'
                        fill: '#c8a46b'
                        id: 'body'
                        opacity: 1
                        order: 0
                        primitive: 'superellipse'
                        rotation: 0
                        shapeParameters:
                          0: 0.3314
                          1: 0.3657
                          2: 0.1901
                          3: 0.1448
                        size:
                          0: 0.59
                          1: 0.43
                        surfaceParameters:
                          0: 13
                          1: 0.1419
                          2: 0.16
                          3: 0.1446
                        surfacePattern: 'fur'
                        texture: ''
                        visualFeatureClass: 'generic'
                      1:
                        accentParameters:
                          0: 11
                          1: 0.1216
                          2: 0.04
                          3: 0.0647
                        accentPattern: 'soft-rim'
                        center:
                          0: 0.31
                          1: -0.08
                        contourProfile: 'superellipse'
                        fill: '#d8b87d'
                        id: 'head'
                        opacity: 1
                        order: 1
                        primitive: 'superellipse'
                        rotation: 0
                        shapeParameters:
                          0: 0.4698
                          1: 0.2889
                          2: 0.2564
                          3: 0.4396
                        size:
                          0: 0.29
                          1: 0.37
                        surfaceParameters:
                          0: 7
                          1: 0.1919
                          2: 0.16
                          3: 0.1445
                        surfacePattern: 'fur'
                        texture: ''
                        visualFeatureClass: 'head'
                      2:
                        accentParameters:
                          0: 8
                          1: 0.159
                          2: 0.04
                          3: 0.0379
                        accentPattern: 'soft-rim'
                        center:
                          0: 0.23
                          1: -0.34
                        contourProfile: 'leaf'
                        fill: '#9a774a'
                        id: 'ear-left'
                        opacity: 1
                        order: 2
                        primitive: 'leaf'
                        rotation: 0
                        shapeParameters:
                          0: 0.617
                          1: 0.5431
                          2: 0.1017
                          3: 0.9769
                        size:
                          0: 0.15
                          1: 0.25
                        surfaceParameters:
                          0: 10
                          1: 0.0967
                          2: 0.16
                          3: 0.0474
                        surfacePattern: 'fur'
                        texture: ''
                        visualFeatureClass: 'ear'
                      3:
                        accentParameters:
                          0: 10
                          1: 0.1799
                          2: 0.04
                          3: 0.4087
                        accentPattern: 'soft-rim'
                        center:
                          0: 0.39
                          1: -0.34
                        contourProfile: 'leaf'
                        fill: '#9a774a'
                        id: 'ear-right'
                        opacity: 1
                        order: 3
                        primitive: 'leaf'
                        rotation: 0
                        shapeParameters:
                          0: 0.5518
                          1: 0.6178
                          2: 0.2848
                          3: 0.9467
                        size:
                          0: 0.15
                          1: 0.25
                        surfaceParameters:
                          0: 5
                          1: 0.1324
                          2: 0.16
                          3: 0.1482
                        surfacePattern: 'fur'
                        texture: ''
                        visualFeatureClass: 'ear'
                      4:
                        accentParameters:
                          0: 7
                          1: 0.1133
                          2: 0.04
                          3: 0.9612
                        accentPattern: 'soft-rim'
                        center:
                          0: 0.15
                          1: 0.3
                        contourProfile: 'tapered-capsule'
                        fill: '#aa8656'
                        id: 'front-leg'
                        opacity: 1
                        order: 4
                        primitive: 'tapered-capsule'
                        rotation: 1.5107963267948965
                        shapeParameters:
                          0: 0.644
                          1: 0.4884
                          2: 0.1217
                          3: 0.0826
                        size:
                          0: 0.34
                          1: 0.08
                        surfaceParameters:
                          0: 9
                          1: 0.1572
                          2: 0.16
                          3: 0.0532
                        surfacePattern: 'fur'
                        texture: ''
                        visualFeatureClass: 'front'
                      5:
                        accentParameters:
                          0: 10
                          1: 0.1514
                          2: 0.04
                          3: 0.4411
                        accentPattern: 'soft-rim'
                        center:
                          0: -0.28
                          1: 0.29
                        contourProfile: 'tapered-capsule'
                        fill: '#aa8656'
                        id: 'back-leg'
                        opacity: 1
                        order: 5
                        primitive: 'tapered-capsule'
                        rotation: 1.6307963267948966
                        shapeParameters:
                          0: 0.7571
                          1: 0.3729
                          2: 0.2896
                          3: 0.5534
                        size:
                          0: 0.34
                          1: 0.08
                        surfaceParameters:
                          0: 16
                          1: 0.1491
                          2: 0.16
                          3: 0.055
                        surfacePattern: 'fur'
                        texture: ''
                        visualFeatureClass: 'back'
                      6:
                        accentParameters:
                          0: 12
                          1: 0.1565
                          2: 0.04
                          3: 0.4005
                        accentPattern: 'soft-rim'
                        center:
                          0: -0.43
                          1: -0.11
                        contourProfile: 'tapered-capsule'
                        fill: '#aa8656'
                        id: 'tail'
                        opacity: 1
                        order: 6
                        primitive: 'tapered-capsule'
                        rotation: -0.58
                        shapeParameters:
                          0: 0.6709
                          1: 0.8492
                          2: 0.1373
                          3: 0.8978
                        size:
                          0: 0.43
                          1: 0.075
                        surfaceParameters:
                          0: 15
                          1: 0.1453
                          2: 0.16
                          3: 0.1147
                        surfacePattern: 'fur'
                        texture: ''
                        visualFeatureClass: 'tail'
                      7:
                        accentParameters:
                          0: 6
                          1: 0.1005
                          2: 0.04
                          3: 0.2741
                        accentPattern: 'soft-rim'
                        center:
                          0: 0.27
                          1: -0.1
                        contourProfile: 'superellipse'
                        fill: '#14221a'
                        id: 'eye-left'
                        opacity: 1
                        order: 7
                        primitive: 'superellipse'
                        rotation: 0
                        shapeParameters:
                          0: 0.6174
                          1: 0.175
                          2: 0.1744
                          3: 0.2088
                        size:
                          0: 0.04
                          1: 0.055
                        surfaceParameters:
                          0: 11
                          1: 0.0976
                          2: 0.16
                          3: 0.1156
                        surfacePattern: 'fur'
                        texture: ''
                        visualFeatureClass: 'eye'
                      8:
                        accentParameters:
                          0: 5
                          1: 0.1061
                          2: 0.04
                          3: 0.095
                        accentPattern: 'soft-rim'
                        center:
                          0: 0.37
                          1: -0.1
                        contourProfile: 'superellipse'
                        fill: '#14221a'
                        id: 'eye-right'
                        opacity: 1
                        order: 8
                        primitive: 'superellipse'
                        rotation: 0
                        shapeParameters:
                          0: 0.4031
                          1: 0.2812
                          2: 0.2421
                          3: 0.903
                        size:
                          0: 0.04
                          1: 0.055
                        surfaceParameters:
                          0: 13
                          1: 0.1594
                          2: 0.16
                          3: 0.1665
                        surfacePattern: 'fur'
                        texture: ''
                        visualFeatureClass: 'eye'
                    pose: ''
                    promptPropertyBindings:
                    schema: 'simulatte.objectGeometryProgram.v1'
                    selectionRole: 'identity-catalog'
                    source: 'phase6-data-owned-part-graph'
                    sourcePrimitive: 'cat-body'
                    visualArchetype: 'cat'
                    zOrder: 33
                id: 'surface-cat-1:instance:2'
                identity:
                  aliases:
                    0: 'cats'
                    1: 'cat'
                    2: 'prompt.actor.cat'
                    3: 'surface-cat-1'
                    4: 'generated entity cat: small_mammal'
                    5: 'cat-a'
                  category: 'animal'
                  directlyGrounded: true
                  label: 'cats'
                  material: 'soft_tissue'
                  physicalRef: 'prompt-body-cat'
                  primitive: 'cat-body'
                  renderClass: 'biological-agent'
                  role: 'primary'
                  schema: 'simulatte.sceneEntityIdentity.v1'
                  semanticClass: 'cat'
                  semanticRef: 'prompt.body.cat'
                  sourceLabel: 'cats'
                  type: 'cat'
                  visualArchetype: 'cat'
                interaction:
                  capabilities:
                    0: 'select'
                    1: 'drag'
                    2: 'nudge'
                    3: 'impulse'
                  schema: 'simulatte.sceneInteractionBinding.v1'
                  sourceProgram: 'simulatte.interactionIR.v1'
                  targetId: 'target:prompt-body-cat'
                label: 'cats'
                layerSlot: 'biological-agent'
                layoutConstraints:
                layoutReceipt:
                  initialAnchor:
                    0: 0.56391
                    1: 0.31522
                  placementSeed: 1533497926
                  placementStrategy: 'golden-angle-field'
                  relationCount: 0
                  relationIds:
                  sceneKind: 'biology'
                  schema: 'simulatte.constraintLayoutReceipt.v1'
                  solver: 'typed-spatial-constraints'
                  topology: 'field-map'
                layoutRelationRoles:
                material:
                  emissive: false
                  emissiveStrength: 0
                  fill: '#b7b4aa'
                  id: 'soft_tissue'
                  kind: 'biological'
                  metallic: 0
                  opacity: 0.56
                  roughness: 0.56
                  shader: 'fibrous-cellular-mesh'
                  stroke: '#66635c'
                physicalRef: 'prompt-body-cat'
                properties:
                reason: 'source graph row is prompt-grounded visual intent'
                renderCodes:
                  animationCode: 0.5
                  categoryCode: 1
                  layerCode: 1
                  packetKindCode: 1
                  schema: 'simulatte.sceneRenderCodes.v1'
                  semanticCode: 2
                  variantCode: 0.279046
                renderPriority: 23.92
                representedEntityIds:
                  0: 'surface-cat-1'
                  1: 'prompt.body.cat'
                  2: 'prompt-body-cat'
                  3: 'cat-a'
                  4: 'entity:cat'
                schema: 'simulatte.sceneEntity.v1'
                semanticRef: 'prompt.body.cat'
                sourceGraphId: 'surface-cat-1'
                sourceIds:
                  0: 'surface-cat-1'
                  1: 'prompt.body.cat'
                  2: 'prompt-body-cat'
                  3: 'cat-a'
                stateBindings:
                  rotation: 'angle:prompt-body-cat'
                  rotationRate: 'angularVelocity:prompt-body-cat'
                supportOnly: false
                transform:
                  anchor:
                    0: 0.5
                    1: 0.5
                  position:
                    0: 0.7309144517743884
                    1: 0.47846424707803914
                    2: 0
                  rotation:
                    0: 0
                    1: 0
                    2: 0
                  scale:
                    0: 0.3636352617113281
                    1: 0.12682129889246901
                    2: 1
                visualTraits:
            environmentProgram: ~
            fields:
            interactionProgram:
              actions:
                0:
                  commandKind: 'select'
                  id: 'select'
                  requiredCapability: 'select'
                  schema: 'simulatte.interactionAction.v1'
                1:
                  commandKind: 'hover'
                  id: 'hover'
                  requiredCapability: 'select'
                  schema: 'simulatte.interactionAction.v1'
                2:
                  commandKind: 'clear-hover'
                  id: 'clear-hover'
                  requiredCapability: ''
                  schema: 'simulatte.interactionAction.v1'
                3:
                  commandKind: 'grab'
                  id: 'grab'
                  requiredCapability: 'drag'
                  schema: 'simulatte.interactionAction.v1'
                4:
                  commandKind: 'drag'
                  id: 'drag'
                  requiredCapability: 'drag'
                  schema: 'simulatte.interactionAction.v1'
                5:
                  commandKind: 'release'
                  id: 'release'
                  requiredCapability: 'drag'
                  schema: 'simulatte.interactionAction.v1'
                6:
                  commandKind: 'nudge'
                  id: 'nudge'
                  requiredCapability: 'nudge'
                  schema: 'simulatte.interactionAction.v1'
                7:
                  commandKind: 'impulse'
                  id: 'impulse'
                  requiredCapability: 'impulse'
                  schema: 'simulatte.interactionAction.v1'
                8:
                  commandKind: 'clear-selection'
                  id: 'clear-selection'
                  requiredCapability: ''
                  schema: 'simulatte.interactionAction.v1'
              bindings:
                0:
                  actionId: 'hover'
                  device: 'pointer'
                  event: 'pointermove'
                  id: 'pointer-hover'
                  schema: 'simulatte.interactionBinding.v1'
                1:
                  actionId: 'select'
                  button: 0
                  device: 'pointer'
                  event: 'pointerdown'
                  id: 'pointer-select'
                  schema: 'simulatte.interactionBinding.v1'
                2:
                  actionId: 'grab'
                  button: 0
                  device: 'pointer'
                  event: 'pointerdown'
                  id: 'pointer-grab'
                  schema: 'simulatte.interactionBinding.v1'
                3:
                  actionId: 'drag'
                  button: 0
                  device: 'pointer'
                  event: 'pointerdrag'
                  id: 'pointer-drag'
                  schema: 'simulatte.interactionBinding.v1'
                4:
                  actionId: 'release'
                  button: 0
                  device: 'pointer'
                  event: 'pointerup'
                  id: 'pointer-release'
                  schema: 'simulatte.interactionBinding.v1'
                5:
                  actionId: 'nudge'
                  code: 'ArrowLeft'
                  device: 'keyboard'
                  event: 'keydown'
                  id: 'keyboard-left'
                  schema: 'simulatte.interactionBinding.v1'
                  vector:
                    0: -0.035
                    1: 0
                6:
                  actionId: 'nudge'
                  code: 'ArrowRight'
                  device: 'keyboard'
                  event: 'keydown'
                  id: 'keyboard-right'
                  schema: 'simulatte.interactionBinding.v1'
                  vector:
                    0: 0.035
                    1: 0
                7:
                  actionId: 'nudge'
                  code: 'ArrowUp'
                  device: 'keyboard'
                  event: 'keydown'
                  id: 'keyboard-up'
                  schema: 'simulatte.interactionBinding.v1'
                  vector:
                    0: 0
                    1: -0.035
                8:
                  actionId: 'nudge'
                  code: 'ArrowDown'
                  device: 'keyboard'
                  event: 'keydown'
                  id: 'keyboard-down'
                  schema: 'simulatte.interactionBinding.v1'
                  vector:
                    0: 0
                    1: 0.035
                9:
                  actionId: 'impulse'
                  code: 'Space'
                  device: 'keyboard'
                  event: 'keydown'
                  id: 'keyboard-impulse'
                  schema: 'simulatte.interactionBinding.v1'
                  vector:
                    0: 0
                    1: -0.7
                10:
                  actionId: 'clear-selection'
                  code: 'Escape'
                  device: 'keyboard'
                  event: 'keydown'
                  id: 'keyboard-clear'
                  schema: 'simulatte.interactionBinding.v1'
              commandOrdering: 'monotonic-sequence-then-arrival-order'
              compiler: 'simulatte.phase6.scene-interaction.compiler.v1'
              coordinateSystem: 'normalized-canvas'
              mappings:
                0:
                  capabilities:
                    0: 'select'
                    1: 'drag'
                    2: 'nudge'
                    3: 'impulse'
                  channels:
                    adjust: ''
                    angle: 'angle:prompt-body-cat'
                    angularVelocity: 'angularVelocity:prompt-body-cat'
                    force: 'force:prompt-body-cat'
                    position: 'position:prompt-body-cat'
                    torque: 'torque:prompt-body-cat'
                    velocity: 'velocity:prompt-body-cat'
                  initialPosition:
                    0: 0.22
                    1: 0.34
                  packetEntityId: 'surface-cat-1:instance:1'
                  physicalEntityId: 'prompt-body-cat'
                  pickId: 'surface-cat-1:instance:1'
                  schema: 'simulatte.sceneInteractionTargetMap.v1'
                  targetId: 'target:prompt-body-cat'
                1:
                  capabilities:
                    0: 'select'
                    1: 'drag'
                    2: 'nudge'
                    3: 'impulse'
                  channels:
                    adjust: ''
                    angle: 'angle:prompt-body-cat'
                    angularVelocity: 'angularVelocity:prompt-body-cat'
                    force: 'force:prompt-body-cat'
                    position: 'position:prompt-body-cat'
                    torque: 'torque:prompt-body-cat'
                    velocity: 'velocity:prompt-body-cat'
                  initialPosition:
                    0: 0.22
                    1: 0.34
                  packetEntityId: 'surface-cat-1:instance:2'
                  physicalEntityId: 'prompt-body-cat'
                  pickId: 'surface-cat-1:instance:2'
                  schema: 'simulatte.sceneInteractionTargetMap.v1'
                  targetId: 'target:prompt-body-cat'
              receipt:
                mappedTargetCount: 2
                phase: 6
                schema: 'simulatte.sceneInteractionCompileReceipt.v1'
                sourceTargetCount: 1
                unmappedTargetIds:
              schema: 'simulatte.sceneInteractionProgram.v1'
              sourceProgramContentHash: 'fnv1a32:07a8db79'
              sourceProgramSchema: 'simulatte.interactionIR.v1'
              targetCount: 2
            lights:
              0:
                color:
                  0: 0.96
                  1: 0.96
                  2: 0.9
                direction:
                  0: -0.36
                  1: -0.58
                  2: 0.72
                id: 'key'
                intensity: 0.86
                kind: 'directional'
              1:
                color:
                  0: 0.28
                  1: 0.36
                  2: 0.44
                id: 'fill'
                intensity: 0.34
                kind: 'ambient'
            passes:
              0: 'background'
              1: 'entities'
            receipts:
              cameraArchetype: 'wide-establishing'
              compositionLedger:
                failedCount: 0
                obligationCount: 3
                preservedCount: 3
                schema: 'simulatte.sceneCompositionLedger.v1'
              compositionTopology: 'field-map'
              effectCount: 0
              entityCount: 2
              fieldCount: 0
              framing:
                centerOffset: 0.00001
                entityCount: 2
                framedBounds:
                  0: 0.1
                  1: 0.41949
                  2: 0.80001
                  3: 0.121
                graspContacts:
                method: 'group-bounds-fit'
                minimumProjectedArea: 0.09
                pass: true
                projectedArea: 0.09223
                readableCount: 2
                scaleFactor: 1.69696
                schema: 'simulatte.sceneFramingReceipt.v1'
                sourceBounds:
                  0: 0.31212
                  1: 0.28047
                  2: 0.47143
                  3: 0.07131
                surfaceContacts:
                targetBounds:
                  0: 0.1
                  1: 0.12
                  2: 0.8
                  3: 0.72
              interaction:
                mappedTargetCount: 2
                phase: 6
                schema: 'simulatte.sceneInteractionCompileReceipt.v1'
                sourceTargetCount: 1
                unmappedTargetIds:
              primaryArtifact: 'sceneRenderPacket'
              renderCodeCount: 2
              scaleTier: 'landscape'
              source: 'visualIR.acceptedRows'
              visualDialect: 'biology/animal-gait'
            scaleTier: 'landscape'
            sceneKind: 'biology'
            schema: 'simulatte.sceneRenderPacket.v1'
            time:
              stateBinding: 'simulation-time'
              unit: 'seconds'
            uniforms:
              atmosphere:
                boundedSlotCount: 16
                compiler: 'phase6-scene-mix-atmosphere'
                complexity: 'O(16)'
                dominantSlot: 'biological'
                layerCount: 1
                layers:
                  0:
                    id: 'atmosphere:biological'
                    intensity: 1
                    motif: 'floating-organic-motes'
                    slot: 'biological'
                schema: 'simulatte.sceneAtmosphereProgram.v1'
                source: 'sceneRenderPacket.uniforms.sceneMix'
              atomUniforms:
                0: 0
                1: 0
                2: 0
                3: 0
                4: 0
                5: 0
                6: 0
                7: 0
                8: 0
                9: 0
                10: 0
                11: 0
                12: 0
                13: 0
                14: 0
                15: 0
                16: 0
                17: 0
                18: 0
                19: 0
                20: 0
                21: 0
                22: 0
                23: 0
              compiler: 'simulatte.visual-ir.scene-render-packet.uniforms.v1'
              palette:
                0: 0.2511
                1: 0.1419
                2: 0.1201
                3: 1
                4: 0.8555
                5: 0.3963
                6: 0.3045
                7: 1
                8: 0.1187
                9: 0.1695
                10: 0.3365
                11: 1
                12: 0.4686
                13: 0.9016
                14: 0.3368
                15: 1
              phase: 6
              sceneId: 7
              sceneMix:
                0: 0
                1: 0
                2: 0
                3: 0
                4: 0
                5: 0
                6: 1
                7: 0
                8: 0
                9: 0
                10: 0
                11: 0
                12: 0
                13: 0
                14: 0
                15: 0
              schema: 'simulatte.sceneRenderPacketUniforms.v1'
              source: 'sceneRenderPacket.renderCodes'
              visualLayers:
                0: 1
                1: 0
                2: 0
                3: 0
                4: 0
                5: 0
                6: 0
                7: 0
                8: 0
                9: 0
                10: 0
                11: 0
                12: 0
                13: 0
                14: 0
                15: 0
                16: 0
                17: 0
                18: 0
                19: 0
                20: 0
                21: 0
                22: 0
                23: 0
            visualDialect: 'biology/animal-gait'
          schema: 'simulatte.visualIR.v1'
          visualDialect: 'biology/animal-gait'
        visualObligations:
          0:
            evidence:
              0: 'phase6:entity:surface-cat-1'
              1: 'phase6:render-instance:instance:geometry:geometry-surface-cat-1'
              2: 'scene-identity:cat'
            id: 'entity:cat'
            kind: 'entity'
            mustPreserveIds:
              0: 'entity:cat'
            obligationId: 'entity:cat'
            ownedByPhase: 3
            phase: 6
            receiptId: 'phase3-retrieval-rerank'
            required: true
            schema: 'simulatte.visualObligationReceipt.v1'
            sourceKind: 'entity'
            sourceRelationId: ''
            status: 'preserved'
            target: 'cat'
            visualEvidence:
              0: 'phase6:entity:surface-cat-1'
              1: 'phase6:render-instance:instance:geometry:geometry-surface-cat-1'
              2: 'scene-identity:cat'
          1:
            constraintKind: 'count'
            countMode: 'exact'
            countSource: 'explicit-quantity'
            evidence:
              0: 'cardinality:cat:2'
              1: 'phase6:entity:surface-cat-1'
              2: 'phase6:render-instance:instance:geometry:geometry-surface-cat-1'
              3: 'scene-identity:cat'
            expectedCount: 2
            id: 'visual:prompt-count-cat-2-exact-explicit-quantity'
            kind: 'visual'
            obligationId: 'visual:prompt-count-cat-2-exact-explicit-quantity'
            ownedByPhase: 6
            phase: 6
            required: true
            schema: 'simulatte.visualObligationReceipt.v1'
            sourceKind: 'visual'
            status: 'preserved'
            target: 'Cats'
            targetIdentity: 'cat'
            targetNodeId: 'prompt-body-cat'
            visualEvidence:
              0: 'cardinality:cat:2'
              1: 'phase6:entity:surface-cat-1'
              2: 'phase6:render-instance:instance:geometry:geometry-surface-cat-1'
              3: 'scene-identity:cat'
          2:
            evidence:
              0: 'phase6:render-instance:instance:geometry:geometry-surface-cat-1'
            id: 'visual:compiled-scene-packet'
            kind: 'visual'
            obligationId: 'visual:compiled-scene-packet'
            ownedByPhase: 6
            phase: 6
            required: true
            schema: 'simulatte.visualObligationReceipt.v1'
            sourceKind: 'visual'
            status: 'preserved'
            target: 'cats'
            visualEvidence:
              0: 'phase6:render-instance:instance:geometry:geometry-surface-cat-1'
    binding:
      artifactDigest: 'sha256:2446551967017a5dca2e75d72cabc6bc9abd78e216b3373ee123ea9eb83823e6'
      dependencies:
      dependencyDigest: 'sha256:4f53cda18c2baa0c0354bb5f9a3ecbe5ed12ab4d8e11ba873c2f11161202b945'
      envelopeDigest: 'sha256:3a0a6c0bde5df58c2b80e2fbbbe35e730df4ebe19202bccd5a281490d93d4745'
      invocationDigest: 'sha256:44136fa355b3678a1146ad16f7e8649e94fb4fc21fe77e8310c060f61caaff8a'
      predecessorDigest: 'sha256:b4d59f5ba0f28e11be42aaa3cf9064027160f50a944373e3a4de9755f7c73052'
      producer:
        buildDigest: 'sha256:aaaaaaaaaaaaaaaaaaaaaaaaaaaaaaaaaaaaaaaaaaaaaaaaaaaaaaaaaaaaaaaa'
        id: 'test-phase-transform'
      producerDigest: 'sha256:40c135c8e5fbf871cb7786d980d05fa0200c24e2da2e672e424aa85b24db8b09'
      revision: 1
      schema: 'simulatte.phaseBinding.v2'
    inputSchema: 'simulatte.phase5.output.v3'
    phase: 6
    receipts:
      0:
        id: 'phase6-visual-compile'
        identityPreservation: 1
        interactionTargetCount: 2
        lostObligations: 0
        obligationCount: 3
        passes: 2
        renderInstances: 2
        sceneRenderPacket: 'simulatte.sceneRenderPacket.v1'
        schema: 'simulatte.phaseReceipt.v1'
        visualIR: 'simulatte.visualIR.v1'
    runtimeReceiptId: 'runtime:21xk'
    schema: 'simulatte.phase6.output.v3'
  actual:
    schema: 'simulatte.phase6.output.v2'
    phase: 6
    inputSchema: 'simulatte.phase5.output.v3'
    runtimeReceiptId: 'runtime:21xk'
    artifact:
      visualCompile:
        schema: 'simulatte.visualCompile.v2'
        visualIR:
          schema: 'simulatte.visualIR.v1'
          compiler: 'simulatte.visual-ir.compiler.v1'
          intentText: 'render:prompt-body-cat cats body soft_tissue biology prompt.body.cat prompt-body-cat'
          sceneKind: 'biology'
          painterKind: 'biology'
          scale: 'bench'
          scaleTier: 'landscape'
          visualDialect: 'biology/animal-gait'
          compositionTopology: 'field-map'
          camera:
            mode: 'grounded-perspective-depth'
            scale: 'bench'
            scaleTier: 'landscape'
            archetype: 'subject-three-quarter'
            framing: 'subject-three-quarter'
            depth: 'layered'
            atoms:
              0:
                id: 'identity-animal-three-quarter-framing'
                category: 'camera'
                label: 'Identity Animal Three Quarter Framing'
                sourceMappingIds:
                sourceObjectIds:
                  0: 'surface-cat-1'
                evidence:
                  0: 'object-identity:surface-cat-1'
                  1: 'object-shape:animal-body'
                stagingOnly: true
          lighting:
            model: 'soft-lab'
            keyHue: 10
            rimHue: 106
            shadowHue: 226
            contrast: 0.72
          entities:
            0:
              id: 'surface-cat-1'
              sourceObject: 'surface-cat-1'
              label: 'cats'
              sourceLabel: 'cats'
              aliases:
                0: 'cats'
                1: 'cat'
                2: 'prompt.actor.cat'
                3: 'surface-cat-1'
                4: 'generated entity cat: small_mammal'
                5: 'cat-a'
              semanticClass: 'cat'
              visualArchetype: 'cat'
              shapeHints:
                0: 'cat'
              construction:
                affordanceHints:
                basisIds:
                  0: 'ground.small-mammal-body'
                basisPartHints:
                  0: 'torso capsule'
                  1: 'head ellipsoid'
                  2: 'limb contact points'
                  3: 'soft collision shell'
                behaviorHints:
                  0: 'gait_force'
                  1: 'jumping'
                classHints:
                  0: 'small_mammal'
                groundingIds:
                  0: 'ground.small-mammal-body'
                hypothesisId: 'construction:slot.actor.cat:1'
                hypothesisRank: 1
                materialHints:
                  0: 'soft_tissue'
                  1: 'fur'
                  2: 'biomass'
                  3: 'gel'
                  4: 'membrane'
                partHints:
                  0: 'torso capsule'
                  1: 'head ellipsoid'
                  2: 'limb contact points'
                  3: 'soft collision shell'
                provenance:
                  candidateId: 'entity.cat'
                  exactTargetMatch: true
                  literalSlotMatch: true
                  modelEvaluated: false
                  modelRerankRank: ~
                  modelRerankScore: ~
                  modelScore: ~
                  rerankEvaluated: false
                  source: 'phase3-prototype-lexical-construction-index'
                  targetIdentityBound: true
                  vectorHash: ''
                relationHints:
                scaleHints:
                schema: 'simulatte.constructionProgramInput.v1'
                shapeHints:
                  0: 'articulated_body'
                sourceCardIds:
                  0: 'entity.cat'
                sourceLabels:
                  0: 'cat'
                sourcePartHints:
                targetEntryId: 'entity:cat'
              constructionHypotheses:
                0: <Circular>
              constructionProvenance:
                0:
                  candidateId: 'entity.cat'
                  exactTargetMatch: true
                  literalSlotMatch: true
                  modelEvaluated: false
                  modelRerankRank: ~
                  modelRerankScore: ~
                  modelScore: ~
                  rerankEvaluated: false
                  source: 'phase3-prototype-lexical-construction-index'
                  targetIdentityBound: true
                  vectorHash: ''
              constructionApproachId: 'prompt-obligation-coverage'
              constructionApproachSeed: 0
              constructionApproachAttempt: 0
              constructionApproachRejectedGrammarIds:
              properties:
              partGraph:
              cardinality: 2
              poseHint: ~
              directlyGrounded: true
              domainTags:
                0: 'body'
                1: 'biological-agent'
                2: 'soft'
                3: 'entity'
                4: 'small-mammal'
                5: 'soft_tissue'
                6: 'fur'
                7: 'gait-force'
                8: 'jumping'
                9: 'synth'
                10: 'small_mammal'
                11: 'biomass'
                12: 'gait_force'
                13: 'growth_decay'
              kind: 'agent'
              role: 'primary'
              material: 'soft_tissue'
              shape: 'animal-body'
              visualRegime: 'biological'
              pose:
                x: 0.56391
                y: 0.31522
                w: 0.32974
                h: 0.1108
                rotation: 0
              layoutConstraints:
              layoutRelationRoles:
              layoutReceipt:
                schema: 'simulatte.constraintLayoutReceipt.v1'
                solver: 'typed-spatial-constraints'
                sceneKind: 'biology'
                topology: 'field-map'
                placementStrategy: 'golden-angle-field'
                placementSeed: 1533497926
                initialAnchor:
                  0: 0.56391
                  1: 0.31522
                relationIds:
                relationCount: 0
              semanticRef: 'prompt.body.cat'
              physicalRef: 'prompt-body-cat'
              sourceGraphId: 'surface-cat-1'
              sourceKind: 'semantic-surface-grounder'
              sourceIds:
                0: 'surface-cat-1'
                1: 'prompt.body.cat'
                2: 'prompt-body-cat'
                3: 'cat-a'
              behavior: ~
              physicsOperators:
                0: 'interaction_kinematics'
              stateBindings:
                rotation: 'angle:prompt-body-cat'
                rotationRate: 'angularVelocity:prompt-body-cat'
              status: 'accepted'
              confidence: 0.96
              reason: 'source graph row is prompt-grounded visual intent'
              supportOnly: false
              evidence:
                0: 'prompt.actor.cat'
                1: 'phase3-prompt-identity'
                2: 'intent-component'
                3: 'semantic-surface-grounder'
                4: 'shape:animal-body'
                5: 'material:soft_tissue'
                6: 'regime:biological'
                7: 'phrase:cats'
                8: 'construction-card:entity.cat'
                9: 'graphics-atom:identity-animal-torso'
                10: 'graphics-atom:identity-animal-head'
                11: 'graphics-atom:identity-animal-limb-rig'
                12: 'graphics-atom:identity-biological-surface'
                13: 'graphics-atom:identity-animal-three-quarter-framing'
              graphicsAtomBindings:
                schema: 'simulatte.entityGraphicsAtomBindings.v1'
                geometry:
                  0: 'identity-animal-torso'
                  1: 'identity-animal-head'
                  2: 'identity-animal-limb-rig'
                materials:
                  0: 'identity-biological-surface'
                motion:
                camera:
                  0: 'identity-animal-three-quarter-framing'
                sourceObjectIds:
                  0: 'cat-a'
                  1: 'prompt-body-cat'
                  2: 'prompt.body.cat'
                  3: 'surface-cat-1'
          materials:
            0:
              id: 'soft_tissue'
              family: 'biological'
              shader: 'fibrous-cellular-mesh'
              fill: '#b7b4aa'
              stroke: '#66635c'
              opacity: 0.56
              roughness: 0.56
              emissive: false
              evidence:
                0: 'material:soft_tissue'
                1: 'family:biological'
              status: 'accepted'
              confidence: 0.96
              reason: 'material selected from accepted object surface-cat-1'
              sourceGraphId: 'surface-cat-1'
          fields:
          processes:
          geometry:
            0:
              id: 'geometry:surface-cat-1'
              entityId: 'surface-cat-1'
              primitive: 'cat-body'
              instancing:
                mode: 'swarm'
                count: 12
              layout: 'anchored'
              scale: 'specified'
              constraints:
                0: 'non-overlap'
              graphicsAtomBindings: <Circular>
              sourceGraphId: 'surface-cat-1'
              sourceKind: 'semantic-surface-grounder'
              sourceIds: <Circular>
              status: 'accepted'
              confidence: 0.96
              reason: 'source graph row is prompt-grounded visual intent'
              evidence: <Circular>
            1:
              id: 'geometry:atom:composition-topology-field-map'
              entityId: 'graphics-atom:composition-topology-field-map'
              primitive: 'sectioned-surface'
              sceneKind: 'biology'
              label: 'Composition topology field-map'
              description: 'Graphics atom composition-topology-field-map'
              evidence:
                0: 'graphics-atom:composition-topology-field-map'
                1: 'visual-dialect:biology/animal-gait'
                2: 'composition-topology:field-map'
              order: 200
              atomId: 'composition-topology-field-map'
              status: 'accepted'
              confidence: 0.64
              reason: 'graphics atom geometry compiled from accepted VisualIR operator mapping'
          motion:
            0:
              id: 'motion:state-pulse'
              processId: 'process:coupled-state'
              grammar: 'bounded-state-pulses'
              phase: 0
              speed: 0.28
              density: 24
              status: 'rejected'
              confidence: 0.2
              reason: 'fallback motion only; no accepted process motion was available'
          renderInstances:
            0:
              schema: 'simulatte.renderInstance.v1'
              id: 'instance:geometry:geometry-surface-cat-1'
              type: 'geometry'
              sceneKind: 'biology'
              layerSlot: 'biological-agent'
              entityId: 'surface-cat-1'
              geometryId: 'geometry:surface-cat-1'
              fieldId: ''
              processId: ''
              materialId: 'soft_tissue'
              primitive: 'cat-body'
              shader: 'fibrous-cellular-mesh'
              transform:
                position:
                  0: 0.56391
                  1: 0.31522
                  2: 0.469
                rotation:
                  0: 0
                  1: 0
                  2: 0
                scale:
                  0: 0.32974
                  1: 0.1108
                  2: 1
                anchor:
                  0: 0.5
                  1: 0.5
              geometry:
                id: 'geometry:surface-cat-1'
                kind: 'anchored'
                primitive: 'cat-body'
                bounds:
                  0: 0.39904000000000006
                  1: 0.25982
                  2: 0.32974
                  3: 0.1108
                instancing: <Circular>
                constraints: <Circular>
              material:
                id: 'soft_tissue'
                kind: 'biological'
                shader: 'fibrous-cellular-mesh'
                fill: '#b7b4aa'
                stroke: '#66635c'
                opacity: 0.56
                roughness: 0.56
                metallic: 0
                emissive: false
                emissiveStrength: 0
              animation:
                kind: 'static-pose'
                stateBinding: 'simulation-time'
                speed: 0
                amplitude: 0
                phase: 0
                affects:
                  0: 'surface-cat-1'
              collider:
                kind: 'ellipse'
                bounds:
                  0: 0.39904000000000006
                  1: 0.25982
                  2: 0.32974
                  3: 0.1108
                pickId: 'surface-cat-1'
                selectable: true
              identity:
                schema: 'simulatte.sceneEntityIdentity.v1'
                type: 'cat'
                category: 'animal'
                label: 'cats'
                renderClass: 'biological-agent'
                role: 'primary'
                sourceLabel: 'cats'
                aliases: <Circular>
                semanticClass: 'cat'
                visualArchetype: 'cat'
                directlyGrounded: true
                primitive: 'cat-body'
                material: 'soft_tissue'
                semanticRef: 'prompt.body.cat'
                physicalRef: 'prompt-body-cat'
              sourceGraphId: 'surface-cat-1'
              sourceIds:
                0: 'surface-cat-1'
                1: 'prompt.body.cat'
                2: 'prompt-body-cat'
                3: 'cat-a'
              status: 'accepted'
              confidence: 0.96
              reason: 'source graph row is prompt-grounded visual intent'
              drawOrder: 0
              evidence:
                0: 'prompt.actor.cat'
                1: 'phase3-prompt-identity'
                2: 'intent-component'
                3: 'semantic-surface-grounder'
                4: 'shape:animal-body'
                5: 'material:soft_tissue'
                6: 'regime:biological'
                7: 'phrase:cats'
                8: 'construction-card:entity.cat'
                9: 'graphics-atom:identity-animal-torso'
                10: 'graphics-atom:identity-animal-head'
                11: 'graphics-atom:identity-animal-limb-rig'
            1:
              schema: 'simulatte.renderInstance.v1'
              id: 'instance:geometry:geometry-atom-composition-topology-field-map'
              type: 'geometry'
              sceneKind: 'biology'
              layerSlot: 'field-sheet'
              entityId: 'graphics-atom:composition-topology-field-map'
              geometryId: 'geometry:atom:composition-topology-field-map'
              fieldId: ''
              processId: ''
              materialId: 'soft_tissue'
              primitive: 'sectioned-surface'
              shader: 'fibrous-cellular-mesh'
              transform:
                position:
                  0: 0.514918513066582
                  1: 0.4681834348560505
                  2: 0.772
                rotation:
                  0: 0
                  1: 0
                  2: -0.041451460155996364
                scale:
                  0: 0.72
                  1: 0.46
                  2: 1
                anchor:
                  0: 0.5
                  1: 0.5
              geometry:
                id: 'geometry:atom:composition-topology-field-map'
                kind: 'anchored'
                primitive: 'sectioned-surface'
                bounds:
                  0: 0.154918513066582
                  1: 0.2381834348560505
                  2: 0.72
                  3: 0.46
                instancing: ~
                constraints:
              material:
                id: 'soft_tissue'
                kind: 'biological'
                shader: 'fibrous-cellular-mesh'
                fill: '#b7b4aa'
                stroke: '#66635c'
                opacity: 0.56
                roughness: 0.56
                metallic: 0
                emissive: false
                emissiveStrength: 0
              animation:
                kind: 'state-pulse'
                stateBinding: 'simulation-time'
                speed: 0.34
                amplitude: 0.035
                phase: 0.647
                affects:
              collider:
                kind: 'bounds'
                bounds:
                  0: 0.154918513066582
                  1: 0.2381834348560505
                  2: 0.72
                  3: 0.46
                pickId: 'graphics-atom:composition-topology-field-map'
                selectable: true
              identity:
                schema: 'simulatte.sceneEntityIdentity.v1'
                type: 'field'
                category: 'field'
                label: 'field'
                renderClass: 'field-sheet'
                primitive: 'sectioned-surface'
                semanticRef: ''
                physicalRef: ''
              sourceGraphId: 'graphics-atom:composition-topology-field-map'
              sourceIds:
                0: 'graphics-atom:composition-topology-field-map'
              status: 'accepted'
              confidence: 0.64
              reason: 'graphics atom geometry compiled from accepted VisualIR operator mapping'
              drawOrder: 200
              evidence:
                0: 'graphics-atom:composition-topology-field-map'
                1: 'visual-dialect:biology/animal-gait'
                2: 'composition-topology:field-map'
                3: 'material:soft_tissue'
                4: 'family:biological'
          sceneRenderPacket:
            schema: 'simulatte.sceneRenderPacket.v1'
            compiler: 'simulatte.visual-ir.scene-render-packet.compiler.v1'
            sceneKind: 'biology'
            visualDialect: 'biology/animal-gait'
            compositionTopology: 'field-map'
            cameraArchetype: 'wide-establishing'
            scaleTier: 'landscape'
            coordinateSystem:
              space: 'normalized-canvas'
              origin: 'top-left'
              bounds:
                0: 0
                1: 0
                2: 1
                3: 1
            time:
              unit: 'seconds'
              stateBinding: 'simulation-time'
            camera:
              mode: 'grounded-perspective-depth'
              scale: 'bench'
              scaleTier: 'landscape'
              archetype: 'subject-three-quarter'
              framing: 'subject-three-quarter'
              depth: 'layered'
              atoms: <Circular>
              coordinateSystem: 'normalized-canvas'
            lights:
              0:
                id: 'key'
                kind: 'directional'
                direction:
                  0: -0.36
                  1: -0.58
                  2: 0.72
                color:
                  0: 0.96
                  1: 0.96
                  2: 0.9
                intensity: 0.86
              1:
                id: 'fill'
                kind: 'ambient'
                color:
                  0: 0.28
                  1: 0.36
                  2: 0.44
                intensity: 0.34
            environmentProgram: ~
            entities:
              0:
                schema: 'simulatte.sceneEntity.v1'
                id: 'surface-cat-1:instance:1'
                label: 'cats'
                identity:
                  schema: 'simulatte.sceneEntityIdentity.v1'
                  type: 'cat'
                  category: 'animal'
                  label: 'cats'
                  renderClass: 'biological-agent'
                  role: 'primary'
                  sourceLabel: 'cats'
                  aliases: <Circular>
                  semanticClass: 'cat'
                  visualArchetype: 'cat'
                  directlyGrounded: true
                  primitive: 'cat-body'
                  material: 'soft_tissue'
                  semanticRef: 'prompt.body.cat'
                  physicalRef: 'prompt-body-cat'
                semanticRef: 'prompt.body.cat'
                physicalRef: 'prompt-body-cat'
                sourceGraphId: 'surface-cat-1'
                sourceIds: <Circular>
                directlyGrounded: true
                supportOnly: false
                layoutConstraints:
                layoutRelationRoles:
                layoutReceipt: <Circular>
                representedEntityIds:
                  0: 'surface-cat-1'
                  1: 'prompt.body.cat'
                  2: 'prompt-body-cat'
                  3: 'cat-a'
                  4: 'entity:cat'
                cardinality: 1
                visualTraits:
                stateBindings: <Circular>
                properties:
                layerSlot: 'biological-agent'
                transform:
                  position:
                    0: 0.323642958657701
                    1: 0.47846424707803914
                    2: 0
                  rotation:
                    0: 0
                    1: 0
                    2: 0
                  scale:
                    0: 0.3636352617113281
                    1: 0.12682129889246901
                    2: 1
                  anchor:
                    0: 0.5
                    1: 0.5
                geometry:
                  id: 'geometry:surface-cat-1'
                  kind: 'anchored'
                  primitive: 'cat-body'
                  bounds:
                    0: 0.14182532780203694
                    1: 0.4150535976318046
                    2: 0.3636352617113281
                    3: 0.12682129889246901
                  program:
                    schema: 'simulatte.objectGeometryProgram.v1'
                    grammarId: 'object-grammar.cat'
                    identityType: 'cat'
                    visualArchetype: 'cat'
                    pose: ''
                    literal: true
                    minScale:
                      0: 0.19
                      1: 0.115
                    zOrder: 33
                    parts:
                      0:
                        id: 'body'
                        primitive: 'superellipse'
                        center:
                          0: -0.08
                          1: 0.03
                        size:
                          0: 0.59
                          1: 0.43
                        rotation: 0
                        fill: '#c8a46b'
                        opacity: 1
                        texture: ''
                        order: 0
                        contourProfile: 'superellipse'
                        shapeParameters:
                          0: 0.3314
                          1: 0.3657
                          2: 0.1901
                          3: 0.1448
                        surfacePattern: 'fur'
                        surfaceParameters:
                          0: 13
                          1: 0.1419
                          2: 0.16
                          3: 0.1446
                        accentPattern: 'soft-rim'
                        accentParameters:
                          0: 5
                          1: 0.134
                          2: 0.04
                          3: 0.8443
                        visualFeatureClass: 'generic'
                      1:
                        id: 'head'
                        primitive: 'superellipse'
                        center:
                          0: 0.31
                          1: -0.08
                        size:
                          0: 0.29
                          1: 0.37
                        rotation: 0
                        fill: '#d8b87d'
                        opacity: 1
                        texture: ''
                        order: 1
                        contourProfile: 'superellipse'
                        shapeParameters:
                          0: 0.4698
                          1: 0.2889
                          2: 0.2564
                          3: 0.4396
                        surfacePattern: 'fur'
                        surfaceParameters:
                          0: 7
                          1: 0.1919
                          2: 0.16
                          3: 0.1445
                        accentPattern: 'soft-rim'
                        accentParameters:
                          0: 11
                          1: 0.1216
                          2: 0.04
                          3: 0.0647
                        visualFeatureClass: 'head'
                      2:
                        id: 'ear-left'
                        primitive: 'leaf'
                        center:
                          0: 0.23
                          1: -0.34
                        size:
                          0: 0.15
                          1: 0.25
                        rotation: 0
                        fill: '#9a774a'
                        opacity: 1
                        texture: ''
                        order: 2
                        contourProfile: 'leaf'
                        shapeParameters:
                          0: 0.617
                          1: 0.5431
                          2: 0.1017
                          3: 0.9769
                        surfacePattern: 'fur'
                        surfaceParameters:
                          0: 10
                          1: 0.0967
                          2: 0.16
                          3: 0.0474
                        accentPattern: 'soft-rim'
                        accentParameters:
                          0: 8
                          1: 0.159
                          2: 0.04
                          3: 0.0379
                        visualFeatureClass: 'ear'
                      3:
                        id: 'ear-right'
                        primitive: 'leaf'
                        center:
                          0: 0.39
                          1: -0.34
                        size:
                          0: 0.15
                          1: 0.25
                        rotation: 0
                        fill: '#9a774a'
                        opacity: 1
                        texture: ''
                        order: 3
                        contourProfile: 'leaf'
                        shapeParameters:
                          0: 0.5518
                          1: 0.6178
                          2: 0.2848
                          3: 0.9467
                        surfacePattern: 'fur'
                        surfaceParameters:
                          0: 5
                          1: 0.1324
                          2: 0.16
                          3: 0.1482
                        accentPattern: 'soft-rim'
                        accentParameters:
                          0: 10
                          1: 0.1799
                          2: 0.04
                          3: 0.4087
                        visualFeatureClass: 'ear'
                      4:
                        id: 'front-leg'
                        primitive: 'tapered-capsule'
                        center:
                          0: 0.15
                          1: 0.3
                        size:
                          0: 0.34
                          1: 0.08
                        rotation: 1.5107963267948965
                        fill: '#aa8656'
                        opacity: 1
                        texture: ''
                        order: 4
                        contourProfile: 'tapered-capsule'
                        shapeParameters:
                          0: 0.644
                          1: 0.4884
                          2: 0.1217
                          3: 0.0826
                        surfacePattern: 'fur'
                        surfaceParameters:
                          0: 9
                          1: 0.1572
                          2: 0.16
                          3: 0.0532
                        accentPattern: 'soft-rim'
                        accentParameters:
                          0: 7
                          1: 0.1133
                          2: 0.04
                          3: 0.9612
                        visualFeatureClass: 'front'
                      5:
                        id: 'back-leg'
                        primitive: 'tapered-capsule'
                        center:
                          0: -0.28
                          1: 0.29
                        size:
                          0: 0.34
                          1: 0.08
                        rotation: 1.6307963267948966
                        fill: '#aa8656'
                        opacity: 1
                        texture: ''
                        order: 5
                        contourProfile: 'tapered-capsule'
                        shapeParameters:
                          0: 0.7571
                          1: 0.3729
                          2: 0.2896
                          3: 0.5534
                        surfacePattern: 'fur'
                        surfaceParameters:
                          0: 16
                          1: 0.1491
                          2: 0.16
                          3: 0.055
                        accentPattern: 'soft-rim'
                        accentParameters:
                          0: 10
                          1: 0.1514
                          2: 0.04
                          3: 0.4411
                        visualFeatureClass: 'back'
                      6:
                        id: 'tail'
                        primitive: 'tapered-capsule'
                        center:
                          0: -0.43
                          1: -0.11
                        size:
                          0: 0.43
                          1: 0.075
                        rotation: -0.58
                        fill: '#aa8656'
                        opacity: 1
                        texture: ''
                        order: 6
                        contourProfile: 'tapered-capsule'
                        shapeParameters:
                          0: 0.6709
                          1: 0.8492
                          2: 0.1373
                          3: 0.8978
                        surfacePattern: 'fur'
                        surfaceParameters:
                          0: 15
                          1: 0.1453
                          2: 0.16
                          3: 0.1147
                        accentPattern: 'soft-rim'
                        accentParameters:
                          0: 12
                          1: 0.1565
                          2: 0.04
                          3: 0.4005
                        visualFeatureClass: 'tail'
                      7:
                        id: 'eye-left'
                        primitive: 'superellipse'
                        center:
                          0: 0.27
                          1: -0.1
                        size:
                          0: 0.04
                          1: 0.055
                        rotation: 0
                        fill: '#14221a'
                        opacity: 1
                        texture: ''
                        order: 7
                        contourProfile: 'superellipse'
                        shapeParameters:
                          0: 0.6174
                          1: 0.175
                          2: 0.1744
                          3: 0.2088
                        surfacePattern: 'fur'
                        surfaceParameters:
                          0: 11
                          1: 0.0976
                          2: 0.16
                          3: 0.1156
                        accentPattern: 'soft-rim'
                        accentParameters:
                          0: 6
                          1: 0.1005
                          2: 0.04
                          3: 0.2741
                        visualFeatureClass: 'eye'
                      8:
                        id: 'eye-right'
                        primitive: 'superellipse'
                        center:
                          0: 0.37
                          1: -0.1
                        size:
                          0: 0.04
                          1: 0.055
                        rotation: 0
                        fill: '#14221a'
                        opacity: 1
                        texture: ''
                        order: 8
                        contourProfile: 'superellipse'
                        shapeParameters:
                          0: 0.4031
                          1: 0.2812
                          2: 0.2421
                          3: 0.903
                        surfacePattern: 'fur'
                        surfaceParameters:
                          0: 13
                          1: 0.1594
                          2: 0.16
                          3: 0.1665
                        accentPattern: 'soft-rim'
                        accentParameters:
                          0: 5
                          1: 0.1061
                          2: 0.04
                          3: 0.095
                        visualFeatureClass: 'eye'
                    source: 'phase6-data-owned-part-graph'
                    sourcePrimitive: 'cat-body'
                    constructionReceipt:
                      schema: 'simulatte.constructiveGeometryReceipt.v1'
                      sourceCardIds:
                        0: 'entity.cat'
                      basisIds:
                        0: 'ground.small-mammal-body'
                      inputPartHintCount: 4
                      modelEvaluated: false
                      rerankEvaluated: false
                      literalSlotMatch: true
                      exactTargetMatch: true
                      targetIdentityBound: true
                      targetEntryId: 'entity:cat'
                      candidateIds:
                        0: 'entity.cat'
                    selectionRole: 'identity-catalog'
                    promptPropertyBindings:
                    constructionSelectionReceipt:
                      schema: 'simulatte.constructionSelectionReceipt.v3'
                      strategy: 'prompt-obligation-coverage'
                      seed: 0
                      attempt: 0
                      rejectedGrammarIds:
                      searchExhausted: false
                      selectedGrammarId: 'object-grammar.cat'
                      candidates:
                        0:
                          grammarId: 'object-grammar.cat'
                          selectionRole: 'identity-catalog'
                          score: 63.75
                          obligationScore: 63.75
                          targetFitScore: 25
                          status: 'selected'
                        1:
                          grammarId: 'object-grammar.animal'
                          selectionRole: 'category-catalog'
                          score: 38.75
                          obligationScore: 38.75
                          targetFitScore: 25
                          status: 'eligible'
                        2:
                          grammarId: 'object-grammar.constructive.quadruped.balanced'
                          selectionRole: 'model-construction'
                          score: -0.25
                          obligationScore: -0.25
                          targetFitScore: -32
                          status: 'eligible'
                        3:
                          grammarId: 'object-grammar.constructive.quadruped.elongated'
                          selectionRole: 'model-construction'
                          score: -0.25
                          obligationScore: -0.25
                          targetFitScore: -32
                          status: 'eligible'
                        4:
                          grammarId: 'object-grammar.constructive.quadruped.compact'
                          selectionRole: 'model-construction'
                          score: -0.25
                          obligationScore: -0.25
                          targetFitScore: -32
                          status: 'eligible'
                    graphicsAtomBindings: <Circular>
                    morphology:
                      schema: 'simulatte.objectMorphologyProgram.v1'
                      identityType: 'cat'
                      seed: 1891058870
                      contourProfiles:
                        0: 'superellipse'
                        1: 'leaf'
                        2: 'tapered-capsule'
                      surfacePatterns:
                        0: 'fur'
                      accentPatterns:
                        0: 'soft-rim'
                    morphologyReceipt:
                      schema: 'simulatte.objectMorphologyReceipt.v1'
                      identityType: 'cat'
                      grammarId: 'object-grammar.cat'
                      partCount: 9
                      distinctivePartCount: 8
                      signatureContourCount: 2
                      contourProfiles:
                        0: 'superellipse'
                        1: 'leaf'
                        2: 'tapered-capsule'
                      surfacePatterns:
                        0: 'fur'
                      accentPatterns:
                        0: 'soft-rim'
                      dynamicAccentPartCount: 9
                      featureClasses:
                        0: 'generic'
                        1: 'head'
                        2: 'ear'
                        3: 'front'
                        4: 'back'
                        5: 'tail'
                        6: 'eye'
                      boundedContourRuleCount: 12
                      boundedSurfaceRuleCount: 11
                      boundedAccentRuleCount: 11
                      complexity: 'O(9 parts * 34 bounded rules)'
                      contourDiversity: 0.6
                      featureCoverage: 0.8889
                      specificityScore: 0.8011
                      pass: true
                  coverage:
                    schema: 'simulatte.objectGeometryCoverage.v1'
                    grammarId: 'object-grammar.cat'
                    identityType: 'cat'
                    literal: true
                    partCount: 9
                    primitiveCount: 3
                    partIds:
                      0: 'body'
                      1: 'head'
                      2: 'ear-left'
                      3: 'ear-right'
                      4: 'front-leg'
                      5: 'back-leg'
                      6: 'tail'
                      7: 'eye-left'
                      8: 'eye-right'
                    minScale:
                      0: 0.19
                      1: 0.115
                    realized: true
                  instancing: <Circular>
                  constraints: <Circular>
                material:
                  id: 'soft_tissue'
                  kind: 'biological'
                  shader: 'fibrous-cellular-mesh'
                  fill: '#b7b4aa'
                  stroke: '#66635c'
                  opacity: 0.56
                  roughness: 0.56
                  metallic: 0
                  emissive: false
                  emissiveStrength: 0
                animation:
                  kind: 'static-pose'
                  stateBinding: 'simulation-time'
                  speed: 0
                  amplitude: 0
                  phase: 0
                  affects:
                    0: 'surface-cat-1'
                renderCodes:
                  schema: 'simulatte.sceneRenderCodes.v1'
                  layerCode: 1
                  animationCode: 0.5
                  semanticCode: 2
                  categoryCode: 1
                  variantCode: 0.279046
                  packetKindCode: 1
                collider:
                  kind: 'ellipse'
                  bounds: <Circular>
                  pickId: 'surface-cat-1:instance:1'
                  selectable: true
                  targetId: 'target:prompt-body-cat'
                  capabilities:
                    0: 'select'
                    1: 'drag'
                    2: 'nudge'
                    3: 'impulse'
                  draggable: true
                renderPriority: 23.92
                drawOrder: 0
                evidence:
                  0: 'prompt.actor.cat'
                  1: 'phase3-prompt-identity'
                  2: 'intent-component'
                  3: 'semantic-surface-grounder'
                  4: 'shape:animal-body'
                  5: 'material:soft_tissue'
                  6: 'regime:biological'
                  7: 'phrase:cats'
                  8: 'construction-card:entity.cat'
                  9: 'graphics-atom:identity-animal-torso'
                  10: 'graphics-atom:identity-animal-head'
                  11: 'graphics-atom:identity-animal-limb-rig'
                confidence: 0.96
                reason: 'source graph row is prompt-grounded visual intent'
                cardinalityReceipt:
                  schema: 'simulatte.cardinalityRealization.v1'
                  sourceEntityId: 'surface-cat-1'
                  instanceIndex: 1
                  instanceCount: 2
                interaction:
                  schema: 'simulatte.sceneInteractionBinding.v1'
                  targetId: 'target:prompt-body-cat'
                  capabilities: <Circular>
                  sourceProgram: 'simulatte.interactionIR.v1'
              1:
                schema: 'simulatte.sceneEntity.v1'
                id: 'surface-cat-1:instance:2'
                label: 'cats'
                identity: <Circular>
                semanticRef: 'prompt.body.cat'
                physicalRef: 'prompt-body-cat'
                sourceGraphId: 'surface-cat-1'
                sourceIds: <Circular>
                directlyGrounded: true
                supportOnly: false
                layoutConstraints: <Circular>
                layoutRelationRoles: <Circular>
                layoutReceipt: <Circular>
                representedEntityIds:
                  0: 'surface-cat-1'
                  1: 'prompt.body.cat'
                  2: 'prompt-body-cat'
                  3: 'cat-a'
                  4: 'entity:cat'
                cardinality: 1
                visualTraits: <Circular>
                stateBindings: <Circular>
                properties: <Circular>
                layerSlot: 'biological-agent'
                transform:
                  position:
                    0: 0.7309144517743884
                    1: 0.47846424707803914
                    2: 0
                  rotation: <Circular>
                  scale:
                    0: 0.3636352617113281
                    1: 0.12682129889246901
                    2: 1
                  anchor: <Circular>
                geometry:
                  id: 'geometry:surface-cat-1'
                  kind: 'anchored'
                  primitive: 'cat-body'
                  bounds:
                    0: 0.5490968209187244
                    1: 0.4150535976318046
                    2: 0.3636352617113281
                    3: 0.12682129889246901
                  program: <Circular>
                  coverage: <Circular>
                  instancing: <Circular>
                  constraints: <Circular>
                material: <Circular>
                animation:
                  kind: 'static-pose'
                  stateBinding: 'simulation-time'
                  speed: 0
                  amplitude: 0
                  phase: 0.5
                  affects: <Circular>
                renderCodes: <Circular>
                collider:
                  kind: 'ellipse'
                  bounds: <Circular>
                  pickId: 'surface-cat-1:instance:2'
                  selectable: true
                  targetId: 'target:prompt-body-cat'
                  capabilities:
                    0: 'select'
                    1: 'drag'
                    2: 'nudge'
                    3: 'impulse'
                  draggable: true
                renderPriority: 23.92
                drawOrder: 0
                evidence: <Circular>
                confidence: 0.96
                reason: 'source graph row is prompt-grounded visual intent'
                cardinalityReceipt:
                  schema: 'simulatte.cardinalityRealization.v1'
                  sourceEntityId: 'surface-cat-1'
                  instanceIndex: 2
                  instanceCount: 2
                interaction:
                  schema: 'simulatte.sceneInteractionBinding.v1'
                  targetId: 'target:prompt-body-cat'
                  capabilities: <Circular>
                  sourceProgram: 'simulatte.interactionIR.v1'
            fields:
            effects:
            interactionProgram:
              schema: 'simulatte.sceneInteractionProgram.v1'
              compiler: 'simulatte.phase6.scene-interaction.compiler.v1'
              sourceProgramSchema: 'simulatte.interactionIR.v1'
              sourceProgramContentHash: 'fnv1a32:07a8db79'
              coordinateSystem: 'normalized-canvas'
              commandOrdering: 'monotonic-sequence-then-arrival-order'
              actions:
                0:
                  commandKind: 'select'
                  id: 'select'
                  requiredCapability: 'select'
                  schema: 'simulatte.interactionAction.v1'
                1:
                  commandKind: 'hover'
                  id: 'hover'
                  requiredCapability: 'select'
                  schema: 'simulatte.interactionAction.v1'
                2:
                  commandKind: 'clear-hover'
                  id: 'clear-hover'
                  requiredCapability: ''
                  schema: 'simulatte.interactionAction.v1'
                3:
                  commandKind: 'grab'
                  id: 'grab'
                  requiredCapability: 'drag'
                  schema: 'simulatte.interactionAction.v1'
                4:
                  commandKind: 'drag'
                  id: 'drag'
                  requiredCapability: 'drag'
                  schema: 'simulatte.interactionAction.v1'
                5:
                  commandKind: 'release'
                  id: 'release'
                  requiredCapability: 'drag'
                  schema: 'simulatte.interactionAction.v1'
                6:
                  commandKind: 'nudge'
                  id: 'nudge'
                  requiredCapability: 'nudge'
                  schema: 'simulatte.interactionAction.v1'
                7:
                  commandKind: 'impulse'
                  id: 'impulse'
                  requiredCapability: 'impulse'
                  schema: 'simulatte.interactionAction.v1'
                8:
                  commandKind: 'clear-selection'
                  id: 'clear-selection'
                  requiredCapability: ''
                  schema: 'simulatte.interactionAction.v1'
              bindings:
                0:
                  actionId: 'hover'
                  device: 'pointer'
                  event: 'pointermove'
                  id: 'pointer-hover'
                  schema: 'simulatte.interactionBinding.v1'
                1:
                  actionId: 'select'
                  button: 0
                  device: 'pointer'
                  event: 'pointerdown'
                  id: 'pointer-select'
                  schema: 'simulatte.interactionBinding.v1'
                2:
                  actionId: 'grab'
                  button: 0
                  device: 'pointer'
                  event: 'pointerdown'
                  id: 'pointer-grab'
                  schema: 'simulatte.interactionBinding.v1'
                3:
                  actionId: 'drag'
                  button: 0
                  device: 'pointer'
                  event: 'pointerdrag'
                  id: 'pointer-drag'
                  schema: 'simulatte.interactionBinding.v1'
                4:
                  actionId: 'release'
                  button: 0
                  device: 'pointer'
                  event: 'pointerup'
                  id: 'pointer-release'
                  schema: 'simulatte.interactionBinding.v1'
                5:
                  actionId: 'nudge'
                  code: 'ArrowLeft'
                  device: 'keyboard'
                  event: 'keydown'
                  id: 'keyboard-left'
                  schema: 'simulatte.interactionBinding.v1'
                  vector:
                    0: -0.035
                    1: 0
                6:
                  actionId: 'nudge'
                  code: 'ArrowRight'
                  device: 'keyboard'
                  event: 'keydown'
                  id: 'keyboard-right'
                  schema: 'simulatte.interactionBinding.v1'
                  vector:
                    0: 0.035
                    1: 0
                7:
                  actionId: 'nudge'
                  code: 'ArrowUp'
                  device: 'keyboard'
                  event: 'keydown'
                  id: 'keyboard-up'
                  schema: 'simulatte.interactionBinding.v1'
                  vector:
                    0: 0
                    1: -0.035
                8:
                  actionId: 'nudge'
                  code: 'ArrowDown'
                  device: 'keyboard'
                  event: 'keydown'
                  id: 'keyboard-down'
                  schema: 'simulatte.interactionBinding.v1'
                  vector:
                    0: 0
                    1: 0.035
                9:
                  actionId: 'impulse'
                  code: 'Space'
                  device: 'keyboard'
                  event: 'keydown'
                  id: 'keyboard-impulse'
                  schema: 'simulatte.interactionBinding.v1'
                  vector:
                    0: 0
                    1: -0.7
                10:
                  actionId: 'clear-selection'
                  code: 'Escape'
                  device: 'keyboard'
                  event: 'keydown'
                  id: 'keyboard-clear'
                  schema: 'simulatte.interactionBinding.v1'
              mappings:
                0:
                  schema: 'simulatte.sceneInteractionTargetMap.v1'
                  pickId: 'surface-cat-1:instance:1'
                  packetEntityId: 'surface-cat-1:instance:1'
                  targetId: 'target:prompt-body-cat'
                  physicalEntityId: 'prompt-body-cat'
                  capabilities: <Circular>
                  channels:
                    adjust: ''
                    angle: 'angle:prompt-body-cat'
                    angularVelocity: 'angularVelocity:prompt-body-cat'
                    force: 'force:prompt-body-cat'
                    position: 'position:prompt-body-cat'
                    torque: 'torque:prompt-body-cat'
                    velocity: 'velocity:prompt-body-cat'
                  initialPosition:
                    0: 0.22
                    1: 0.34
                1:
                  schema: 'simulatte.sceneInteractionTargetMap.v1'
                  pickId: 'surface-cat-1:instance:2'
                  packetEntityId: 'surface-cat-1:instance:2'
                  targetId: 'target:prompt-body-cat'
                  physicalEntityId: 'prompt-body-cat'
                  capabilities: <Circular>
                  channels:
                    adjust: ''
                    angle: 'angle:prompt-body-cat'
                    angularVelocity: 'angularVelocity:prompt-body-cat'
                    force: 'force:prompt-body-cat'
                    position: 'position:prompt-body-cat'
                    torque: 'torque:prompt-body-cat'
                    velocity: 'velocity:prompt-body-cat'
                  initialPosition:
                    0: 0.22
                    1: 0.34
              targetCount: 2
              receipt:
                schema: 'simulatte.sceneInteractionCompileReceipt.v1'
                phase: 6
                sourceTargetCount: 1
                mappedTargetCount: 2
                unmappedTargetIds:
            compositionLedger:
              currentPhase: 6
              entries:
                0:
                  evidenceIds:
                    0: 'promptIngress.sourceText'
                  id: 'prompt:source'
                  kind: 'prompt'
                  label: 'source prompt'
                  required: true
                  source: 'prompt'
                  status: 'preserved'
                  supportOnly: false
                1:
                  evidenceIds:
                    0: 'span2'
                  id: 'entity:cat'
                  inferred: false
                  kind: 'entity'
                  label: 'cats'
                  localGeometryGrammarId: 'object-grammar.cat'
                  negated: false
                  operatorTypes:
                  poseHint: ''
                  required: true
                  semanticClass: 'biological-agent'
                  shapeHints:
                    0: 'cat'
                  source: 'prompt'
                  sourceSpanIds:
                    0: 'span2'
                  status: 'preserved'
                  supportOnly: false
                  visualArchetype: 'cat'
              losses:
              obligations:
                0:
                  id: 'entity:cat'
                  kind: 'entity'
                  mustPreserveIds:
                    0: 'entity:cat'
                  ownedByPhase: 3
                  phase: 6
                  receiptId: 'phase3-retrieval-rerank'
                  required: true
                  sourceRelationId: ''
                  status: 'preserved'
                  visualEvidence:
                    0: 'phase6:entity:surface-cat-1'
                    1: 'phase6:render-instance:instance:geometry:geometry-surface-cat-1'
                    2: 'scene-identity:cat'
                1:
                  constraintKind: 'count'
                  countMode: 'exact'
                  countSource: 'explicit-quantity'
                  expectedCount: 2
                  id: 'visual:prompt-count-cat-2-exact-explicit-quantity'
                  kind: 'visual'
                  ownedByPhase: 6
                  phase: 6
                  required: true
                  status: 'preserved'
                  target: 'Cats'
                  targetIdentity: 'cat'
                  targetNodeId: 'prompt-body-cat'
                  visualEvidence:
                    0: 'cardinality:cat:2'
                    1: 'phase6:entity:surface-cat-1'
                    2: 'phase6:render-instance:instance:geometry:geometry-surface-cat-1'
                    3: 'scene-identity:cat'
                2:
                  id: 'visual:compiled-scene-packet'
                  kind: 'visual'
                  ownedByPhase: 6
                  target: 'cats'
                  required: true
                  status: 'preserved'
                  phase: 6
                  visualEvidence:
                    0: 'phase6:render-instance:instance:geometry:geometry-surface-cat-1'
              phaseDeltas:
                0:
                  entryId: 'prompt:source'
                  operation: 'preserved'
                  phase: 1
                  receiptId: 'phase1-runtime-context'
                1:
                  entryId: 'entity:cat'
                  operation: 'preserved'
                  phase: 2
                  receiptId: 'phase2-language-graph'
                2:
                  entryId: 'entity:cat'
                  operation: 'preserved'
                  phase: 3
                  receiptId: 'phase3-retrieval-rerank'
                3:
                  operation: 'carried'
                  phase: 4
                  receiptId: 'phase4-grounded-intent'
                4:
                  phase: 6
                  entryId: 'entity:cat'
                  operation: 'preserved'
                  receiptId: 'phase6-visual-compile'
                5:
                  phase: 6
                  entryId: 'visual:prompt-count-cat-2-exact-explicit-quantity'
                  operation: 'preserved'
                  receiptId: 'phase6-visual-compile'
                6:
                  phase: 6
                  entryId: 'visual:compiled-scene-packet'
                  operation: 'preserved'
                  receiptId: 'phase6-visual-compile'
              relations:
              schema: 'simulatte.sceneCompositionLedger.v1'
              sourcePhase: 1
              sourcePromptHash: 'fnv1a:6bb1d2ea'
              summary:
                obligationCount: 3
                preservedCount: 3
                loweredCount: 0
                failedCount: 0
              unsupported:
              facts:
                hasDog: false
                hasCat: true
                hasWater: false
                hasLake: false
                hasSwimming: false
                hasWake: false
                hasSubmersion: false
                hasSpeciesDistinct: false
                dogMaterialIds:
                catMaterialIds:
                swimRows:
                wakeRows:
                submersionRows:
                genericEvidenceByObligation:
                  entity:cat:
                    0: 'phase6:entity:surface-cat-1'
                    1: 'phase6:render-instance:instance:geometry:geometry-surface-cat-1'
                  visual:prompt-count-cat-2-exact-explicit-quantity:
                    0: 'phase6:entity:surface-cat-1'
                    1: 'phase6:render-instance:instance:geometry:geometry-surface-cat-1'
                promptVisualSettlements:
                  visual:prompt-count-cat-2-exact-explicit-quantity:
                    schema: 'simulatte.promptVisualObligationSettlement.v1'
                    status: 'preserved'
                    evidence:
                      0: 'cardinality:cat:2'
            uniforms:
              schema: 'simulatte.sceneRenderPacketUniforms.v1'
              compiler: 'simulatte.visual-ir.scene-render-packet.uniforms.v1'
              phase: 6
              source: 'sceneRenderPacket.renderCodes'
              sceneId: 7
              atomUniforms:
                0: 0
                1: 0
                2: 0
                3: 0
                4: 0
                5: 0
                6: 0
                7: 0
                8: 0
                9: 0
                10: 0
                11: 0
                12: 0
                13: 0
                14: 0
                15: 0
                16: 0
                17: 0
                18: 0
                19: 0
                20: 0
                21: 0
                22: 0
                23: 0
              sceneMix:
                0: 0
                1: 0
                2: 0
                3: 0
                4: 0
                5: 0
                6: 1
                7: 0
                8: 0
                9: 0
                10: 0
                11: 0
                12: 0
                13: 0
                14: 0
                15: 0
              atmosphere:
                schema: 'simulatte.sceneAtmosphereProgram.v1'
                compiler: 'phase6-scene-mix-atmosphere'
                source: 'sceneRenderPacket.uniforms.sceneMix'
                dominantSlot: 'biological'
                layers:
                  0:
                    id: 'atmosphere:biological'
                    slot: 'biological'
                    motif: 'floating-organic-motes'
                    intensity: 1
                layerCount: 1
                boundedSlotCount: 16
                complexity: 'O(16)'
              visualLayers:
                0: 1
                1: 0
                2: 0
                3: 0
                4: 0
                5: 0
                6: 0
                7: 0
                8: 0
                9: 0
                10: 0
                11: 0
                12: 0
                13: 0
                14: 0
                15: 0
                16: 0
                17: 0
                18: 0
                19: 0
                20: 0
                21: 0
                22: 0
                23: 0
              palette:
                0: 0.2511
                1: 0.1419
                2: 0.1201
                3: 1
                4: 0.8555
                5: 0.3963
                6: 0.3045
                7: 1
                8: 0.1187
                9: 0.1695
                10: 0.3365
                11: 1
                12: 0.4686
                13: 0.9016
                14: 0.3368
                15: 1
            passes:
              0: 'background'
              1: 'entities'
            receipts:
              entityCount: 2
              fieldCount: 0
              effectCount: 0
              source: 'visualIR.acceptedRows'
              primaryArtifact: 'sceneRenderPacket'
              renderCodeCount: 2
              visualDialect: 'biology/animal-gait'
              compositionTopology: 'field-map'
              cameraArchetype: 'wide-establishing'
              scaleTier: 'landscape'
              framing:
                schema: 'simulatte.sceneFramingReceipt.v1'
                method: 'group-bounds-fit'
                sourceBounds:
                  0: 0.31212
                  1: 0.28047
                  2: 0.47143
                  3: 0.07131
                framedBounds:
                  0: 0.1
                  1: 0.41949
                  2: 0.80001
                  3: 0.121
                targetBounds:
                  0: 0.1
                  1: 0.12
                  2: 0.8
                  3: 0.72
                scaleFactor: 1.69696
                projectedArea: 0.09223
                minimumProjectedArea: 0.09
                centerOffset: 0.00001
                entityCount: 2
                readableCount: 2
                surfaceContacts:
                graspContacts:
                pass: true
              interaction: <Circular>
              compositionLedger:
                schema: 'simulatte.sceneCompositionLedger.v1'
                obligationCount: 3
                preservedCount: 3
                failedCount: 0
          interactionProgram: <Circular>
          compositionLedger: <Circular>
          rejectedRows:
            0:
              schema: 'simulatte.visualRejectedRow.v1'
              id: 'biomass'
              sourceGraphId: 'biomass'
              sourceKind: 'catalog'
              status: 'rejected'
              reason: 'catalog solver support kept out of visual evidence'
              supportOnly: true
            1:
              schema: 'simulatte.visualRejectedRow.v1'
              id: 'membrane'
              sourceGraphId: 'membrane'
              sourceKind: 'catalog'
              status: 'rejected'
              reason: 'catalog solver support kept out of visual evidence'
              supportOnly: true
            2:
              schema: 'simulatte.visualRejectedRow.v1'
              id: 'soft-body'
              sourceGraphId: 'soft-body'
              sourceKind: 'catalog'
              status: 'rejected'
              reason: 'catalog solver support kept out of visual evidence'
              supportOnly: true
            3:
              schema: 'simulatte.visualRejectedRow.v1'
              id: 'diffusion'
              sourceGraphId: 'diffusion'
              sourceKind: 'catalog'
              status: 'rejected'
              reason: 'field evidence is rendered by the compiled field program'
              supportOnly: true
            4:
              schema: 'simulatte.visualRejectedRow.v1'
              id: 'growth-decay'
              sourceGraphId: 'growth-decay'
              sourceKind: 'catalog'
              status: 'rejected'
              reason: 'catalog solver support kept out of visual evidence'
              supportOnly: true
            5:
              schema: 'simulatte.visualRejectedRow.v1'
              id: 'visual.operator.biological-growth.v1'
              sourceKind: 'graphics-atom'
              status: 'rejected'
              reason: 'missing-executable-or-causal-evidence'
            6:
              schema: 'simulatte.visualRejectedRow.v1'
              id: 'visual.operator.heat-transfer.v1'
              sourceKind: 'graphics-atom'
              status: 'rejected'
              reason: 'missing-executable-or-causal-evidence'
            7:
              schema: 'simulatte.visualRejectedRow.v1'
              id: 'visual.operator.fluid-advection.v1'
              sourceKind: 'graphics-atom'
              status: 'rejected'
              reason: 'missing-executable-or-causal-evidence'
            8:
              schema: 'simulatte.visualRejectedRow.v1'
              id: 'visual.operator.stress-fracture.v1'
              sourceKind: 'graphics-atom'
              status: 'rejected'
              reason: 'missing-executable-or-causal-evidence'
            9:
              schema: 'simulatte.visualRejectedRow.v1'
              id: 'visual.operator.structural-stress.v1'
              sourceKind: 'graphics-atom'
              status: 'rejected'
              reason: 'missing-executable-or-causal-evidence'
            10:
              schema: 'simulatte.visualRejectedRow.v1'
              id: 'visual.operator.control-feedback.v1'
              sourceKind: 'graphics-atom'
              status: 'rejected'
              reason: 'missing-executable-or-causal-evidence'
            11:
              schema: 'simulatte.visualRejectedRow.v1'
              id: 'visual.operator.orbital-gravity.v1'
              sourceKind: 'graphics-atom'
              status: 'rejected'
              reason: 'missing-executable-or-causal-evidence'
            12:
              schema: 'simulatte.visualRejectedRow.v1'
              id: 'visual.operator.electromagnetic-field.v1'
              sourceKind: 'graphics-atom'
              status: 'rejected'
              reason: 'missing-executable-or-causal-evidence'
            13:
              schema: 'simulatte.visualRejectedRow.v1'
              id: 'visual.operator.optical-ray.v1'
              sourceKind: 'graphics-atom'
              status: 'rejected'
              reason: 'missing-executable-or-causal-evidence'
            14:
              schema: 'simulatte.visualRejectedRow.v1'
              id: 'visual.operator.thin-film-interference.v1'
              sourceKind: 'graphics-atom'
              status: 'rejected'
              reason: 'missing-executable-or-causal-evidence'
          graphicsAtoms:
            schema: 'simulatte.graphicsAtomPlan.v1'
            compiler: 'simulatte.visualOperatorCompiler.v1'
            atlas: 'simulatte.visualOperatorAtlas.v1'
            atlasId: 'simulatte-visual-operator-atlas-v1'
            source: 'handwritten-operator-graphics-basis'
            contextHash: 'fnv1a32:58f4f80a'
            mappings:
            geometry:
              0:
                id: 'composition-topology-field-map'
                category: 'geometry'
                label: 'Composition topology field-map'
                sourceMappingIds:
                evidence:
                  0: 'visual-dialect:biology/animal-gait'
                  1: 'composition-topology:field-map'
              1:
                id: 'identity-animal-torso'
                category: 'geometry'
                label: 'Identity Animal Torso'
                sourceMappingIds:
                sourceObjectIds:
                  0: 'surface-cat-1'
                evidence:
                  0: 'object-identity:surface-cat-1'
                  1: 'object-shape:animal-body'
                stagingOnly: false
              2:
                id: 'identity-animal-head'
                category: 'geometry'
                label: 'Identity Animal Head'
                sourceMappingIds:
                sourceObjectIds:
                  0: 'surface-cat-1'
                evidence:
                  0: 'object-identity:surface-cat-1'
                  1: 'object-shape:animal-body'
                stagingOnly: false
              3:
                id: 'identity-animal-limb-rig'
                category: 'geometry'
                label: 'Identity Animal Limb Rig'
                sourceMappingIds:
                sourceObjectIds:
                  0: 'surface-cat-1'
                evidence:
                  0: 'object-identity:surface-cat-1'
                  1: 'object-shape:animal-body'
                stagingOnly: false
            fields:
            materials:
              0:
                id: 'identity-biological-surface'
                category: 'material'
                label: 'Identity Biological Surface'
                sourceMappingIds:
                sourceObjectIds:
                  0: 'surface-cat-1'
                evidence:
                  0: 'object-identity:surface-cat-1'
                  1: 'object-shape:animal-body'
                stagingOnly: false
            processes:
            motion:
            camera: <Circular>
            languageSignals:
              0:
                id: 'activation.0004'
                source: 'accepted-activation'
                kind: 'catalog-candidate'
                text: 'entity cats'
                score: 1
                slots:
              1:
                id: 'activation.0003'
                source: 'accepted-activation'
                kind: 'catalog-candidate'
                text: 'entity cats'
                score: 0.68
                slots:
              2:
                id: 'activation.0001'
                source: 'accepted-activation'
                kind: 'catalog-candidate'
                text: 'quantity two'
                score: 0.46
                slots:
              3:
                id: 'activation.0002'
                source: 'accepted-activation'
                kind: 'catalog-candidate'
                text: 'quantity two'
                score: 0.3511
                slots:
              4:
                id: 'span2'
                source: 'language-span'
                kind: 'entity'
                text: 'cats'
                score: 0.34
                slots:
            uniforms:
              schema: 'simulatte.graphicsAtomUniforms.v1'
              order:
                0: 'thermal'
                1: 'fluid'
                2: 'stress'
                3: 'feedback'
                4: 'orbital'
                5: 'electromagnetic'
                6: 'optical'
                7: 'quantum'
                8: 'acoustic'
                9: 'biological'
                10: 'chemical'
                11: 'network'
                12: 'granular'
                13: 'instrument'
                14: 'combustion'
                15: 'phase'
                16: 'robotic'
                17: 'measurement'
                18: 'motion'
                19: 'density'
                20: 'emission'
                21: 'constraint'
                22: 'signal'
                23: 'surface'
              values:
                0: 0
                1: 0
                2: 0
                3: 0
                4: 0
                5: 0
                6: 0
                7: 0
                8: 0
                9: 0
                10: 0
                11: 0
                12: 0
                13: 0
                14: 0
                15: 0
                16: 0
                17: 0
                18: 0
                19: 0
                20: 0
                21: 0
                22: 0
                23: 0
              bySlot:
                thermal: 0
                fluid: 0
                stress: 0
                feedback: 0
                orbital: 0
                electromagnetic: 0
                optical: 0
                quantum: 0
                acoustic: 0
                biological: 0
                chemical: 0
                network: 0
                granular: 0
                instrument: 0
                combustion: 0
                phase: 0
                robotic: 0
                measurement: 0
                motion: 0
                density: 0
                emission: 0
                constraint: 0
                signal: 0
                surface: 0
            wgslOperators:
            receipts:
              0:
                id: 'receipt:identity:surface-cat-1'
                reason: 'Identity graphics compiled from accepted object shape animal-body'
                objectId: 'surface-cat-1'
                shape: 'animal-body'
                scientificOperator: false
            rejections:
              0:
                id: 'visual.operator.biological-growth.v1'
                score: 1.74
                reason: 'missing-executable-or-causal-evidence'
                matchedTerms:
                  0: 'biology'
                  1: 'biological'
                  2: 'cat'
                  3: 'cats'
                  4: 'animal'
                  5: 'mammal'
              1:
                id: 'visual.operator.heat-transfer.v1'
                score: 0
                reason: 'missing-executable-or-causal-evidence'
                matchedTerms:
              2:
                id: 'visual.operator.fluid-advection.v1'
                score: 0
                reason: 'missing-executable-or-causal-evidence'
                matchedTerms:
              3:
                id: 'visual.operator.stress-fracture.v1'
                score: 0
                reason: 'missing-executable-or-causal-evidence'
                matchedTerms:
              4:
                id: 'visual.operator.structural-stress.v1'
                score: 0
                reason: 'missing-executable-or-causal-evidence'
                matchedTerms:
              5:
                id: 'visual.operator.control-feedback.v1'
                score: 0
                reason: 'missing-executable-or-causal-evidence'
                matchedTerms:
              6:
                id: 'visual.operator.orbital-gravity.v1'
                score: 0
                reason: 'missing-executable-or-causal-evidence'
                matchedTerms:
              7:
                id: 'visual.operator.electromagnetic-field.v1'
                score: 0
                reason: 'missing-executable-or-causal-evidence'
                matchedTerms:
              8:
                id: 'visual.operator.optical-ray.v1'
                score: 0
                reason: 'missing-executable-or-causal-evidence'
                matchedTerms:
              9:
                id: 'visual.operator.thin-film-interference.v1'
                score: 0
                reason: 'missing-executable-or-causal-evidence'
                matchedTerms:
          operators:
            0:
              id: 'camera-frame'
              stage: 'camera'
              reason: 'sets explanatory view before drawing'
            1:
              id: 'material-shaders'
              stage: 'material'
              reason: 'draws material-specific surface and volume cues'
            2:
              id: 'geometry-instances'
              stage: 'geometry'
              reason: 'places objects, agents, media, and instruments'
            3:
              id: 'field-overlays'
              stage: 'field'
              reason: 'renders scalar/vector fields as contours, rays, or graph pressure'
            4:
              id: 'process-motion'
              stage: 'process'
              reason: 'animates evolving physical processes'
            5:
              id: 'receipt-marks'
              stage: 'receipt'
              reason: 'adds minimal evidence ticks for why marks exist'
            6:
              id: 'visual-operator-atlas'
              stage: 'operator-basis'
              reason: 'composes reusable graphics atoms from grounded physical operators'
          causalAffordances:
          receipts:
            0:
              id: 'receipt:entities'
              reason: '1 grounded visual entities compiled from graph objects'
              count: 1
              acceptedCount: 1
              rejectedSourceObjectCount: 5
              sourceGraphIds:
                0: 'surface-cat-1'
            1:
              id: 'receipt:materials'
              reason: '1 material shader rows selected from object materials and semantic plan'
              count: 1
              acceptedCount: 1
            2:
              id: 'receipt:fields'
              reason: '0 visible field encodings compiled from PhysicsIR/render fields'
              count: 0
              acceptedCount: 0
            3:
              id: 'receipt:processes'
              reason: '0 process motion grammars compiled from solver families'
              count: 0
              acceptedCount: 0
            4:
              id: 'receipt:visual-object-acceptance'
              reason: '1 accepted visual graph objects; 5 support objects rejected from visual evidence'
              count: 6
              acceptedCount: 1
              rejectedCount: 5
              acceptedIds:
                0: 'surface-cat-1'
              rejectedIds:
                0: 'biomass'
                1: 'membrane'
                2: 'soft-body'
                3: 'diffusion'
                4: 'growth-decay'
            5:
              id: 'receipt:render-instances'
              reason: '2 explicit render instances compiled from accepted VisualIR rows'
              count: 2
              acceptedCount: 2
              instanceIds:
                0: 'instance:geometry:geometry-surface-cat-1'
                1: 'instance:geometry:geometry-atom-composition-topology-field-map'
              layerSlots:
                0: 'biological-agent'
                1: 'field-sheet'
            6:
              id: 'receipt:operators'
              reason: '7 low-level renderer operators scheduled'
              count: 7
            7:
              id: 'receipt:recipe'
              reason: 'no style recipe; VisualIR uses object and field structure'
              count: 0
            8:
              id: 'receipt:causal-affordances'
              reason: '0 causal affordance rows compiled into visual program hints'
              count: 0
              affordanceIds:
              causalRelationIds:
              shaderHints:
              motionHints:
            9:
              id: 'receipt:graphics-atoms'
              reason: '6 reusable graphics atoms compiled from the visual operator atlas'
              count: 6
              atlasId: 'simulatte-visual-operator-atlas-v1'
              compiler: 'simulatte.visualOperatorCompiler.v1'
              mappingIds:
              uniformSlots:
              wgslOperators:
              geometryAtoms:
                0: 'composition-topology-field-map'
                1: 'identity-animal-torso'
                2: 'identity-animal-head'
                3: 'identity-animal-limb-rig'
              fieldAtoms:
              materialAtoms:
                0: 'identity-biological-surface'
              processAtoms:
              motionAtoms:
              languageSignalCount: 5
              languageSignals:
                0: 'activation.0004'
                1: 'activation.0003'
                2: 'activation.0001'
                3: 'activation.0002'
                4: 'span2'
            10:
              schema: 'simulatte.visualIntentBriefReceipt.v1'
              sceneKind: 'biology'
              evidenceCount: 0
              causalEdges:
              assumptions:
              unsupported:
              degradedTo:
              visualAffordances:
              visualAffordanceCount: 0
              causalEdgeCount: 0
              assumptionCount: 0
              unsupportedCount: 0
              degradedCount: 0
              evidenceIds:
              causalEdgeIds:
              shaderHints:
              motionHints:
            11:
              id: 'receipt:composition-ledger'
              schema: 'simulatte.phaseReceipt.v1'
              obligationCount: 3
              preservedCount: 3
              lostCount: 0
              lostIds:
            12:
              id: 'receipt:swimming-visual-obligations'
              schema: 'simulatte.phaseReceipt.v1'
              agentCount: 0
              agentIds:
              species:
              materialIds:
              wakeFieldIds:
              effectIds:
              lowered: false
        sceneRenderPacket: <Circular>
        interactionProgram: <Circular>
        renderInstances: <Circular>
        visualObligations:
          0:
            id: 'entity:cat'
            kind: 'entity'
            mustPreserveIds:
              0: 'entity:cat'
            ownedByPhase: 3
            phase: 6
            receiptId: 'phase3-retrieval-rerank'
            required: true
            sourceRelationId: ''
            status: 'preserved'
            visualEvidence:
              0: 'phase6:entity:surface-cat-1'
              1: 'phase6:render-instance:instance:geometry:geometry-surface-cat-1'
              2: 'scene-identity:cat'
            schema: 'simulatte.visualObligationReceipt.v1'
            obligationId: 'entity:cat'
            target: 'cat'
            sourceKind: 'entity'
            evidence:
              0: 'phase6:entity:surface-cat-1'
              1: 'phase6:render-instance:instance:geometry:geometry-surface-cat-1'
              2: 'scene-identity:cat'
          1:
            constraintKind: 'count'
            countMode: 'exact'
            countSource: 'explicit-quantity'
            expectedCount: 2
            id: 'visual:prompt-count-cat-2-exact-explicit-quantity'
            kind: 'visual'
            ownedByPhase: 6
            phase: 6
            required: true
            status: 'preserved'
            target: 'Cats'
            targetIdentity: 'cat'
            targetNodeId: 'prompt-body-cat'
            visualEvidence:
              0: 'cardinality:cat:2'
              1: 'phase6:entity:surface-cat-1'
              2: 'phase6:render-instance:instance:geometry:geometry-surface-cat-1'
              3: 'scene-identity:cat'
            schema: 'simulatte.visualObligationReceipt.v1'
            obligationId: 'visual:prompt-count-cat-2-exact-explicit-quantity'
            sourceKind: 'visual'
            evidence:
              0: 'cardinality:cat:2'
              1: 'phase6:entity:surface-cat-1'
              2: 'phase6:render-instance:instance:geometry:geometry-surface-cat-1'
              3: 'scene-identity:cat'
          2:
            id: 'visual:compiled-scene-packet'
            kind: 'visual'
            ownedByPhase: 6
            target: 'cats'
            required: true
            status: 'preserved'
            phase: 6
            visualEvidence:
              0: 'phase6:render-instance:instance:geometry:geometry-surface-cat-1'
            schema: 'simulatte.visualObligationReceipt.v1'
            obligationId: 'visual:compiled-scene-packet'
            sourceKind: 'visual'
            evidence:
              0: 'phase6:render-instance:instance:geometry:geometry-surface-cat-1'
        identityPreservation:
          0:
            schema: 'simulatte.identityPreservationReceipt.v1'
            sourceEntryId: 'entity:cat'
            acceptedLabel: 'entity:cat'
            packetIdentityType: 'cat'
            status: 'preserved'
        compositionLedger: <Circular>
        camera: <Circular>
        lights: <Circular>
        passes: <Circular>
        rendererPlan:
          schema: 'simulatte.rendererPlan.v1'
          renderer: 'simulatte.regime.biology.v1'
          sceneKind: 'biology'
          dominantRegime: 'biological'
          passOrder:
            0: 'clear'
            1: 'nutrient-field'
            2: 'membranes'
            3: 'growth-front'
            4: 'cells'
          visualRecipe: ~
          visualIdentity:
            schema: 'simulatte.visualIdentity.v1'
            sceneKind: 'biology'
            dominantRegime: 'biological'
            shapeSignature: 'animal-body'
            materialSignature: 'soft_tissue'
            fieldKinds:
            solverFamilies:
            objectCount: 1
            visualGenomeId: 'vg_tmi2t9'
            visualGenomeSeed: 1791314109
            visualDialect: 'biology/animal-gait'
            compositionTopology: 'field-map'
            cameraArchetype: 'wide-establishing'
            scaleTier: 'landscape'
            motifs:
              0: 'animal-gait-cells'
              1: 'limb-track-pairs'
              2: 'fur-contour-bands'
              3: 'branch-network'
              4: 'cellular-mesh'
              5: 'membrane-rims'
          visualGenome:
            schema: 'simulatte.visualGenome.v1'
            id: 'vg_tmi2t9'
            seed: 1791314109
            sourceHash: 2498739006
            source: 'compiled-artifact-seeded-procedural'
            sceneKind: 'biology'
            visualDialect: 'biology/animal-gait'
            compositionTopology: 'field-map'
            cameraArchetype: 'wide-establishing'
            scaleTier: 'landscape'
            evidence:
              schema: 'simulatte.visualDialectEvidence.v1'
              sourceMode: 'prompt-grounded-compiled-objects'
              objectIds:
                0: 'surface-cat-1'
              fieldIds:
              solverSteps:
                0: 'interaction_kinematics'
              semanticRows:
              matchedTerms:
                0:
                  term: 'cat'
                  weight: 5
                1:
                  term: 'animal'
                  weight: 4
                2:
                  term: 'mammal'
                  weight: 3
              candidateScores:
                0:
                  id: 'biology/animal-gait'
                  score: 12
                  matchedTerms: <Circular>
                1:
                  id: 'biology/plant-growth'
                  score: 0
                  matchedTerms:
                2:
                  id: 'biology/microbiome'
                  score: 0
                  matchedTerms:
                3:
                  id: 'biology/fermentation'
                  score: 0
                  matchedTerms:
                4:
                  id: 'biology/protein-folding'
                  score: 0
                  matchedTerms:
            dialect:
              geometryGrammar: 'limb-pairs-and-body-contours'
              layoutGrammar: 'gait-cell-field'
              motionGrammar: 'stride-and-track-pairs'
              paletteAnchor: 'field-green-ochre'
            palette:
              hue: 10
              accentHue: 106
              shadowHue: 226
              warmth: 0.42
              contrast: 0.72
              lightness: 0.58
            morphology:
              layoutMode: 'field-map'
              textureKind: 'contour-hatch'
              strokeWeight: 2.32
              grain: 0.348
              bandCount: 7
              particleDensity: 41
              flowCurl: 0.286
              objectScale: 0.942
              fieldComplexity: 5
              asymmetry: 0.339
            motifs: <Circular>
            tokens:
              0: 'biology'
              1: 'surface'
              2: 'cat'
              3: 'animal'
              4: 'soft'
              5: 'tissue'
              6: 'entity'
              7: 'small'
              8: 'mammal'
              9: 'cats'
              10: 'biological'
              11: 'grounder'
              12: 'interaction'
              13: 'kinematics'
            visualDna:
              schema: 'simulatte.compiledVisualDna.v1'
              catalog: 'simulatte.proceduralVisualBase.v1'
              hash: 338849929
              tokenCount: 14
              ngramCount: 39
              ngrams:
                0:
                  text: 'biology surface cat'
                  n: 3
                  index: 0
                  hash: 3227513398
                  lane: 4
                  mark: 7
                  hue: 358
                  weight: 0.618
                1:
                  text: 'biology surface'
                  n: 2
                  index: 0
                  hash: 1631598911
                  lane: 5
                  mark: 8
                  hue: 71
                  weight: 0.925
                2:
                  text: 'biology'
                  n: 1
                  index: 0
                  hash: 1646341445
                  lane: 0
                  mark: 2
                  hue: 245
                  weight: 0.642
                3:
                  text: 'surface cat animal'
                  n: 3
                  index: 1
                  hash: 1497688086
                  lane: 6
                  mark: 3
                  hue: 246
                  weight: 0.518
                4:
                  text: 'surface cat'
                  n: 2
                  index: 1
                  hash: 350648623
                  lane: 3
                  mark: 1
                  hue: 343
                  weight: 0.787
                5:
                  text: 'surface'
                  n: 1
                  index: 1
                  hash: 1975648720
                  lane: 3
                  mark: 4
                  hue: 40
                  weight: 0.483
                6:
                  text: 'cat animal soft'
                  n: 3
                  index: 2
                  hash: 979699224
                  lane: 0
                  mark: 3
                  hue: 264
                  weight: 0.728
                7:
                  text: 'cat animal'
                  n: 2
                  index: 2
                  hash: 63528063
                  lane: 4
                  mark: 6
                  hue: 303
                  weight: 0.707
                8:
                  text: 'cat'
                  n: 1
                  index: 2
                  hash: 633420050
                  lane: 4
                  mark: 5
                  hue: 50
                  weight: 0.718
                9:
                  text: 'animal soft tissue'
                  n: 3
                  index: 3
                  hash: 3658756194
                  lane: 2
                  mark: 0
                  hue: 234
                  weight: 0.704
                10:
                  text: 'animal soft'
                  n: 2
                  index: 3
                  hash: 2173795864
                  lane: 2
                  mark: 7
                  hue: 304
                  weight: 0.855
                11:
                  text: 'animal'
                  n: 1
                  index: 3
                  hash: 1349003953
                  lane: 3
                  mark: 1
                  hue: 73
                  weight: 0.999
                12:
                  text: 'soft tissue entity'
                  n: 3
                  index: 4
                  hash: 3182152092
                  lane: 0
                  mark: 6
                  hue: 132
                  weight: 0.757
                13:
                  text: 'soft tissue'
                  n: 2
                  index: 4
                  hash: 3941371714
                  lane: 0
                  mark: 4
                  hue: 274
                  weight: 0.98
                14:
                  text: 'soft'
                  n: 1
                  index: 4
                  hash: 2916725840
                  lane: 0
                  mark: 8
                  hue: 80
                  weight: 0.755
                15:
                  text: 'tissue entity small'
                  n: 3
                  index: 5
                  hash: 1969883708
                  lane: 2
                  mark: 5
                  hue: 68
                  weight: 0.643
                16:
                  text: 'tissue entity'
                  n: 2
                  index: 5
                  hash: 2407704544
                  lane: 0
                  mark: 1
                  hue: 64
                  weight: 0.915
                17:
                  text: 'tissue'
                  n: 1
                  index: 5
                  hash: 3622008386
                  lane: 3
                  mark: 2
                  hue: 146
                  weight: 0.481
                18:
                  text: 'entity small mammal'
                  n: 3
                  index: 6
                  hash: 2516563591
                  lane: 3
                  mark: 7
                  hue: 151
                  weight: 0.736
                19:
                  text: 'entity small'
                  n: 2
                  index: 6
                  hash: 1132469739
                  lane: 2
                  mark: 0
                  hue: 99
                  weight: 0.836
                20:
                  text: 'entity'
                  n: 1
                  index: 6
                  hash: 342179643
                  lane: 1
                  mark: 3
                  hue: 3
                  weight: 0.504
                21:
                  text: 'small mammal cats'
                  n: 3
                  index: 7
                  hash: 3252145426
                  lane: 5
                  mark: 7
                  hue: 106
                  weight: 0.737
                22:
                  text: 'small mammal'
                  n: 2
                  index: 7
                  hash: 3106298484
                  lane: 2
                  mark: 0
                  hue: 324
                  weight: 0.917
                23:
                  text: 'small'
                  n: 1
                  index: 7
                  hash: 2381444438
                  lane: 2
                  mark: 5
                  hue: 158
                  weight: 0.857
                24:
                  text: 'mammal cats biological'
                  n: 3
                  index: 8
                  hash: 2584301379
                  lane: 2
                  mark: 6
                  hue: 339
                  weight: 0.846
                25:
                  text: 'mammal cats'
                  n: 2
                  index: 8
                  hash: 1005171893
                  lane: 5
                  mark: 8
                  hue: 53
                  weight: 0.667
                26:
                  text: 'mammal'
                  n: 1
                  index: 8
                  hash: 4271547811
                  lane: 6
                  mark: 4
                  hue: 211
                  weight: 0.672
                27:
                  text: 'cats biological grounder'
                  n: 3
                  index: 9
                  hash: 2074393775
                  lane: 6
                  mark: 2
                  hue: 335
                  weight: 0.919
                28:
                  text: 'cats biological'
                  n: 2
                  index: 9
                  hash: 2318184592
                  lane: 3
                  mark: 7
                  hue: 232
                  weight: 0.456
                29:
                  text: 'cats'
                  n: 1
                  index: 9
                  hash: 493299056
                  lane: 5
                  mark: 2
                  hue: 56
                  weight: 0.881
                30:
                  text: 'biological grounder interaction'
                  n: 3
                  index: 10
                  hash: 154007260
                  lane: 1
                  mark: 7
                  hue: 340
                  weight: 0.532
                31:
                  text: 'biological grounder'
                  n: 2
                  index: 10
                  hash: 2972025115
                  lane: 3
                  mark: 7
                  hue: 115
                  weight: 0.915
              paletteShift: -19
              densityBias: 1.15
              laneBias: 2
            semanticVisuals:
              schema: 'simulatte.semanticVisualPlan.v1'
              atlas: 'simulatte.semanticVisualAtlas.v1'
              signature: 2641672348
              sceneKind: 'biology'
              archetypes:
              materials:
              processes:
              overlays:
              quality:
                semanticTokens: 14
                addressableTokens: 0
                matchedTokens: 0
                coverage: 1
                unmatchedTokens:
                layerCount: 0
            objectSignature: 3974801144
            fieldSignature: 2166136261
            stochastic:
              mode: 'deterministic-compiled-artifact-seeded'
              sampler: 'hash-noise'
              dimensions:
                0: 'semantic-atlas'
                1: 'semantic-archetype'
                2: 'material-shader'
                3: 'process-overlay'
                4: 'ngram-dna'
                5: 'texture'
                6: 'motif'
                7: 'field-density'
          visualObjectLedger:
            schema: 'simulatte.visualObjectAcceptanceLedger.v1'
            sceneKind: 'biology'
            promptGroundedCount: 1
            acceptedCount: 1
            rejectedCount: 5
            acceptedIds:
              0: 'surface-cat-1'
            rejectedIds:
              0: 'biomass'
              1: 'membrane'
              2: 'soft-body'
              3: 'diffusion'
              4: 'growth-decay'
            rows:
              0:
                schema: 'simulatte.visualObjectAcceptance.v1'
                id: 'surface-cat-1'
                sourceGraphId: 'surface-cat-1'
                sourceKind: 'semantic-surface-grounder'
                sourceIds: <Circular>
                sceneKind: 'biology'
                phrase: 'cats'
                status: 'accepted'
                confidence: 0.96
                reason: 'source graph row is prompt-grounded visual intent'
                promptGrounded: true
                supportOnly: false
              1:
                schema: 'simulatte.visualObjectAcceptance.v1'
                id: 'biomass'
                sourceGraphId: 'biomass'
                sourceKind: 'catalog'
                sourceIds:
                  0: 'biomass'
                sceneKind: 'biology'
                phrase: 'biomass material'
                status: 'rejected'
                confidence: 0.22
                reason: 'catalog solver support kept out of visual evidence'
                promptGrounded: false
                supportOnly: true
              2:
                schema: 'simulatte.visualObjectAcceptance.v1'
                id: 'membrane'
                sourceGraphId: 'membrane'
                sourceKind: 'catalog'
                sourceIds:
                  0: 'membrane'
                sceneKind: 'biology'
                phrase: 'membrane material'
                status: 'rejected'
                confidence: 0.22
                reason: 'catalog solver support kept out of visual evidence'
                promptGrounded: false
                supportOnly: true
              3:
                schema: 'simulatte.visualObjectAcceptance.v1'
                id: 'soft-body'
                sourceGraphId: 'soft-body'
                sourceKind: 'catalog'
                sourceIds:
                  0: 'soft-body'
                sceneKind: 'biology'
                phrase: 'soft body physics'
                status: 'rejected'
                confidence: 0.22
                reason: 'catalog solver support kept out of visual evidence'
                promptGrounded: false
                supportOnly: true
              4:
                schema: 'simulatte.visualObjectAcceptance.v1'
                id: 'diffusion'
                sourceGraphId: 'diffusion'
                sourceKind: 'catalog'
                sourceIds:
                  0: 'diffusion'
                sceneKind: 'biology'
                phrase: 'diffusion physics'
                status: 'rejected'
                confidence: 0.28
                reason: 'field evidence is rendered by the compiled field program'
                promptGrounded: false
                supportOnly: true
              5:
                schema: 'simulatte.visualObjectAcceptance.v1'
                id: 'growth-decay'
                sourceGraphId: 'growth-decay'
                sourceKind: 'catalog'
                sourceIds:
                  0: 'growth-decay'
                sceneKind: 'biology'
                phrase: 'growth decay physics'
                status: 'rejected'
                confidence: 0.22
                reason: 'catalog solver support kept out of visual evidence'
                promptGrounded: false
                supportOnly: true
        visualAcceptance:
          0: <Circular>
          1: <Circular>
          2: <Circular>
          3: <Circular>
          4: <Circular>
          5: <Circular>
        compositionGraphId: 'compiled-scene-cg'
      compositionLedger: <Circular>
    receipts:
      0:
        id: 'phase6-visual-compile'
        schema: 'simulatte.phaseReceipt.v1'
        visualIR: 'simulatte.visualIR.v1'
        sceneRenderPacket: 'simulatte.sceneRenderPacket.v1'
        renderInstances: 2
        obligationCount: 3
        lostObligations: 0
        identityPreservation: 1
        passes: 2
        interactionTargetCount: 2
  operator: 'deepStrictEqual'
  stack: |-
    TestContext.<anonymous> (/home/clocksmith/deco/simulatte/tests/create-phase-runner.test.cjs:175:10)
    async Test.run (node:internal/test_runner/test:1054:7)
    async startSubtestAfterBootstrap (node:internal/test_runner/harness:296:3)
  ...
# Subtest: WorldSpec normalization refuses contradictory accepted visual artifacts instead of recompiling them
not ok 2 - WorldSpec normalization refuses contradictory accepted visual artifacts instead of recompiling them
  ---
  duration_ms: 571.732508
  type: 'test'
  location: '/home/clocksmith/deco/simulatte/tests/create-phase-runner.test.cjs:182:1'
  failureType: 'testCodeFailure'
  error: 'Missing expected exception.'
  code: 'ERR_ASSERTION'
  name: 'AssertionError'
  expected:
  operator: 'throws'
  stack: |-
    TestContext.<anonymous> (/home/clocksmith/deco/simulatte/tests/create-phase-runner.test.cjs:188:10)
    Test.runInAsyncScope (node:async_hooks:214:14)
    Test.run (node:internal/test_runner/test:1047:25)
    Test.processPendingSubtests (node:internal/test_runner/test:744:18)
    Test.postRun (node:internal/test_runner/test:1173:19)
    Test.run (node:internal/test_runner/test:1101:12)
    async startSubtestAfterBootstrap (node:internal/test_runner/harness:296:3)
  ...
1..2
# tests 2
# suites 0
# pass 0
# fail 2
# cancelled 0
# skipped 0
# todo 0
# duration_ms 2286.66729
